домен,зона,день,набор контента,сайтов,кликов всего,ботов,ботов %,из поиска,из поиска %,прочих,регистраций,ФД,рег на 10 тыс. поисковых
jsm.team,team,2026-09-21,content-2026-09-14b-7str-oform-1_15,150,324,316,97.5,0,0.0,8,0,0,
casinocky.lol,lol,2026-09-13,content-2026-09-12-7str-oform-3,206,501,484,96.6,0,0.0,17,0,0,
lvsm.lol,lol,2026-09-21,content-2026-09-17-7str-oform-1_16,150,285,273,95.8,0,0.0,12,0,0,
p3p.team,team,2026-09-13,content-2026-09-12-7str-oform-3,206,550,527,95.8,3,0.5,20,0,0,0.0
f9j.team,team,2026-09-21,content-2026-09-14b-7str-oform-1_12,150,279,267,95.7,0,0.0,12,0,0,
lrch.lol,lol,2026-09-13,content-2026-09-12-7str-oform-3,206,1304,1246,95.6,0,0.0,58,0,0,
7829.lol,lol,2026-09-18,content-2026-09-17b-7str-oform_41,150,1243,1181,95.0,14,1.1,48,0,0,0.0
m2y1.lol,lol,2026-09-21,content-2026-09-17-7str-oform-1_10,150,379,359,94.7,0,0.0,20,0,0,
casinoz7.lol,lol,2026-09-17,content-2026-09-14b-7str-oform-1_48,206,1100,1041,94.6,0,0.0,59,0,0,
9614.lol,lol,2026-09-18,content-2026-09-17-7str-oform-2_16,150,651,615,94.5,1,0.2,35,0,0,0.0
tgwv.lol,lol,2026-09-18,content-2026-09-17b-7str-oform_18,150,713,674,94.5,0,0.0,39,0,0,
nbpcasino.lol,lol,2026-09-21,content-2026-09-14b-7str-oform-1_10,150,180,170,94.4,0,0.0,10,0,0,
clyr.team,team,2026-09-21,content-2026-09-17-7str-oform-1_7,150,251,236,94.0,0,0.0,15,0,0,
6106.lol,lol,2026-09-17,content-2026-09-16-7str_36,206,1378,1289,93.5,16,1.2,73,0,0,0.0
8352.team,team,2026-09-17,content-2026-09-14b-7str-oform-1_46,206,1076,1004,93.3,8,0.7,64,0,0,0.0
vbiz.lol,lol,2026-09-13,content-2026-09-12-7str-oform-3,206,454,422,93.0,1,0.2,31,0,0,0.0
8959.lol,lol,2026-09-18,content-2026-09-17-7str-oform-2_23,150,606,563,92.9,5,0.8,38,0,0,0.0
9816.team,team,2026-09-21,content-2026-09-17-7str-oform-1_2,150,183,170,92.9,5,2.7,8,0,0,0.0
casinoz3.lol,lol,2026-09-18,content-2026-09-17-7str-oform-2_22,150,769,714,92.8,8,1.0,47,0,0,0.0
0269.lol,lol,2026-09-18,content-2026-09-17b-7str-oform_32,150,1644,1523,92.6,52,3.2,69,0,0,0.0
casino6629.lol,lol,2026-09-09,nabory455457_styled_img,206,2123,1961,92.4,41,1.9,121,0,0,0.0
casino0469.lol,lol,2026-09-17,content-2026-09-14b-7str-oform-1_49,206,378,349,92.3,6,1.6,23,0,0,0.0
pkbh.team,team,2026-09-17,content-2026-09-14b-7str-oform-2_6,206,1395,1288,92.3,34,2.4,73,0,0,0.0
t1g7.lol,lol,2026-09-18,content-2026-09-17b-7str-oform_31,150,789,728,92.3,12,1.5,49,0,0,0.0
7132.lol,lol,2026-09-20,nabory-641-650_7,206,2244,2070,92.2,38,1.7,136,0,0,0.0
t8z9.lol,lol,2026-09-18,content-2026-09-17-7str-oform-2_21,150,985,908,92.2,24,2.4,53,0,0,0.0
4060.lol,lol,2026-09-21,content-2026-09-17-7str-oform-1_14,150,683,629,92.1,7,1.0,47,0,0,0.0
1424.lol,lol,2026-09-17,content-2026-09-15-7str-oform-1_16,206,882,810,91.8,2,0.2,70,0,0,0.0
e3e3.team,team,2026-09-21,content-2026-09-17-7str-oform-1_4,150,267,245,91.8,0,0.0,22,0,0,
0887.lol,lol,2026-09-17,content-2026-09-14b-7str-oform-1_41,206,646,591,91.5,6,0.9,49,0,0,0.0
8590.lol,lol,2026-09-19,content-2026-09-17b-7str-oform_5,206,686,627,91.4,11,1.6,48,1,0,909.1
7383.lol,lol,2026-09-17,content-2026-09-15-7str-oform-1_8,206,859,783,91.2,10,1.2,66,0,0,0.0
l6a.team,team,2026-09-21,content-2026-09-17-7str-oform-1_3,150,354,322,91.0,0,0.0,32,0,0,
tpzz.lol,lol,2026-09-13,content-2026-09-12-7str-oform-3,206,243,221,90.9,2,0.8,20,0,0,0.0
4457.lol,lol,2026-09-17,content-2026-09-16-7str_17,206,1085,985,90.8,29,2.7,71,0,0,0.0
nzbcasino.team,team,2026-09-17,content-2026-09-16-12str_6,206,1001,908,90.7,5,0.5,88,0,0,0.0
ktto.lol,lol,2026-09-17,content-2026-09-15-7str-oform-1_37,206,1206,1093,90.6,25,2.1,88,0,0,0.0
651casino.lol,lol,2026-09-17,content-2026-09-14b-7str-oform-2_10,206,977,884,90.5,35,3.6,58,0,0,0.0
9316.space,space,2026-08-22,КОНТЕНТ НЕ ЗАПИСАН,206,284,257,90.5,2,0.7,25,0,0,0.0
nidcasino.lol,lol,2026-09-17,content-2026-09-16-7str_27,206,1139,1031,90.5,73,6.4,35,0,0,0.0
6147.team,team,2026-09-21,content-2026-09-17-7str-oform-1_6,150,197,178,90.4,3,1.5,16,0,0,0.0
6709.team,team,2026-09-17,content-2026-09-16-7str_10,206,1520,1374,90.4,59,3.9,87,0,0,0.0
gvcasino.lol,lol,2026-09-17,content-2026-09-15-7str-oform-1_9,206,730,659,90.3,3,0.4,68,0,0,0.0
lmlx.lol,lol,2026-09-16,content-2026-09-15-7str-oform-2_20,206,1326,1197,90.3,15,1.1,114,0,0,0.0
9471.lol,lol,2026-09-21,content-2026-09-14b-7str-oform-1_26,150,284,256,90.1,7,2.5,21,0,0,0.0
vdvg.lol,lol,2026-09-16,content-2026-09-14b-7str-oform-2_16,206,1315,1184,90.0,41,3.1,90,0,0,0.0
ihkx.lol,lol,2026-09-18,content-2026-09-16-7str_5,150,942,847,89.9,5,0.5,90,0,0,0.0
ltfa.team,team,2026-09-21,content-2026-09-14b-7str-oform-1_22,150,169,152,89.9,0,0.0,17,0,0,
anpl.lol,lol,2026-09-17,content-2026-09-16-7str_12,206,1447,1300,89.8,74,5.1,73,0,0,0.0
4631.team,team,2026-09-14,nabory-510-514_styled_img,206,769,690,89.7,0,0.0,79,0,0,
7569.lol,lol,2026-09-18,content-2026-09-17-7str-oform-2_14,150,900,807,89.7,4,0.4,89,0,0,0.0
8514.lol,lol,2026-09-17,content-2026-09-14b-7str-oform-1_51,206,1006,901,89.6,45,4.5,60,0,0,0.0
casino307.lol,lol,2026-09-17,content-2026-09-15-12str-oform_2,206,910,815,89.6,2,0.2,93,0,0,0.0
qwzn.lol,lol,2026-09-18,content-2026-09-16-7str_2,150,770,689,89.5,11,1.4,70,0,0,0.0
689casino.lol,lol,2026-09-14,content-2026-09-14-7str-oform-8_41,206,514,458,89.1,6,1.2,50,0,0,0.0
3989.team,team,2026-09-15,content-2026-09-14-7str-oform-1_22,206,1115,991,88.9,28,2.5,96,0,0,0.0
emot.team,team,2026-09-17,content-2026-09-16-7str_40,206,1219,1082,88.8,55,4.5,82,0,0,0.0
2502.lol,lol,2026-09-21,content-2026-09-14b-7str-oform-1_16,150,1110,985,88.7,53,4.8,72,0,0,0.0
7763.lol,lol,2026-09-19,content-2026-09-17b-7str-oform_7,206,857,759,88.6,44,5.1,54,0,0,0.0
y0e7.lol,lol,2026-09-18,content-2026-09-16-7str_7,150,753,667,88.6,7,0.9,79,0,0,0.0
6015casino.lol,lol,2026-09-18,content-2026-09-17b-7str-oform_16,150,416,368,88.5,23,5.5,25,0,0,0.0
9747.team,team,2026-09-17,content-2026-09-16-7str_18,206,939,831,88.5,72,7.7,36,0,0,0.0
7163.lol,lol,2026-09-17,content-2026-09-16-7str_35,206,2048,1810,88.4,125,6.1,113,0,0,0.0
6258.team,team,2026-09-17,content-2026-09-14b-7str-oform-1_34,206,564,498,88.3,2,0.4,64,0,0,0.0
9058.team,team,2026-09-17,content-2026-09-16-7str_9,206,1146,1012,88.3,93,8.1,41,0,0,0.0
casino716.lol,lol,2026-09-16,content-2026-09-15-7str-oform-2_22,206,1337,1181,88.3,15,1.1,141,0,0,0.0
d8c3.team,team,2026-09-17,content-2026-09-16-7str_22,206,1141,1007,88.3,62,5.4,72,0,0,0.0
1287.lol,lol,2026-09-15,content-2026-09-14-7str-oform-1_1,206,1596,1408,88.2,108,6.8,80,0,0,0.0
casino04.team,team,2026-09-17,content-2026-09-15-7str-oform-1_5,206,756,667,88.2,35,4.6,54,0,0,0.0
egucasino.lol,lol,2026-09-21,content-2026-09-17-7str-oform-1_8,150,161,142,88.2,0,0.0,19,0,0,
1519.lol,lol,2026-09-21,content-2026-09-17-7str-oform-1_13,150,1197,1054,88.1,36,3.0,107,0,0,0.0
hg98da.buzz,buzz,2026-08-17,КОНТЕНТ НЕ ЗАПИСАН,174,1271,1120,88.1,0,0.0,151,0,0,
ozts.lol,lol,2026-09-16,content-2026-09-15-7str-oform-2_12,206,899,792,88.1,26,2.9,81,0,0,0.0
xwo.lol,lol,2026-09-16,nabory-565-580_13,206,2113,1862,88.1,64,3.0,187,0,0,0.0
2848.lol,lol,2026-09-14,content-2026-09-12-12str-oform,206,443,390,88.0,0,0.0,53,0,0,
8208.lol,lol,2026-09-18,content-2026-09-17-7str-oform-2_15,150,625,550,88.0,37,5.9,38,0,0,0.0
0581.lol,lol,2026-09-17,content-2026-09-14b-7str-oform-1_37,206,720,633,87.9,11,1.5,76,0,0,0.0
casinow7.team,team,2026-09-17,nabory-601-610_1,206,925,813,87.9,22,2.4,90,0,0,0.0
casinorvx.team,team,2026-09-17,content-2026-09-15-7str-oform-1_25,206,477,419,87.8,5,1.0,53,0,0,0.0
4468.team,team,2026-09-16,nabory-565-580_16,206,1967,1724,87.6,45,2.3,198,0,0,0.0
6408.team,team,2026-09-16,content-2026-09-15-7str-oform-2_13,206,888,777,87.5,41,4.6,70,0,0,0.0
7694.team,team,2026-09-18,content-2026-09-17-7str-oform-2_50,150,769,673,87.5,4,0.5,92,0,0,0.0
9766.lol,lol,2026-09-14,content-2026-09-12-7str-oform-3,206,1190,1040,87.4,9,0.8,141,0,0,0.0
0141.lol,lol,2026-09-16,content-2026-09-15-7str-oform-1_41,206,1454,1270,87.3,7,0.5,177,0,0,0.0
casino50.team,team,2026-09-17,content-2026-09-16-7str_30,206,1010,882,87.3,61,6.0,67,0,0,0.0
gwrt.team,team,2026-09-16,content-2026-09-15-7str-oform-2_24,206,1793,1565,87.3,48,2.7,180,0,0,0.0
i182.xyz,xyz,2026-08-20,КОНТЕНТ НЕ ЗАПИСАН,199,480,419,87.3,3,0.6,58,0,0,0.0
3523.lol,lol,2026-09-18,content-2026-09-17-7str-oform-2_9,150,713,621,87.1,49,6.9,43,0,0,0.0
casino5308.team,team,2026-09-17,content-2026-09-14b-7str-oform-2_8,206,964,840,87.1,65,6.7,59,0,0,0.0
8084casino.lol,lol,2026-09-20,nabory-641-650_6,206,805,700,87.0,8,1.0,97,0,0,0.0
0444.lol,lol,2026-09-14,nabory-500-509_styled_img,206,604,525,86.9,2,0.3,77,0,0,0.0
4892casino.lol,lol,2026-09-21,content-2026-09-14b-7str-oform-1_8,150,474,412,86.9,25,5.3,37,0,0,0.0
9758.team,team,2026-09-17,content-2026-09-15-7str-oform-1_44,206,903,785,86.9,36,4.0,82,0,0,0.0
3808.lol,lol,2026-09-21,content-2026-09-17-7str-oform-1_9,150,1008,872,86.5,52,5.2,84,0,0,0.0
0189.lol,lol,2026-09-14,content-2026-09-12-12str-oform,206,418,361,86.4,2,0.5,55,0,0,0.0
74casino.lol,lol,2026-09-16,content-2026-09-15-7str-oform-2_14,206,1561,1348,86.4,41,2.6,172,0,0,0.0
788casino.lol,lol,2026-09-17,content-2026-09-14b-7str-oform-2_4,206,893,771,86.3,75,8.4,47,0,0,0.0
1153.team,team,2026-09-18,content-2026-09-17-7str-oform-2_51,150,589,508,86.2,30,5.1,51,0,0,0.0
3829.lol,lol,2026-09-18,nabory-611-620_4,150,712,613,86.1,12,1.7,87,0,0,0.0
5403.team,team,2026-09-17,content-2026-09-14b-7str-oform-1_45,206,1007,867,86.1,74,7.3,66,0,0,0.0
8325.lol,lol,2026-09-15,content-2026-09-14-7str-oform-1_2,206,596,513,86.1,19,3.2,64,0,0,0.0
casinoiho.lol,lol,2026-09-18,content-2026-09-17-7str-oform-2_53,150,682,587,86.1,58,8.5,37,0,0,0.0
3533.team,team,2026-09-16,nabory-581-590_4,206,2268,1951,86.0,132,5.8,185,0,0,0.0
6606.lol,lol,2026-09-18,content-2026-09-17-7str-oform-2_5,206,565,486,86.0,4,0.7,75,0,0,0.0
3093casino.lol,lol,2026-09-17,content-2026-09-15-7str-oform-1_27,206,1017,874,85.9,42,4.1,101,0,0,0.0
d4n.lol,lol,2026-09-16,content-2026-09-14b-7str-oform-2_14,206,1708,1468,85.9,82,4.8,158,0,0,0.0
7574.lol,lol,2026-09-16,nabory-565-580_6,206,2361,2025,85.8,133,5.6,203,0,0,0.0
6223.lol,lol,2026-09-21,content-2026-09-14b-7str-oform-1_23,150,280,240,85.7,3,1.1,37,0,0,0.0
6572.team,team,2026-09-21,content-2026-09-14b-7str-oform-1_14,150,223,191,85.7,7,3.1,25,0,0,0.0
1578.lol,lol,2026-09-18,content-2026-09-17b-7str-oform_24,150,1769,1514,85.6,190,10.7,65,0,0,0.0
vfra.lol,lol,2026-09-08,archive37строформленоv2часть2,206,479,410,85.6,7,1.5,62,0,0,0.0
7473.lol,lol,2026-09-17,nabory-581-590_6,206,1529,1307,85.5,106,6.9,116,0,0,0.0
hhal.lol,lol,2026-09-17,content-2026-09-15-7str-oform-1_10,206,761,651,85.5,20,2.6,90,0,0,0.0
nkrh.team,team,2026-09-17,content-2026-09-16-7str_33,206,1100,940,85.5,99,9.0,61,0,0,0.0
v5w.lol,lol,2026-09-16,nabory-565-580_4,206,2156,1844,85.5,20,0.9,292,0,0,0.0
casino91.lol,lol,2026-09-09,nabory455457_styled_img,206,2733,2332,85.3,35,1.3,366,0,0,0.0
4497.lol,lol,2026-09-18,nabory-631-640_9,150,508,433,85.2,41,8.1,34,1,0,243.9
2155.lol,lol,2026-09-21,content-2026-09-17-7str-oform-1_12,150,1208,1028,85.1,76,6.3,104,0,0,0.0
2753casino.lol,lol,2026-09-18,content-2026-09-17-7str-oform-2_26,150,464,394,84.9,14,3.0,56,0,0,0.0
3655.lol,lol,2026-09-17,nabory-611-620_10,206,789,669,84.8,11,1.4,109,0,0,0.0
x5j.lol,lol,2026-09-17,content-2026-09-16-7str_16,206,1125,954,84.8,70,6.2,101,0,0,0.0
e5m9.lol,lol,2026-09-17,content-2026-09-15-7str-oform-1_36,206,904,766,84.7,43,4.8,95,0,0,0.0
8489.lol,lol,2026-09-09,archive47_unique119оформленочасть1,206,2616,2214,84.6,137,5.2,265,0,0,0.0
ustn.team,team,2026-09-14,nabory-510-514_styled_img,206,897,759,84.6,6,0.7,132,0,0,0.0
7817.team,team,2026-09-17,content-2026-09-16-7str_28,206,1269,1072,84.5,151,11.9,46,0,0,0.0
casinofdv.lol,lol,2026-09-17,content-2026-09-15-7str-oform-1_14,206,820,691,84.3,74,9.0,55,0,0,0.0
qwmt.lol,lol,2026-09-14,content-2026-09-12-12str-oform,206,1408,1187,84.3,11,0.8,210,0,0,0.0
kdjm.lol,lol,2026-09-17,nabory-591-600_9,206,1104,930,84.2,16,1.4,158,0,0,0.0
0085.lol,lol,2026-09-14,content-2026-09-12-7str-oform-3,206,321,270,84.1,0,0.0,51,0,0,
0649.lol,lol,2026-09-17,content-2026-09-15-7str-oform-1_35,206,863,725,84.0,69,8.0,69,0,0,0.0
0858.lol,lol,2026-09-18,content-2026-09-17b-7str-oform_15,150,1393,1170,84.0,167,12.0,56,0,0,0.0
0592.team,team,2026-09-15,nabory-525-534_styled_img_8,206,803,672,83.7,10,1.2,121,0,0,0.0
4572.lol,lol,2026-09-18,nabory-611-620_5,150,681,570,83.7,14,2.1,97,0,0,0.0
6749.lol,lol,2026-09-17,content-2026-09-15-7str-oform-1_26,206,779,652,83.7,44,5.6,83,0,0,0.0
casinot0.lol,lol,2026-09-14,content-2026-09-12-7str-oform-3,206,885,740,83.6,73,8.2,72,0,0,0.0
7711.lol,lol,2026-09-20,nabory-651-660_1,206,1685,1407,83.5,182,10.8,96,0,0,0.0
lvma.lol,lol,2026-09-17,nabory-601-610_6,206,1284,1072,83.5,23,1.8,189,0,0,0.0
zodd.lol,lol,2026-09-18,content-2026-09-14b-7str-oform-1_33,150,649,541,83.4,22,3.4,86,0,0,0.0
6099.team,team,2026-09-18,content-2026-09-17-7str-oform-2_49,150,793,660,83.2,52,6.6,81,1,0,192.3
0248.lol,lol,2026-09-16,content-2026-09-15-7str-oform-2_40,206,1765,1466,83.1,236,13.4,63,0,0,0.0
agcr.team,team,2026-09-21,content-2026-09-14b-7str-oform-1_11,150,261,217,83.1,15,5.7,29,1,0,666.7
0313.lol,lol,2026-09-08,archive37строформленоv2часть2,206,482,400,83.0,9,1.9,73,0,0,0.0
5420.team,team,2026-09-17,content-2026-09-16-7str_24,206,1414,1173,83.0,193,13.6,48,0,0,0.0
662casino.lol,lol,2026-09-15,content-2026-09-14-7str-oform-1_18,206,789,655,83.0,21,2.7,113,0,0,0.0
8452.lol,lol,2026-09-08,archive37строформленоv2часть1,206,348,289,83.0,3,0.9,56,0,0,0.0
casino60.team,team,2026-09-17,content-2026-09-16-7str_41,206,890,738,82.9,75,8.4,77,0,0,0.0
1061.lol,lol,2026-09-14,content-2026-09-14-7str-oform-8_38,206,897,743,82.8,24,2.7,130,0,0,0.0
casinoc7.team,team,2026-09-17,content-2026-09-14b-7str-oform-2_1,206,1522,1259,82.7,195,12.8,68,0,0,0.0
fwl.lol,lol,2026-09-17,content-2026-09-15-7str-oform-1_13,206,965,797,82.6,65,6.7,103,0,0,0.0
casinov7.lol,lol,2026-09-18,content-2026-09-17-7str-oform-2_18,150,684,564,82.5,53,7.7,67,0,0,0.0
casinoi7.team,team,2026-09-21,content-2026-09-14b-7str-oform-1_9,150,238,196,82.4,19,8.0,23,0,0,0.0
1779.lol,lol,2026-09-17,nabory-601-610_8,206,1881,1549,82.3,197,10.5,135,0,0,0.0
2815.team,team,2026-09-17,content-2026-09-16-7str_23,206,1422,1171,82.3,157,11.0,94,1,1,63.7
casinox5.lol,lol,2026-09-14,content-2026-09-12-7str-oform-3,206,1342,1104,82.3,20,1.5,218,0,0,0.0
6856casino.team,team,2026-09-17,nabory-591-600_4,206,865,711,82.2,24,2.8,130,0,0,0.0
m0w5.team,team,2026-09-17,nabory-601-610_3,206,1400,1151,82.2,15,1.1,234,0,0,0.0
m3o.team,team,2026-09-17,content-2026-09-15-12str-oform_1,206,1332,1095,82.2,109,8.2,128,0,0,0.0
1054.lol,lol,2026-09-14,content-2026-09-14-7str-oform-8_36,206,856,702,82.0,48,5.6,106,0,0,0.0
2242.team,team,2026-09-13,content-2026-09-12-7str-oform-3,206,484,397,82.0,65,13.4,22,0,0,0.0
nywv.lol,lol,2026-09-16,content-2026-09-15-7str-oform-2_18,206,1425,1168,82.0,137,9.6,120,0,0,0.0
qpbcasino.lol,lol,2026-09-09,archive47_unique119оформленочасть1,206,1684,1381,82.0,138,8.2,165,0,0,0.0
0472.lol,lol,2026-09-16,nabory-565-580_10,206,1981,1622,81.9,75,3.8,284,0,0,0.0
bkny.team,team,2026-09-17,content-2026-09-15-7str-oform-1_18,206,536,438,81.7,11,2.1,87,0,0,0.0
jkzr.team,team,2026-08-26,КОНТРОЛЬ NEW50_5_7pages_nodate_21.08,206,2738,2236,81.7,126,4.6,376,0,0,0.0
x2v4.lol,lol,2026-09-14,content-2026-09-12-7str-oform-3,206,1435,1173,81.7,31,2.2,231,1,0,322.6
3089.team,team,2026-09-18,content-2026-09-17-7str-oform-2_29,150,626,510,81.5,51,8.1,65,0,0,0.0
2640.lol,lol,2026-09-21,content-2026-09-14b-7str-oform-1_7,150,968,788,81.4,87,9.0,93,0,0,0.0
0400.lol,lol,2026-09-16,nabory-565-580_1,206,2412,1959,81.2,57,2.4,396,0,0,0.0
4771.team,team,2026-09-21,content-2026-09-17-7str-oform-1_5,150,622,505,81.2,62,10.0,55,0,0,0.0
kfrcasino.lol,lol,2026-09-17,content-2026-09-15-7str-oform-1_15,206,958,776,81.0,124,12.9,58,0,0,0.0
1558.lol,lol,2026-09-18,content-2026-09-17b-7str-oform_35,150,1741,1408,80.9,260,14.9,73,0,0,0.0
1697casino.lol,lol,2026-09-17,content-2026-09-15-7str-oform-1_29,206,1268,1026,80.9,159,12.5,83,0,0,0.0
byxx.lol,lol,2026-09-20,nabory-641-650_8,206,497,402,80.9,13,2.6,82,0,0,0.0
h1s.lol,lol,2026-09-17,content-2026-09-16-7str_31,206,1325,1072,80.9,177,13.4,76,0,0,0.0
6134.lol,lol,2026-09-09,archive47_unique119оформленочасть1,206,2503,2023,80.8,173,6.9,307,0,0,0.0
8380.team,team,2026-09-15,content-2026-09-14-7str-oform-1_20,206,772,624,80.8,33,4.3,115,0,0,0.0
casino79.team,team,2026-09-04,Generator_346353_styled_img,206,1800,1450,80.6,58,3.2,292,0,0,0.0
zxcasino.team,team,2026-09-17,content-2026-09-16-12str_5,206,1055,850,80.6,72,6.8,133,0,0,0.0
5295.lol,lol,2026-09-17,content-2026-09-15-7str-oform-1_6,206,783,630,80.5,68,8.7,85,0,0,0.0
0427.lol,lol,2026-09-13,content-2026-09-12-7str-oform-3,206,805,647,80.4,14,1.7,144,0,0,0.0
tzeq.lol,lol,2026-09-17,content-2026-09-15-7str-oform-1_28,206,1212,974,80.4,75,6.2,163,0,0,0.0
6907.team,team,2026-09-15,content-2026-09-14-7str-oform-9_37,206,852,684,80.3,75,8.8,93,0,0,0.0
casinof8.team,team,2026-09-15,nabory-515-524_styled_img_6,206,623,500,80.3,18,2.9,105,0,0,0.0
tbvi.lol,lol,2026-09-18,content-2026-09-17b-7str-oform_11,150,675,542,80.3,73,10.8,60,0,0,0.0
0908.lol,lol,2026-09-18,content-2026-09-17-7str-oform-2_11,150,545,437,80.2,37,6.8,71,0,0,0.0
1494.lol,lol,2026-09-14,content-2026-09-14-7str-oform-8_40,206,835,670,80.2,51,6.1,114,0,0,0.0
9243.team,team,2026-09-17,nabory-581-590_3,206,1467,1175,80.1,128,8.7,164,0,0,0.0
casino2861.team,team,2026-09-17,nabory-581-590_9,206,941,753,80.0,49,5.2,139,0,0,0.0
3469.lol,lol,2026-09-14,content-2026-09-12-7str-oform-3,206,159,127,79.9,0,0.0,32,0,0,
0699.lol,lol,2026-09-15,nabory-525-534_styled_img_5,206,723,576,79.7,55,7.6,92,0,0,0.0
cnlu.lol,lol,2026-09-17,content-2026-09-15-7str-oform-1_1,206,813,648,79.7,99,12.2,66,0,0,0.0
4333.lol,lol,2026-09-18,content-2026-09-17b-7str-oform_23,150,1665,1325,79.6,222,13.3,118,0,0,0.0
casinoydl.team,team,2026-09-18,nabory-611-620_1,150,627,499,79.6,4,0.6,124,0,0,0.0
xpph.team,team,2026-09-13,nabory-495-499_styled_img,206,1013,806,79.6,127,12.5,80,0,0,0.0
3744casino.team,team,2026-09-17,content-2026-09-15-7str-oform-1_34,206,1219,969,79.5,47,3.9,203,0,0,0.0
f3a.lol,lol,2026-09-14,content-2026-09-14-7str-oform-8_34,206,800,636,79.5,54,6.8,110,0,0,0.0
5894.team,team,2026-09-14,nabory-510-514_styled_img,205,1058,840,79.4,6,0.6,212,0,0,0.0
8109.team,team,2026-09-21,content-2026-09-14b-7str-oform-1_20,150,272,216,79.4,21,7.7,35,0,0,0.0
opxcasino.lol,lol,2026-09-20,content-2026-09-17-7str-oform-1_18,206,994,789,79.4,97,9.8,108,0,0,0.0
bhge.lol,lol,2026-09-21,content-2026-09-17-7str-oform-1_17,150,332,263,79.2,7,2.1,62,0,0,0.0
2494.lol,lol,2026-09-14,content-2026-09-12-7str-oform-3,206,182,144,79.1,6,3.3,32,0,0,0.0
33casino.lol,lol,2026-09-18,content-2026-09-17-7str-oform-2_25,150,803,635,79.1,106,13.2,62,0,0,0.0
0658.lol,lol,2026-09-08,archive37строформленоv2часть2,206,433,342,79.0,16,3.7,75,0,0,0.0
m7s3.team,team,2026-09-04,КОНТЕНТ НЕ ЗАПИСАН,206,1658,1309,79.0,15,0.9,334,0,0,0.0
0652.team,team,2026-09-15,nabory-525-534_styled_img_1,206,852,671,78.8,22,2.6,159,0,0,0.0
2138.team,team,2026-09-14,content-2026-09-14-12str-oform_15,206,1031,812,78.8,14,1.4,205,0,0,0.0
8159.lol,lol,2026-09-15,content-2026-09-14-7str-oform-8_30,206,600,473,78.8,48,8.0,79,0,0,0.0
9426.team,team,2026-09-17,nabory-581-590_1,206,1361,1073,78.8,122,9.0,166,0,0,0.0
casinoaa.lol,lol,2026-09-18,content-2026-09-17-7str-oform-2_36,150,570,449,78.8,78,13.7,43,0,0,0.0
0036.lol,lol,2026-09-14,content-2026-09-12-7str-oform-1,206,465,366,78.7,22,4.7,77,0,0,0.0
czfe.lol,lol,2026-09-18,content-2026-09-17b-7str-oform_1,150,832,655,78.7,141,16.9,36,0,0,0.0
8568.lol,lol,2026-09-08,archive37строформленоv2часть2,206,415,326,78.6,8,1.9,81,0,0,0.0
casinoxn.lol,lol,2026-09-18,content-2026-09-17-7str-oform-2_41,150,669,526,78.6,91,13.6,52,0,0,0.0
y6u3.lol,lol,2026-09-16,content-2026-09-15-7str-oform-2_19,206,1329,1045,78.6,80,6.0,204,0,0,0.0
dbcasino.lol,lol,2026-09-18,content-2026-09-17-7str-oform-2_17,150,753,591,78.5,124,16.5,38,0,0,0.0
0811.lol,lol,2026-09-08,archive37строформленоv2часть2,206,556,436,78.4,20,3.6,100,0,0,0.0
casino423.lol,lol,2026-09-17,content-2026-09-14b-7str-oform-1_30,206,573,449,78.4,72,12.6,52,0,0,0.0
d8y5.lol,lol,2026-09-09,archive47_unique119оформленочасть2,206,2346,1834,78.2,190,8.1,322,0,0,0.0
vafe.team,team,2026-09-17,content-2026-09-14b-7str-oform-2_5,206,1652,1292,78.2,261,15.8,99,0,0,0.0
26casino.lol,lol,2026-09-08,archive37строформленоv2часть2,206,661,516,78.1,27,4.1,118,0,0,0.0
584casino.team,team,2026-09-14,nabory-515-524_styled_img_3,206,862,673,78.1,33,3.8,156,0,0,0.0
0416.team,team,2026-09-15,content-2026-09-14b-7str-oform-2_33,206,540,421,78.0,37,6.9,82,0,0,0.0
61casino.lol,lol,2026-09-08,archive37строформленоv2часть3,206,445,347,78.0,8,1.8,90,0,0,0.0
95casino.team,team,2026-09-19,content-2026-09-17-7str-oform-2_31,206,443,345,77.9,65,14.7,33,0,0,0.0
0196.team,team,2026-09-17,nabory-591-600_1,206,1242,966,77.8,155,12.5,121,0,0,0.0
5638casino.lol,lol,2026-09-15,nabory-525-534_styled_img_6,206,681,530,77.8,25,3.7,126,0,0,0.0
d3x2.buzz,buzz,2026-09-08,archive37строформленоv2часть2,206,126,98,77.8,18,14.3,10,0,0,0.0
h9y9.lol,lol,2026-09-14,content-2026-09-14-7str-oform-8_32,206,1081,841,77.8,80,7.4,160,0,0,0.0
2272.team,team,2026-09-17,content-2026-09-16-7str_37,206,1721,1338,77.7,303,17.6,80,0,0,0.0
9827.lol,lol,2026-09-20,content-2026-09-17-12str-oform_2,206,655,509,77.7,58,8.9,88,0,0,0.0
f8t4.team,team,2026-09-14,content-2026-09-14-7str-oform-8_43,206,1051,817,77.7,134,12.7,100,0,0,0.0
nfdh.team,team,2026-09-15,content-2026-09-14-7str-oform-9_25,206,582,452,77.7,35,6.0,95,0,0,0.0
oqnd.lol,lol,2026-09-15,nabory-525-534_styled_img_4,206,773,601,77.7,50,6.5,122,0,0,0.0
1490.team,team,2026-09-18,content-2026-09-17-7str-oform-2_20,150,500,388,77.6,79,15.8,33,0,0,0.0
7114casino.lol,lol,2026-09-15,nabory-525-534_styled_img_9,206,691,536,77.6,36,5.2,119,0,0,0.0
7412.team,team,2026-09-14,content-2026-09-14-7str-oform-8_45,206,812,630,77.6,34,4.2,148,0,0,0.0
1916.team,team,2026-09-17,nabory-591-600_6,206,1530,1186,77.5,149,9.7,195,0,0,0.0
1209cas.casino,casino,2026-09-12,script_yandex_12page,206,1020,789,77.4,10,1.0,221,0,0,0.0
39casino.lol,lol,2026-09-15,content-2026-09-14-7str-oform-9_1,206,609,470,77.2,70,11.5,69,0,0,0.0
6297.lol,lol,2026-09-17,content-2026-09-15-7str-oform-1_21,206,669,516,77.1,28,4.2,125,0,0,0.0
1794.lol,lol,2026-09-18,nabory-621-630_10,150,2189,1683,76.9,420,19.2,86,0,0,0.0
4970.team,team,2026-09-14,content-2026-09-14-7str-oform-8_48,206,632,486,76.9,60,9.5,86,0,0,0.0
5307.lol,lol,2026-09-08,clean7_part1_50оформлено,206,533,410,76.9,29,5.4,94,0,0,0.0
casinojq.team,team,2026-09-14,content-2026-09-14-7str-oform-8_46,206,836,643,76.9,106,12.7,87,0,0,0.0
5368casino.team,team,2026-09-17,content-2026-09-16-7str_26,206,1120,860,76.8,208,18.6,52,0,0,0.0
6480.lol,lol,2026-09-09,archive47_unique119оформленочасть2,206,2284,1754,76.8,231,10.1,299,1,0,43.3
9495casino.lol,lol,2026-09-19,content-2026-09-17b-7str-oform_12,206,610,468,76.7,101,16.6,41,0,0,0.0
casinoz1.lol,lol,2026-09-16,nabory-555-564_styled_img_10,206,2014,1545,76.7,296,14.7,173,0,0,0.0
0503.team,team,2026-09-17,nabory-601-610_5,206,1584,1214,76.6,200,12.6,170,0,0,0.0
453casino.lol,lol,2026-09-14,content-2026-09-12-7str-oform-1,206,107,82,76.6,0,0.0,25,0,0,
8831.team,team,2026-09-17,content-2026-09-15-12str-oform_3,206,1021,782,76.6,124,12.1,115,0,0,0.0
casinostt.team,team,2026-09-14,nabory-510-514_styled_img,206,848,649,76.5,35,4.1,164,0,0,0.0
hmhh.team,team,2026-09-15,content-2026-09-14b-7str-oform-2_49,206,750,574,76.5,47,6.3,129,0,0,0.0
tvmk7.bond,bond,2026-08-19,КОНТЕНТ НЕ ЗАПИСАН,184,2647,2025,76.5,38,1.4,584,0,0,0.0
5377.lol,lol,2026-09-14,content-2026-09-12-7str-oform-1,206,225,172,76.4,16,7.1,37,0,0,0.0
casino8768.lol,lol,2026-09-17,content-2026-09-15-7str-oform-1_33,206,1008,766,76.0,103,10.2,139,0,0,0.0
7907.team,team,2026-09-16,nabory-555-564_styled_img_7,206,1272,966,75.9,165,13.0,141,1,0,60.6
e6c.team,team,2026-09-13,content-2026-09-12-7str-oform-3,206,112,85,75.9,16,14.3,11,0,0,0.0
6527.lol,lol,2026-09-20,content-2026-09-17-7str-oform-1_23,206,648,491,75.8,86,13.3,71,0,0,0.0
vfra.buzz,buzz,2026-09-08,archive37строформленоv2часть1,206,438,332,75.8,4,0.9,102,0,0,0.0
5494.team,team,2026-09-14,nabory-515-524_styled_img_8,206,625,473,75.7,50,8.0,102,0,0,0.0
0722.team,team,2026-09-05,Generator_370382_styled_img,206,2261,1710,75.6,41,1.8,510,0,0,0.0
6375.team,team,2026-09-17,nabory-591-600_2,206,1318,997,75.6,90,6.8,231,0,0,0.0
9237.team,team,2026-09-14,content-2026-09-14-12str-oform_14,206,765,578,75.6,8,1.0,179,0,0,0.0
w7o3.team,team,2026-09-16,content-2026-09-15-7str-oform-2_11,206,1525,1153,75.6,258,16.9,114,0,0,0.0
lvcasino.lol,lol,2026-09-17,content-2026-09-16-7str_32,206,1122,847,75.5,222,19.8,53,0,0,0.0
1322.lol,lol,2026-09-08,archive37строформленоv2часть2,206,548,413,75.4,1,0.2,134,0,0,0.0
1414.lol,lol,2026-09-03,КОНТЕНТ НЕ ЗАПИСАН,206,1536,1158,75.4,55,3.6,323,0,0,0.0
b8rn.team,team,2026-08-27,КОНТЕНТ НЕ ЗАПИСАН,206,1621,1223,75.4,43,2.7,355,0,0,0.0
hhfr.team,team,2026-09-14,nabory-500-509_styled_img,206,704,531,75.4,33,4.7,140,0,0,0.0
htqr.team,team,2026-09-12,NEW102оформленобездаты,206,2017,1521,75.4,43,2.1,453,0,0,0.0
drdj.team,team,2026-09-14,nabory-500-509_styled_img,206,607,457,75.3,2,0.3,148,0,0,0.0
npcasino.lol,lol,2026-09-11,archive37строформленоv2часть1,206,768,578,75.3,109,14.2,81,0,0,0.0
rgjz.lol,lol,2026-09-19,content-2026-09-17b-7str-oform_9,206,596,449,75.3,84,14.1,63,0,0,0.0
5211.team,team,2026-09-15,content-2026-09-14b-7str-oform-2_47,206,701,527,75.2,100,14.3,74,0,0,0.0
6715.team,team,2026-09-15,content-2026-09-14b-7str-oform-2_48,206,471,354,75.2,88,18.7,29,1,0,113.6
8275.team,team,2026-09-17,nabory-581-590_5,206,1519,1143,75.2,109,7.2,267,0,0,0.0
jgd.lol,lol,2026-09-18,content-2026-09-14b-7str-oform-1_32,150,1107,832,75.2,193,17.4,82,0,0,0.0
casinoc8.team,team,2026-09-16,content-2026-09-15-7str-oform-2_9,206,872,655,75.1,176,20.2,41,0,0,0.0
1274.lol,lol,2026-09-16,content-2026-09-15-7str-oform-2_35,206,1857,1390,74.9,369,19.9,98,0,0,0.0
3945.lol,lol,2026-09-08,archive37строформленоv2часть1,206,470,352,74.9,25,5.3,93,0,0,0.0
9344casino.team,team,2026-09-05,Generator_370382_styled_img,206,1549,1159,74.8,4,0.3,386,0,0,0.0
5936.lol,lol,2026-09-21,content-2026-09-14b-7str-oform-1_24,150,1141,850,74.5,229,20.1,62,0,0,0.0
4885.lol,lol,2026-09-14,content-2026-09-14-7str-oform-8_39,206,735,547,74.4,58,7.9,130,0,0,0.0
rxdu.lol,lol,2026-09-18,nabory-621-630_1,150,987,733,74.3,165,16.7,89,0,0,0.0
0569.team,team,2026-09-14,nabory-500-509_styled_img,206,613,455,74.2,6,1.0,152,0,0,0.0
8081.team,team,2026-09-07,Выдача_06.09_7стр,206,329,244,74.2,9,2.7,76,0,0,0.0
1186.lol,lol,2026-09-17,nabory-611-620_6,206,1083,801,74.0,143,13.2,139,0,0,0.0
8723.team,team,2026-09-16,content-2026-09-15-7str-oform-2_34,206,645,477,74.0,79,12.2,89,0,0,0.0
casino72.team,team,2026-09-16,content-2026-09-14c-7str-oform-1_2,206,972,719,74.0,196,20.2,57,0,0,0.0
sppj.lol,lol,2026-09-11,archive37строформленоv2часть1,206,635,470,74.0,85,13.4,80,0,0,0.0
w5mq.lol,lol,2026-08-22,КОНТЕНТ НЕ ЗАПИСАН,206,2703,2000,74.0,142,5.3,561,0,0,0.0
jmpj.lol,lol,2026-09-20,nabory-651-660_2,206,426,315,73.9,33,7.7,78,0,0,0.0
s8e.lol,lol,2026-09-17,content-2026-09-15-7str-oform-1_20,206,1189,879,73.9,206,17.3,104,0,0,0.0
32gf.team,team,2026-09-01,nabory264268_01.09,206,2119,1564,73.8,27,1.3,528,0,0,0.0
3372.lol,lol,2026-09-08,archive37строформленоv2часть1,206,626,462,73.8,47,7.5,117,0,0,0.0
ixkf.lol,lol,2026-09-07,Выдача_06.09_12стр,206,435,321,73.8,51,11.7,63,0,0,0.0
lwta.buzz,buzz,2026-09-08,archive37строформленоv2часть1,206,600,443,73.8,54,9.0,103,0,0,0.0
1186casino.lol,lol,2026-09-20,content-2026-09-17-7str-oform-1_41,206,482,355,73.7,64,13.3,63,0,0,0.0
7841casino.team,team,2026-09-14,nabory-515-524_styled_img_10,206,635,468,73.7,44,6.9,123,0,0,0.0
casino936.team,team,2026-09-14,nabory-500-509_styled_img,206,501,369,73.7,6,1.2,126,0,0,0.0
casinoqu.buzz,buzz,2026-09-08,archive37строформленоv2часть2,206,236,174,73.7,25,10.6,37,0,0,0.0
eyoz.lol,lol,2026-09-14,content-2026-09-12-7str-oform-2,206,118,87,73.7,0,0.0,31,0,0,
izlx.lol,lol,2026-09-03,КОНТЕНТ НЕ ЗАПИСАН,206,2677,1974,73.7,170,6.4,533,0,0,0.0
qmpl.lol,lol,2026-09-03,КОНТЕНТ НЕ ЗАПИСАН,206,3266,2407,73.7,233,7.1,626,0,0,0.0
1787.team,team,2026-09-14,nabory-500-509_styled_img,206,462,340,73.6,0,0.0,122,0,0,
awzt.team,team,2026-09-17,nabory-581-590_2,206,1023,753,73.6,202,19.7,68,0,0,0.0
g7u.buzz,buzz,2026-09-08,archive37строформленоv2часть2,206,573,422,73.6,28,4.9,123,0,0,0.0
wfcasino.team,team,2026-09-16,content-2026-09-15-7str-oform-2_47,206,1962,1443,73.5,369,18.8,150,0,0,0.0
j4rd.team,team,2026-08-20,КОНТЕНТ НЕ ЗАПИСАН,203,1572,1154,73.4,24,1.5,394,0,0,0.0
0305.lol,lol,2026-09-16,content-2026-09-15-7str-oform-1_49,206,1047,767,73.3,157,15.0,123,0,0,0.0
4358.team,team,2026-09-05,Generator_370382_styled_img,206,1721,1261,73.3,89,5.2,371,0,0,0.0
0346.lol,lol,2026-09-17,content-2026-09-15-7str-oform-1_22,206,1455,1065,73.2,259,17.8,131,0,0,0.0
7316.team,team,2026-09-17,nabory-611-620_9,206,965,706,73.2,136,14.1,123,0,0,0.0
j1j.casino,casino,2026-09-01,NEW50_12pages_withdate_01.09,206,3841,2811,73.2,251,6.5,779,0,0,0.0
2669.lol,lol,2026-09-18,content-2026-09-17-7str-oform-2_44,150,893,653,73.1,167,18.7,73,0,0,0.0
casino95.lol,lol,2026-09-19,nabory-631-640_8,206,435,318,73.1,35,8.0,82,0,0,0.0
xret.lol,lol,2026-09-08,clean7_part1_50оформлено,206,757,553,73.1,26,3.4,178,0,0,0.0
q8k0.team,team,2026-09-15,content-2026-09-14b-7str-oform-2_45,206,716,523,73.0,116,16.2,77,0,0,0.0
wlncasino.lol,lol,2026-09-20,content-2026-09-17b-7str-oform_8,206,400,292,73.0,45,11.2,63,0,0,0.0
45casino.lol,lol,2026-09-21,content-2026-09-17-7str-oform-1_11,150,712,519,72.9,124,17.4,69,0,0,0.0
5205.lol,lol,2026-09-08,archive37строформленоv2часть1,205,682,497,72.9,30,4.4,155,0,0,0.0
casinoprb.team,team,2026-09-04,КОНТЕНТ НЕ ЗАПИСАН,206,2159,1574,72.9,35,1.6,550,0,0,0.0
yqzcasino.team,team,2026-09-17,content-2026-09-15-7str-oform-1_24,206,1170,853,72.9,183,15.6,134,0,0,0.0
6393.team,team,2026-09-15,content-2026-09-14-7str-oform-9_29,206,764,556,72.8,13,1.7,195,0,0,0.0
3318.team,team,2026-09-15,nabory-525-534_styled_img_2,206,1076,782,72.7,139,12.9,155,0,0,0.0
casinoa9.lol,lol,2026-09-08,archive37строформленоv2часть1,206,333,242,72.7,41,12.3,50,0,0,0.0
casinoc9.team,team,2026-09-17,content-2026-09-14b-7str-oform-2_7,206,1372,997,72.7,305,22.2,70,0,0,0.0
f2mw.team,team,2026-08-20,КОНТЕНТ НЕ ЗАПИСАН,204,1412,1026,72.7,35,2.5,351,1,0,285.7
g7u.lol,lol,2026-09-08,archive37строформленоv2часть2,206,607,441,72.7,41,6.8,125,0,0,0.0
jfgcasino.team,team,2026-09-16,nabory-565-580_15,206,2635,1915,72.7,456,17.3,264,0,0,0.0
8618.team,team,2026-09-16,content-2026-09-15-7str-oform-2_27,206,844,613,72.6,102,12.1,129,0,0,0.0
casino395.team,team,2026-09-14,content-2026-09-14-12str-oform_16,206,748,543,72.6,13,1.7,192,0,0,0.0
n7t0.team,team,2026-09-17,nabory-601-610_10,206,1797,1305,72.6,295,16.4,197,0,0,0.0
yzxw.lol,lol,2026-09-20,content-2026-09-17b-7str-oform_17,206,583,423,72.6,115,19.7,45,0,0,0.0
fhml.lol,lol,2026-09-18,nabory-621-630_8,150,1579,1143,72.4,309,19.6,127,0,0,0.0
uakcasino.buzz,buzz,2026-09-08,archive37строформленоv2часть2,206,381,276,72.4,49,12.9,56,0,0,0.0
ykvm.team,team,2026-09-14,content-2026-09-14-12str-oform_10,206,1403,1015,72.3,175,12.5,213,0,0,0.0
9131.lol,lol,2026-09-15,content-2026-09-14-7str-oform-1_3,206,771,557,72.2,120,15.6,94,0,0,0.0
d9tk.team,team,2026-08-20,КОНТЕНТ НЕ ЗАПИСАН,204,1100,794,72.2,57,5.2,249,0,0,0.0
pocasino.team,team,2026-09-14,nabory-500-509_styled_img,206,546,394,72.2,35,6.4,117,0,0,0.0
5652.team,team,2026-09-14,content-2026-09-14-7str-oform-8_44,206,780,562,72.1,123,15.8,95,0,0,0.0
j9x4.lol,lol,2026-09-20,nabory-651-660_5,206,628,453,72.1,109,17.4,66,1,0,91.7
jnpz.lol,lol,2026-09-17,content-2026-09-14b-7str-oform-1_47,206,1506,1085,72.0,340,22.6,81,0,0,0.0
tfpc.lol,lol,2026-08-22,КОНТЕНТ НЕ ЗАПИСАН,206,3310,2382,72.0,187,5.6,741,0,0,0.0
4184.team,team,2026-08-26,КОНТРОЛЬ NEW50_5_7pages_nodate_21.08,206,2556,1835,71.8,260,10.2,461,0,0,0.0
6839.lol,lol,2026-09-17,content-2026-09-15-7str-oform-1_19,206,866,622,71.8,188,21.7,56,0,0,0.0
7761.team,team,2026-09-10,archive47_unique119оформленочасть1,206,117,84,71.8,4,3.4,29,0,0,0.0
81casino.team,team,2026-09-05,Generator_370382_styled_img,206,1775,1275,71.8,87,4.9,413,0,0,0.0
m9a2.lol,lol,2026-09-20,content-2026-09-17-7str-oform-2_30,206,393,282,71.8,34,8.7,77,0,0,0.0
w0w3.casino,casino,2026-09-01,NEW50_12pages_withdate_01.09,206,3778,2714,71.8,459,12.1,605,0,0,0.0
0409hh.casino,casino,2026-09-04,NEW20_7pages_withdate_styled_img,206,759,544,71.7,23,3.0,192,0,0,0.0
3164.team,team,2026-08-20,КОНТЕНТ НЕ ЗАПИСАН,205,1744,1251,71.7,77,4.4,416,0,0,0.0
u9i.team,team,2026-09-04,Generator_354359_styled_img,206,1501,1076,71.7,49,3.3,376,0,0,0.0
2865.lol,lol,2026-09-09,archive47_unique119оформленочасть1,206,3129,2241,71.6,506,16.2,382,0,0,0.0
4421.lol,lol,2026-09-17,nabory-581-590_10,150,2409,1724,71.6,604,25.1,81,0,0,0.0
4945casino.lol,lol,2026-09-09,nabory455457_styled_img,206,3522,2523,71.6,676,19.2,323,0,0,0.0
c7mt.team,team,2026-08-21,КОНТЕНТ НЕ ЗАПИСАН,206,1417,1014,71.6,128,9.0,275,0,0,0.0
casinoz2.buzz,buzz,2026-09-08,archive37строформленоv2часть2,206,430,308,71.6,44,10.2,78,0,0,0.0
h3f0.lol,lol,2026-09-09,archive47_unique119оформленочасть1,206,3083,2206,71.6,444,14.4,433,0,0,0.0
q7a.lol,lol,2026-09-02,NEW50_7pages_withdate_01.09,206,2461,1761,71.6,129,5.2,571,0,0,0.0
ymrb.team,team,2026-09-16,content-2026-09-14c-7str-oform-1_1,206,2238,1603,71.6,521,23.3,114,0,0,0.0
4248.team,team,2026-09-21,content-2026-09-14b-7str-oform-1_21,150,835,597,71.5,172,20.6,66,0,0,0.0
cztz.team,team,2026-09-16,nabory-565-580_7,206,2466,1764,71.5,452,18.3,250,0,0,0.0
6420.team,team,2026-09-03,NEW50_3_7pages_nodate_styled,206,1187,847,71.4,31,2.6,309,0,0,0.0
n6qf.team,team,2026-08-20,КОНТЕНТ НЕ ЗАПИСАН,203,1326,947,71.4,17,1.3,362,0,0,0.0
xsjb.team,team,2026-09-14,content-2026-09-14-12str-oform_12,206,1309,935,71.4,206,15.7,168,0,0,0.0
yciu.lol,lol,2026-09-17,content-2026-09-16-7str_42,206,907,648,71.4,171,18.9,88,0,0,0.0
5863.team,team,2026-09-17,content-2026-09-16-7str_34,206,1388,989,71.3,328,23.6,71,0,0,0.0
6158.team,team,2026-08-20,КОНТЕНТ НЕ ЗАПИСАН,204,743,530,71.3,28,3.8,185,0,0,0.0
8504.lol,lol,2026-09-20,nabory-651-660_8,206,1022,729,71.3,197,19.3,96,0,0,0.0
3613.team,team,2026-09-14,nabory-515-524_styled_img_7,206,799,569,71.2,94,11.8,136,0,0,0.0
8763.lol,lol,2026-09-17,content-2026-09-15-7str-oform-1_38,206,1250,889,71.1,256,20.5,105,0,0,0.0
h7zb.quest,quest,2026-08-19,КОНТЕНТ НЕ ЗАПИСАН,184,2759,1963,71.1,38,1.4,758,0,0,0.0
1368.team,team,2026-09-04,Generator_354359_styled_img,206,1632,1158,71.0,18,1.1,456,0,0,0.0
98casino.buzz,buzz,2026-09-08,archive37строформленоv2часть3,206,503,357,71.0,19,3.8,127,0,0,0.0
c6vr.team,team,2026-08-20,КОНТЕНТ НЕ ЗАПИСАН,202,1059,752,71.0,42,4.0,265,0,0,0.0
emnc.team,team,2026-09-04,КОНТЕНТ НЕ ЗАПИСАН,206,2073,1472,71.0,42,2.0,559,0,0,0.0
6399.team,team,2026-09-17,nabory-581-590_7,206,2266,1607,70.9,453,20.0,206,0,0,0.0
k3u.team,team,2026-09-01,nabory264268_01.09,206,3909,2769,70.8,264,6.8,876,0,0,0.0
5730.lol,lol,2026-09-08,archive37строформленоv2часть2,206,639,452,70.7,62,9.7,125,0,0,0.0
65casino.lol,lol,2026-09-06,drobilnyydvor1,206,912,645,70.7,34,3.7,233,0,0,0.0
8995.team,team,2026-09-14,content-2026-09-14-12str-oform_7,206,1015,718,70.7,105,10.3,192,0,0,0.0
casino6809.lol,lol,2026-09-09,archive47_unique119оформленочасть1,206,1586,1121,70.7,217,13.7,248,0,0,0.0
plol.lol,lol,2026-09-17,content-2026-09-15-7str-oform-1_12,206,1012,714,70.6,226,22.3,72,0,0,0.0
1163.team,team,2026-09-14,nabory-500-509_styled_img,206,735,518,70.5,62,8.4,155,0,0,0.0
iuic.team,team,2026-09-17,content-2026-09-14b-7str-oform-2_9,206,1661,1171,70.5,416,25.0,74,0,0,0.0
2872.team,team,2026-08-20,КОНТЕНТ НЕ ЗАПИСАН,205,1085,763,70.3,65,6.0,257,0,0,0.0
wxvb.team,team,2026-09-16,content-2026-09-15-7str-oform-2_10,206,1657,1165,70.3,353,21.3,139,0,0,0.0
6477.team,team,2026-09-10,archive47_unique119оформленочасть2,206,151,106,70.2,2,1.3,43,0,0,0.0
casino97.lol,lol,2026-09-17,content-2026-09-15-7str-oform-1_7,206,962,673,70.0,238,24.7,51,0,0,0.0
kpscasino.buzz,buzz,2026-09-08,archive37строформленоv2часть2,206,515,360,69.9,6,1.2,149,0,0,0.0
t6n1.team,team,2026-09-13,content-2026-09-12-7str-oform-3,206,249,174,69.9,26,10.4,49,0,0,0.0
1959.team,team,2026-09-14,content-2026-09-14-7str-oform-8_49,206,669,467,69.8,106,15.8,96,0,0,0.0
5067.lol,lol,2026-09-09,archive47_unique119оформленочасть1,206,3820,2667,69.8,904,23.7,249,0,0,0.0
e8k.buzz,buzz,2026-09-08,archive37строформленоv2часть2,206,629,439,69.8,11,1.7,179,0,0,0.0
5472.lol,lol,2026-09-03,КОНТЕНТ НЕ ЗАПИСАН,206,1749,1219,69.7,136,7.8,394,0,0,0.0
1209dk.casino,casino,2026-09-12,script_yandex_12page,206,536,373,69.6,3,0.6,160,0,0,0.0
8616.team,team,2026-08-27,NEW33_12pages_nodate+img_25.08,206,2297,1599,69.6,426,18.5,272,1,0,23.5
casinokgq.lol,lol,2026-09-20,nabory-651-660_7,206,408,284,69.6,36,8.8,88,0,0,0.0
casinonz.team,team,2026-09-18,nabory-611-620_2,150,691,481,69.6,124,17.9,86,0,0,0.0
j9s2.buzz,buzz,2026-09-08,archive37строформленоv2часть1,206,624,434,69.6,87,13.9,103,0,0,0.0
zkmt.lol,lol,2026-09-17,content-2026-09-15-7str-oform-1_30,206,1233,858,69.6,257,20.8,118,0,0,0.0
8573.lol,lol,2026-08-24,ТЕСТ B Generator_11page_NOimg_24.08,206,2437,1694,69.5,249,10.2,494,3,0,120.5
9825.lol,lol,2026-09-16,content-2026-09-15-7str-oform-2_41,206,891,618,69.4,198,22.2,75,0,0,0.0
casinoqw.lol,lol,2026-09-16,content-2026-09-14c-7str-oform-1_10,206,677,470,69.4,131,19.4,76,0,0,0.0
j6qz.team,team,2026-08-26,NEW33_12pages_withdate+img_25.08,206,2575,1787,69.4,229,8.9,559,0,0,0.0
rplcasino.lol,lol,2026-09-12,content-2026-09-12-7str-oform-2,206,741,514,69.4,23,3.1,204,0,0,0.0
8616casino.lol,lol,2026-09-09,archive47_unique119оформленочасть1,206,1513,1048,69.3,232,15.3,233,0,0,0.0
k3b5.team,team,2026-09-15,content-2026-09-14b-7str-oform-2_34,206,773,536,69.3,158,20.4,79,0,0,0.0
tccasino.team,team,2026-09-13,nabory-495-499_styled_img,206,1372,950,69.2,376,27.4,46,0,0,0.0
y2p5.lol,lol,2026-09-20,nabory-641-650_9,206,668,462,69.2,127,19.0,79,0,0,0.0
0496.lol,lol,2026-09-08,archive37строформленоv2часть3,206,475,328,69.1,14,2.9,133,0,0,0.0
j6td.team,team,2026-08-21,КОНТЕНТ НЕ ЗАПИСАН,206,1878,1298,69.1,29,1.5,551,0,0,0.0
qlhc.lol,lol,2026-09-15,content-2026-09-14c-7str-oform-2_28,206,1362,941,69.1,142,10.4,279,0,0,0.0
2116.team,team,2026-09-04,Generator_346353_styled_img,206,1942,1340,69.0,258,13.3,344,0,0,0.0
3744.team,team,2026-09-15,content-2026-09-14-7str-oform-9_24,206,548,378,69.0,93,17.0,77,0,0,0.0
dwb7.top,top,2026-08-19,КОНТЕНТ НЕ ЗАПИСАН,184,1339,924,69.0,45,3.4,370,0,0,0.0
0934.lol,lol,2026-09-06,nabory400410_styled_img,206,752,518,68.9,25,3.3,209,0,0,0.0
5597.lol,lol,2026-09-08,archive37строформленоv2часть3,206,700,482,68.9,39,5.6,179,0,0,0.0
k6m.team,team,2026-08-27,КОНТЕНТ НЕ ЗАПИСАН,206,2621,1807,68.9,412,15.7,402,1,0,24.3
n5w2.buzz,buzz,2026-09-08,archive37строформленоv2часть1,206,573,395,68.9,38,6.6,140,0,0,0.0
hmdcasino.lol,lol,2026-09-16,content-2026-09-14c-7str-oform-1_18,206,827,569,68.8,134,16.2,124,0,0,0.0
vscasino.buzz,buzz,2026-09-08,archive37строформленоv2часть2,206,503,346,68.8,5,1.0,152,0,0,0.0
4213.team,team,2026-08-20,КОНТЕНТ НЕ ЗАПИСАН,203,886,609,68.7,60,6.8,217,0,0,0.0
z1y.buzz,buzz,2026-09-08,archive37строформленоv2часть3,206,598,411,68.7,41,6.9,146,0,0,0.0
kztt.lol,lol,2026-09-15,content-2026-09-14c-7str-oform-2_37,206,1433,983,68.6,226,15.8,224,0,0,0.0
8374.lol,lol,2026-09-17,content-2026-09-16-12str_2,206,2200,1507,68.5,570,25.9,123,0,0,0.0
9779.team,team,2026-08-26,КОНТРОЛЬ NEW50_5_7pages_nodate_21.08,205,3430,2349,68.5,690,20.1,391,0,0,0.0
casinoh2.team,team,2026-09-06,nabory400410_styled_img,206,894,612,68.5,36,4.0,246,0,0,0.0
mvxy.lol,lol,2026-09-20,content-2026-09-17b-7str-oform_37,206,391,268,68.5,45,11.5,78,0,0,0.0
3191.lol,lol,2026-09-03,NEW50_3_7pages_withdate_styled,206,1428,977,68.4,224,15.7,227,0,0,0.0
casino4761.team,team,2026-09-17,content-2026-09-15-7str-oform-1_32,205,1158,792,68.4,239,20.6,127,0,0,0.0
nztj.team,team,2026-09-17,content-2026-09-16-7str_38,206,1400,957,68.4,358,25.6,85,0,0,0.0
90casino.lol,lol,2026-09-15,nabory-525-534_styled_img_10,206,981,670,68.3,123,12.5,188,0,0,0.0
ttbz.team,team,2026-09-15,content-2026-09-14b-7str-oform-2_51,206,739,505,68.3,184,24.9,50,0,0,0.0
0431.team,team,2026-09-15,content-2026-09-14-7str-oform-9_21,206,462,315,68.2,78,16.9,69,0,0,0.0
5027.lol,lol,2026-09-17,content-2026-09-14b-7str-oform-2_2,206,1471,1003,68.2,367,24.9,101,0,0,0.0
casinoqu.lol,lol,2026-09-08,archive37строформленоv2часть1,206,582,397,68.2,23,4.0,162,0,0,0.0
n7k.team,team,2026-09-04,КОНТЕНТ НЕ ЗАПИСАН,206,3464,2363,68.2,380,11.0,721,0,0,0.0
6420.lol,lol,2026-09-03,NEW50_3_7pages_withdate_styled,206,1211,825,68.1,55,4.5,331,0,0,0.0
kpkl.casino,casino,2026-09-11,clean7_part1_50оформлено,206,883,601,68.1,55,6.2,227,0,0,0.0
4944.lol,lol,2026-09-08,archive37строформленоv2часть1,206,559,380,68.0,57,10.2,122,0,0,0.0
6166.lol,lol,2026-09-15,content-2026-09-14c-7str-oform-1_42,206,1096,744,67.9,206,18.8,146,0,0,0.0
casino3142.team,team,2026-09-11,archive37строформленоv2часть1,206,106,72,67.9,0,0.0,34,0,0,
casinon4.team,team,2026-09-21,content-2026-09-14b-7str-oform-1_29,150,287,195,67.9,56,19.5,36,0,0,0.0
5772.team,team,2026-09-17,content-2026-09-16-12str_4,206,1803,1222,67.8,474,26.3,107,0,0,0.0
qodu.team,team,2026-09-10,archive47_unique119оформленочасть1,206,298,202,67.8,5,1.7,91,0,0,0.0
2139.team,team,2026-08-27,КОНТЕНТ НЕ ЗАПИСАН,206,1475,999,67.7,318,21.6,158,0,0,0.0
3553.lol,lol,2026-09-08,archive37строформленоv2часть1,206,666,451,67.7,122,18.3,93,0,0,0.0
lokd.lol,lol,2026-08-25,Generator_11page_NOimg_25.08,206,1636,1108,67.7,53,3.2,475,0,0,0.0
qwsc.lol,lol,2026-09-08,Content_script_12page_08.09,206,834,565,67.7,14,1.7,255,0,0,0.0
x284.site,site,2026-08-21,КОНТЕНТ НЕ ЗАПИСАН,206,1417,959,67.7,139,9.8,319,0,0,0.0
7790.team,team,2026-09-15,content-2026-09-14-7str-oform-9_28,206,676,456,67.5,155,22.9,65,0,0,0.0
2352.team,team,2026-09-05,Generator_370382_styled_img,206,1615,1089,67.4,20,1.2,506,0,0,0.0
3520.team,team,2026-09-16,nabory-565-580_11,206,2445,1648,67.4,548,22.4,249,0,0,0.0
vngr.team,team,2026-09-12,content-2026-09-12-7str-oform-2,206,954,643,67.4,21,2.2,290,0,0,0.0
t6g.lol,lol,2026-09-20,content-2026-09-17-7str-oform-1_47,206,798,537,67.3,134,16.8,127,0,0,0.0
2363.lol,lol,2026-09-17,content-2026-09-14b-7str-oform-2_3,206,1250,840,67.2,333,26.6,77,0,0,0.0
2532.team,team,2026-09-12,content-2026-09-12-7str-oform-1,206,527,354,67.2,26,4.9,147,0,0,0.0
8730.lol,lol,2026-09-02,nabory274283,206,1363,916,67.2,64,4.7,383,0,0,0.0
9263casino.team,team,2026-09-12,content-2026-09-12-7str-oform-2,206,916,616,67.2,85,9.3,215,0,0,0.0
m8t.team,team,2026-09-01,nabory264268_01.09,206,2098,1409,67.2,54,2.6,635,0,0,0.0
2032.lol,lol,2026-09-20,content-2026-09-17-7str-oform-1_38,206,711,477,67.1,147,20.7,87,0,0,0.0
2154.lol,lol,2026-09-16,content-2026-09-15-7str-oform-1_42,206,1500,1006,67.1,395,26.3,99,1,0,25.3
5273r.cfd,cfd,2026-08-20,КОНТЕНТ НЕ ЗАПИСАН,199,602,404,67.1,31,5.1,167,0,0,0.0
psbl.lol,lol,2026-09-09,archive47_unique119оформленочасть1,206,1883,1263,67.1,391,20.8,229,1,0,25.6
2063.team,team,2026-09-16,content-2026-09-15-7str-oform-2_26,206,1576,1056,67.0,350,22.2,170,0,0,0.0
casinoycm.team,team,2026-09-11,clean7_part1_50оформлено,206,588,394,67.0,25,4.3,169,0,0,0.0
xoys.buzz,buzz,2026-09-08,archive37строформленоv2часть3,206,384,257,66.9,30,7.8,97,0,0,0.0
3155.team,team,2026-09-14,nabory-500-509_styled_img,206,521,348,66.8,75,14.4,98,0,0,0.0
4586.team,team,2026-08-20,КОНТЕНТ НЕ ЗАПИСАН,204,1049,701,66.8,95,9.1,253,0,0,0.0
g5pb.team,team,2026-08-20,КОНТЕНТ НЕ ЗАПИСАН,204,1229,821,66.8,139,11.3,269,0,0,0.0
xjl.lol,lol,2026-09-03,КОНТЕНТ НЕ ЗАПИСАН,206,2504,1672,66.8,259,10.3,573,0,0,0.0
6204.team,team,2026-08-19,КОНТЕНТ НЕ ЗАПИСАН,184,2165,1445,66.7,162,7.5,558,0,0,0.0
9145.lol,lol,2026-09-19,nabory-621-630_7,206,1131,754,66.7,302,26.7,75,0,0,0.0
9365.team,team,2026-09-04,Generator_354359_styled_img,205,1812,1208,66.7,255,14.1,349,0,0,0.0
8405.team,team,2026-09-12,КОНТЕНТ НЕ ЗАПИСАН,206,522,347,66.5,31,5.9,144,0,0,0.0
casinorlj.team,team,2026-09-12,content-2026-09-12-7str-oform-2,206,597,397,66.5,14,2.3,186,0,0,0.0
j8vp.team,team,2026-08-19,КОНТЕНТ НЕ ЗАПИСАН,198,2701,1796,66.5,43,1.6,862,0,0,0.0
m3e.lol,lol,2026-09-15,content-2026-09-14-7str-oform-8_25,206,617,410,66.5,158,25.6,49,0,0,0.0
oxvl.lol,lol,2026-09-04,КОНТЕНТ НЕ ЗАПИСАН,206,1195,795,66.5,5,0.4,395,0,0,0.0
p7x7.team,team,2026-09-13,content-2026-09-12-7str-oform-3,206,242,161,66.5,49,20.2,32,0,0,0.0
3064.lol,lol,2026-09-02,nabory294303,206,1695,1126,66.4,52,3.1,517,0,0,0.0
8848.lol,lol,2026-09-13,content-2026-09-12-7str-oform-3,206,861,572,66.4,175,20.3,114,0,0,0.0
7847.team,team,2026-09-15,content-2026-09-14b-7str-oform-2_40,206,630,418,66.3,97,15.4,115,0,0,0.0
casinoph.lol,lol,2026-09-16,nabory-545-554_styled_img_7,206,826,548,66.3,125,15.1,153,0,0,0.0
p2v.team,team,2026-09-01,nabory264268_01.09,206,2312,1532,66.3,77,3.3,703,0,0,0.0
ywm.lol,lol,2026-09-11,NEW102оформленосдатой,206,403,267,66.3,15,3.7,121,0,0,0.0
8057.team,team,2026-09-16,content-2026-09-15-7str-oform-2_25,206,1178,780,66.2,246,20.9,152,0,0,0.0
casino0645.team,team,2026-09-14,nabory-510-514_styled_img,206,535,354,66.2,0,0.0,181,0,0,
casinobo.buzz,buzz,2026-09-08,archive37строформленоv2часть3,206,517,342,66.2,46,8.9,129,0,0,0.0
v3zm.team,team,2026-08-26,NEW17_NOimg_withdate_26.08,206,1246,824,66.1,23,1.8,399,0,0,0.0
5255.lol,lol,2026-09-17,content-2026-09-16-7str_14,206,2043,1349,66.0,589,28.8,105,0,0,0.0
5347.lol,lol,2026-09-17,content-2026-09-16-12str_3,206,1767,1167,66.0,473,26.8,127,0,0,0.0
btum.team,team,2026-09-18,content-2026-09-17-7str-oform-2_46,150,994,656,66.0,167,16.8,171,0,0,0.0
0403.lol,lol,2026-09-01,NEW50_12pages_withdate_01.09,206,3180,2097,65.9,393,12.4,690,0,0,0.0
a1f9.lol,lol,2026-09-09,archive47_unique119оформленочасть1,206,3176,2093,65.9,723,22.8,360,2,0,27.7
casinob4.team,team,2026-09-16,content-2026-09-14b-7str-oform-2_15,206,2001,1318,65.9,575,28.7,108,0,0,0.0
casinomol.lol,lol,2026-09-17,content-2026-09-15-7str-oform-1_3,206,973,641,65.9,285,29.3,47,0,0,0.0
0409ss.casino,casino,2026-09-04,NEW20_7pages_withdate_styled_img,206,453,298,65.8,58,12.8,97,0,0,0.0
4705.lol,lol,2026-09-18,content-2026-09-17-7str-oform-2_12,150,800,526,65.8,177,22.1,97,0,0,0.0
qlcasino.lol,lol,2026-09-04,КОНТЕНТ НЕ ЗАПИСАН,206,1574,1035,65.8,124,7.9,415,0,0,0.0
ywbb.lol,lol,2026-09-20,content-2026-09-17-7str-oform-1_49,206,745,490,65.8,118,15.8,137,0,0,0.0
iqcasino.team,team,2026-09-16,content-2026-09-14c-7str-oform-1_19,206,933,613,65.7,214,22.9,106,0,0,0.0
0079.lol,lol,2026-09-17,nabory-601-610_7,206,1467,963,65.6,376,25.6,128,0,0,0.0
oznv.team,team,2026-09-04,Generator_346353_styled_img,206,1854,1216,65.6,232,12.5,406,0,0,0.0
ujvcasino.team,team,2026-09-17,content-2026-09-15-7str-oform-1_46,206,1449,951,65.6,379,26.2,119,0,0,0.0
0902.team,team,2026-09-12,КОНТЕНТ НЕ ЗАПИСАН,206,993,650,65.5,12,1.2,331,0,0,0.0
2404.lol,lol,2026-09-15,content-2026-09-14b-7str-oform-2_23,206,1057,692,65.5,220,20.8,145,0,0,0.0
vitt.lol,lol,2026-09-12,content-2026-09-12-7str-oform-2,206,978,641,65.5,69,7.1,268,0,0,0.0
wujcasino.lol,lol,2026-09-20,content-2026-09-17b-7str-oform_21,206,704,461,65.5,185,26.3,58,1,0,54.1
seft.team,team,2026-09-04,КОНТЕНТ НЕ ЗАПИСАН,206,1724,1128,65.4,320,18.6,276,0,0,0.0
4982.team,team,2026-09-14,content-2026-09-14-12str-oform_9,206,1377,899,65.3,241,17.5,237,1,0,41.5
6465.team,team,2026-09-17,content-2026-09-15-7str-oform-1_17,206,900,588,65.3,203,22.6,109,0,0,0.0
6574.team,team,2026-08-24,КОНТЕНТ НЕ ЗАПИСАН,206,2338,1526,65.3,377,16.1,435,0,0,0.0
1276.team,team,2026-09-04,Generator_346353_styled_img,206,1490,972,65.2,147,9.9,371,0,0,0.0
26casino.buzz,buzz,2026-09-08,archive37строформленоv2часть2,206,417,272,65.2,51,12.2,94,0,0,0.0
4489.lol,lol,2026-09-12,content-2026-09-12-7str-oform-2,206,931,607,65.2,42,4.5,282,0,0,0.0
7874.team,team,2026-09-03,NEW50_3_7pages_nodate_styled,206,1417,924,65.2,130,9.2,363,0,0,0.0
n4kd.team,team,2026-08-19,КОНТЕНТ НЕ ЗАПИСАН,184,3028,1973,65.2,120,4.0,935,0,0,0.0
0318.team,team,2026-09-16,content-2026-09-15-7str-oform-2_5,206,1991,1296,65.1,496,24.9,199,0,0,0.0
67casino.lol,lol,2026-09-08,archive37строформленоv2часть2,206,737,480,65.1,123,16.7,134,0,0,0.0
byai.team,team,2026-08-27,КОНТЕНТ НЕ ЗАПИСАН,206,1129,735,65.1,200,17.7,194,0,0,0.0
lcdj.lol,lol,2026-09-04,nabory284293,206,1529,995,65.1,35,2.3,499,0,0,0.0
uqg.lol,lol,2026-09-12,content-2026-09-12-7str-oform-1,206,913,594,65.1,12,1.3,307,0,0,0.0
x9d7.casino,casino,2026-09-01,NEW50_12pages_withdate_01.09,206,4228,2754,65.1,636,15.0,838,0,0,0.0
0108.team,team,2026-09-13,nabory-495-499_styled_img,206,703,457,65.0,189,26.9,57,0,0,0.0
pdmw.lol,lol,2026-09-09,archive47_unique119оформленочасть2,206,2061,1340,65.0,386,18.7,335,0,0,0.0
1191.team,team,2026-09-04,Generator_346353_styled_img,206,1480,961,64.9,21,1.4,498,0,0,0.0
1970.team,team,2026-09-12,content-2026-09-12-7str-oform-1,206,706,458,64.9,39,5.5,209,0,0,0.0
casinot8.lol,lol,2026-09-19,nabory-631-640_7,206,804,522,64.9,210,26.1,72,0,0,0.0
r2km.team,team,2026-08-20,КОНТЕНТ НЕ ЗАПИСАН,203,1747,1134,64.9,107,6.1,506,0,0,0.0
9836.team,team,2026-09-15,content-2026-09-14-7str-oform-9_11,206,872,565,64.8,191,21.9,116,0,0,0.0
gdpu.buzz,buzz,2026-09-09,archive412_unique12оформлено,206,2284,1478,64.7,476,20.8,330,0,0,0.0
3001.lol,lol,2026-09-12,content-2026-09-12-7str-oform-2,206,828,535,64.6,87,10.5,206,0,0,0.0
3961.team,team,2026-08-20,КОНТЕНТ НЕ ЗАПИСАН,204,757,489,64.6,44,5.8,224,0,0,0.0
v3w0.team,team,2026-09-07,nabory436440_styled_img,206,772,499,64.6,64,8.3,209,0,0,0.0
1819.lol,lol,2026-09-11,clean7_part1_50оформлено,206,408,263,64.5,26,6.4,119,0,0,0.0
anxg.buzz,buzz,2026-09-08,archive37строформленоv2часть3,206,203,131,64.5,34,16.7,38,0,0,0.0
casino1543.lol,lol,2026-09-15,nabory-525-534_styled_img_7,206,808,521,64.5,99,12.3,188,0,0,0.0
5562.team,team,2026-09-12,nabory-490-494_styled_img,206,1003,645,64.3,36,3.6,322,0,0,0.0
arhd.buzz,buzz,2026-09-08,archive37строформленоv2часть2,206,502,323,64.3,52,10.4,127,0,0,0.0
casino160.lol,lol,2026-09-14,content-2026-09-14-7str-oform-8_42,206,778,500,64.3,150,19.3,128,0,0,0.0
k2x1.lol,lol,2026-09-18,nabory-621-630_6,150,1455,935,64.3,409,28.1,111,0,0,0.0
nyfj.team,team,2026-09-04,Generator_354359_styled_img,206,985,633,64.3,76,7.7,276,0,0,0.0
7653.team,team,2026-09-03,КОНТЕНТ НЕ ЗАПИСАН,206,976,627,64.2,83,8.5,266,0,0,0.0
rvue.lol,lol,2026-09-02,NEW50_7pages_withdate_01.09,206,3771,2421,64.2,425,11.3,925,0,0,0.0
8391.team,team,2026-09-17,nabory-591-600_5,206,1735,1112,64.1,391,22.5,232,0,0,0.0
g7ld.team,team,2026-08-19,КОНТЕНТ НЕ ЗАПИСАН,198,2008,1288,64.1,110,5.5,610,0,0,0.0
5076casino.lol,lol,2026-09-12,content-2026-09-12-7str-oform-2,206,211,135,64.0,13,6.2,63,0,0,0.0
8474.team,team,2026-09-03,NEW50_3_7pages_nodate_styled,206,1220,781,64.0,54,4.4,385,0,0,0.0
hlfa.lol,lol,2026-09-18,content-2026-09-16-7str_8,150,1488,952,64.0,439,29.5,97,0,0,0.0
3405.team,team,2026-08-20,КОНТЕНТ НЕ ЗАПИСАН,204,1029,658,63.9,74,7.2,297,0,0,0.0
52casino.team,team,2026-09-21,content-2026-09-14b-7str-oform-1_28,150,628,401,63.9,167,26.6,60,0,0,0.0
tyfh.lol,lol,2026-09-15,nabory-525-534_styled_img_3,206,1137,727,63.9,130,11.4,280,0,0,0.0
3789.team,team,2026-09-15,content-2026-09-14-7str-oform-9_36,206,1637,1044,63.8,514,31.4,79,0,0,0.0
ufdb.buzz,buzz,2026-09-08,archive37строформленоv2часть2,206,652,416,63.8,88,13.5,148,0,0,0.0
bepcasino.team,team,2026-09-17,nabory-581-590_8,206,1813,1155,63.7,485,26.8,173,0,0,0.0
0697.lol,lol,2026-09-08,Content_script_12page_08.09,206,1082,688,63.6,184,17.0,210,0,0,0.0
46casino.lol,lol,2026-09-15,content-2026-09-14c-7str-oform-1_23,206,1510,961,63.6,390,25.8,159,0,0,0.0
76casino.team,team,2026-09-14,content-2026-09-14-7str-oform-8_50,206,935,594,63.5,242,25.9,99,0,0,0.0
itrv.team,team,2026-09-12,content-2026-09-12-7str-oform-2,206,924,587,63.5,15,1.6,322,0,0,0.0
4809.lol,lol,2026-09-07,Выдача_06.09_12стр,206,1533,972,63.4,227,14.8,334,1,0,44.1
7119.team,team,2026-09-03,NEW50_3_7pages_nodate_styled,206,1312,832,63.4,140,10.7,340,0,0,0.0
im8tq.icu,icu,2026-08-19,КОНТЕНТ НЕ ЗАПИСАН,184,1812,1148,63.4,55,3.0,609,0,0,0.0
l6j.lol,lol,2026-09-08,archive37строформленоv2часть2,206,986,625,63.4,100,10.1,261,0,0,0.0
v9g.lol,lol,2026-09-03,NEW50_3_7pages_nodate_styled,206,1666,1056,63.4,143,8.6,467,0,0,0.0
8367.lol,lol,2026-09-11,script_yandex_12page,206,776,491,63.3,12,1.5,273,0,0,0.0
qcfi.team,team,2026-09-12,content-2026-09-12-7str-oform-2,206,431,273,63.3,18,4.2,140,0,0,0.0
y1n.lol,lol,2026-09-11,clean7_part1_50оформлено,206,411,260,63.3,38,9.2,113,0,0,0.0
y3z5.team,team,2026-09-17,content-2026-09-16-7str_39,206,1242,786,63.3,367,29.5,89,0,0,0.0
casinole.lol,lol,2026-09-17,nabory-611-620_8,206,1109,701,63.2,302,27.2,106,0,0,0.0
casinoxm.team,team,2026-09-15,content-2026-09-14-7str-oform-9_31,206,846,535,63.2,237,28.0,74,0,0,0.0
gsbe.lol,lol,2026-09-08,archive37строформленоv2часть3,206,791,500,63.2,68,8.6,223,0,0,0.0
3508.lol,lol,2026-09-12,content-2026-09-12-7str-oform-1,206,831,524,63.1,46,5.5,261,0,0,0.0
4236.lol,lol,2026-09-09,archive47_unique119оформленочасть1,206,5388,3400,63.1,1627,30.2,361,1,1,6.1
7311.team,team,2026-09-15,content-2026-09-14c-7str-oform-2_20,206,1424,898,63.1,393,27.6,133,0,0,0.0
p9td.team,team,2026-08-20,КОНТЕНТ НЕ ЗАПИСАН,203,1534,968,63.1,298,19.4,268,0,0,0.0
2473.lol,lol,2026-09-16,content-2026-09-15-7str-oform-2_45,206,1600,1008,63.0,435,27.2,157,0,0,0.0
389casino.buzz,buzz,2026-09-08,archive37строформленоv2часть2,206,760,479,63.0,78,10.3,203,0,0,0.0
5126.buzz,buzz,2026-09-08,archive37строформленоv2часть2,206,746,470,63.0,36,4.8,240,0,0,0.0
bxgi.lol,lol,2026-09-07,NEW20_4_7pages_withdate,206,809,509,62.9,25,3.1,275,0,0,0.0
casino63.team,team,2026-09-15,content-2026-09-14-7str-oform-9_26,206,566,356,62.9,158,27.9,52,0,0,0.0
fkjj.lol,lol,2026-08-25,КОНТРОЛЬ NEW50_5_7pages_nodate_21.08,206,816,513,62.9,68,8.3,235,0,0,0.0
t1o.team,team,2026-09-04,КОНТЕНТ НЕ ЗАПИСАН,206,2561,1611,62.9,311,12.1,639,0,0,0.0
0409gd.casino,casino,2026-09-04,NEW20_7pages_nodate_styled_img,206,803,504,62.8,63,7.8,236,0,0,0.0
9412.team,team,2026-09-16,nabory-565-580_12,205,3059,1922,62.8,881,28.8,256,0,0,0.0
btj.lol,lol,2026-09-10,archive37строформленоv2часть3,206,873,548,62.8,128,14.7,197,0,0,0.0
fjnv.team,team,2026-08-20,КОНТЕНТ НЕ ЗАПИСАН,206,1606,1009,62.8,156,9.7,441,0,0,0.0
0343.lol,lol,2026-09-15,content-2026-09-14c-7str-oform-2_32,206,1157,725,62.7,125,10.8,307,0,0,0.0
1209m.casino,casino,2026-09-12,КОНТЕНТ НЕ ЗАПИСАН,206,388,243,62.6,42,10.8,103,0,0,0.0
1209s.casino,casino,2026-09-12,script_yandex_12page,206,2307,1444,62.6,489,21.2,374,1,0,20.4
7440.team,team,2026-08-27,КОНТЕНТ НЕ ЗАПИСАН,206,1383,866,62.6,296,21.4,221,0,0,0.0
d4v.team,team,2026-08-20,КОНТЕНТ НЕ ЗАПИСАН,203,1505,942,62.6,76,5.0,487,0,0,0.0
casino5463.team,team,2026-09-12,nabory-490-494_styled_img,206,895,559,62.5,28,3.1,308,0,0,0.0
0491.team,team,2026-09-10,archive47_unique119оформленочасть1,206,157,98,62.4,7,4.5,52,0,0,0.0
2108jd.buzz,buzz,2026-08-21,КОНТЕНТ НЕ ЗАПИСАН,206,750,468,62.4,70,9.3,212,0,0,0.0
2593.lol,lol,2026-09-15,content-2026-09-14c-7str-oform-1_32,206,1544,964,62.4,298,19.3,282,0,0,0.0
5988.team,team,2026-09-18,content-2026-09-17-7str-oform-2_35,150,1049,655,62.4,328,31.3,66,0,0,0.0
gmcasino.lol,lol,2026-09-14,content-2026-09-12-7str-oform-3,206,973,607,62.4,313,32.2,53,0,0,0.0
4954.team,team,2026-09-15,content-2026-09-14b-7str-oform-2_27,206,755,470,62.3,145,19.2,140,0,0,0.0
f4w.lol,lol,2026-09-02,nabory294303,206,1803,1124,62.3,61,3.4,618,0,0,0.0
nrcasino.team,team,2026-09-16,nabory-565-580_9,206,2407,1500,62.3,647,26.9,260,0,0,0.0
0815.lol,lol,2026-09-08,archive37строформленоv2часть3,206,463,288,62.2,57,12.3,118,0,0,0.0
5779.team,team,2026-09-17,content-2026-09-15-7str-oform-1_43,206,1975,1227,62.1,545,27.6,203,3,1,55.0
7180.lol,lol,2026-09-02,nabory294303,206,2206,1371,62.1,89,4.0,746,0,0,0.0
8687.lol,lol,2026-09-08,archive37строформленоv2часть1,206,549,341,62.1,94,17.1,114,0,0,0.0
9085.team,team,2026-09-14,content-2026-09-14-7str-oform-8_47,206,668,415,62.1,206,30.8,47,0,0,0.0
bvve.lol,lol,2026-09-04,КОНТЕНТ НЕ ЗАПИСАН,206,1493,926,62.0,64,4.3,503,0,0,0.0
casinogh.lol,lol,2026-09-04,КОНТЕНТ НЕ ЗАПИСАН,206,1930,1197,62.0,171,8.9,562,0,0,0.0
hfhf.team,team,2026-09-12,content-2026-09-12-7str-oform-1,206,988,613,62.0,81,8.2,294,0,0,0.0
mscasino.lol,lol,2026-09-11,clean7_part1_50оформлено,206,890,552,62.0,42,4.7,296,0,0,0.0
3349.lol,lol,2026-09-03,NEW50_3_7pages_withdate_styled,206,1272,787,61.9,181,14.2,304,0,0,0.0
gkpw.team,team,2026-08-20,КОНТЕНТ НЕ ЗАПИСАН,206,1758,1089,61.9,113,6.4,556,0,0,0.0
hhsw.team,team,2026-09-16,content-2026-09-14c-7str-oform-1_11,206,791,490,61.9,208,26.3,93,0,0,0.0
4591.lol,lol,2026-09-13,content-2026-09-12-7str-oform-3,206,802,496,61.8,198,24.7,108,0,0,0.0
6277.team,team,2026-09-15,content-2026-09-14-7str-oform-9_12,206,807,499,61.8,55,6.8,253,0,0,0.0
2557.team,team,2026-09-16,content-2026-09-15-7str-oform-1_47,206,1634,1008,61.7,516,31.6,110,0,0,0.0
8069casino.lol,lol,2026-09-18,content-2026-09-17b-7str-oform_19,150,1278,789,61.7,436,34.1,53,0,0,0.0
casinoi0.team,team,2026-09-16,content-2026-09-14c-7str-oform-1_6,206,652,402,61.7,190,29.1,60,0,0,0.0
casinoun.lol,lol,2026-09-18,content-2026-09-17-7str-oform-2_10,150,1068,659,61.7,366,34.3,43,0,0,0.0
fgqw.team,team,2026-08-20,КОНТЕНТ НЕ ЗАПИСАН,199,2069,1276,61.7,68,3.3,725,0,0,0.0
3121.team,team,2026-09-14,nabory-500-509_styled_img,206,593,365,61.6,3,0.5,225,0,0,0.0
5335.lol,lol,2026-09-03,NEW50_3_12pages_nodate_styled,206,1799,1108,61.6,160,8.9,531,0,0,0.0
casino1430.team,team,2026-09-04,Generator_368369_styled_img,206,1216,749,61.6,2,0.2,465,0,0,0.0
d9mq.team,team,2026-08-19,КОНТЕНТ НЕ ЗАПИСАН,198,1732,1067,61.6,136,7.9,529,0,0,0.0
gvgcasino.team,team,2026-09-16,content-2026-09-15-7str-oform-2_21,206,1190,733,61.6,346,29.1,111,0,0,0.0
pjxu.team,team,2026-09-04,NEW20_7pages_nodate_styled_img,206,1441,888,61.6,112,7.8,441,0,0,0.0
5954.lol,lol,2026-09-07,nabory431435_styled_img,206,1032,635,61.5,23,2.2,374,0,0,0.0
g3q3.buzz,buzz,2026-09-09,archive412_unique12оформлено,206,2133,1312,61.5,598,28.0,223,0,0,0.0
kogk.team,team,2026-09-16,nabory-555-564_styled_img_6,206,2888,1777,61.5,949,32.9,162,1,0,10.5
oopf.team,team,2026-09-12,content-2026-09-12-7str-oform-2,206,866,533,61.5,29,3.3,304,0,0,0.0
tqab.casino,casino,2026-09-09,nabory461463_styled_img,206,2586,1591,61.5,614,23.7,381,0,0,0.0
xxhcasino.team,team,2026-09-15,content-2026-09-14b-7str-oform-2_46,206,1153,709,61.5,360,31.2,84,0,0,0.0
6581casino.team,team,2026-09-12,content-2026-09-12-7str-oform-2,206,857,526,61.4,54,6.3,277,0,0,0.0
7186.team,team,2026-08-27,КОНТЕНТ НЕ ЗАПИСАН,206,1788,1097,61.4,534,29.9,157,0,0,0.0
5228.lol,lol,2026-09-17,nabory-601-610_9,206,1058,649,61.3,324,30.6,85,0,0,0.0
8491.team,team,2026-09-12,content-2026-09-12-7str-oform-2,206,1166,715,61.3,132,11.3,319,0,0,0.0
casinodx.team,team,2026-09-16,nabory-565-580_8,206,2833,1738,61.3,833,29.4,262,0,0,0.0
h8cz.team,team,2026-08-20,КОНТЕНТ НЕ ЗАПИСАН,204,1647,1010,61.3,76,4.6,561,0,0,0.0
ldwg.buzz,buzz,2026-09-08,archive37строформленоv2часть1,206,639,392,61.3,24,3.8,223,0,0,0.0
qluj.team,team,2026-08-24,КОНТЕНТ НЕ ЗАПИСАН,206,2214,1358,61.3,322,14.5,534,0,0,0.0
8095.team,team,2026-09-16,content-2026-09-15-7str-oform-2_28,206,949,581,61.2,311,32.8,57,0,0,0.0
dyxo.lol,lol,2026-09-18,content-2026-09-17-7str-oform-2_4,150,1021,625,61.2,301,29.5,95,0,0,0.0
rdpo.lol,lol,2026-09-16,nabory-535-544_styled_img_1,206,1067,652,61.1,246,23.1,169,1,0,40.7
9814.team,team,2026-09-15,content-2026-09-14b-7str-oform-2_43,206,863,526,61.0,212,24.6,125,0,0,0.0
llnh.team,team,2026-09-13,content-2026-09-12-7str-oform-3,206,59,36,61.0,15,25.4,8,0,0,0.0
m3wv.team,team,2026-08-20,КОНТЕНТ НЕ ЗАПИСАН,204,1114,680,61.0,236,21.2,198,0,0,0.0
zmbv.work,work,2026-08-22,КОНТЕНТ НЕ ЗАПИСАН,206,1609,981,61.0,236,14.7,392,0,0,0.0
nnjcasino.lol,lol,2026-09-20,nabory-631-640_3,206,534,325,60.9,137,25.7,72,0,0,0.0
tapz.casino,casino,2026-09-11,NEW102оформленобездаты,206,517,315,60.9,18,3.5,184,0,0,0.0
5713.lol,lol,2026-09-15,content-2026-09-14c-7str-oform-2_13,206,1096,666,60.8,284,25.9,146,1,1,35.2
6775casino.team,team,2026-09-15,content-2026-09-14-7str-oform-9_22,206,520,316,60.8,170,32.7,34,0,0,0.0
b3nq.team,team,2026-08-20,КОНТЕНТ НЕ ЗАПИСАН,204,1017,618,60.8,54,5.3,345,0,0,0.0
ip4nd.cyou,cyou,2026-08-19,КОНТЕНТ НЕ ЗАПИСАН,198,2858,1738,60.8,379,13.3,741,0,0,0.0
jflj.team,team,2026-09-17,content-2026-09-15-7str-oform-1_4,206,1448,880,60.8,507,35.0,61,0,0,0.0
k6r.team,team,2026-09-16,content-2026-09-15-7str-oform-2_8,206,1888,1147,60.8,569,30.1,172,0,0,0.0
pjxu.lol,lol,2026-09-04,nabory274283,206,1266,770,60.8,73,5.8,423,1,0,137.0
dak.casino,casino,2026-09-12,nabory-490-494_styled_img,206,1790,1087,60.7,296,16.5,407,0,0,0.0
w7k4.lol,lol,2026-09-10,archive37строформленоv2часть3,206,689,418,60.7,53,7.7,218,0,0,0.0
5153.team,team,2026-09-06,nabory421425_styled_img,206,853,517,60.6,118,13.8,218,0,0,0.0
6657.lol,lol,2026-09-20,content-2026-09-17-7str-oform-2_1,206,814,493,60.6,214,26.3,107,0,0,0.0
g8pz.team,team,2026-08-22,КОНТЕНТ НЕ ЗАПИСАН,206,3776,2288,60.6,394,10.4,1094,0,0,0.0
l9z.lol,lol,2026-09-08,clean7_part1_50оформлено,206,764,463,60.6,49,6.4,252,0,0,0.0
lvqv.lol,lol,2026-09-04,КОНТЕНТ НЕ ЗАПИСАН,206,1502,910,60.6,90,6.0,502,0,0,0.0
vjkd.lol,lol,2026-09-06,nabory400410_styled_img,206,507,307,60.6,47,9.3,153,0,0,0.0
3665.lol,lol,2026-09-16,content-2026-09-15-7str-oform-2_4,206,1811,1096,60.5,404,22.3,311,0,0,0.0
4389.lol,lol,2026-09-21,content-2026-09-14b-7str-oform-1_13,150,921,557,60.5,235,25.5,129,0,0,0.0
4893.lol,lol,2026-09-06,nabory400410_styled_img,206,885,535,60.5,75,8.5,275,0,0,0.0
d7w5.lol,lol,2026-09-15,content-2026-09-14-7str-oform-8_29,206,612,370,60.5,188,30.7,54,0,0,0.0
n4h1.lol,lol,2026-09-08,archive37строформленоv2часть3,206,873,528,60.5,219,25.1,126,1,0,45.7
7612.team,team,2026-09-02,NEW50_12pages_withdate_01.09,206,2963,1791,60.4,652,22.0,520,0,0,0.0
4797.lol,lol,2026-09-11,clean7_part1_50оформлено,206,1001,604,60.3,162,16.2,235,0,0,0.0
casino5457.team,team,2026-09-12,nabory-490-494_styled_img,206,885,534,60.3,65,7.3,286,0,0,0.0
gqfw.lol,lol,2026-09-13,content-2026-09-12-7str-oform-3,206,380,229,60.3,85,22.4,66,0,0,0.0
5010.lol,lol,2026-08-26,NEW33_12pages_withdate+img_25.08,206,2218,1336,60.2,570,25.7,312,0,0,0.0
7213.lol,lol,2026-09-18,content-2026-09-17b-7str-oform_6,206,904,544,60.2,278,30.8,82,0,0,0.0
b5wt.team,team,2026-08-18,КОНТЕНТ НЕ ЗАПИСАН,184,2483,1496,60.2,213,8.6,774,0,0,0.0
lkcasino.lol,lol,2026-09-17,content-2026-09-16-7str_13,206,480,289,60.2,150,31.2,41,0,0,0.0
n8i.lol,lol,2026-09-20,content-2026-09-17-7str-oform-2_3,206,465,280,60.2,93,20.0,92,0,0,0.0
1543.lol,lol,2026-09-16,nabory-545-554_styled_img_3,206,1225,736,60.1,243,19.8,246,0,0,0.0
2273.team,team,2026-09-12,content-2026-09-12-7str-oform-1,205,494,297,60.1,42,8.5,155,0,0,0.0
499casino.team,team,2026-09-16,content-2026-09-15-7str-oform-2_37,206,1300,781,60.1,404,31.1,115,0,0,0.0
2429.lol,lol,2026-09-17,nabory-591-600_3,206,1822,1094,60.0,574,31.5,154,0,0,0.0
7224.team,team,2026-08-26,NEW17_img_withdate_26.08,206,1553,931,59.9,101,6.5,521,0,0,0.0
7491.lol,lol,2026-09-08,archive37строформленоv2часть1,206,726,435,59.9,66,9.1,225,0,0,0.0
s7w.lol,lol,2026-09-16,nabory-545-554_styled_img_9,206,1405,842,59.9,357,25.4,206,0,0,0.0
u2b7.team,team,2026-09-07,NEW20_7pages_withdate_оформлено,206,841,504,59.9,166,19.7,171,0,0,0.0
0778.lol,lol,2026-09-06,nabory400410_styled_img,206,836,500,59.8,34,4.1,302,0,0,0.0
5554.team,team,2026-08-26,NEW33_12pages_withdate+img_25.08,206,1838,1099,59.8,120,6.5,619,0,0,0.0
f9pb.team,team,2026-08-27,КОНТЕНТ НЕ ЗАПИСАН,206,1396,835,59.8,160,11.5,401,0,0,0.0
p9y.casino,casino,2026-09-12,script_yandex_12page,206,937,560,59.8,71,7.6,306,0,0,0.0
6834.lol,lol,2026-09-15,content-2026-09-14c-7str-oform-2_5,206,1690,1009,59.7,374,22.1,307,0,0,0.0
eozw.lol,lol,2026-09-20,content-2026-09-17-7str-oform-1_46,206,524,313,59.7,163,31.1,48,0,0,0.0
ikmd.lol,lol,2026-09-03,КОНТЕНТ НЕ ЗАПИСАН,206,3573,2134,59.7,914,25.6,525,0,0,0.0
5649.lol,lol,2026-09-18,nabory-631-640_10,150,795,474,59.6,268,33.7,53,0,0,0.0
9859casino.team,team,2026-09-06,struktura8x7,206,741,442,59.6,156,21.1,143,0,0,0.0
u9y.casino,casino,2026-09-01,NEW50_12pages_nodate_01.09,206,4404,2626,59.6,668,15.2,1110,0,0,0.0
ukfw.team,team,2026-09-04,КОНТЕНТ НЕ ЗАПИСАН,206,1188,708,59.6,14,1.2,466,0,0,0.0
w2yn.team,team,2026-08-24,КОНТЕНТ НЕ ЗАПИСАН,206,2490,1485,59.6,417,16.7,588,0,0,0.0
w8h.lol,lol,2026-09-08,nabory447451_styled_img,206,909,542,59.6,12,1.3,355,0,0,0.0
y4s.lol,lol,2026-09-08,archive37строформленоv2часть3,206,839,500,59.6,152,18.1,187,0,0,0.0
9341.lol,lol,2026-09-14,content-2026-09-14-7str-oform-8_33,206,676,402,59.5,173,25.6,101,0,0,0.0
casinoj5.lol,lol,2026-09-13,nabory-495-499_styled_img,206,432,257,59.5,70,16.2,105,0,0,0.0
evcasino.team,team,2026-09-12,content-2026-09-12-7str-oform-2,206,603,359,59.5,69,11.4,175,0,0,0.0
gylz.team,team,2026-08-26,КОНТРОЛЬ NEW50_5_7pages_nodate_21.08,206,2526,1504,59.5,270,10.7,752,0,0,0.0
unxn.casino,casino,2026-09-01,NEW50_12pages_withdate_01.09,206,5245,3121,59.5,979,18.7,1145,1,0,10.2
7816.lol,lol,2026-09-07,clean12_unique11оформлено,206,932,554,59.4,93,10.0,285,1,1,107.5
x5i0.lol,lol,2026-09-20,content-2026-09-17-7str-oform-1_30,206,857,509,59.4,217,25.3,131,0,0,0.0
0615.lol,lol,2026-09-11,NEW102оформленобездаты,206,934,554,59.3,105,11.2,275,0,0,0.0
b2kn.team,team,2026-08-19,КОНТЕНТ НЕ ЗАПИСАН,184,1932,1145,59.3,279,14.4,508,0,0,0.0
mpnw.lol,lol,2026-09-08,archive37строформленоv2часть3,206,545,323,59.3,91,16.7,131,0,0,0.0
u3i.team,team,2026-09-06,troykaC,206,735,436,59.3,101,13.7,198,0,0,0.0
x2g8.lol,lol,2026-09-20,content-2026-09-19-12str_2,206,1043,619,59.3,184,17.6,240,0,0,0.0
0332casino.team,team,2026-09-16,nabory-555-564_styled_img_5,206,1069,633,59.2,262,24.5,174,0,0,0.0
0786.team,team,2026-09-15,content-2026-09-14-7str-oform-9_33,206,1721,1018,59.2,512,29.8,191,0,0,0.0
8374casino.lol,lol,2026-09-12,content-2026-09-12-7str-oform-1,206,841,498,59.2,11,1.3,332,0,0,0.0
8436casino.lol,lol,2026-09-12,content-2026-09-12-7str-oform-2,206,716,423,59.1,65,9.1,228,0,0,0.0
casino624.lol,lol,2026-09-16,nabory-565-580_3,206,2394,1412,59.0,791,33.0,191,0,0,0.0
casinobqy.team,team,2026-09-15,nabory-515-524_styled_img_4,206,966,570,59.0,85,8.8,311,0,0,0.0
y6o.lol,lol,2026-09-15,content-2026-09-14c-7str-oform-2_30,206,1104,651,59.0,298,27.0,155,0,0,0.0
4502.lol,lol,2026-09-03,NEW50_3_7pages_nodate_styled,206,1394,819,58.8,305,21.9,270,0,0,0.0
4691.lol,lol,2026-09-14,content-2026-09-14-12str-oform_4,206,1713,1007,58.8,487,28.4,219,0,0,0.0
6348.team,team,2026-09-01,NEW50_12pages_withdate_01.09,206,3489,2050,58.8,648,18.6,791,0,0,0.0
dpcasino.team,team,2026-09-04,КОНТЕНТ НЕ ЗАПИСАН,206,1974,1161,58.8,271,13.7,542,0,0,0.0
e8k.lol,lol,2026-09-08,archive37строформленоv2часть1,206,958,563,58.8,135,14.1,260,0,0,0.0
7216.lol,lol,2026-08-24,ТЕСТ B Generator_11page_NOimg_24.08,206,2265,1330,58.7,448,19.8,487,0,0,0.0
8663.lol,lol,2026-09-03,NEW50_3_7pages_nodate_styled,206,1622,950,58.6,218,13.4,454,0,0,0.0
566casino.team,team,2026-09-15,content-2026-09-14b-7str-oform-2_38,206,713,417,58.5,222,31.1,74,0,0,0.0
5751.lol,lol,2026-09-16,nabory-565-580_2,206,3459,2024,58.5,1207,34.9,228,0,0,0.0
casino814.team,team,2026-09-04,Generator_B_novyy_bez_img,206,988,578,58.5,51,5.2,359,0,0,0.0
3709.team,team,2026-09-14,content-2026-09-14-12str-oform_8,206,1673,977,58.4,433,25.9,263,1,0,23.1
8271.lol,lol,2026-09-16,nabory-535-544_styled_img_6,206,1108,646,58.3,258,23.3,204,0,0,0.0
casinou5.team,team,2026-09-15,content-2026-09-14b-7str-oform-2_36,205,860,501,58.3,274,31.9,85,0,0,0.0
8625.team,team,2026-09-16,content-2026-09-15-7str-oform-2_36,206,1240,722,58.2,323,26.0,195,0,0,0.0
9882.team,team,2026-09-15,content-2026-09-14-7str-oform-9_10,206,777,452,58.2,256,32.9,69,0,0,0.0
1014.lol,lol,2026-09-15,content-2026-09-14b-7str-oform-2_28,206,1184,688,58.1,361,30.5,135,0,0,0.0
135casino.buzz,buzz,2026-09-08,archive37строформленоv2часть2,206,596,346,58.1,172,28.9,78,0,0,0.0
6418.team,team,2026-09-03,КОНТЕНТ НЕ ЗАПИСАН,206,2012,1168,58.1,304,15.1,540,1,1,32.9
8792.lol,lol,2026-09-15,content-2026-09-14c-7str-oform-2_19,206,1430,831,58.1,391,27.3,208,0,0,0.0
casino876.lol,lol,2026-09-04,КОНТЕНТ НЕ ЗАПИСАН,206,1160,674,58.1,18,1.6,468,0,0,0.0
hhcasino.team,team,2026-09-10,archive37строформленоv2часть3,206,356,207,58.1,27,7.6,122,0,0,0.0
casinoprb.lol,lol,2026-09-04,КОНТЕНТ НЕ ЗАПИСАН,206,2422,1405,58.0,553,22.8,464,0,0,0.0
kohi.team,team,2026-09-10,archive37строформленоv2часть1,206,700,406,58.0,68,9.7,226,0,0,0.0
2008qw.buzz,buzz,2026-08-19,КОНТЕНТ НЕ ЗАПИСАН,198,711,412,57.9,47,6.6,252,0,0,0.0
5653.lol,lol,2026-09-16,nabory-555-564_styled_img_3,206,1799,1042,57.9,457,25.4,300,0,0,0.0
t8n2.lol,lol,2026-09-03,КОНТЕНТ НЕ ЗАПИСАН,206,3199,1853,57.9,563,17.6,783,0,0,0.0
yjxb.lol,lol,2026-09-20,content-2026-09-17b-7str-oform_20,206,556,322,57.9,201,36.2,33,0,0,0.0
4899da.online,online,2026-08-18,КОНТЕНТ НЕ ЗАПИСАН,184,2417,1396,57.8,447,18.5,574,0,0,0.0
ynr.team,team,2026-09-17,content-2026-09-15-7str-oform-1_23,206,1896,1095,57.8,654,34.5,147,2,0,30.6
537casino.team,team,2026-09-04,Generator_354359_styled_img,206,2049,1183,57.7,498,24.3,368,0,0,0.0
615casino.team,team,2026-09-12,content-2026-09-12-7str-oform-2,206,541,312,57.7,144,26.6,85,0,0,0.0
casino806.lol,lol,2026-09-12,content-2026-09-12-7str-oform-1,206,449,259,57.7,118,26.3,72,0,0,0.0
casinorty.lol,lol,2026-09-15,content-2026-09-14-7str-oform-1_4,206,777,448,57.7,259,33.3,70,0,0,0.0
g4j.lol,lol,2026-09-19,content-2026-09-17b-7str-oform_29,206,778,449,57.7,263,33.8,66,0,0,0.0
t2h6.team,team,2026-09-16,content-2026-09-14c-7str-oform-1_9,206,1011,583,57.7,267,26.4,161,0,0,0.0
u4f5.lol,lol,2026-09-04,nabory284293,206,1353,781,57.7,77,5.7,495,0,0,0.0
022casino.team,team,2026-09-12,content-2026-09-12-7str-oform-2,206,706,407,57.6,81,11.5,218,0,0,0.0
casino0509g.casino,casino,2026-09-04,NEW20_7pages_withdate_styled_img,206,878,506,57.6,181,20.6,191,0,0,0.0
decasino.team,team,2026-09-04,Generator_346353_styled_img,206,2222,1279,57.6,547,24.6,396,2,0,36.6
z1o4.team,team,2026-09-11,КОНТЕНТ НЕ ЗАПИСАН,206,1162,669,57.6,58,5.0,435,0,0,0.0
3453.team,team,2026-09-15,content-2026-09-14c-7str-oform-1_34,206,1546,889,57.5,294,19.0,363,0,0,0.0
5580.lol,lol,2026-09-03,NEW50_3_7pages_nodate_styled,206,1211,696,57.5,235,19.4,280,0,0,0.0
3343.lol,lol,2026-09-15,content-2026-09-14c-7str-oform-2_39,206,1345,772,57.4,336,25.0,237,0,0,0.0
4253.team,team,2026-09-12,content-2026-09-12-7str-oform-1,206,877,503,57.4,65,7.4,309,0,0,0.0
5793.lol,lol,2026-09-08,archive37строформленоv2часть1,206,944,542,57.4,225,23.8,177,0,0,0.0
5867.team,team,2026-08-19,КОНТЕНТ НЕ ЗАПИСАН,198,1906,1094,57.4,371,19.5,441,0,0,0.0
7529.lol,lol,2026-09-08,archive37строформленоv2часть1,206,900,517,57.4,179,19.9,204,0,0,0.0
7743casino.lol,lol,2026-09-19,content-2026-09-17-7str-oform-2_6,206,848,487,57.4,297,35.0,64,1,0,33.7
8459.lol,lol,2026-09-15,content-2026-09-14c-7str-oform-1_29,206,1347,773,57.4,374,27.8,200,0,0,0.0
hfkg.team,team,2026-09-10,КОНТЕНТ НЕ ЗАПИСАН,206,237,136,57.4,44,18.6,57,0,0,0.0
0409casino.casino,casino,2026-09-04,NEW20_7pages_nodate_styled_img,206,864,495,57.3,201,23.3,168,0,0,0.0
4558.lol,lol,2026-09-09,archive47_unique119оформленочасть1,206,2198,1260,57.3,672,30.6,266,0,0,0.0
6912.lol,lol,2026-09-09,archive47_unique119оформленочасть1,206,1995,1143,57.3,415,20.8,437,0,0,0.0
ndvk.team,team,2026-08-26,NEW17_img_withdate_26.08,206,1440,825,57.3,158,11.0,457,1,0,63.3
5074.team,team,2026-08-18,КОНТЕНТ НЕ ЗАПИСАН,184,2833,1621,57.2,581,20.5,631,0,0,0.0
7925.team,team,2026-09-01,NEW50_12pages_withdate_01.09,206,1691,967,57.2,193,11.4,531,0,0,0.0
h8v.team,team,2026-09-12,content-2026-09-12-7str-oform-2,206,801,458,57.2,138,17.2,205,0,0,0.0
lbpy.team,team,2026-09-14,content-2026-09-14-12str-oform_13,206,1503,859,57.2,408,27.1,236,0,0,0.0
luts.team,team,2026-09-10,archive47_unique119оформленочасть1,206,383,219,57.2,30,7.8,134,0,0,0.0
ogji.lol,lol,2026-09-20,content-2026-09-17-7str-oform-1_32,206,1322,756,57.2,396,30.0,170,0,0,0.0
r7mc.team,team,2026-08-19,КОНТЕНТ НЕ ЗАПИСАН,184,3818,2184,57.2,486,12.7,1148,0,0,0.0
yjim.team,team,2026-09-17,content-2026-09-14b-7str-oform-1_44,206,1644,941,57.2,630,38.3,73,0,0,0.0
0876.team,team,2026-09-07,NEW20_12pages_withdate_оформлено,206,1173,670,57.1,63,5.4,440,0,0,0.0
ssycasino.team,team,2026-09-07,NEW20_7pages_nodate_оформлено_1,206,816,466,57.1,91,11.2,259,0,0,0.0
tsnb.team,team,2026-09-07,nabory441443_styled_img,206,1204,687,57.1,210,17.4,307,0,0,0.0
hjeu.lol,lol,2026-09-20,nabory-651-660_9,206,882,503,57.0,296,33.6,83,0,0,0.0
0147.team,team,2026-09-07,NEW20_7pages_withdate_оформлено,206,745,424,56.9,133,17.9,188,0,0,0.0
dqdv.team,team,2026-09-07,NEW20_4_7pages_nodate,206,868,494,56.9,169,19.5,205,0,0,0.0
yadn.lol,lol,2026-09-15,content-2026-09-14-7str-oform-9_4,206,1144,651,56.9,389,34.0,104,0,0,0.0
kzgq.lol,lol,2026-09-03,КОНТЕНТ НЕ ЗАПИСАН,206,2639,1500,56.8,658,24.9,481,0,0,0.0
8908.team,team,2026-09-07,NEW20_7pages_nodate_оформлено,206,640,363,56.7,92,14.4,185,0,0,0.0
casino0752.team,team,2026-09-18,nabory-611-620_3,150,541,307,56.7,159,29.4,75,0,0,0.0
m9h6.team,team,2026-09-16,content-2026-09-15-7str-oform-2_2,206,2099,1191,56.7,636,30.3,272,0,0,0.0
tgga.team,team,2026-09-10,archive47_unique119оформленочасть1,206,390,221,56.7,37,9.5,132,0,0,0.0
6433.team,team,2026-09-07,NEW20_7pages_nodate_оформлено,206,834,472,56.6,175,21.0,187,0,0,0.0
7119.lol,lol,2026-09-02,nabory284293,206,1874,1061,56.6,182,9.7,631,0,0,0.0
casino377.lol,lol,2026-09-20,content-2026-09-17-7str-oform-1_40,206,910,515,56.6,336,36.9,59,0,0,0.0
3578.lol,lol,2026-09-18,content-2026-09-17-7str-oform-2_13,150,1185,669,56.5,431,36.4,85,1,0,23.2
6820.team,team,2026-08-20,КОНТЕНТ НЕ ЗАПИСАН,202,1068,603,56.5,87,8.1,378,0,0,0.0
9090.lol,lol,2026-09-04,КОНТЕНТ НЕ ЗАПИСАН,206,1256,710,56.5,24,1.9,522,0,0,0.0
d8nk.team,team,2026-08-18,КОНТЕНТ НЕ ЗАПИСАН,184,3211,1813,56.5,685,21.3,713,0,0,0.0
0403.team,team,2026-09-03,NEW50_3_7pages_nodate_styled,206,1068,602,56.4,195,18.3,271,0,0,0.0
0148.team,team,2026-09-12,content-2026-09-12-7str-oform-2,206,978,551,56.3,104,10.6,323,0,0,0.0
63casino.team,team,2026-09-10,archive47_unique119оформленочасть1,206,197,111,56.3,11,5.6,75,0,0,0.0
casinoqi.team,team,2026-09-11,NEW102оформленобездаты,206,366,206,56.3,34,9.3,126,0,0,0.0
jrcg.team,team,2026-09-06,Generator_392396_styled_img,206,1079,607,56.3,144,13.3,328,0,0,0.0
wkdp.lol,lol,2026-09-15,content-2026-09-14c-7str-oform-2_12,206,1555,876,56.3,321,20.6,358,0,0,0.0
llvm.casino,casino,2026-09-01,NEW50_12pages_withdate_01.09,206,4610,2591,56.2,1159,25.1,860,0,0,0.0
ofyc.lol,lol,2026-09-20,content-2026-09-17-7str-oform-1_26,206,1316,740,56.2,429,32.6,147,0,0,0.0
pddw.team,team,2026-09-04,Generator_346353_styled_img,206,2499,1405,56.2,612,24.5,482,0,0,0.0
1018.lol,lol,2026-09-17,content-2026-09-15-7str-oform-1_11,206,1516,851,56.1,568,37.5,97,0,0,0.0
c6p.fun,fun,2026-08-22,КОНТЕНТ НЕ ЗАПИСАН,206,2587,1452,56.1,654,25.3,481,0,0,0.0
v2b.team,team,2026-09-12,content-2026-09-12-7str-oform-2,206,1032,579,56.1,210,20.3,243,0,0,0.0
7014.team,team,2026-08-26,КОНТРОЛЬ NEW50_5_7pages_nodate_21.08,206,3192,1786,56.0,1112,34.8,294,0,0,0.0
8838.lol,lol,2026-09-16,content-2026-09-14c-7str-oform-1_3,206,2190,1227,56.0,760,34.7,203,0,0,0.0
casinoe8.lol,lol,2026-09-16,nabory-535-544_styled_img_5,206,577,323,56.0,99,17.2,155,0,0,0.0
casinoyso.team,team,2026-09-07,nabory441443_styled_img,206,985,552,56.0,96,9.7,337,0,0,0.0
tiff.team,team,2026-09-12,content-2026-09-12-7str-oform-1,206,1141,639,56.0,193,16.9,309,0,0,0.0
4269casino.team,team,2026-09-15,content-2026-09-14c-7str-oform-1_16,206,1607,899,55.9,511,31.8,197,0,0,0.0
4330.lol,lol,2026-09-03,NEW50_3_7pages_withdate_styled,206,1196,667,55.8,229,19.1,300,0,0,0.0
5076.team,team,2026-09-08,Content_script_12page_08.09,206,785,438,55.8,62,7.9,285,0,0,0.0
5740.team,team,2026-09-12,content-2026-09-12-7str-oform-2,206,991,553,55.8,141,14.2,297,0,0,0.0
h6k8.team,team,2026-09-02,nabory274283,206,2662,1486,55.8,386,14.5,790,2,1,51.8
b6t.team,team,2026-08-20,КОНТЕНТ НЕ ЗАПИСАН,202,1780,992,55.7,125,7.0,663,0,0,0.0
casino8463.lol,lol,2026-09-08,archive37строформленоv2часть3,206,314,175,55.7,47,15.0,92,0,0,0.0
cyfd.team,team,2026-09-15,content-2026-09-14c-7str-oform-2_16,206,1816,1011,55.7,535,29.5,270,0,0,0.0
vlg.lol,lol,2026-09-08,archive37строформленоv2часть3,206,503,280,55.7,79,15.7,144,0,0,0.0
casinoii.buzz,buzz,2026-09-08,archive37строформленоv2часть3,206,99,55,55.6,0,0.0,44,0,0,
jpsd.team,team,2026-08-18,КОНТЕНТ НЕ ЗАПИСАН,184,3445,1916,55.6,510,14.8,1019,0,0,0.0
r9v.team,team,2026-08-27,КОНТЕНТ НЕ ЗАПИСАН,206,2610,1451,55.6,750,28.7,409,0,0,0.0
1413.team,team,2026-09-10,archive47_unique119оформленочасть1,206,398,221,55.5,46,11.6,131,0,0,0.0
3584.team,team,2026-08-19,КОНТЕНТ НЕ ЗАПИСАН,198,1627,903,55.5,405,24.9,319,0,0,0.0
mkuk.team,team,2026-08-24,ТЕСТ B Generator_11page_NOimg_24.08,206,2888,1600,55.4,655,22.7,633,0,0,0.0
uyqcasino.team,team,2026-09-11,clean7_part1_50оформлено,206,74,41,55.4,23,31.1,10,1,0,434.8
0509d.casino,casino,2026-09-05,NEW21_7pages_withdate_styled_img,206,552,305,55.3,29,5.3,218,0,0,0.0
0509mm.casino,casino,2026-09-05,NEW21_7pages_withdate_styled_img,206,721,399,55.3,94,13.0,228,0,0,0.0
0765.team,team,2026-09-07,nabory436440_styled_img,206,987,546,55.3,114,11.6,327,0,0,0.0
l6j.buzz,buzz,2026-09-08,archive37строформленоv2часть1,206,799,442,55.3,15,1.9,342,0,0,0.0
w4lv.team,team,2026-08-24,ТЕСТ B Generator_11page_NOimg_24.08,206,2557,1415,55.3,643,25.1,499,0,0,0.0
z2u7.team,team,2026-09-03,NEW50_3_12pages_nodate_styled,206,2004,1108,55.3,177,8.8,719,0,0,0.0
d3x2.lol,lol,2026-09-08,archive37строформленоv2часть2,206,825,455,55.2,31,3.8,339,0,0,0.0
casinoubf.lol,lol,2026-09-08,archive37строформленоv2часть1,206,861,474,55.1,6,0.7,381,0,0,0.0
hdvg.casino,casino,2026-09-12,content-2026-09-12-7str-oform-1,206,834,459,55.0,227,27.2,148,0,0,0.0
d3mw.team,team,2026-08-27,КОНТЕНТ НЕ ЗАПИСАН,206,933,512,54.9,235,25.2,186,0,0,0.0
f7zr.team,team,2026-08-18,КОНТЕНТ НЕ ЗАПИСАН,184,3167,1738,54.9,486,15.3,943,0,0,0.0
0190.team,team,2026-09-03,NEW50_3_7pages_withdate_styled,206,2026,1110,54.8,155,7.7,761,0,0,0.0
4257.team,team,2026-08-25,NEW33_12pages_withdate_25.08,206,1962,1075,54.8,359,18.3,528,0,0,0.0
5741.team,team,2026-08-25,Generator_11page_NOimg_25.08,206,1788,979,54.8,329,18.4,480,0,0,0.0
casinoa9.buzz,buzz,2026-09-08,archive37строформленоv2часть2,206,599,328,54.8,17,2.8,254,0,0,0.0
h2vd.team,team,2026-08-18,КОНТЕНТ НЕ ЗАПИСАН,184,4780,2621,54.8,1260,26.4,899,0,0,0.0
vilx.team,team,2026-09-05,Generator_370382_styled_img,206,752,412,54.8,17,2.3,323,0,0,0.0
7663.lol,lol,2026-09-15,content-2026-09-14c-7str-oform-2_43,206,1363,746,54.7,397,29.1,220,0,0,0.0
casino42.lol,lol,2026-09-17,nabory-591-600_7,206,1695,927,54.7,603,35.6,165,0,0,0.0
f6bz.team,team,2026-08-20,КОНТЕНТ НЕ ЗАПИСАН,199,2912,1592,54.7,294,10.1,1026,0,0,0.0
1009rr.casino,casino,2026-09-11,script_yandex_12page,206,227,124,54.6,7,3.1,96,0,0,0.0
7888.team,team,2026-09-16,nabory-535-544_styled_img_8,206,1109,606,54.6,294,26.5,209,0,0,0.0
2328.team,team,2026-08-20,КОНТЕНТ НЕ ЗАПИСАН,202,1183,645,54.5,192,16.2,346,0,0,0.0
5202.team,team,2026-09-16,content-2026-09-15-7str-oform-2_46,206,1551,846,54.5,562,36.2,143,1,0,17.8
7983.team,team,2026-09-17,content-2026-09-14b-7str-oform-1_36,206,990,540,54.5,378,38.2,72,0,0,0.0
xycasino.lol,lol,2026-09-04,КОНТЕНТ НЕ ЗАПИСАН,206,1883,1027,54.5,13,0.7,843,0,0,0.0
4283.team,team,2026-09-04,Generator_B_novyy_bez_img,206,1141,621,54.4,46,4.0,474,0,0,0.0
5932.lol,lol,2026-09-08,archive37строформленоv2часть3,206,528,287,54.4,122,23.1,119,0,0,0.0
ofhy.lol,lol,2026-09-20,content-2026-09-17-7str-oform-1_44,206,1035,563,54.4,305,29.5,167,1,0,32.8
w4g.team,team,2026-08-24,ТЕСТ B Generator_11page_NOimg_24.08,206,3649,1985,54.4,819,22.4,845,0,0,0.0
0040.lol,lol,2026-09-02,nabory274283,206,2136,1160,54.3,467,21.9,509,0,0,0.0
casinohy.team,team,2026-09-16,content-2026-09-15-7str-oform-2_39,206,525,285,54.3,167,31.8,73,0,0,0.0
f4zh.team,team,2026-08-25,Generator_11page_NOimg_25.08,206,1690,917,54.3,195,11.5,578,0,0,0.0
1209hh.casino,casino,2026-09-12,script_yandex_12page,206,992,538,54.2,179,18.0,275,0,0,0.0
3774.team,team,2026-09-16,content-2026-09-15-7str-oform-2_32,206,1444,782,54.2,349,24.2,313,0,0,0.0
8347.team,team,2026-09-12,content-2026-09-12-7str-oform-1,206,987,535,54.2,207,21.0,245,0,0,0.0
axuj.buzz,buzz,2026-09-09,archive412_unique12оформлено,205,2797,1515,54.2,918,32.8,364,0,0,0.0
ccrcasino.lol,lol,2026-09-16,content-2026-09-15-7str-oform-2_15,206,1794,973,54.2,694,38.7,127,0,0,0.0
4854.lol,lol,2026-09-03,NEW50_3_12pages_withdate_styled,206,1681,910,54.1,334,19.9,437,0,0,0.0
5512.team,team,2026-09-11,script_yandex_12page,206,1197,648,54.1,129,10.8,420,1,0,77.5
1908xc.buzz,buzz,2026-08-19,КОНТЕНТ НЕ ЗАПИСАН,184,1540,832,54.0,149,9.7,559,0,0,0.0
6390.lol,lol,2026-09-14,content-2026-09-14-7str-oform-8_37,206,945,510,54.0,341,36.1,94,0,0,0.0
l4nq.team,team,2026-08-18,КОНТЕНТ НЕ ЗАПИСАН,184,1575,850,54.0,241,15.3,484,0,0,0.0
xabd.team,team,2026-08-24,ТЕСТ B Generator_11page_NOimg_24.08,206,2944,1589,54.0,695,23.6,660,1,0,14.4
6804.team,team,2026-09-16,nabory-565-580_5,206,3513,1892,53.9,1409,40.1,212,0,0,0.0
7827.lol,lol,2026-09-06,nabory411420_styled_img,206,1266,682,53.9,322,25.4,262,0,0,0.0
837f.team,team,2026-08-18,КОНТЕНТ НЕ ЗАПИСАН,184,384,207,53.9,64,16.7,113,0,0,0.0
casino4623.team,team,2026-09-05,Generator_370382_styled_img,206,996,537,53.9,12,1.2,447,0,0,0.0
casinow2.team,team,2026-09-10,КОНТЕНТ НЕ ЗАПИСАН,206,519,280,53.9,124,23.9,115,0,0,0.0
rodl.casino,casino,2026-09-01,NEW50_12pages_withdate_01.09,206,4804,2587,53.9,1430,29.8,787,0,0,0.0
1908jd.buzz,buzz,2026-08-19,КОНТЕНТ НЕ ЗАПИСАН,184,1456,783,53.8,64,4.4,609,0,0,0.0
2756.lol,lol,2026-09-18,content-2026-09-17b-7str-oform_2,150,2190,1179,53.8,940,42.9,71,1,0,10.6
2853.team,team,2026-09-03,NEW50_3_7pages_nodate_styled,206,2751,1481,53.8,599,21.8,671,1,0,16.7
0338.team,team,2026-09-12,nabory-490-494_styled_img,206,1481,795,53.7,222,15.0,464,0,0,0.0
0626.team,team,2026-09-07,clean12_unique11оформлено,206,1326,712,53.7,227,17.1,387,0,0,0.0
1209sg.casino,casino,2026-09-12,script_yandex_12page,206,378,203,53.7,15,4.0,160,0,0,0.0
3472.team,team,2026-09-16,content-2026-09-15-7str-oform-2_3,206,1445,776,53.7,548,37.9,121,0,0,0.0
9055.team,team,2026-09-05,Generator_385390_styled_img,206,812,436,53.7,22,2.7,354,0,0,0.0
sjan.lol,lol,2026-09-20,content-2026-09-17-7str-oform-1_45,206,1137,611,53.7,370,32.5,156,0,0,0.0
5364.team,team,2026-08-20,КОНТЕНТ НЕ ЗАПИСАН,204,1832,982,53.6,71,3.9,779,0,0,0.0
7410.team,team,2026-09-12,content-2026-09-12-7str-oform-2,206,978,524,53.6,163,16.7,291,0,0,0.0
rmpd.buzz,buzz,2026-09-08,archive37строформленоv2часть3,206,684,366,53.5,158,23.1,160,0,0,0.0
5148.team,team,2026-08-19,КОНТЕНТ НЕ ЗАПИСАН,198,2031,1085,53.4,388,19.1,558,0,0,0.0
lrwo.casino,casino,2026-09-01,NEW50_12pages_nodate_01.09,206,5073,2708,53.4,1453,28.6,912,0,0,0.0
r7p0.team,team,2026-08-26,КОНТРОЛЬ NEW50_5_7pages_nodate_21.08,206,2302,1230,53.4,708,30.8,364,0,0,0.0
xlod.team,team,2026-09-10,archive37строформленоv2часть1,206,974,520,53.4,164,16.8,290,0,0,0.0
1209casino.casino,casino,2026-09-12,script_yandex_12page,206,2403,1281,53.3,680,28.3,442,0,0,0.0
6524.lol,lol,2026-09-11,NEW102оформленобездаты,206,1224,652,53.3,140,11.4,432,0,0,0.0
713casino.team,team,2026-09-16,content-2026-09-15-7str-oform-2_29,206,1900,1012,53.3,669,35.2,219,0,0,0.0
d2wq.team,team,2026-08-21,КОНТЕНТ НЕ ЗАПИСАН,206,2696,1436,53.3,536,19.9,724,0,0,0.0
lmnp.lol,lol,2026-09-07,NEW20_4_7pages_withdate,206,1161,619,53.3,252,21.7,290,0,0,0.0
n2m.team,team,2026-09-17,content-2026-09-16-7str_19,206,1904,1015,53.3,820,43.1,69,0,0,0.0
7827.team,team,2026-09-06,nabory411420_styled_img,206,1127,600,53.2,144,12.8,383,0,0,0.0
b1l2.team,team,2026-09-15,content-2026-09-14b-7str-oform-2_32,206,1347,717,53.2,509,37.8,121,0,0,0.0
1209k.casino,casino,2026-09-12,script_yandex_12page,206,848,450,53.1,201,23.7,197,0,0,0.0
2894.team,team,2026-09-10,archive47_unique119оформленочасть1,206,213,113,53.1,19,8.9,81,0,0,0.0
dnfz.team,team,2026-08-28,КОНТЕНТ НЕ ЗАПИСАН,206,3922,2084,53.1,995,25.4,843,0,0,0.0
vgti.casino,casino,2026-09-01,NEW50_12pages_nodate_01.09,206,2570,1364,53.1,519,20.2,687,0,0,0.0
g5c3.lol,lol,2026-09-15,content-2026-09-14b-7str-oform-2_25,206,1744,925,53.0,556,31.9,263,0,0,0.0
j5h6.lol,lol,2026-09-09,archive47_unique119оформленочасть1,206,3173,1681,53.0,1259,39.7,233,0,0,0.0
ukfw.lol,lol,2026-09-04,nabory284293,206,758,402,53.0,19,2.5,337,0,0,0.0
4733.team,team,2026-08-24,ТЕСТ B Generator_11page_NOimg_24.08,206,2557,1352,52.9,651,25.5,554,0,0,0.0
6514.team,team,2026-08-26,NEW33_12pages_withdate+img_25.08,206,2337,1236,52.9,381,16.3,720,0,0,0.0
casinoq2.team,team,2026-09-10,КОНТЕНТ НЕ ЗАПИСАН,206,274,145,52.9,42,15.3,87,0,0,0.0
zlxcasino.lol,lol,2026-09-20,nabory-631-640_4,206,983,520,52.9,386,39.3,77,0,0,0.0
4946.team,team,2026-09-10,archive37строформленоv2часть3,206,392,207,52.8,62,15.8,123,0,0,0.0
casino0962.team,team,2026-09-06,NEW20_3_7pages_withdate_styled_img,206,815,430,52.8,289,35.5,96,0,0,0.0
casino922.lol,lol,2026-09-04,nabory274283,206,1457,770,52.8,242,16.6,445,0,0,0.0
d5r.team,team,2026-09-15,content-2026-09-14b-7str-oform-2_18,206,1617,854,52.8,504,31.2,259,0,0,0.0
r6a3.lol,lol,2026-09-15,content-2026-09-14-7str-oform-9_3,206,989,522,52.8,354,35.8,113,1,1,28.2
sclw.lol,lol,2026-09-15,content-2026-09-14c-7str-oform-2_11,206,1340,708,52.8,485,36.2,147,0,0,0.0
8508.team,team,2026-09-07,NEW20_7pages_withdate_оформлено,206,723,381,52.7,156,21.6,186,0,0,0.0
casinoni.lol,lol,2026-09-17,content-2026-09-14b-7str-oform-1_42,206,1168,616,52.7,500,42.8,52,0,0,0.0
izlx.team,team,2026-09-02,NEW50_2_12pages_withdate_02.09,206,2397,1264,52.7,465,19.4,668,0,0,0.0
kitg.lol,lol,2026-09-09,archive47_unique119оформленочасть1,206,2775,1463,52.7,903,32.5,409,0,0,0.0
mqvb.team,team,2026-08-20,КОНТЕНТ НЕ ЗАПИСАН,205,1612,849,52.7,277,17.2,486,0,0,0.0
ptcasino.buzz,buzz,2026-09-08,archive37строформленоv2часть3,206,355,187,52.7,66,18.6,102,0,0,0.0
3081.team,team,2026-09-15,content-2026-09-14b-7str-oform-2_42,206,972,511,52.6,287,29.5,174,0,0,0.0
6294.lol,lol,2026-09-06,nabory400410_styled_img,206,1132,595,52.6,136,12.0,401,0,0,0.0
8975.team,team,2026-09-11,clean7_part1_50оформлено,206,827,435,52.6,167,20.2,225,0,0,0.0
k6ms.team,team,2026-08-18,КОНТЕНТ НЕ ЗАПИСАН,184,4101,2159,52.6,916,22.3,1026,0,0,0.0
lvqv.team,team,2026-09-05,NEW21_7pages_nodate_styled_img,206,530,279,52.6,29,5.5,222,0,0,0.0
quu.casino,casino,2026-09-01,NEW50_12pages_nodate_01.09,206,4081,2145,52.6,944,23.1,992,0,0,0.0
5523.lol,lol,2026-09-11,clean7_part1_50оформлено,206,956,501,52.4,117,12.2,338,0,0,0.0
casinojr.team,team,2026-09-05,Generator_370382_styled_img,206,913,478,52.4,36,3.9,399,0,0,0.0
hlqz.team,team,2026-08-20,КОНТЕНТ НЕ ЗАПИСАН,206,2505,1312,52.4,464,18.5,729,0,0,0.0
lwcasino.lol,lol,2026-09-04,nabory294303,206,1869,980,52.4,384,20.5,505,0,0,0.0
zlxm.team,team,2026-09-15,content-2026-09-14-7str-oform-9_32,206,1299,681,52.4,440,33.9,178,0,0,0.0
0540.team,team,2026-09-02,NEW50_2_7pages_withdate,206,2156,1127,52.3,480,22.3,549,0,0,0.0
2483.team,team,2026-08-27,КОНТЕНТ НЕ ЗАПИСАН,206,1358,710,52.3,473,34.8,175,0,0,0.0
3616.lol,lol,2026-09-16,content-2026-09-15-7str-oform-2_17,206,2011,1052,52.3,869,43.2,90,0,0,0.0
85casino.team,team,2026-09-15,content-2026-09-14c-7str-oform-2_35,206,2065,1080,52.3,588,28.5,397,0,0,0.0
9480.team,team,2026-09-07,NEW20_4_7pages_withdate,206,959,502,52.3,211,22.0,246,1,1,47.4
9061.lol,lol,2026-09-02,nabory284293,206,1549,809,52.2,72,4.6,668,0,0,0.0
casinou0.team,team,2026-09-17,nabory-611-620_7,204,1128,589,52.2,473,41.9,66,0,0,0.0
casinowm.lol,lol,2026-09-11,clean7_part1_50оформлено,206,841,439,52.2,157,18.7,245,0,0,0.0
2760.team,team,2026-09-03,NEW50_3_7pages_nodate_styled,206,2199,1145,52.1,496,22.6,558,0,0,0.0
37casino.lol,lol,2026-09-16,content-2026-09-15-7str-oform-2_49,206,3419,1779,52.0,1418,41.5,222,0,0,0.0
4860.team,team,2026-09-15,content-2026-09-14-7str-oform-9_35,206,1378,717,52.0,551,40.0,110,0,0,0.0
8864casino.team,team,2026-09-06,Generator_392396_styled_img,206,776,403,51.9,59,7.6,314,0,0,0.0
8927casino.team,team,2026-09-04,Generator_354359_styled_img,206,1388,720,51.9,363,26.2,305,0,0,0.0
9722.team,team,2026-09-05,Generator_370382_styled_img,206,949,493,51.9,77,8.1,379,0,0,0.0
elzn.buzz,buzz,2026-09-09,archive412_unique12оформлено,206,1496,776,51.9,572,38.2,148,0,0,0.0
xoacasino.team,team,2026-09-04,КОНТЕНТ НЕ ЗАПИСАН,206,2147,1115,51.9,441,20.5,591,0,0,0.0
3675.lol,lol,2026-09-03,NEW50_3_7pages_withdate_styled,206,1830,948,51.8,462,25.2,420,0,0,0.0
casinoopk.team,team,2026-09-05,Generator_385390_styled_img,206,757,392,51.8,14,1.8,351,0,0,0.0
v2ld.lol,lol,2026-08-21,КОНТЕНТ НЕ ЗАПИСАН,205,3120,1617,51.8,890,28.5,613,0,0,0.0
epfy.team,team,2026-09-05,Generator_370382_styled_img,206,945,489,51.7,18,1.9,438,0,0,0.0
jbyp.team,team,2026-09-10,archive47_unique119оформленочасть1,206,443,229,51.7,115,26.0,99,0,0,0.0
0779.team,team,2026-09-10,КОНТЕНТ НЕ ЗАПИСАН,206,312,161,51.6,73,23.4,78,0,0,0.0
5847.live,live,2026-08-22,КОНТЕНТ НЕ ЗАПИСАН,206,3936,2030,51.6,1103,28.0,803,0,0,0.0
7027.team,team,2026-09-02,nabory274283,206,2863,1476,51.6,665,23.2,722,0,0,0.0
casinogsl.lol,lol,2026-09-14,content-2026-09-14-12str-oform_6,206,1400,723,51.6,470,33.6,207,0,0,0.0
casinonw.team,team,2026-09-17,content-2026-09-14b-7str-oform-2_11,206,1408,726,51.6,633,45.0,49,0,0,0.0
f4w.team,team,2026-09-03,КОНТЕНТ НЕ ЗАПИСАН,206,1293,667,51.6,215,16.6,411,0,0,0.0
4151.lol,lol,2026-09-03,NEW50_3_12pages_nodate_styled,206,2216,1142,51.5,487,22.0,587,0,0,0.0
9699.team,team,2026-09-05,Generator_370382_styled_img,206,808,416,51.5,38,4.7,354,0,0,0.0
j2t.team,team,2026-08-27,КОНТЕНТ НЕ ЗАПИСАН,206,1457,751,51.5,379,26.0,327,0,0,0.0
4839.team,team,2026-08-20,КОНТЕНТ НЕ ЗАПИСАН,202,1949,1001,51.4,220,11.3,728,0,0,0.0
9456.lol,lol,2026-09-14,content-2026-09-14-12str-oform_3,206,1637,842,51.4,502,30.7,293,0,0,0.0
dpcasino.lol,lol,2026-09-04,nabory284293,206,1448,744,51.4,50,3.5,654,0,0,0.0
jwjcasino.team,team,2026-09-07,NEW20_4_7pages_withdate,206,1140,586,51.4,305,26.8,249,0,0,0.0
casinosw.team,team,2026-09-17,content-2026-09-15-7str-oform-1_40,206,1821,934,51.3,768,42.2,119,0,0,0.0
dckd.casino,casino,2026-09-11,NEW102оформленобездаты,206,1285,659,51.3,241,18.8,385,0,0,0.0
k7ln.team,team,2026-08-20,КОНТЕНТ НЕ ЗАПИСАН,204,2107,1080,51.3,588,27.9,439,0,0,0.0
trqm.casino,casino,2026-08-21,КОНТЕНТ НЕ ЗАПИСАН,206,2814,1443,51.3,759,27.0,612,0,0,0.0
u0s.team,team,2026-09-02,nabory294303,206,2857,1465,51.3,566,19.8,826,0,0,0.0
xwbw.team,team,2026-09-12,content-2026-09-12-7str-oform-2,206,971,498,51.3,236,24.3,237,0,0,0.0
0728.lol,lol,2026-09-02,nabory284293,206,1760,901,51.2,289,16.4,570,0,0,0.0
hlwm.team,team,2026-08-19,КОНТЕНТ НЕ ЗАПИСАН,185,3457,1770,51.2,781,22.6,906,0,0,0.0
3294casino.team,team,2026-09-15,content-2026-09-14b-7str-oform-2_22,206,908,464,51.1,305,33.6,139,0,0,0.0
c2u3.lol,lol,2026-09-04,КОНТЕНТ НЕ ЗАПИСАН,206,1506,769,51.1,344,22.8,393,0,0,0.0
casinok9.team,team,2026-09-18,content-2026-09-17-7str-oform-2_27,150,835,427,51.1,348,41.7,60,0,0,0.0
0697.team,team,2026-09-06,nabory400410_styled_img,206,836,426,51.0,79,9.4,331,0,0,0.0
5831.lol,lol,2026-09-13,content-2026-09-12-7str-oform-3,206,886,452,51.0,300,33.9,134,0,0,0.0
0558.lol,lol,2026-09-15,content-2026-09-14c-7str-oform-1_45,206,2220,1130,50.9,765,34.5,325,1,0,13.1
u4f5.team,team,2026-09-05,degtyarnya,206,693,353,50.9,41,5.9,299,0,0,0.0
0784.team,team,2026-09-12,content-2026-09-12-7str-oform-1,206,500,254,50.8,43,8.6,203,0,0,0.0
1908po.buzz,buzz,2026-08-19,КОНТЕНТ НЕ ЗАПИСАН,184,2305,1171,50.8,437,19.0,697,0,0,0.0
2214.team,team,2026-08-21,КОНТЕНТ НЕ ЗАПИСАН,206,3302,1676,50.8,748,22.7,878,1,0,13.4
casinojj.team,team,2026-09-10,archive47_unique119оформленочасть1,206,187,95,50.8,39,20.9,53,0,0,0.0
z6z.lol,lol,2026-09-04,nabory274283,206,1578,802,50.8,98,6.2,678,0,0,0.0
0409gg.casino,casino,2026-09-04,NEW20_12pages_withdate_styled_img,206,1316,667,50.7,134,10.2,515,0,0,0.0
4809.team,team,2026-09-06,struktura8x7,206,586,297,50.7,211,36.0,78,0,0,0.0
9316.buzz,buzz,2026-09-08,nabory447451_styled_img,206,820,416,50.7,125,15.2,279,0,0,0.0
p3y3.team,team,2026-09-04,NEW20_7pages_nodate_styled_img,206,1788,906,50.7,277,15.5,605,0,0,0.0
5600.team,team,2026-09-11,nabory484486_styled_img,206,1359,688,50.6,248,18.2,423,0,0,0.0
c5tw.team,team,2026-08-19,КОНТЕНТ НЕ ЗАПИСАН,198,2209,1118,50.6,474,21.5,617,1,0,21.1
casino29.team,team,2026-09-10,archive47_unique119оформленочасть1,206,245,124,50.6,59,24.1,62,0,0,0.0
cqrw.rest,rest,2026-08-20,КОНТЕНТ НЕ ЗАПИСАН,199,3468,1756,50.6,688,19.8,1024,0,0,0.0
8510.team,team,2026-09-15,content-2026-09-14c-7str-oform-1_20,206,1207,610,50.5,455,37.7,142,0,0,0.0
casino1109g.casino,casino,2026-09-11,script_yandex_12page,206,560,283,50.5,89,15.9,188,0,0,0.0
casino5450.buzz,buzz,2026-09-08,archive37строформленоv2часть2,206,762,385,50.5,243,31.9,134,0,0,0.0
hkcasino.lol,lol,2026-09-05,trikomplektaB,206,794,401,50.5,132,16.6,261,0,0,0.0
164casino.team,team,2026-09-11,script_yandex_12page,206,1819,917,50.4,392,21.6,510,0,0,0.0
21casino.team,team,2026-09-12,content-2026-09-12-7str-oform-2,206,1151,580,50.4,316,27.5,255,0,0,0.0
4355.team,team,2026-09-04,Generator_A_staryy_stil,206,1273,642,50.4,34,2.7,597,0,0,0.0
5962.lol,lol,2026-09-11,NEW102оформленобездаты,206,1252,631,50.4,288,23.0,333,0,0,0.0
casino8600.lol,lol,2026-09-20,nabory-651-660_4,206,631,318,50.4,258,40.9,55,0,0,0.0
i6w9.casino,casino,2026-09-11,NEW102оформленобездаты,206,946,477,50.4,167,17.7,302,0,0,0.0
rkw.lol,lol,2026-09-19,content-2026-09-17b-7str-oform_28,206,1077,543,50.4,453,42.1,81,0,0,0.0
0778.team,team,2026-09-04,NEW20_12pages_withdate_styled_img,206,2059,1035,50.3,547,26.6,477,0,0,0.0
0964.lol,lol,2026-09-15,content-2026-09-14c-7str-oform-2_36,206,1245,626,50.3,502,40.3,117,0,0,0.0
7966.lol,lol,2026-09-16,content-2026-09-15-7str-oform-2_16,206,2148,1081,50.3,930,43.3,137,0,0,0.0
rvcn.team,team,2026-08-20,КОНТЕНТ НЕ ЗАПИСАН,203,1749,880,50.3,170,9.7,699,0,0,0.0
casino0409s.casino,casino,2026-09-04,NEW20_12pages_nodate_styled_img,206,2098,1054,50.2,557,26.5,487,0,0,0.0
z2u7.lol,lol,2026-09-03,NEW50_3_7pages_withdate_styled,206,1998,1003,50.2,506,25.3,489,0,0,0.0
1794.team,team,2026-08-18,КОНТЕНТ НЕ ЗАПИСАН,184,3232,1619,50.1,842,26.1,771,1,0,11.9
261casino.lol,lol,2026-09-07,NEW20_7pages_withdate_оформлено,206,913,457,50.1,165,18.1,291,1,0,60.6
7415.lol,lol,2026-09-08,archive37строформленоv2часть1,206,555,278,50.1,172,31.0,105,0,0,0.0
casinohjk.lol,lol,2026-09-07,NEW20_12pages_withdate_оформлено,206,1010,506,50.1,349,34.6,155,0,0,0.0
0509ss.casino,casino,2026-09-06,NEW20_3_12pages_nodate_styled_img,206,1675,837,50.0,533,31.8,305,0,0,0.0
casinopo.team,team,2026-09-10,archive47_unique119оформленочасть2,206,324,162,50.0,69,21.3,93,0,0,0.0
0574.team,team,2026-09-12,content-2026-09-12-7str-oform-1,206,721,360,49.9,144,20.0,217,0,0,0.0
casinoq6.team,team,2026-09-10,archive47_unique119оформленочасть2,206,379,189,49.9,91,24.0,99,0,0,0.0
2233.team,team,2026-09-14,nabory-515-524_styled_img_1,206,848,422,49.8,128,15.1,298,0,0,0.0
casinoopk.lol,lol,2026-09-04,nabory284293,206,1330,663,49.8,54,4.1,613,0,0,0.0
emnc.lol,lol,2026-09-04,nabory294303,206,1543,768,49.8,235,15.2,540,0,0,0.0
t8s4.lol,lol,2026-09-12,content-2026-09-12-7str-oform-2,206,1503,748,49.8,248,16.5,507,1,0,40.3
3663.team,team,2026-09-16,nabory-555-564_styled_img_4,206,1471,731,49.7,573,39.0,167,0,0,0.0
8359.team,team,2026-08-25,КОНТРОЛЬ NEW50_5_7pages_nodate_21.08,206,764,380,49.7,217,28.4,167,0,0,0.0
o0n4.lol,lol,2026-09-12,content-2026-09-12-7str-oform-1,206,588,292,49.7,161,27.4,135,0,0,0.0
4100.team,team,2026-09-11,clean7_part1_50оформлено,206,1019,505,49.6,352,34.5,162,0,0,0.0
6996.team,team,2026-09-14,nabory-515-524_styled_img_9,206,1223,606,49.6,482,39.4,135,0,0,0.0
qdcasino.team,team,2026-09-04,NEW20_7pages_nodate_styled_img,206,1032,512,49.6,307,29.7,213,0,0,0.0
4671.team,team,2026-08-20,КОНТЕНТ НЕ ЗАПИСАН,199,3237,1602,49.5,754,23.3,881,0,0,0.0
casino876.team,team,2026-09-04,КОНТЕНТ НЕ ЗАПИСАН,206,1536,760,49.5,94,6.1,682,0,0,0.0
c2u3.team,team,2026-09-02,NEW50_2_12pages_withdate_02.09,206,2062,1019,49.4,377,18.3,666,0,0,0.0
c7vd.team,team,2026-08-31,Generator_11page_test_1…_9 (dorgen com,206,5186,2560,49.4,1638,31.6,988,0,0,0.0
casino0962.lol,lol,2026-09-04,КОНТЕНТ НЕ ЗАПИСАН,206,577,285,49.4,27,4.7,265,0,0,0.0
nrwg.team,team,2026-08-20,КОНТЕНТ НЕ ЗАПИСАН,205,2301,1136,49.4,565,24.6,600,0,0,0.0
4781.team,team,2026-09-13,nabory-495-499_styled_img,206,686,338,49.3,228,33.2,120,0,0,0.0
casinoaun.lol,lol,2026-09-16,nabory-555-564_styled_img_1,206,2467,1217,49.3,1086,44.0,164,0,0,0.0
dlnb.team,team,2026-08-19,КОНТЕНТ НЕ ЗАПИСАН,198,3331,1639,49.2,923,27.7,769,0,0,0.0
gbf5.team,team,2026-08-18,КОНТЕНТ НЕ ЗАПИСАН,184,537,264,49.2,53,9.9,220,0,0,0.0
casinojdj.lol,lol,2026-09-10,archive37строформленоv2часть1,206,1121,550,49.1,363,32.4,208,0,0,0.0
xxlx.buzz,buzz,2026-09-08,archive37строформленоv2часть2,206,523,257,49.1,57,10.9,209,0,0,0.0
2108ee.buzz,buzz,2026-08-21,КОНТЕНТ НЕ ЗАПИСАН,206,1091,535,49.0,298,27.3,258,0,0,0.0
2385.lol,lol,2026-09-18,content-2026-09-17-7str-oform-2_38,150,1472,721,49.0,660,44.8,91,1,0,15.2
dkwq.team,team,2026-09-15,content-2026-09-14c-7str-oform-2_26,206,980,480,49.0,391,39.9,109,0,0,0.0
g4pb.team,team,2026-08-18,КОНТЕНТ НЕ ЗАПИСАН,184,3607,1768,49.0,986,27.3,853,0,0,0.0
jqcasino.team,team,2026-09-15,content-2026-09-14-7str-oform-9_30,206,1293,634,49.0,539,41.7,120,0,0,0.0
zyok.team,team,2026-09-04,NEW20_7pages_nodate_styled_img,206,2026,991,48.9,535,26.4,500,0,0,0.0
1936.team,team,2026-09-06,bortnichiydvor1,206,1122,548,48.8,404,36.0,170,0,0,0.0
4069casino.lol,lol,2026-09-20,content-2026-09-17-7str-oform-1_36,206,936,457,48.8,399,42.6,80,0,0,0.0
4110.team,team,2026-09-15,content-2026-09-14c-7str-oform-2_40,206,1388,677,48.8,433,31.2,278,0,0,0.0
4149.lol,lol,2026-09-08,archive37строформленоv2часть2,206,1450,708,48.8,491,33.9,251,0,0,0.0
9765.team,team,2026-09-13,content-2026-09-12-7str-oform-3,206,646,315,48.8,267,41.3,64,0,0,0.0
cokd4.team,team,2026-08-17,КОНТЕНТ НЕ ЗАПИСАН,174,3627,1771,48.8,983,27.1,873,1,1,10.2
knvr7.sbs,sbs,2026-08-20,КОНТЕНТ НЕ ЗАПИСАН,199,2819,1376,48.8,766,27.2,677,0,0,0.0
kura.team,team,2026-09-11,nabory484486_styled_img,206,1057,516,48.8,162,15.3,379,0,0,0.0
q7k.team,team,2026-08-26,NEW33_12pages_withdate+img_25.08,206,2246,1097,48.8,716,31.9,433,0,0,0.0
uphv.team,team,2026-09-06,troykaC,206,945,461,48.8,233,24.7,251,0,0,0.0
l5n.team,team,2026-09-01,NEW50_12pages_withdate_01.09,206,4404,2144,48.7,1161,26.4,1099,1,0,8.6
vbtw.team,team,2026-09-20,content-2026-09-17-7str-oform-2_48,206,1383,673,48.7,567,41.0,143,0,0,0.0
3743.lol,lol,2026-09-08,archive37строформленоv2часть1,206,1023,497,48.6,419,41.0,107,0,0,0.0
casino8189.lol,lol,2026-09-11,clean7_part1_50оформлено,206,615,299,48.6,194,31.5,122,0,0,0.0
casinoanb.buzz,buzz,2026-09-08,archive37строформленоv2часть3,206,247,120,48.6,82,33.2,45,1,0,122.0
6691.lol,lol,2026-09-17,content-2026-09-15-7str-oform-1_2,206,1379,669,48.5,643,46.6,67,0,0,0.0
ngxo.team,team,2026-09-15,content-2026-09-14c-7str-oform-2_18,206,1842,894,48.5,691,37.5,257,0,0,0.0
538casino.team,team,2026-09-17,content-2026-09-16-7str_11,206,2328,1126,48.4,1140,49.0,62,0,0,0.0
8428.team,team,2026-08-26,NEW17_NOimg_withdate_26.08,206,1394,674,48.4,307,22.0,413,0,0,0.0
9012.team,team,2026-09-02,NEW50_7pages_nodate_01.09,206,1605,777,48.4,531,33.1,297,0,0,0.0
94casino.lol,lol,2026-09-10,archive37строформленоv2часть3,206,696,337,48.4,138,19.8,221,0,0,0.0
kvbcasino.lol,lol,2026-09-07,NEW20_12pages_nodate_оформлено,206,1354,655,48.4,415,30.6,284,0,0,0.0
7516casino.team,team,2026-09-15,content-2026-09-14c-7str-oform-1_7,206,1500,725,48.3,620,41.3,155,0,0,0.0
gngv.lol,lol,2026-09-11,archive37строформленоv2часть1,206,1349,651,48.3,310,23.0,388,0,0,0.0
qbkn.team,team,2026-09-04,КОНТЕНТ НЕ ЗАПИСАН,206,1309,632,48.3,378,28.9,299,1,0,26.5
casinoqr.team,team,2026-09-15,content-2026-09-14-7str-oform-9_38,206,1244,600,48.2,581,46.7,63,0,0,0.0
qpcasino.lol,lol,2026-09-16,content-2026-09-15-7str-oform-2_31,206,1961,945,48.2,737,37.6,279,0,0,0.0
r4p4.team,team,2026-09-11,КОНТЕНТ НЕ ЗАПИСАН,206,1583,763,48.2,294,18.6,526,0,0,0.0
2304.team,team,2026-08-27,КОНТЕНТ НЕ ЗАПИСАН,206,1831,880,48.1,670,36.6,281,0,0,0.0
3284.lol,lol,2026-09-05,Generator_385390_styled_img,206,1270,611,48.1,232,18.3,427,0,0,0.0
3855.lol,lol,2026-09-08,archive37строформленоv2часть2,206,1529,736,48.1,476,31.1,317,0,0,0.0
6965.team,team,2026-09-15,content-2026-09-14b-7str-oform-2_35,206,858,413,48.1,372,43.4,73,0,0,0.0
casino61.lol,lol,2026-09-08,archive37строформленоv2часть2,206,943,454,48.1,339,35.9,150,0,0,0.0
knsd.team,team,2026-08-20,КОНТЕНТ НЕ ЗАПИСАН,205,1677,807,48.1,477,28.4,393,0,0,0.0
3242.team,team,2026-09-02,NEW50_2_7pages_withdate,206,1897,910,48.0,611,32.2,376,3,1,49.1
4693.team,team,2026-09-05,nabor391,206,974,468,48.0,38,3.9,468,0,0,0.0
khev.lol,lol,2026-09-12,content-2026-09-12-7str-oform-2,206,896,430,48.0,278,31.0,188,0,0,0.0
25casino.lol,lol,2026-09-15,content-2026-09-14c-7str-oform-2_7,206,2239,1073,47.9,904,40.4,262,1,0,11.1
684casino.lol,lol,2026-09-16,nabory-545-554_styled_img_1,206,1265,606,47.9,396,31.3,263,0,0,0.0
bacasino.lol,lol,2026-09-07,NEW20_12pages_nodate_оформлено,206,1617,775,47.9,444,27.5,398,0,0,0.0
casino8509.lol,lol,2026-09-07,NEW20_12pages_nodate_оформлено,206,956,458,47.9,242,25.3,256,0,0,0.0
d6t5.team,team,2026-09-10,nabory470472_styled_img,206,1051,503,47.9,145,13.8,403,1,0,69.0
7415.buzz,buzz,2026-09-08,archive37строформленоv2часть2,206,657,314,47.8,265,40.3,78,0,0,0.0
3087.team,team,2026-09-17,nabory-601-610_2,206,1965,937,47.7,863,43.9,165,1,1,11.6
7612.lol,lol,2026-09-03,NEW50_3_12pages_nodate_styled,206,2624,1252,47.7,873,33.3,499,0,0,0.0
8083.team,team,2026-09-15,content-2026-09-14-7str-oform-1_21,206,1074,512,47.7,518,48.2,44,1,0,19.3
o5h7.lol,lol,2026-09-03,NEW50_3_7pages_nodate_styled,206,1484,708,47.7,508,34.2,268,0,0,0.0
u5k4.team,team,2026-09-12,content-2026-09-12-7str-oform-1,206,1111,530,47.7,68,6.1,513,0,0,0.0
0831.lol,lol,2026-09-11,clean7_part1_50оформлено,206,874,416,47.6,300,34.3,158,0,0,0.0
2991.lol,lol,2026-09-18,content-2026-09-17b-7str-oform_33,150,767,365,47.6,309,40.3,93,0,0,0.0
casinodxp.team,team,2026-09-06,struktura8x7,206,1553,739,47.6,351,22.6,463,0,0,0.0
k9ml.team,team,2026-08-21,КОНТЕНТ НЕ ЗАПИСАН,206,2602,1239,47.6,572,22.0,791,0,0,0.0
ybcc.lol,lol,2026-09-11,clean7_part1_50оформлено,206,1442,686,47.6,449,31.1,307,0,0,0.0
0717.team,team,2026-09-16,content-2026-09-15-7str-oform-1_39,206,2754,1309,47.5,1257,45.6,188,0,0,0.0
7227.team,team,2026-08-25,КОНТЕНТ НЕ ЗАПИСАН,206,1769,840,47.5,433,24.5,496,0,0,0.0
ubgh.lol,lol,2026-09-04,nabory294303,206,2324,1103,47.5,199,8.6,1022,0,0,0.0
2163.lol,lol,2026-09-13,content-2026-09-12-7str-oform-3,206,1079,511,47.4,396,36.7,172,0,0,0.0
411casino.lol,lol,2026-09-06,nabory411420_styled_img,206,1318,625,47.4,430,32.6,263,1,1,23.3
5656.team,team,2026-09-21,content-2026-09-14b-7str-oform-1_19,150,1120,531,47.4,530,47.3,59,1,0,18.9
6012.lol,lol,2026-09-03,NEW50_3_12pages_nodate_styled,206,2098,995,47.4,518,24.7,585,0,0,0.0
6725.team,team,2026-09-04,Generator_A_staryy_stil,206,843,400,47.4,101,12.0,342,0,0,0.0
4085.team,team,2026-08-20,КОНТЕНТ НЕ ЗАПИСАН,199,3719,1760,47.3,1003,27.0,956,1,0,10.0
casinofg.team,team,2026-09-17,content-2026-09-14b-7str-oform-1_31,206,862,408,47.3,406,47.1,48,0,0,0.0
casinor4.lol,lol,2026-09-14,content-2026-09-14-12str-oform_2,206,1333,631,47.3,535,40.1,167,0,0,0.0
cpcasino.lol,lol,2026-09-15,content-2026-09-14-7str-oform-8_28,206,1432,677,47.3,618,43.2,137,0,0,0.0
fks.lol,lol,2026-09-06,nabory421425_styled_img,206,1286,608,47.3,305,23.7,373,1,0,32.8
h3ns.team,team,2026-08-19,КОНТЕНТ НЕ ЗАПИСАН,198,3427,1619,47.2,1070,31.2,738,0,0,0.0
jqtz.team,team,2026-08-22,КОНТЕНТ НЕ ЗАПИСАН,206,5226,2462,47.1,1369,26.2,1395,1,0,7.3
baiu.casino,casino,2026-09-01,NEW50_12pages_nodate_01.09,206,5627,2645,47.0,2011,35.7,971,0,0,0.0
casinojih.lol,lol,2026-09-12,content-2026-09-12-7str-oform-2,206,1280,600,46.9,429,33.5,251,0,0,0.0
jmrc.team,team,2026-08-20,КОНТЕНТ НЕ ЗАПИСАН,205,2048,961,46.9,591,28.9,496,0,0,0.0
oxbh.team,team,2026-09-10,archive47_unique119оформленочасть2,206,369,173,46.9,47,12.7,149,0,0,0.0
casinoq4.lol,lol,2026-09-10,archive37строформленоv2часть3,206,780,365,46.8,227,29.1,188,0,0,0.0
f6zn.team,team,2026-08-24,КОНТЕНТ НЕ ЗАПИСАН,206,3617,1692,46.8,1307,36.1,618,0,0,0.0
g3p0.lol,lol,2026-09-12,content-2026-09-12-7str-oform-2,206,773,362,46.8,224,29.0,187,0,0,0.0
pqcl.team,team,2026-08-19,КОНТЕНТ НЕ ЗАПИСАН,184,5940,2777,46.8,1941,32.7,1222,0,0,0.0
ryqcasino.buzz,buzz,2026-09-08,archive37строформленоv2часть3,206,378,177,46.8,127,33.6,74,0,0,0.0
casino1430.lol,lol,2026-09-04,КОНТЕНТ НЕ ЗАПИСАН,206,1488,693,46.6,307,20.6,488,0,0,0.0
z1n9.team,team,2026-09-11,nabory484486_styled_img,206,1361,634,46.6,176,12.9,551,0,0,0.0
4967.team,team,2026-09-03,NEW50_7pages_withdate_01.09,206,1216,566,46.5,274,22.5,376,0,0,0.0
7925.lol,lol,2026-09-03,NEW50_3_12pages_nodate_styled,206,2173,1009,46.4,521,24.0,643,0,0,0.0
dtu.lol,lol,2026-09-20,content-2026-09-17-7str-oform-1_19,206,851,395,46.4,349,41.0,107,0,0,0.0
casino01.team,team,2026-09-04,КОНТЕНТ НЕ ЗАПИСАН,206,1814,840,46.3,133,7.3,841,0,0,0.0
nffn.team,team,2026-09-15,content-2026-09-14b-7str-oform-2_44,206,1590,736,46.3,762,47.9,92,0,0,0.0
yxuk.team,team,2026-09-12,content-2026-09-12-7str-oform-1,206,1192,552,46.3,427,35.8,213,0,0,0.0
9274.team,team,2026-09-04,trikomplekta,206,1009,466,46.2,249,24.7,294,0,0,0.0
casino4244.buzz,buzz,2026-09-08,archive37строформленоv2часть2,206,532,246,46.2,187,35.2,99,1,1,53.5
fjuw.lol,lol,2026-09-15,content-2026-09-14-7str-oform-9_2,206,871,402,46.2,266,30.5,203,0,0,0.0
pbfj.team,team,2026-09-02,NEW50_7pages_withdate_01.09,206,1837,849,46.2,653,35.5,335,0,0,0.0
qdcasino.lol,lol,2026-09-05,NEW21_7pages_nodate_styled_img_2,206,827,382,46.2,94,11.4,351,0,0,0.0
4611.team,team,2026-08-26,NEW33_12pages_withdate+img_25.08,206,2465,1136,46.1,786,31.9,543,0,0,0.0
7283.lol,lol,2026-09-10,archive37строформленоv2часть3,206,644,297,46.1,172,26.7,175,0,0,0.0
xoacasino.lol,lol,2026-09-04,nabory284293,206,1992,918,46.1,557,28.0,517,0,0,0.0
2514.team,team,2026-09-16,nabory-555-564_styled_img_8,206,1340,617,46.0,589,44.0,134,0,0,0.0
casinodp.team,team,2026-09-11,NEW102оформленобездаты,206,882,406,46.0,235,26.6,241,0,0,0.0
tzfl.team,team,2026-08-20,КОНТЕНТ НЕ ЗАПИСАН,189,2097,964,46.0,717,34.2,416,1,0,13.9
939casino.team,team,2026-09-07,NEW20_4_12pages_nodate,206,1290,592,45.9,374,29.0,324,1,1,26.7
casino2049.lol,lol,2026-09-11,NEW102оформленобездаты,206,934,429,45.9,202,21.6,303,0,0,0.0
m2wf.team,team,2026-08-19,КОНТЕНТ НЕ ЗАПИСАН,184,5018,2305,45.9,1797,35.8,916,0,0,0.0
9866.team,team,2026-09-05,shponnayarezka1,206,754,345,45.8,88,11.7,321,0,0,0.0
h7nd.team,team,2026-08-27,КОНТЕНТ НЕ ЗАПИСАН,206,2110,967,45.8,259,12.3,884,0,0,0.0
0783.lol,lol,2026-09-14,content-2026-09-14-12str-oform_1,206,2224,1017,45.7,1065,47.9,142,0,0,0.0
1938.team,team,2026-09-11,nabory481483_styled_img_dark,206,1403,641,45.7,245,17.5,517,0,0,0.0
4202.team,team,2026-09-02,nabory294303,206,2624,1199,45.7,685,26.1,740,0,0,0.0
5153.lol,lol,2026-09-07,NEW20_4_12pages_withdate,206,2101,961,45.7,630,30.0,510,0,0,0.0
3211.team,team,2026-09-06,NEW20_3_7pages_nodate_styled_img,206,753,343,45.6,263,34.9,147,0,0,0.0
c4e8.team,team,2026-09-10,archive47_unique119оформленочасть1,206,452,206,45.6,123,27.2,123,0,0,0.0
casinowuf.team,team,2026-09-07,NEW20_4_7pages_nodate,206,578,263,45.5,179,31.0,136,0,0,0.0
j4l8.team,team,2026-09-11,clean7_part1_50оформлено,206,1523,693,45.5,347,22.8,483,0,0,0.0
c5vt.team,team,2026-08-27,КОНТЕНТ НЕ ЗАПИСАН,206,3357,1525,45.4,1350,40.2,482,1,1,7.4
casinorca.team,team,2026-09-17,content-2026-09-14b-7str-oform-1_43,206,1722,781,45.4,907,52.7,34,0,0,0.0
watc.team,team,2026-09-12,content-2026-09-12-7str-oform-1,206,555,252,45.4,101,18.2,202,0,0,0.0
4832.lol,lol,2026-09-06,NEW20_3_12pages_withdate_styled_img,206,1639,742,45.3,431,26.3,466,0,0,0.0
4212.team,team,2026-09-13,content-2026-09-12-7str-oform-3,206,564,255,45.2,256,45.4,53,0,0,0.0
casinod1.lol,lol,2026-09-11,NEW102оформленобездаты,206,1340,606,45.2,452,33.7,282,0,0,0.0
3247.team,team,2026-08-19,КОНТЕНТ НЕ ЗАПИСАН,184,4955,2234,45.1,1946,39.3,775,0,0,0.0
n5z.team,team,2026-08-26,NEW33_12pages_withdate+img_25.08,206,3449,1554,45.1,1565,45.4,330,0,0,0.0
0417.team,team,2026-09-12,content-2026-09-12-7str-oform-1,206,1180,531,45.0,375,31.8,274,0,0,0.0
2831.team,team,2026-08-22,КОНТЕНТ НЕ ЗАПИСАН,206,4534,2039,45.0,1328,29.3,1167,1,0,7.5
678casino.team,team,2026-09-15,content-2026-09-14b-7str-oform-2_19,206,1628,733,45.0,706,43.4,189,0,0,0.0
7190.team,team,2026-09-05,trikomplektaB,206,644,290,45.0,137,21.3,217,0,0,0.0
slkz.team,team,2026-09-11,clean7_part1_50оформлено,206,1310,589,45.0,379,28.9,342,0,0,0.0
1750.team,team,2026-08-24,ТЕСТ B Generator_11page_NOimg_24.08,206,3008,1351,44.9,854,28.4,803,0,0,0.0
2801.lol,lol,2026-09-03,NEW50_3_7pages_withdate_styled,206,1582,710,44.9,422,26.7,450,0,0,0.0
6473.team,team,2026-08-20,КОНТЕНТ НЕ ЗАПИСАН,204,1984,890,44.9,840,42.3,254,0,0,0.0
n9t.team,team,2026-09-12,content-2026-09-12-7str-oform-1,206,935,420,44.9,269,28.8,246,0,0,0.0
tvuy.team,team,2026-09-02,NEW50_2_12pages_nodate_02.09,206,2410,1081,44.9,667,27.7,662,1,0,15.0
1209dd.casino,casino,2026-09-12,content-2026-09-12-7str-oform-1,206,631,283,44.8,217,34.4,131,0,0,0.0
3375.team,team,2026-09-03,КОНТЕНТ НЕ ЗАПИСАН,206,2413,1082,44.8,431,17.9,900,0,0,0.0
jgcasino.team,team,2026-09-11,archive37строформленоv2часть1,206,1029,461,44.8,386,37.5,182,1,1,25.9
5046.team,team,2026-09-12,content-2026-09-12-7str-oform-2,206,483,216,44.7,91,18.8,176,0,0,0.0
casino00.team,team,2026-09-15,content-2026-09-14-7str-oform-1_19,206,1130,505,44.7,442,39.1,183,0,0,0.0
nnn7.team,team,2026-08-18,КОНТЕНТ НЕ ЗАПИСАН,184,414,185,44.7,119,28.7,110,0,0,0.0
1908by.buzz,buzz,2026-08-19,КОНТЕНТ НЕ ЗАПИСАН,185,1589,709,44.6,217,13.7,663,0,0,0.0
1244.lol,lol,2026-09-20,content-2026-09-17-7str-oform-1_27,206,1581,703,44.5,761,48.1,117,0,0,0.0
1530.team,team,2026-09-15,content-2026-09-14-7str-oform-9_39,206,2818,1254,44.5,1442,51.2,122,3,0,20.8
4313.team,team,2026-09-07,Выдача_06.09_12стр,206,1856,825,44.5,638,34.4,393,0,0,0.0
7662.team,team,2026-09-03,NEW50_3_12pages_withdate_styled,206,2809,1250,44.5,206,7.3,1353,0,0,0.0
hsrk.lol,lol,2026-09-16,content-2026-09-14c-7str-oform-1_27,206,1087,484,44.5,491,45.2,112,0,0,0.0
3260.lol,lol,2026-09-20,content-2026-09-17-7str-oform-1_20,206,1037,460,44.4,457,44.1,120,0,0,0.0
kjrcasino.team,team,2026-09-15,content-2026-09-14-7str-oform-9_27,206,1272,565,44.4,659,51.8,48,0,0,0.0
1209ss.casino,casino,2026-09-12,content-2026-09-12-7str-oform-1,206,786,348,44.3,272,34.6,166,0,0,0.0
4811.team,team,2026-08-25,Generator_11page_img_25.08,206,2474,1096,44.3,865,35.0,513,0,0,0.0
5803.team,team,2026-08-24,КОНТЕНТ НЕ ЗАПИСАН,206,3588,1589,44.3,1366,38.1,633,0,0,0.0
casinoj1.lol,lol,2026-09-04,КОНТЕНТ НЕ ЗАПИСАН,206,1674,741,44.3,372,22.2,561,0,0,0.0
jbrh.casino,casino,2026-09-09,archive47_unique119оформленочасть2,206,2446,1084,44.3,1076,44.0,286,1,0,9.3
2749.team,team,2026-09-21,content-2026-09-17-7str-oform-1_1,150,1545,683,44.2,794,51.4,68,0,0,0.0
casino9923.team,team,2026-09-16,content-2026-09-14c-7str-oform-1_30,206,1327,585,44.1,690,52.0,52,0,0,0.0
casinodqt.lol,lol,2026-09-16,content-2026-09-14c-7str-oform-1_12,206,1446,638,44.1,715,49.4,93,0,0,0.0
d1c3.team,team,2026-09-11,clean7_part1_50оформлено,206,1248,550,44.1,284,22.8,414,0,0,0.0
diii.team,team,2026-09-15,content-2026-09-14b-7str-oform-2_30,206,1753,773,44.1,852,48.6,128,0,0,0.0
1236.team,team,2026-08-20,КОНТЕНТ НЕ ЗАПИСАН,199,5463,2402,44.0,1942,35.5,1119,1,0,5.1
amtx.team,team,2026-08-26,КОНТРОЛЬ NEW50_5_7pages_nodate_21.08,206,4041,1780,44.0,1924,47.6,337,0,0,0.0
k5cr.team,team,2026-08-19,КОНТЕНТ НЕ ЗАПИСАН,198,3749,1649,44.0,1105,29.5,995,0,0,0.0
oaza.lol,lol,2026-09-20,content-2026-09-17-12str-oform_1,206,1275,561,44.0,524,41.1,190,0,0,0.0
1514.lol,lol,2026-09-08,nabory447451_styled_img,206,841,369,43.9,109,13.0,363,0,0,0.0
7079.team,team,2026-09-03,NEW50_3_12pages_withdate_styled,206,2841,1247,43.9,843,29.7,751,2,1,23.7
bvve.team,team,2026-09-05,Generator_385390_styled_img,206,1059,465,43.9,34,3.2,560,0,0,0.0
p4q8.lol,lol,2026-09-16,content-2026-09-14c-7str-oform-1_28,206,1258,552,43.9,558,44.4,148,1,0,17.9
0302.team,team,2026-08-27,КОНТЕНТ НЕ ЗАПИСАН,206,2520,1103,43.8,1078,42.8,339,0,0,0.0
4729.team,team,2026-09-02,NEW50_2_12pages_withdate_02.09,206,2735,1198,43.8,878,32.1,659,0,0,0.0
h2x.online,online,2026-08-21,КОНТЕНТ НЕ ЗАПИСАН,206,4696,2058,43.8,1543,32.9,1095,0,0,0.0
casino705.lol,lol,2026-09-16,nabory-545-554_styled_img_5,206,1009,441,43.7,361,35.8,207,0,0,0.0
daoi.lol,lol,2026-09-16,nabory-535-544_styled_img_10,206,1090,476,43.7,430,39.4,184,0,0,0.0
kzgq.team,team,2026-09-03,NEW50_12pages_withdate_01.09,206,1954,854,43.7,495,25.3,605,0,0,0.0
wssi.team,team,2026-09-12,content-2026-09-12-7str-oform-1,206,1427,623,43.7,462,32.4,342,0,0,0.0
wzna.team,team,2026-09-05,Generator_370382_styled_img,206,1707,746,43.7,324,19.0,637,0,0,0.0
bqvr.team,team,2026-08-28,КОНТЕНТ НЕ ЗАПИСАН,206,5287,2304,43.6,2157,40.8,826,2,0,9.3
moqcasino.lol,lol,2026-09-16,content-2026-09-15-7str-oform-2_42,206,1640,715,43.6,775,47.3,150,0,0,0.0
ovucasino.team,team,2026-09-12,content-2026-09-12-7str-oform-1,206,1031,450,43.6,388,37.6,193,0,0,0.0
5448.lol,lol,2026-09-07,Выдача_06.09_12стр,206,2375,1032,43.5,882,37.1,461,1,0,11.3
lcdj.team,team,2026-09-05,NEW21_7pages_nodate_styled_img,206,1001,435,43.5,231,23.1,335,0,0,0.0
1040.team,team,2026-09-11,NEW102оформленобездаты,206,1245,540,43.4,408,32.8,297,0,0,0.0
7342.lol,lol,2026-09-11,clean7_part1_50оформлено,206,774,336,43.4,268,34.6,170,0,0,0.0
gjpz.team,team,2026-08-19,КОНТЕНТ НЕ ЗАПИСАН,185,4207,1825,43.4,1188,28.2,1194,0,0,0.0
q7a.team,team,2026-09-02,NEW50_2_12pages_withdate_02.09,206,3654,1586,43.4,1173,32.1,895,0,0,0.0
qneh.team,team,2026-09-04,kruzhevnayamasterskaya1html,206,2794,1213,43.4,1065,38.1,516,0,0,0.0
yaid.team,team,2026-09-17,content-2026-09-15-7str-oform-1_31,206,1695,736,43.4,848,50.0,111,0,0,0.0
3505.team,team,2026-09-07,NEW20_12pages_nodate_оформлено,206,1657,717,43.3,652,39.3,288,0,0,0.0
50casino.team,team,2026-09-15,content-2026-09-14c-7str-oform-2_41,206,1957,847,43.3,881,45.0,229,0,0,0.0
4287.lol,lol,2026-09-07,Выдача_06.09_12стр,206,1937,836,43.2,604,31.2,497,0,0,0.0
c9a3.lol,lol,2026-09-09,archive412_unique12оформлено,206,3830,1656,43.2,1937,50.6,237,1,0,5.2
cgvz.team,team,2026-08-20,КОНТЕНТ НЕ ЗАПИСАН,199,4703,2030,43.2,1451,30.9,1222,0,0,0.0
p3zv.team,team,2026-08-20,КОНТЕНТ НЕ ЗАПИСАН,199,3284,1418,43.2,740,22.5,1126,0,0,0.0
vbgq.team,team,2026-08-20,КОНТЕНТ НЕ ЗАПИСАН,202,2763,1194,43.2,926,33.5,643,0,0,0.0
1806.lol,lol,2026-09-18,content-2026-09-17-7str-oform-2_54,150,1296,558,43.1,675,52.1,63,0,0,0.0
8414.team,team,2026-09-15,content-2026-09-14c-7str-oform-2_21,206,1478,635,43.0,662,44.8,181,0,0,0.0
casinofgp.lol,lol,2026-09-15,content-2026-09-14-7str-oform-8_26,206,1253,539,43.0,601,48.0,113,0,0,0.0
2470.team,team,2026-08-19,КОНТЕНТ НЕ ЗАПИСАН,198,2734,1174,42.9,684,25.0,876,0,0,0.0
411casino.team,team,2026-09-07,NEW20_4_12pages_nodate,206,1387,595,42.9,423,30.5,369,0,0,0.0
butcasino.team,team,2026-09-11,clean7_part1_50оформлено,206,1166,500,42.9,281,24.1,385,0,0,0.0
casino8643.team,team,2026-09-07,NEW20_12pages_nodate_оформлено,206,1348,578,42.9,467,34.6,303,0,0,0.0
5191.lol,lol,2026-09-08,archive37строформленоv2часть2,206,1090,467,42.8,492,45.1,131,1,0,20.3
8730.team,team,2026-09-02,NEW50_2_7pages_withdate,206,2616,1119,42.8,734,28.1,763,0,0,0.0
5506.team,team,2026-08-25,NEW33_12pages_withdate_25.08,206,2076,887,42.7,692,33.3,497,0,0,0.0
6081.lol,lol,2026-09-20,content-2026-09-17-7str-oform-1_22,205,1435,613,42.7,691,48.2,131,1,0,14.5
cgxs.casino,casino,2026-09-11,script_yandex_12page,206,1541,658,42.7,588,38.2,295,0,0,0.0
d1n1.buzz,buzz,2026-09-08,archive37строформленоv2часть2,206,763,325,42.6,334,43.8,104,0,0,0.0
4313.lol,lol,2026-09-06,nabory411420_styled_img,206,1141,485,42.5,440,38.6,216,0,0,0.0
c4x3.team,team,2026-09-02,nabory294303,206,2668,1133,42.5,767,28.7,768,0,0,0.0
casino4552.team,team,2026-09-11,clean7_part1_50оформлено,206,878,373,42.5,292,33.3,213,0,0,0.0
0946.team,team,2026-09-11,NEW102оформленобездаты,206,1616,685,42.4,516,31.9,415,0,0,0.0
casino4614.team,team,2026-09-12,content-2026-09-12-7str-oform-2,206,680,288,42.4,255,37.5,137,0,0,0.0
1812.lol,lol,2026-09-06,nabory400410_styled_img,206,1571,665,42.3,319,20.3,587,0,0,0.0
4321.team,team,2026-09-07,NEW20_7pages_withdate_оформлено,206,849,359,42.3,364,42.9,126,0,0,0.0
1820casino.team,team,2026-09-15,content-2026-09-14-7str-oform-9_23,206,1011,427,42.2,468,46.3,116,0,0,0.0
7590.lol,lol,2026-09-02,nabory274283,206,2493,1053,42.2,945,37.9,495,0,0,0.0
casinoozz.lol,lol,2026-09-11,NEW102оформленобездаты,206,1094,462,42.2,340,31.1,292,0,0,0.0
klvr.team,team,2026-08-20,КОНТЕНТ НЕ ЗАПИСАН,199,3654,1538,42.1,644,17.6,1472,0,0,0.0
1209r.casino,casino,2026-09-12,script_yandex_12page,206,1148,482,42.0,368,32.1,298,1,0,27.2
2966.lol,lol,2026-09-18,content-2026-09-17b-7str-oform_36,150,978,410,41.9,541,55.3,27,0,0,0.0
casinog4.lol,lol,2026-09-18,nabory-621-630_3,150,1115,467,41.9,601,53.9,47,0,0,0.0
jlbq.lol,lol,2026-09-19,content-2026-09-17b-7str-oform_3,206,1411,591,41.9,734,52.0,86,0,0,0.0
y0v.team,team,2026-09-12,NEW102оформленобездаты,206,3735,1566,41.9,1634,43.7,535,1,1,6.1
0711.lol,lol,2026-09-19,nabory-641-650_3,206,1115,466,41.8,563,50.5,86,0,0,0.0
3715casino.lol,lol,2026-09-20,content-2026-09-19-12str_1,206,1301,544,41.8,676,52.0,81,0,0,0.0
5298.team,team,2026-09-05,trikomplektaB,206,806,337,41.8,203,25.2,266,1,1,49.3
5609.team,team,2026-09-11,clean7_part1_50оформлено,206,1088,455,41.8,331,30.4,302,0,0,0.0
0409ds.casino,casino,2026-09-04,NEW20_12pages_nodate_styled_img,206,2064,860,41.7,666,32.3,538,1,0,15.0
6135.team,team,2026-08-18,КОНТЕНТ НЕ ЗАПИСАН,184,3935,1641,41.7,1504,38.2,790,0,0,0.0
l9tb.team,team,2026-08-19,КОНТЕНТ НЕ ЗАПИСАН,185,3938,1642,41.7,1186,30.1,1110,0,0,0.0
tuoa.team,team,2026-09-12,content-2026-09-12-7str-oform-1,206,1409,587,41.7,392,27.8,430,0,0,0.0
1373.lol,lol,2026-09-12,content-2026-09-12-7str-oform-1,206,1323,550,41.6,168,12.7,605,0,0,0.0
5406.team,team,2026-09-07,nabory436440_styled_img,206,1245,517,41.5,344,27.6,384,0,0,0.0
opue.team,team,2026-09-17,content-2026-09-16-7str_29,206,1888,783,41.5,1019,54.0,86,0,0,0.0
0760.team,team,2026-09-15,content-2026-09-14c-7str-oform-2_22,206,1895,785,41.4,846,44.6,264,0,0,0.0
2008vu.buzz,buzz,2026-08-20,КОНТЕНТ НЕ ЗАПИСАН,199,1996,826,41.4,393,19.7,777,0,0,0.0
5155.team,team,2026-09-16,content-2026-09-15-7str-oform-1_48,206,2762,1143,41.4,1433,51.9,186,0,0,0.0
7960.team,team,2026-09-04,NEW20_12pages_withdate_styled_img,206,2321,960,41.4,794,34.2,567,1,0,12.6
casinoja.team,team,2026-09-16,content-2026-09-15-7str-oform-2_44,206,1026,425,41.4,504,49.1,97,0,0,0.0
casinonck.lol,lol,2026-09-04,nabory284293,206,1631,676,41.4,460,28.2,495,0,0,0.0
fhmv.team,team,2026-08-20,КОНТЕНТ НЕ ЗАПИСАН,199,4268,1767,41.4,1291,30.2,1210,1,0,7.7
1185.team,team,2026-09-03,NEW50_7pages_nodate_01.09,206,1369,566,41.3,366,26.7,437,0,0,0.0
3608.team,team,2026-08-19,КОНТЕНТ НЕ ЗАПИСАН,184,5427,2244,41.3,2334,43.0,849,0,0,0.0
3677.lol,lol,2026-08-24,КОНТЕНТ НЕ ЗАПИСАН,206,4163,1721,41.3,1714,41.2,728,0,0,0.0
7873.team,team,2026-08-25,КОНТЕНТ НЕ ЗАПИСАН,206,2544,1050,41.3,859,33.8,635,0,0,0.0
casinorj.lol,lol,2026-09-15,content-2026-09-14c-7str-oform-2_33,206,2221,918,41.3,1079,48.6,224,0,0,0.0
e1h3.team,team,2026-09-15,content-2026-09-14c-7str-oform-2_15,206,2262,934,41.3,1056,46.7,272,0,0,0.0
pqow.team,team,2026-09-04,trikomplekta,206,1303,538,41.3,424,32.5,341,0,0,0.0
tghc.casino,casino,2026-09-01,NEW50_12pages_nodate_01.09,206,7416,3065,41.3,3452,46.5,899,1,1,2.9
1009r.casino,casino,2026-09-10,NEW102оформленобездаты,206,781,322,41.2,191,24.5,268,0,0,0.0
5329.team,team,2026-09-03,КОНТЕНТ НЕ ЗАПИСАН,206,3142,1293,41.2,1096,34.9,753,0,0,0.0
1109cas.casino,casino,2026-09-11,script_yandex_12page,206,1155,474,41.0,456,39.5,225,0,0,0.0
588casino.lol,lol,2026-09-15,content-2026-09-14c-7str-oform-1_35,206,1784,732,41.0,902,50.6,150,0,0,0.0
bnkd.shop,shop,2026-08-21,КОНТЕНТ НЕ ЗАПИСАН,206,3417,1400,41.0,1150,33.7,867,1,0,8.7
o5h7.team,team,2026-09-02,NEW50_2_12pages_withdate_02.09,206,2630,1078,41.0,858,32.6,694,0,0,0.0
wrfn.cloud,cloud,2026-08-21,КОНТЕНТ НЕ ЗАПИСАН,206,2271,930,41.0,643,28.3,698,0,0,0.0
274casino.team,team,2026-09-06,nabory400410_styled_img,206,1588,649,40.9,552,34.8,387,0,0,0.0
casinoli.team,team,2026-09-06,nabory411420_styled_img,206,1446,592,40.9,551,38.1,303,0,0,0.0
5442.lol,lol,2026-09-16,nabory-535-544_styled_img_3,206,2075,846,40.8,949,45.7,280,0,0,0.0
k1y.team,team,2026-09-07,NEW20_4_7pages_nodate,206,1134,463,40.8,455,40.1,216,0,0,0.0
qmpl.team,team,2026-09-03,NEW50_7pages_withdate_01.09,206,2069,845,40.8,675,32.6,549,0,0,0.0
7728.team,team,2026-09-12,content-2026-09-12-7str-oform-1,206,764,311,40.7,287,37.6,166,0,0,0.0
bzcasino.team,team,2026-09-17,content-2026-09-16-7str_20,206,2710,1103,40.7,1549,57.2,58,0,0,0.0
mmbr.team,team,2026-09-02,NEW50_7pages_withdate_01.09,206,5622,2290,40.7,2441,43.4,891,0,0,0.0
3416.team,team,2026-09-10,КОНТЕНТ НЕ ЗАПИСАН,206,630,256,40.6,125,19.8,249,0,0,0.0
59casino.team,team,2026-09-15,content-2026-09-14-7str-oform-9_20,206,1607,653,40.6,629,39.1,325,0,0,0.0
casinodh.lol,lol,2026-09-17,content-2026-09-16-7str_15,206,2476,1006,40.6,1395,56.3,75,0,0,0.0
casinozfa.team,team,2026-09-05,Generator_385390_styled_img,206,788,320,40.6,71,9.0,397,0,0,0.0
o3d.team,team,2026-09-15,content-2026-09-14-7str-oform-9_34,206,1682,683,40.6,782,46.5,217,0,0,0.0
1523.lol,lol,2026-09-15,content-2026-09-14c-7str-oform-1_37,206,2101,851,40.5,933,44.4,317,0,0,0.0
4150.team,team,2026-08-24,КОНТЕНТ НЕ ЗАПИСАН,206,3358,1361,40.5,809,24.1,1188,1,0,12.4
casinoqqo.team,team,2026-09-13,content-2026-09-12-7str-oform-3,206,348,141,40.5,158,45.4,49,0,0,0.0
mjeu.lol,lol,2026-09-20,content-2026-09-17-7str-oform-1_31,206,968,392,40.5,448,46.3,128,0,0,0.0
npj.lol,lol,2026-09-12,content-2026-09-12-7str-oform-2,206,1360,550,40.4,567,41.7,243,0,0,0.0
swdp.team,team,2026-08-20,КОНТЕНТ НЕ ЗАПИСАН,204,2263,915,40.4,891,39.4,457,0,0,0.0
casinozr.lol,lol,2026-09-18,content-2026-09-14b-7str-oform-1_38,150,970,391,40.3,535,55.2,44,0,0,0.0
k6x.team,team,2026-09-18,content-2026-09-17-7str-oform-2_42,150,2373,957,40.3,1272,53.6,144,1,0,7.9
0509kk.casino,casino,2026-09-05,NEW21_12pages_nodate_styled_img,206,1051,422,40.2,190,18.1,439,0,0,0.0
2596.team,team,2026-09-18,content-2026-09-17-7str-oform-2_34,150,1142,458,40.1,621,54.4,63,3,0,48.3
42casino.lol,lol,2026-09-12,content-2026-09-12-7str-oform-1,206,916,367,40.1,389,42.5,160,0,0,0.0
qbnv.lol,lol,2026-08-21,КОНТЕНТ НЕ ЗАПИСАН,206,2857,1145,40.1,906,31.7,806,0,0,0.0
gwrl.casino,casino,2026-09-01,NEW50_12pages_withdate_01.09,206,6599,2640,40.0,2956,44.8,1003,4,2,13.5
opcasino.team,team,2026-09-07,clean12_unique11оформлено,206,1758,704,40.0,449,25.5,605,0,0,0.0
3349.team,team,2026-09-02,NEW50_2_12pages_withdate_02.09,206,3505,1397,39.9,1302,37.1,806,0,0,0.0
8061.lol,lol,2026-09-07,Выдача_06.09_12стр,206,982,392,39.9,488,49.7,102,0,0,0.0
9090.team,team,2026-09-05,NEW21_7pages_nodate_styled_img,206,526,210,39.9,188,35.7,128,0,0,0.0
casino072.lol,lol,2026-09-07,NEW20_4_7pages_nodate,206,476,190,39.9,194,40.8,92,0,0,0.0
5628.team,team,2026-09-17,content-2026-09-14b-7str-oform-1_40,206,762,303,39.8,397,52.1,62,0,0,0.0
6808.team,team,2026-09-06,NEW20_3_7pages_nodate_styled_img,206,644,256,39.8,201,31.2,187,0,0,0.0
8736.team,team,2026-09-17,nabory-591-600_10,206,2498,994,39.8,1299,52.0,205,0,0,0.0
soxv.team,team,2026-09-03,КОНТЕНТ НЕ ЗАПИСАН,206,4921,1957,39.8,2254,45.8,710,0,0,0.0
2279.team,team,2026-09-10,КОНТЕНТ НЕ ЗАПИСАН,206,496,197,39.7,166,33.5,133,0,0,0.0
4502.team,team,2026-09-02,NEW50_7pages_nodate_01.09,206,1242,493,39.7,515,41.5,234,0,0,0.0
6635.team,team,2026-08-26,NEW17_NOimg_withdate_26.08,206,2352,934,39.7,776,33.0,642,0,0,0.0
casinou1.team,team,2026-09-13,content-2026-09-12-7str-oform-3,206,514,204,39.7,296,57.6,14,0,0,0.0
2882.team,team,2026-09-03,КОНТЕНТ НЕ ЗАПИСАН,206,1384,548,39.6,512,37.0,324,0,0,0.0
1025.team,team,2026-09-11,clean7_part1_50оформлено,206,1168,461,39.5,476,40.8,231,2,0,42.0
2424.lol,lol,2026-09-20,content-2026-09-17-7str-oform-1_35,206,2204,870,39.5,1163,52.8,171,0,0,0.0
9928.team,team,2026-08-24,КОНТЕНТ НЕ ЗАПИСАН,206,3883,1534,39.5,1829,47.1,520,0,0,0.0
casino1209s.casino,casino,2026-09-12,content-2026-09-12-7str-oform-1,206,613,242,39.5,291,47.5,80,0,0,0.0
w4rz.team,team,2026-08-20,КОНТЕНТ НЕ ЗАПИСАН,202,2549,1007,39.5,938,36.8,604,1,0,10.7
3411.lol,lol,2026-09-11,clean7_part1_50оформлено,206,947,373,39.4,311,32.8,263,0,0,0.0
3434.team,team,2026-09-07,clean12_unique11оформлено,206,1837,724,39.4,726,39.5,387,1,0,13.8
4087.team,team,2026-08-27,КОНТЕНТ НЕ ЗАПИСАН,206,1799,709,39.4,922,51.3,168,0,0,0.0
7142.team,team,2026-09-06,struktura8x7,206,1208,476,39.4,323,26.7,409,0,0,0.0
casinor7.team,team,2026-09-11,archive37строформленоv2часть1,206,653,257,39.4,270,41.3,126,0,0,0.0
2008jd.buzz,buzz,2026-08-20,КОНТЕНТ НЕ ЗАПИСАН,199,3325,1307,39.3,876,26.3,1142,0,0,0.0
3726.team,team,2026-08-20,КОНТЕНТ НЕ ЗАПИСАН,199,6090,2395,39.3,2403,39.5,1292,0,0,0.0
casinoar.team,team,2026-09-12,content-2026-09-12-7str-oform-2,206,1750,688,39.3,798,45.6,264,0,0,0.0
casinozyb.team,team,2026-09-05,Generator_370382_styled_img,206,1260,495,39.3,4,0.3,761,0,0,0.0
1009ds.casino,casino,2026-09-10,NEW102оформленобездаты,206,992,388,39.1,359,36.2,245,0,0,0.0
5413.lol,lol,2026-09-08,archive37строформленоv2часть2,206,1320,516,39.1,591,44.8,213,0,0,0.0
v5gp.team,team,2026-08-25,Generator_11page_NOimg_25.08,206,2686,1051,39.1,811,30.2,824,0,0,0.0
casinoy1.team,team,2026-09-16,content-2026-09-15-7str-oform-2_43,206,487,190,39.0,242,49.7,55,0,0,0.0
2837.team,team,2026-09-15,content-2026-09-14b-7str-oform-2_37,206,1194,465,38.9,645,54.0,84,1,1,15.5
5402.team,team,2026-09-10,archive47_unique119оформленочасть2,206,311,121,38.9,119,38.3,71,0,0,0.0
9751.lol,lol,2026-08-26,NEW17_NOimg_withdate_26.08,206,2337,909,38.9,955,40.9,473,0,0,0.0
7395.team,team,2026-09-02,NEW50_2_12pages_withdate_02.09,206,3500,1359,38.8,1382,39.5,759,1,0,7.2
sdyv.team,team,2026-09-12,NEW102оформленобездаты,206,1549,601,38.8,634,40.9,314,0,0,0.0
zsgl.team,team,2026-08-25,Generator_11page_NOimg_25.08,206,2387,926,38.8,980,41.1,481,0,0,0.0
7969.team,team,2026-09-12,content-2026-09-12-7str-oform-1,206,1388,537,38.7,449,32.3,402,0,0,0.0
939casino.lol,lol,2026-09-06,nabory421425_styled_img,205,1701,659,38.7,620,36.4,422,0,0,0.0
casino8915.lol,lol,2026-09-12,content-2026-09-12-7str-oform-2,206,755,292,38.7,247,32.7,216,0,0,0.0
casinoez.team,team,2026-09-15,content-2026-09-14c-7str-oform-2_38,206,2119,820,38.7,1069,50.4,230,0,0,0.0
w9i2.lol,lol,2026-09-16,nabory-545-554_styled_img_4,206,1629,627,38.5,820,50.3,182,0,0,0.0
6578.lol,lol,2026-09-18,content-2026-09-17b-7str-oform_10,206,1420,545,38.4,804,56.6,71,0,0,0.0
6985.team,team,2026-09-10,archive47_unique119оформленочасть1,206,440,169,38.4,52,11.8,219,0,0,0.0
geth.buzz,buzz,2026-09-09,archive412_unique12оформлено,206,2730,1048,38.4,1374,50.3,308,0,0,0.0
s3q.lol,lol,2026-09-10,archive37строформленоv2часть3,206,887,341,38.4,359,40.5,187,0,0,0.0
154casino.lol,lol,2026-09-19,nabory-641-650_1,206,1259,482,38.3,673,53.5,104,0,0,0.0
5671.team,team,2026-09-02,nabory274283,206,2827,1083,38.3,828,29.3,916,0,0,0.0
6977.team,team,2026-08-25,Generator_11page_img_25.08,206,3229,1237,38.3,1272,39.4,720,1,0,7.9
8292.team,team,2026-09-10,archive47_unique119оформленочасть1,206,334,128,38.3,65,19.5,141,0,0,0.0
h6k8.lol,lol,2026-09-03,NEW50_3_12pages_withdate_styled,206,3004,1151,38.3,1084,36.1,769,0,0,0.0
5974casino.lol,lol,2026-09-08,archive37строформленоv2часть3,206,424,162,38.2,213,50.2,49,0,0,0.0
3237.team,team,2026-09-07,NEW20_12pages_withdate_оформлено,206,1521,579,38.1,513,33.7,429,0,0,0.0
8200.team,team,2026-09-11,archive37строформленоv2часть1,206,992,378,38.1,377,38.0,237,0,0,0.0
1009d.casino,casino,2026-09-10,NEW102оформленобездаты,206,705,268,38.0,263,37.3,174,0,0,0.0
7838.team,team,2026-09-07,NEW20_12pages_nodate_оформлено,206,1550,589,38.0,548,35.4,413,1,0,18.2
c9m.team,team,2026-08-20,КОНТЕНТ НЕ ЗАПИСАН,203,2065,784,38.0,640,31.0,641,0,0,0.0
casinok4.team,team,2026-09-07,NEW20_7pages_nodate_оформлено,206,870,331,38.0,346,39.8,193,0,0,0.0
casinottb.team,team,2026-09-10,archive47_unique119оформленочасть2,206,519,197,38.0,116,22.4,206,0,0,0.0
sfkk.team,team,2026-08-25,Generator_11page_NOimg_25.08,206,3235,1230,38.0,1262,39.0,743,1,0,7.9
casinouep.team,team,2026-09-07,nabory431435_styled_img,206,1986,753,37.9,521,26.2,712,0,0,0.0
1818.team,team,2026-09-05,tesemochnaya1,206,917,347,37.8,241,26.3,329,0,0,0.0
9124.lol,lol,2026-09-04,КОНТЕНТ НЕ ЗАПИСАН,206,2128,804,37.8,869,40.8,455,3,0,34.5
xpba.lol,lol,2026-09-09,archive412_unique12оформлено,206,4426,1674,37.8,2213,50.0,539,3,1,13.6
o0c.team,team,2026-08-27,КОНТЕНТ НЕ ЗАПИСАН,206,4865,1836,37.7,2658,54.6,371,0,0,0.0
stma.casino,casino,2026-09-01,NEW50_12pages_nodate_01.09,206,8384,3157,37.7,4088,48.8,1139,0,0,0.0
casino069.team,team,2026-09-07,clean12_unique11оформлено,206,1547,582,37.6,768,49.6,197,0,0,0.0
dsrt.team,team,2026-09-16,content-2026-09-15-7str-oform-2_30,206,2165,815,37.6,1115,51.5,235,0,0,0.0
xvcasino.buzz,buzz,2026-09-08,archive37строформленоv2часть2,206,1077,405,37.6,532,49.4,140,0,0,0.0
1185.lol,lol,2026-09-01,NEW50_12pages_withdate_01.09,206,5565,2086,37.5,2488,44.7,991,0,0,0.0
2518.team,team,2026-09-10,archive47_unique119оформленочасть2,206,651,244,37.5,249,38.2,158,0,0,0.0
casinomw.team,team,2026-09-07,nabory436440_styled_img,206,1156,434,37.5,565,48.9,157,0,0,0.0
cktw.team,team,2026-08-28,КОНТЕНТ НЕ ЗАПИСАН,206,5166,1933,37.4,2643,51.2,590,1,1,3.8
ubgh.team,team,2026-09-04,КОНТЕНТ НЕ ЗАПИСАН,206,3685,1379,37.4,1666,45.2,640,0,0,0.0
3442.lol,lol,2026-09-18,nabory-621-630_5,150,1236,461,37.3,716,57.9,59,0,0,0.0
dhpw.team,team,2026-08-18,КОНТЕНТ НЕ ЗАПИСАН,184,5837,2177,37.3,1512,25.9,2148,0,0,0.0
uzgcasino.team,team,2026-09-10,archive47_unique119оформленочасть2,205,494,184,37.2,114,23.1,196,0,0,0.0
31casino.team,team,2026-09-07,NEW20_4_7pages_nodate,206,1669,620,37.1,808,48.4,241,0,0,0.0
3375.lol,lol,2026-09-03,NEW50_3_12pages_withdate_styled,206,3487,1294,37.1,1470,42.2,723,0,0,0.0
2853.lol,lol,2026-09-03,КОНТЕНТ НЕ ЗАПИСАН,206,3462,1281,37.0,1455,42.0,726,0,0,0.0
u0a3.casino,casino,2026-09-11,NEW102оформленобездаты,206,1488,551,37.0,655,44.0,282,0,0,0.0
1083.lol,lol,2026-09-02,NEW50_2_12pages_nodate_02.09,206,4090,1510,36.9,1781,43.5,799,3,1,16.8
5230.team,team,2026-09-02,NEW50_2_12pages_withdate_02.09,206,2909,1074,36.9,755,26.0,1080,0,0,0.0
0291.lol,lol,2026-09-16,content-2026-09-14b-7str-oform-2_12,206,1858,684,36.8,993,53.4,181,0,0,0.0
zrum.buzz,buzz,2026-09-09,archive412_unique12оформлено,206,2770,1019,36.8,1517,54.8,234,0,0,0.0
5025.team,team,2026-09-03,NEW50_3_12pages_withdate_styled,206,2577,947,36.7,753,29.2,877,1,0,13.3
casinoa1.lol,lol,2026-09-20,content-2026-09-17-7str-oform-1_39,206,1543,567,36.7,873,56.6,103,0,0,0.0
5726.team,team,2026-08-19,КОНТЕНТ НЕ ЗАПИСАН,184,6841,2507,36.6,3291,48.1,1043,1,1,3.0
9165.team,team,2026-09-11,script_yandex_12page,206,2151,787,36.6,819,38.1,545,1,0,12.2
casinog1.team,team,2026-09-11,clean7_part1_50оформлено,206,1316,482,36.6,690,52.4,144,0,0,0.0
m2vc.team,team,2026-08-21,КОНТЕНТ НЕ ЗАПИСАН,206,4846,1776,36.6,2113,43.6,957,1,0,4.7
casino351.team,team,2026-09-11,NEW102оформленобездаты,206,1562,570,36.5,603,38.6,389,0,0,0.0
g9d.team,team,2026-08-26,NEW33_12pages_withdate+img_25.08,206,5128,1871,36.5,2531,49.4,726,0,0,0.0
zjnq.team,team,2026-08-22,КОНТЕНТ НЕ ЗАПИСАН,206,3941,1437,36.5,1925,48.8,579,0,0,0.0
4330.team,team,2026-09-03,NEW50_3_12pages_withdate_styled,206,2599,947,36.4,990,38.1,662,1,0,10.1
4774.lol,lol,2026-09-20,content-2026-09-17-7str-oform-1_37,206,1352,492,36.4,712,52.7,148,0,0,0.0
9147.team,team,2026-09-10,nabory464466,206,725,264,36.4,146,20.1,315,0,0,0.0
hjpi.team,team,2026-09-10,archive47_unique119оформленочасть2,206,439,160,36.4,87,19.8,192,0,0,0.0
k8n.lol,lol,2026-08-21,КОНТЕНТ НЕ ЗАПИСАН,206,6434,2340,36.4,2947,45.8,1147,0,0,0.0
oasc.lol,lol,2026-09-03,NEW50_3_7pages_withdate_styled,206,2459,895,36.4,1121,45.6,443,0,0,0.0
casino0509s.casino,casino,2026-09-05,NEW21_7pages_withdate_styled_img,206,526,191,36.3,171,32.5,164,0,0,0.0
2211.team,team,2026-09-15,content-2026-09-14c-7str-oform-2_1,206,2738,992,36.2,1326,48.4,420,0,0,0.0
3152.team,team,2026-09-16,content-2026-09-15-7str-oform-2_7,206,4241,1535,36.2,2512,59.2,194,1,0,4.0
3506.lol,lol,2026-08-22,КОНТЕНТ НЕ ЗАПИСАН,206,5565,2016,36.2,2151,38.7,1398,1,0,4.6
h5g5.team,team,2026-09-04,trikomplekta,206,1849,670,36.2,664,35.9,515,0,0,0.0
qlcasino.team,team,2026-09-05,NEW21_7pages_nodate_styled_img,206,1079,391,36.2,341,31.6,347,0,0,0.0
tshz.team,team,2026-09-10,archive37строформленоv2часть1,206,1364,494,36.2,489,35.9,381,0,0,0.0
uyyj.lol,lol,2026-09-09,archive412_unique12оформлено,206,4989,1808,36.2,2673,53.6,508,1,0,3.7
v5d.team,team,2026-08-20,КОНТЕНТ НЕ ЗАПИСАН,199,5092,1841,36.2,1836,36.1,1415,1,0,5.4
xhpt.team,team,2026-08-22,КОНТЕНТ НЕ ЗАПИСАН,206,2708,981,36.2,617,22.8,1110,0,0,0.0
2916.team,team,2026-08-18,КОНТЕНТ НЕ ЗАПИСАН,184,4040,1457,36.1,1878,46.5,705,0,0,0.0
7142.lol,lol,2026-09-07,clean12_unique11оформлено,206,2770,1000,36.1,1045,37.7,725,0,0,0.0
zinb.lol,lol,2026-09-20,content-2026-09-17b-7str-oform_39,206,1319,476,36.1,747,56.6,96,0,0,0.0
2528.team,team,2026-09-07,clean12_unique11оформлено,206,2256,813,36.0,898,39.8,545,0,0,0.0
9940.team,team,2026-09-10,КОНТЕНТ НЕ ЗАПИСАН,206,603,217,36.0,263,43.6,123,0,0,0.0
lwqm.team,team,2026-09-15,content-2026-09-14b-7str-oform-2_39,206,1679,605,36.0,979,58.3,95,0,0,0.0
1668.team,team,2026-09-11,archive37строформленоv2часть1,206,889,319,35.9,243,27.3,327,0,0,0.0
6948.team,team,2026-08-18,КОНТЕНТ НЕ ЗАПИСАН,184,3879,1394,35.9,1889,48.7,596,0,0,0.0
3547.team,team,2026-08-25,Generator_11page_NOimg_25.08,206,3030,1084,35.8,1284,42.4,662,0,0,0.0
3833.lol,lol,2026-09-15,content-2026-09-14c-7str-oform-1_41,206,2449,876,35.8,1353,55.2,220,0,0,0.0
c3qm.team,team,2026-08-18,КОНТЕНТ НЕ ЗАПИСАН,184,5647,2020,35.8,2762,48.9,865,0,0,0.0
0665.team,team,2026-09-02,NEW50_2_12pages_withdate_02.09,205,5430,1941,35.7,2487,45.8,1002,3,0,12.1
casino862.lol,lol,2026-09-16,nabory-565-580_14,206,3128,1118,35.7,1630,52.1,380,0,0,0.0
n5wk.team,team,2026-08-21,КОНТЕНТ НЕ ЗАПИСАН,206,4308,1537,35.7,1572,36.5,1199,0,0,0.0
oxin.lol,lol,2026-09-15,content-2026-09-14-7str-oform-8_35,206,1906,680,35.7,1151,60.4,75,0,0,0.0
3803.lol,lol,2026-08-25,КОНТРОЛЬ NEW50_5_7pages_nodate_21.08,206,2295,817,35.6,1070,46.6,408,0,0,0.0
q8l4.lol,lol,2026-09-15,content-2026-09-14-7str-oform-8_27,206,1681,598,35.6,907,54.0,176,0,0,0.0
x5i.team,team,2026-09-06,NEW20_3_7pages_nodate_styled_img,206,2260,805,35.6,1010,44.7,445,0,0,0.0
casino3704.lol,lol,2026-09-06,NEW20_3_12pages_withdate_styled_img_5,206,1519,540,35.5,683,45.0,296,0,0,0.0
1734.lol,lol,2026-09-16,nabory-535-544_styled_img_2,206,2234,791,35.4,1129,50.5,314,0,0,0.0
2250.team,team,2026-09-12,content-2026-09-12-7str-oform-1,206,984,348,35.4,442,44.9,194,0,0,0.0
7371.lol,lol,2026-09-16,content-2026-09-14b-7str-oform-2_13,206,2223,786,35.4,1298,58.4,139,0,0,0.0
8829.lol,lol,2026-09-02,NEW50_2_12pages_nodate_02.09,206,3673,1302,35.4,1707,46.5,664,1,0,5.9
casinozfa.lol,lol,2026-09-04,nabory294303,206,1990,704,35.4,658,33.1,628,0,0,0.0
pfoi.team,team,2026-09-10,archive47_unique119оформленочасть2,206,734,260,35.4,332,45.2,142,0,0,0.0
3002.lol,lol,2026-09-12,content-2026-09-12-7str-oform-2,206,1324,467,35.3,649,49.0,208,0,0,0.0
casino66.team,team,2026-09-11,КОНТЕНТ НЕ ЗАПИСАН,205,1958,691,35.3,912,46.6,355,0,0,0.0
fdls.lol,lol,2026-09-10,archive37строформленоv2часть3,206,1339,473,35.3,482,36.0,384,0,0,0.0
0409h.casino,casino,2026-09-04,NEW20_12pages_nodate_styled_img,206,2155,758,35.2,791,36.7,606,0,0,0.0
1500.lol,lol,2026-09-08,archive37строформленоv2часть3,206,1283,452,35.2,667,52.0,164,0,0,0.0
4432.team,team,2026-08-26,NEW33_12pages_withdate+img_25.08,205,2857,1007,35.2,1356,47.5,494,0,0,0.0
casinosz.lol,lol,2026-09-16,content-2026-09-15-7str-oform-2_48,206,4666,1641,35.2,2820,60.4,205,2,1,7.1
1327.team,team,2026-08-31,КОНТЕНТ НЕ ЗАПИСАН,206,7910,2779,35.1,4279,54.1,852,0,0,0.0
casino5829.team,team,2026-09-12,content-2026-09-12-7str-oform-1,206,792,278,35.1,367,46.3,147,0,0,0.0
9785.team,team,2026-08-25,Generator_11page_img_25.08,206,2626,918,35.0,973,37.1,735,0,0,0.0
f5wq.team,team,2026-08-31,Generator_11page_test_1…_9 (dorgen com,206,5124,1791,35.0,2698,52.7,635,0,0,0.0
j2i.lol,lol,2026-09-19,content-2026-09-17-7str-oform-2_33,206,1574,551,35.0,905,57.5,118,0,0,0.0
mpdg.team,team,2026-08-19,КОНТЕНТ НЕ ЗАПИСАН,186,7270,2540,34.9,3217,44.3,1513,1,0,3.1
p8rs.team,team,2026-08-25,КОНТЕНТ НЕ ЗАПИСАН,206,3152,1100,34.9,1114,35.3,938,0,0,0.0
casino0409d.casino,casino,2026-09-04,NEW20_12pages_withdate_styled_img,206,1980,690,34.8,905,45.7,385,0,0,0.0
casinoucp.lol,lol,2026-09-14,content-2026-09-14-12str-oform_5,206,1944,677,34.8,1177,60.5,90,0,0,0.0
qtbm.team,team,2026-08-20,КОНТЕНТ НЕ ЗАПИСАН,202,3883,1353,34.8,1760,45.3,770,0,0,0.0
zgin.team,team,2026-09-12,content-2026-09-12-7str-oform-2,206,1816,632,34.8,902,49.7,282,0,0,0.0
casinosdc.team,team,2026-09-10,КОНТЕНТ НЕ ЗАПИСАН,206,357,124,34.7,141,39.5,92,0,0,0.0
pszk.team,team,2026-08-20,КОНТЕНТ НЕ ЗАПИСАН,204,2444,849,34.7,1141,46.7,454,0,0,0.0
858casino.buzz,buzz,2026-09-08,archive37строформленоv2часть3,206,841,291,34.6,154,18.3,396,0,0,0.0
9031.team,team,2026-09-17,content-2026-09-16-7str_6,206,1983,687,34.6,1191,60.1,105,0,0,0.0
9124.team,team,2026-09-04,Generator_368369_styled_img,206,1340,463,34.6,486,36.3,391,0,0,0.0
casinozzx.team,team,2026-09-15,nabory-515-524_styled_img_2,206,1693,585,34.6,943,55.7,165,0,0,0.0
7201.team,team,2026-08-25,КОНТРОЛЬ NEW50_5_7pages_nodate_21.08,206,2336,806,34.5,690,29.5,840,0,0,0.0
jkzq.team,team,2026-08-19,КОНТЕНТ НЕ ЗАПИСАН,198,3223,1113,34.5,1125,34.9,985,0,0,0.0
muacasino.team,team,2026-09-06,struktura8x7,206,1665,574,34.5,880,52.9,211,0,0,0.0
2225.team,team,2026-09-06,Generator_392396_styled_img,206,1193,410,34.4,609,51.0,174,0,0,0.0
jmbt.team,team,2026-08-20,КОНТЕНТ НЕ ЗАПИСАН,199,3295,1132,34.4,1003,30.4,1160,1,0,10.0
8908.lol,lol,2026-09-07,NEW20_12pages_withdate_оформлено,206,2121,728,34.3,1017,47.9,376,0,0,0.0
casino1535.lol,lol,2026-09-11,NEW102оформленобездаты,206,1205,413,34.3,402,33.4,390,0,0,0.0
lptf.team,team,2026-08-20,КОНТЕНТ НЕ ЗАПИСАН,204,2145,734,34.2,768,35.8,643,0,0,0.0
rza.lol,lol,2026-09-02,NEW50_2_12pages_withdate_02.09,206,4748,1625,34.2,2259,47.6,864,0,0,0.0
u1y1.team,team,2026-09-10,nabory470472_styled_img,206,1168,400,34.2,366,31.3,402,0,0,0.0
xqzs.team,team,2026-09-11,clean7_part1_50оформлено,206,1357,464,34.2,646,47.6,247,1,0,15.5
2245.team,team,2026-09-16,content-2026-09-15-7str-oform-1_50,206,2786,950,34.1,1684,60.4,152,0,0,0.0
5552.team,team,2026-08-26,NEW17_NOimg_withdate_26.08,206,3072,1049,34.1,1352,44.0,671,0,0,0.0
8988.team,team,2026-09-10,КОНТЕНТ НЕ ЗАПИСАН,206,622,212,34.1,286,46.0,124,0,0,0.0
casinoodm.team,team,2026-09-06,nabory421425_styled_img,206,2347,801,34.1,1015,43.2,531,0,0,0.0
gzb.lol,lol,2026-09-16,content-2026-09-14c-7str-oform-2_10,206,1465,500,34.1,814,55.6,151,0,0,0.0
casinoj1.team,team,2026-09-05,Generator_385390_styled_img,206,1319,449,34.0,369,28.0,501,0,0,0.0
274casino.lol,lol,2026-09-06,nabory411420_styled_img,206,1836,622,33.9,1007,54.8,207,0,0,0.0
682casino.team,team,2026-09-15,content-2026-09-14-7str-oform-9_19,206,1255,425,33.9,743,59.2,87,0,0,0.0
6860.team,team,2026-09-03,NEW50_3_7pages_nodate_styled,206,2399,810,33.8,1243,51.8,346,0,0,0.0
7924.team,team,2026-08-26,NEW33_12pages_withdate+img_25.08,206,3008,1018,33.8,1507,50.1,483,0,0,0.0
6249casino.lol,lol,2026-09-08,archive37строформленоv2часть3,206,597,201,33.7,294,49.2,102,0,0,0.0
6419.lol,lol,2026-09-11,NEW102оформленобездаты,206,1358,458,33.7,575,42.3,325,0,0,0.0
sblv.team,team,2026-08-24,КОНТЕНТ НЕ ЗАПИСАН,206,3687,1242,33.7,1570,42.6,875,1,0,6.4
62casino.lol,lol,2026-09-20,content-2026-09-19-12str_3,206,1558,524,33.6,942,60.5,92,0,0,0.0
b8t.team,team,2026-08-19,КОНТЕНТ НЕ ЗАПИСАН,184,3634,1220,33.6,1638,45.1,776,0,0,0.0
ldtq.click,click,2026-08-22,КОНТЕНТ НЕ ЗАПИСАН,206,5637,1896,33.6,2340,41.5,1401,1,0,4.3
mncasino.lol,lol,2026-09-11,NEW102оформленобездаты,206,2250,753,33.5,1039,46.2,458,0,0,0.0
0328.team,team,2026-09-12,content-2026-09-12-7str-oform-1,206,1637,547,33.4,664,40.6,426,0,0,0.0
0413.team,team,2026-09-02,NEW50_2_7pages_withdate,206,3493,1168,33.4,1353,38.7,972,0,0,0.0
16casino.lol,lol,2026-09-08,archive37строформленоv2часть2,206,1732,578,33.4,1001,57.8,153,0,0,0.0
2663.lol,lol,2026-09-07,Выдача_06.09_7стр,206,2399,801,33.4,1281,53.4,317,0,0,0.0
3064.team,team,2026-09-03,NEW50_3_7pages_withdate_styled,206,3367,1123,33.4,1755,52.1,489,0,0,0.0
3970.lol,lol,2026-09-08,clean7_part1_50оформлено,206,1508,503,33.4,748,49.6,257,0,0,0.0
4287.team,team,2026-09-07,Выдача_06.09_12стр,206,2223,743,33.4,1143,51.4,337,0,0,0.0
6829.lol,lol,2026-08-21,КОНТЕНТ НЕ ЗАПИСАН,206,5495,1837,33.4,2952,53.7,706,0,0,0.0
vfkd.team,team,2026-08-21,КОНТЕНТ НЕ ЗАПИСАН,205,6326,2111,33.4,3214,50.8,1001,0,0,0.0
xwmcasino.team,team,2026-09-16,content-2026-09-14c-7str-oform-1_5,206,1317,440,33.4,768,58.3,109,0,0,0.0
casino01.lol,lol,2026-09-04,КОНТЕНТ НЕ ЗАПИСАН,206,3093,1031,33.3,1394,45.1,668,0,0,0.0
casino753.team,team,2026-09-11,nabory481483_styled_img_dark,206,2012,670,33.3,467,23.2,875,0,0,0.0
3635.team,team,2026-08-26,NEW33_12pages_nodate+img_25.08,206,2367,787,33.2,498,21.0,1082,0,0,0.0
levu.team,team,2026-09-17,content-2026-09-16-7str_21,206,3103,1031,33.2,1950,62.8,122,1,0,5.1
xdkr.team,team,2026-08-20,КОНТЕНТ НЕ ЗАПИСАН,195,3864,1281,33.2,1998,51.7,585,2,0,10.0
nvgp.team,team,2026-08-18,КОНТЕНТ НЕ ЗАПИСАН,184,4949,1639,33.1,2461,49.7,849,0,0,0.0
1711.team,team,2026-08-26,NEW33_12pages_withdate+img_25.08,205,4317,1426,33.0,2094,48.5,797,0,0,0.0
2691.team,team,2026-08-19,КОНТЕНТ НЕ ЗАПИСАН,185,4774,1577,33.0,2239,46.9,958,0,0,0.0
3596.team,team,2026-08-27,КОНТЕНТ НЕ ЗАПИСАН,206,3661,1209,33.0,2015,55.0,437,0,0,0.0
8483.team,team,2026-09-07,NEW20_4_12pages_nodate,206,1365,450,33.0,467,34.2,448,1,0,21.4
casino84.team,team,2026-09-10,archive47_unique119оформленочасть1,206,600,198,33.0,305,50.8,97,0,0,0.0
casinob3.lol,lol,2026-09-12,content-2026-09-12-7str-oform-1,206,1322,436,33.0,684,51.7,202,2,0,29.2
bihl.lol,lol,2026-09-18,content-2026-09-17b-7str-oform_22,150,2824,930,32.9,1824,64.6,70,0,0,0.0
1038.team,team,2026-09-10,archive47_unique119оформленочасть1,206,424,139,32.8,144,34.0,141,0,0,0.0
5335.team,team,2026-09-03,NEW50_3_12pages_nodate_styled,206,3282,1078,32.8,1354,41.3,850,0,0,0.0
casinobwf.team,team,2026-09-16,content-2026-09-14c-7str-oform-1_17,206,3956,1297,32.8,2548,64.4,111,0,0,0.0
dwyv.team,team,2026-09-16,content-2026-09-14b-7str-oform-2_17,206,4258,1395,32.8,2723,64.0,140,0,0,0.0
s5bg.team,team,2026-08-20,КОНТЕНТ НЕ ЗАПИСАН,203,3178,1038,32.7,1047,32.9,1093,0,0,0.0
2698.team,team,2026-08-26,NEW33_12pages_nodate+img_25.08,206,1863,607,32.6,706,37.9,550,0,0,0.0
7960.lol,lol,2026-09-06,nabory400410_styled_img,206,1376,449,32.6,707,51.4,220,0,0,0.0
casino0509d.casino,casino,2026-09-06,NEW20_3_12pages_nodate_styled_img,206,1613,526,32.6,653,40.5,434,0,0,0.0
oijl.buzz,buzz,2026-09-08,archive37строформленоv2часть1,206,968,316,32.6,572,59.1,80,0,0,0.0
rgdf.team,team,2026-09-07,clean12_unique11оформлено,206,1804,588,32.6,622,34.5,594,0,0,0.0
6542.lol,lol,2026-09-20,content-2026-09-17-7str-oform-1_48,206,1528,497,32.5,874,57.2,157,0,0,0.0
7079.lol,lol,2026-09-03,КОНТЕНТ НЕ ЗАПИСАН,206,3630,1181,32.5,1791,49.3,658,0,0,0.0
syoo.team,team,2026-09-03,NEW50_7pages_nodate_01.09,206,2495,811,32.5,836,33.5,848,0,0,0.0
5113.team,team,2026-08-26,NEW33_12pages_nodate+img_25.08,206,2790,904,32.4,985,35.3,901,2,0,20.3
9413.team,team,2026-09-06,nabory411420_styled_img,206,1702,551,32.4,775,45.5,376,0,0,0.0
bdqv.team,team,2026-08-18,КОНТЕНТ НЕ ЗАПИСАН,184,5183,1680,32.4,2466,47.6,1037,0,0,0.0
casinoyks.lol,lol,2026-09-19,content-2026-09-17b-7str-oform_30,206,1647,532,32.3,1040,63.1,75,0,0,0.0
1009casino.casino,casino,2026-09-10,NEW102оформленосдатой,206,1177,379,32.2,423,35.9,375,0,0,0.0
5333.team,team,2026-08-26,NEW17_img_withdate_26.08,206,3104,998,32.2,1609,51.8,497,0,0,0.0
casino5615.lol,lol,2026-09-09,archive47_unique119оформленочасть1,206,1899,612,32.2,1123,59.1,164,1,1,8.9
5826.lol,lol,2026-09-08,Content_script_12page_08.09,206,2522,809,32.1,1449,57.5,264,0,0,0.0
s2f.lol,lol,2026-09-16,nabory-545-554_styled_img_6,206,2502,803,32.1,1527,61.0,172,0,0,0.0
9957.lol,lol,2026-09-03,NEW50_3_12pages_nodate_styled,206,3014,965,32.0,1537,51.0,512,0,0,0.0
casinoduw.lol,lol,2026-09-06,NEW20_3_12pages_withdate_styled_img,206,1809,579,32.0,783,43.3,447,0,0,0.0
2600.team,team,2026-09-15,content-2026-09-14c-7str-oform-2_24,206,2392,763,31.9,1448,60.5,181,3,0,20.7
8193.team,team,2026-09-03,NEW50_12pages_withdate_01.09,206,2495,797,31.9,1156,46.3,542,0,0,0.0
2298.team,team,2026-09-10,КОНТЕНТ НЕ ЗАПИСАН,206,849,269,31.7,399,47.0,181,0,0,0.0
c3c.lol,lol,2026-08-24,КОНТЕНТ НЕ ЗАПИСАН,206,5208,1652,31.7,2708,52.0,848,0,0,0.0
1792.lol,lol,2026-09-15,content-2026-09-14c-7str-oform-1_21,206,3130,988,31.6,1875,59.9,267,0,0,0.0
7859.team,team,2026-09-15,content-2026-09-14-7str-oform-9_13,206,2003,632,31.6,1168,58.3,203,0,0,0.0
8531.team,team,2026-09-15,content-2026-09-14b-7str-oform-2_50,206,1298,410,31.6,826,63.6,62,0,0,0.0
9957.team,team,2026-09-02,NEW50_2_12pages_withdate_02.09,206,3692,1167,31.6,1749,47.4,776,1,0,5.7
casinoebt.team,team,2026-09-10,archive37строформленоv2часть1,206,1107,350,31.6,419,37.9,338,0,0,0.0
3352.lol,lol,2026-09-10,archive37строформленоv2часть3,206,1025,323,31.5,362,35.3,340,0,0,0.0
casinocr.lol,lol,2026-09-16,content-2026-09-14c-7str-oform-1_38,206,3484,1097,31.5,2175,62.4,212,1,1,4.6
t8n2.team,team,2026-09-03,NEW50_12pages_withdate_01.09,206,3147,992,31.5,823,26.2,1332,1,1,12.2
5659.team,team,2026-09-11,clean7_part1_50оформлено,206,1012,318,31.4,558,55.1,136,0,0,0.0
casino1596.team,team,2026-09-16,nabory-535-544_styled_img_7,206,1673,525,31.4,983,58.8,165,0,0,0.0
4519.team,team,2026-08-18,КОНТЕНТ НЕ ЗАПИСАН,184,4094,1280,31.3,2086,51.0,728,0,0,0.0
n0b5.team,team,2026-09-03,NEW50_3_12pages_nodate_styled,206,3549,1110,31.3,1738,49.0,701,0,0,0.0
lfra.lol,lol,2026-09-20,nabory-641-650_5,206,1242,388,31.2,703,56.6,151,0,0,0.0
0311.team,team,2026-09-07,nabory436440_styled_img,206,1902,591,31.1,936,49.2,375,0,0,0.0
2169.lol,lol,2026-08-25,Generator_11page_NOimg_25.08,206,3616,1126,31.1,2013,55.7,477,0,0,0.0
a3d.team,team,2026-08-26,NEW33_12pages_nodate+img_25.08,206,4002,1245,31.1,2139,53.4,618,1,0,4.7
4229.team,team,2026-09-02,NEW50_2_12pages_withdate_02.09,206,3972,1232,31.0,1633,41.1,1107,0,0,0.0
rzacasino.lol,lol,2026-09-12,content-2026-09-12-7str-oform-2,206,865,268,31.0,490,56.6,107,0,0,0.0
3885casino.team,team,2026-09-12,content-2026-09-12-7str-oform-1,206,1775,549,30.9,978,55.1,248,0,0,0.0
4173.lol,lol,2026-08-22,КОНТЕНТ НЕ ЗАПИСАН,206,8754,2706,30.9,4661,53.2,1387,3,0,6.4
6806.lol,lol,2026-09-18,content-2026-09-17-7str-oform-2_43,150,2028,627,30.9,1344,66.3,57,0,0,0.0
3719.team,team,2026-08-22,КОНТЕНТ НЕ ЗАПИСАН,206,7469,2296,30.7,3696,49.5,1477,1,0,2.7
9525casino.team,team,2026-09-10,archive37строформленоv2часть3,206,336,103,30.7,193,57.4,40,0,0,0.0
gkrd.team,team,2026-08-19,КОНТЕНТ НЕ ЗАПИСАН,186,9945,3057,30.7,4884,49.1,2004,1,0,2.0
0509t.casino,casino,2026-09-05,NEW21_12pages_nodate_styled_img,206,1436,439,30.6,549,38.2,448,0,0,0.0
2928.lol,lol,2026-09-18,content-2026-09-17b-7str-oform_26,150,1174,359,30.6,775,66.0,40,0,0,0.0
3902.lol,lol,2026-09-08,clean7_part1_50оформлено,206,1152,352,30.6,633,54.9,167,0,0,0.0
5942.team,team,2026-08-20,КОНТЕНТ НЕ ЗАПИСАН,202,2786,853,30.6,1116,40.1,817,0,0,0.0
rdwt.lol,lol,2026-08-21,КОНТЕНТ НЕ ЗАПИСАН,206,3530,1075,30.5,1439,40.8,1016,0,0,0.0
bacasino.team,team,2026-09-08,Content_script_12page_08.09,206,2376,722,30.4,1383,58.2,271,1,0,7.2
9935.team,team,2026-08-26,NEW33_12pages_withdate+img_25.08,206,3526,1070,30.3,1885,53.5,571,0,0,0.0
b3r.lol,lol,2026-09-19,content-2026-09-17b-7str-oform_34,206,936,284,30.3,577,61.6,75,0,0,0.0
casinofnl.buzz,buzz,2026-09-08,archive37строформленоv2часть2,206,492,149,30.3,291,59.1,52,0,0,0.0
wbji.casino,casino,2026-09-09,nabory461463_styled_img,182,2325,705,30.3,1101,47.4,519,1,0,9.1
zimy.lol,lol,2026-09-13,content-2026-09-12-7str-oform-3,206,552,167,30.3,314,56.9,71,0,0,0.0
casino0509m.casino,casino,2026-09-05,NEW21_12pages_nodate_styled_img,206,1098,332,30.2,492,44.8,274,0,0,0.0
qqwd.buzz,buzz,2026-09-08,nabory447451_styled_img,206,1409,426,30.2,592,42.0,391,0,0,0.0
ejucasino.lol,lol,2026-09-14,content-2026-09-12-7str-oform-3,206,1002,302,30.1,560,55.9,140,0,0,0.0
2198.lol,lol,2026-09-16,nabory-555-564_styled_img_9,206,2514,754,30.0,1511,60.1,249,0,0,0.0
6100.lol,lol,2026-09-17,content-2026-09-16-7str_4,206,2328,698,30.0,1544,66.3,86,0,0,0.0
75casino.team,team,2026-09-10,nabory470472_styled_img,206,1726,518,30.0,917,53.1,291,0,0,0.0
8077.team,team,2026-09-17,content-2026-09-14b-7str-oform-1_39,206,1322,397,30.0,843,63.8,82,0,0,0.0
p6kv.team,team,2026-08-18,КОНТЕНТ НЕ ЗАПИСАН,184,6827,2048,30.0,3701,54.2,1078,0,0,0.0
3242.lol,lol,2026-09-03,NEW50_3_12pages_withdate_styled,206,4216,1259,29.9,2279,54.1,678,0,0,0.0
5104.lol,lol,2026-09-20,content-2026-09-17-7str-oform-1_43,206,2028,606,29.9,1217,60.0,205,0,0,0.0
casinonb.lol,lol,2026-09-17,content-2026-09-16-7str_25,206,2303,689,29.9,1551,67.3,63,0,0,0.0
jafcasino.lol,lol,2026-09-19,content-2026-09-17-7str-oform-2_40,206,1998,598,29.9,1340,67.1,60,0,0,0.0
m8dt.team,team,2026-08-18,КОНТЕНТ НЕ ЗАПИСАН,184,3080,922,29.9,1408,45.7,750,0,0,0.0
n2rf.team,team,2026-08-18,КОНТЕНТ НЕ ЗАПИСАН,184,7490,2239,29.9,3919,52.3,1332,0,0,0.0
rwjd.team,team,2026-09-06,Generator_392396_styled_img,206,1400,418,29.9,788,56.3,194,0,0,0.0
5329.lol,lol,2026-09-03,КОНТЕНТ НЕ ЗАПИСАН,206,4487,1338,29.8,2508,55.9,641,0,0,0.0
854casino.team,team,2026-09-11,clean7_part1_50оформлено,206,426,127,29.8,205,48.1,94,0,0,0.0
i3d.team,team,2026-09-11,NEW102оформленобездаты,206,3248,967,29.8,1650,50.8,631,0,0,0.0
3019.team,team,2026-08-19,КОНТЕНТ НЕ ЗАПИСАН,198,4743,1407,29.7,2400,50.6,936,0,0,0.0
casinolg.team,team,2026-09-13,content-2026-09-12-7str-oform-3,206,549,163,29.7,330,60.1,56,0,0,0.0
2018.team,team,2026-09-03,NEW50_3_12pages_withdate_styled,206,5233,1547,29.6,3021,57.7,665,0,0,0.0
7978.team,team,2026-09-06,troykaC,206,1556,461,29.6,923,59.3,172,0,0,0.0
casino82.team,team,2026-09-11,NEW102оформленосдатой,206,1362,403,29.6,642,47.1,317,0,0,0.0
casinok7.team,team,2026-09-07,clean12_unique11оформлено,206,2115,625,29.6,1147,54.2,343,0,0,0.0
r3qq.team,team,2026-08-26,NEW17_img_withdate_26.08,205,2633,780,29.6,1398,53.1,455,0,0,0.0
e4h1.casino,casino,2026-09-11,clean7_part1_50оформлено,206,1409,416,29.5,756,53.7,237,0,0,0.0
o1l.team,team,2026-09-17,content-2026-09-16-12str_1,206,3686,1088,29.5,2439,66.2,159,0,0,0.0
xfdr.team,team,2026-09-03,NEW50_7pages_nodate_01.09,206,2919,861,29.5,1366,46.8,692,0,0,0.0
1434.team,team,2026-08-25,NEW33_12pages_withdate_25.08,206,3556,1044,29.4,1804,50.7,708,0,0,0.0
5027.team,team,2026-08-20,КОНТЕНТ НЕ ЗАПИСАН,204,2921,860,29.4,1269,43.4,792,0,0,0.0
9126.team,team,2026-09-10,archive47_unique119оформленочасть2,206,793,233,29.4,375,47.3,185,0,0,0.0
9158.team,team,2026-09-03,NEW50_3_7pages_withdate_styled,206,3373,991,29.4,1870,55.4,512,1,0,5.3
qtbh.team,team,2026-09-10,archive37строформленоv2часть3,206,1270,373,29.4,550,43.3,347,0,0,0.0
2824.team,team,2026-08-24,ТЕСТ B Generator_11page_NOimg_24.08,206,4533,1328,29.3,2462,54.3,743,0,0,0.0
4994.team,team,2026-09-06,nabory400410_styled_img,206,1653,484,29.3,915,55.4,254,0,0,0.0
744casino.buzz,buzz,2026-09-08,archive37строформленоv2часть3,206,777,228,29.3,442,56.9,107,0,0,0.0
ciye.team,team,2026-09-02,NEW50_7pages_nodate_01.09,206,3455,1013,29.3,1545,44.7,897,2,0,12.9
tgmb.lol,lol,2026-09-02,NEW50_2_12pages_withdate_02.09,206,4799,1404,29.3,2571,53.6,824,0,0,0.0
3134.team,team,2026-09-16,content-2026-09-15-7str-oform-1_45,206,3421,998,29.2,2293,67.0,130,1,1,4.4
1206.lol,lol,2026-09-15,content-2026-09-14c-7str-oform-1_22,206,3413,993,29.1,2187,64.1,233,1,1,4.6
xtcasino.lol,lol,2026-09-20,content-2026-09-17-7str-oform-1_24,206,1462,426,29.1,885,60.5,151,0,0,0.0
7740.team,team,2026-09-10,archive47_unique119оформленочасть2,206,300,87,29.0,140,46.7,73,0,0,0.0
9536.lol,lol,2026-08-20,КОНТЕНТ НЕ ЗАПИСАН,199,6187,1795,29.0,3304,53.4,1088,0,0,0.0
fuen.team,team,2026-09-07,NEW20_7pages_nodate_оформлено,206,1454,421,29.0,827,56.9,206,0,0,0.0
0509g.casino,casino,2026-09-05,NEW21_7pages_withdate_styled_img,206,838,242,28.9,412,49.2,184,0,0,0.0
3129.team,team,2026-09-17,nabory-591-600_8,206,4545,1312,28.9,2990,65.8,243,0,0,0.0
f9kq.team,team,2026-08-27,КОНТЕНТ НЕ ЗАПИСАН,206,1714,495,28.9,980,57.2,239,0,0,0.0
rzbcasino.team,team,2026-09-12,NEW102оформленобездаты,206,2238,647,28.9,1233,55.1,358,2,1,16.2
2153.team,team,2026-08-19,КОНТЕНТ НЕ ЗАПИСАН,185,5969,1721,28.8,3153,52.8,1095,0,0,0.0
tfys.casino,casino,2026-09-01,NEW50_12pages_nodate_01.09,206,8559,2461,28.8,5469,63.9,629,0,0,0.0
2674.team,team,2026-08-25,Generator_11page_img_25.08,206,4611,1322,28.7,2287,49.6,1002,0,0,0.0
9421.team,team,2026-09-07,nabory431435_styled_img,206,2392,687,28.7,1196,50.0,509,0,0,0.0
casino45.lol,lol,2026-09-18,content-2026-09-17b-7str-oform_40,150,2177,625,28.7,1357,62.3,195,0,0,0.0
casino6206.team,team,2026-09-10,archive47_unique119оформленочасть2,206,541,155,28.7,186,34.4,200,0,0,0.0
389casino.lol,lol,2026-09-08,archive37строформленоv2часть1,206,2836,811,28.6,1823,64.3,202,1,0,5.5
07casino.buzz,buzz,2026-09-08,nabory447451_styled_img,206,1544,440,28.5,893,57.8,211,0,0,0.0
2771.lol,lol,2026-09-11,clean7_part1_50оформлено,206,969,276,28.5,598,61.7,95,0,0,0.0
514casino.team,team,2026-09-17,nabory-601-610_4,206,3562,1015,28.5,2198,61.7,349,1,0,4.5
casino507.lol,lol,2026-09-20,content-2026-09-17-7str-oform-1_50,206,1626,463,28.5,1059,65.1,104,0,0,0.0
k2n.team,team,2026-08-19,КОНТЕНТ НЕ ЗАПИСАН,185,7489,2131,28.5,3885,51.9,1473,2,0,5.1
1053.team,team,2026-09-10,archive47_unique119оформленочасть1,206,1265,359,28.4,752,59.4,154,0,0,0.0
4582.team,team,2026-08-26,NEW17_img_withdate_26.08,206,4023,1140,28.3,2253,56.0,630,0,0,0.0
0864.team,team,2026-09-01,NEW50_7pages_withdate_01.09,206,7175,2023,28.2,4642,64.7,510,0,0,0.0
7065.team,team,2026-08-26,NEW33_12pages_withdate+img_25.08,206,4627,1307,28.2,2473,53.4,847,3,1,12.1
l3c7.lol,lol,2026-09-19,content-2026-09-17b-7str-oform_25,206,1801,507,28.2,1220,67.7,74,2,1,16.4
gmhb.team,team,2026-08-31,Generator_11page_test_1…_9 (dorgen com,206,8307,2332,28.1,4889,58.9,1086,1,0,2.0
hnvc.team,team,2026-08-18,КОНТЕНТ НЕ ЗАПИСАН,184,4979,1401,28.1,2985,60.0,593,0,0,0.0
tqwy.buzz,buzz,2026-09-08,archive37строформленоv2часть2,206,986,277,28.1,654,66.3,55,0,0,0.0
zyok.lol,lol,2026-09-04,nabory274283,206,1429,400,28.0,547,38.3,482,0,0,0.0
4222.lol,lol,2026-09-20,content-2026-09-17-7str-oform-1_29,206,1776,495,27.9,1129,63.6,152,0,0,0.0
casinox1.lol,lol,2026-09-16,content-2026-09-14c-7str-oform-1_40,206,1739,485,27.9,1174,67.5,80,0,0,0.0
5448.team,team,2026-09-06,nabory411420_styled_img,206,2305,640,27.8,1364,59.2,301,0,0,0.0
xpnm.team,team,2026-09-11,NEW102оформленобездаты,206,2493,693,27.8,1385,55.6,415,0,0,0.0
casino0321.lol,lol,2026-09-20,content-2026-09-17-7str-oform-1_33,206,2862,793,27.7,1940,67.8,129,0,0,0.0
casinoes.lol,lol,2026-09-09,archive412_unique12оформлено,206,7156,1984,27.7,4823,67.4,349,0,0,0.0
d9d.team,team,2026-08-25,КОНТЕНТ НЕ ЗАПИСАН,206,4347,1205,27.7,2435,56.0,707,0,0,0.0
h3rb.team,team,2026-08-21,КОНТЕНТ НЕ ЗАПИСАН,206,5466,1512,27.7,2758,50.5,1196,0,0,0.0
vzto.team,team,2026-09-02,NEW50_2_12pages_withdate_02.09,206,6541,1812,27.7,3691,56.4,1038,0,0,0.0
4814.team,team,2026-08-24,КОНТЕНТ НЕ ЗАПИСАН,206,5094,1406,27.6,3129,61.4,559,0,0,0.0
6808.lol,lol,2026-09-06,nabory411420_styled_img,206,1928,533,27.6,246,12.8,1149,0,0,0.0
casinohpe.lol,lol,2026-09-20,content-2026-09-17-7str-oform-1_25,206,1152,318,27.6,771,66.9,63,0,0,0.0
2084.team,team,2026-08-27,КОНТЕНТ НЕ ЗАПИСАН,206,4367,1199,27.5,2767,63.4,401,0,0,0.0
5557.team,team,2026-08-25,NEW33_12pages_withdate_25.08,206,3441,946,27.5,1829,53.2,666,0,0,0.0
6027.lol,lol,2026-09-07,NEW20_4_7pages_withdate,206,2021,555,27.5,1050,52.0,416,0,0,0.0
9670.team,team,2026-09-06,struktura8x7,206,2216,610,27.5,1294,58.4,312,0,0,0.0
4235.team,team,2026-09-02,NEW50_2_7pages_withdate,206,3816,1045,27.4,2173,56.9,598,1,0,4.6
bsfg.team,team,2026-08-26,NEW33_12pages_nodate+img_25.08,206,4961,1357,27.4,2662,53.7,942,3,1,11.3
0509ds.casino,casino,2026-09-06,NEW20_3_12pages_nodate_styled_img,206,2616,711,27.2,1476,56.4,429,0,0,0.0
1749.team,team,2026-08-31,Generator_11page_test_1…_9 (dorgen com,206,8231,2242,27.2,4720,57.3,1269,1,0,2.1
9051.team,team,2026-09-12,content-2026-09-12-7str-oform-2,206,2219,603,27.2,1316,59.3,300,2,2,15.2
9726.team,team,2026-09-11,archive37строформленоv2часть1,206,1302,354,27.2,743,57.1,205,0,0,0.0
bcqr.team,team,2026-08-20,КОНТЕНТ НЕ ЗАПИСАН,199,4340,1182,27.2,1855,42.7,1303,1,0,5.4
hpvn.team,team,2026-08-20,КОНТЕНТ НЕ ЗАПИСАН,199,3502,952,27.2,1627,46.5,923,0,0,0.0
j0s0.team,team,2026-09-02,NEW50_7pages_nodate_01.09,206,3654,995,27.2,1448,39.6,1211,0,0,0.0
9485.lol,lol,2026-09-03,NEW50_3_7pages_withdate_styled,206,2378,644,27.1,1446,60.8,288,0,0,0.0
1980.lol,lol,2026-09-17,content-2026-09-14b-7str-oform-1_50,206,3374,911,27.0,2358,69.9,105,0,0,0.0
skxb.casino,casino,2026-09-09,nabory461463_styled_img,206,6262,1688,27.0,4087,65.3,487,0,0,0.0
7912.team,team,2026-08-25,Generator_11page_img_25.08,206,3555,956,26.9,2171,61.1,428,0,0,0.0
9158.lol,lol,2026-09-02,NEW50_2_12pages_withdate_02.09,206,5032,1355,26.9,3056,60.7,621,0,0,0.0
9800.team,team,2026-09-06,nabory411420_styled_img,206,2782,749,26.9,1640,59.0,393,1,1,6.1
casinov6.lol,lol,2026-09-16,nabory-545-554_styled_img_10,94,665,179,26.9,410,61.7,76,0,0,0.0
3457.team,team,2026-08-22,КОНТЕНТ НЕ ЗАПИСАН,206,7046,1885,26.8,4034,57.3,1127,2,0,5.0
5256.team,team,2026-09-07,NEW20_4_12pages_nodate,206,2032,542,26.7,1084,53.3,406,0,0,0.0
8130.team,team,2026-09-15,content-2026-09-14c-7str-oform-1_15,206,3477,927,26.7,2335,67.2,215,0,0,0.0
8527.team,team,2026-08-26,NEW33_12pages_withdate+img_25.08,206,4355,1161,26.7,2079,47.7,1115,0,0,0.0
369casino.team,team,2026-09-10,archive47_unique119оформленочасть1,206,580,154,26.6,352,60.7,74,0,0,0.0
casinoerr.team,team,2026-09-10,КОНТЕНТ НЕ ЗАПИСАН,206,961,256,26.6,578,60.1,127,0,0,0.0
378casino.team,team,2026-09-12,content-2026-09-12-7str-oform-2,206,1385,367,26.5,857,61.9,161,0,0,0.0
pqvb.casino,casino,2026-09-11,script_yandex_12page,206,2752,729,26.5,1660,60.3,363,0,0,0.0
4118.team,team,2026-09-15,content-2026-09-14c-7str-oform-2_34,206,2671,705,26.4,1801,67.4,165,0,0,0.0
4392.team,team,2026-08-19,КОНТЕНТ НЕ ЗАПИСАН,186,7049,1864,26.4,3886,55.1,1299,1,0,2.6
3902.team,team,2026-09-07,nabory431435_styled_img,206,1589,418,26.3,903,56.8,268,0,0,0.0
7570.team,team,2026-09-03,NEW50_7pages_nodate_01.09,206,2232,587,26.3,1195,53.5,450,0,0,0.0
brlu.team,team,2026-09-12,content-2026-09-12-7str-oform-1,206,1210,318,26.3,709,58.6,183,1,0,14.1
casino1109.casino,casino,2026-09-11,NEW102оформленосдатой,206,893,234,26.2,538,60.2,121,0,0,0.0
mkmt.team,team,2026-09-03,NEW50_3_12pages_withdate_styled,206,5696,1492,26.2,3375,59.3,829,1,0,3.0
8648.lol,lol,2026-09-16,content-2026-09-15-7str-oform-2_50,206,5870,1535,26.1,4193,71.4,142,0,0,0.0
k9v.team,team,2026-09-10,archive47_unique119оформленочасть2,206,1190,310,26.1,687,57.7,193,0,0,0.0
ogax.team,team,2026-08-27,КОНТЕНТ НЕ ЗАПИСАН,206,3535,923,26.1,2390,67.6,222,3,1,12.6
4994.lol,lol,2026-09-07,NEW20_4_12pages_withdate,206,4188,1087,26.0,2203,52.6,898,4,0,18.2
67casino.buzz,buzz,2026-09-08,archive37строформленоv2часть2,206,1747,455,26.0,1106,63.3,186,0,0,0.0
casino5341.lol,lol,2026-09-17,content-2026-09-14b-7str-oform-1_35,206,742,192,25.9,525,70.8,25,0,0,0.0
mfmj.lol,lol,2026-09-16,nabory-545-554_styled_img_8,206,2712,703,25.9,1804,66.5,205,0,0,0.0
1109sd.casino,casino,2026-09-11,NEW102оформленобездаты,206,1870,482,25.8,1154,61.7,234,0,0,0.0
2418.lol,lol,2026-09-02,NEW50_2_12pages_nodate_02.09,206,4184,1078,25.8,2345,56.0,761,0,0,0.0
3745.team,team,2026-09-11,NEW102оформленосдатой,206,1567,405,25.8,751,47.9,411,0,0,0.0
5242.lol,lol,2026-09-19,nabory-651-660_3,206,1631,421,25.8,1049,64.3,161,0,0,0.0
8334.lol,lol,2026-09-15,content-2026-09-14c-7str-oform-2_4,206,2716,700,25.8,1781,65.6,235,0,0,0.0
hhfp.team,team,2026-09-10,КОНТЕНТ НЕ ЗАПИСАН,206,565,146,25.8,208,36.8,211,0,0,0.0
j1a.lol,lol,2026-09-19,content-2026-09-17b-7str-oform_14,206,2113,540,25.6,1467,69.4,106,0,0,0.0
lnwc.team,team,2026-08-20,КОНТЕНТ НЕ ЗАПИСАН,199,3346,854,25.5,1200,35.9,1292,0,0,0.0
2708.lol,lol,2026-09-19,nabory-641-650_4,206,2058,522,25.4,1387,67.4,149,0,0,0.0
casino2552.team,team,2026-09-10,КОНТЕНТ НЕ ЗАПИСАН,206,500,127,25.4,306,61.2,67,0,0,0.0
1109h.casino,casino,2026-09-11,NEW102оформленосдатой,206,1239,313,25.3,612,49.4,314,0,0,0.0
imic.team,team,2026-09-15,content-2026-09-14c-7str-oform-2_17,206,2781,703,25.3,1963,70.6,115,4,0,20.4
0509mg.casino,casino,2026-09-05,NEW21_12pages_nodate_styled_img,206,1260,316,25.1,352,27.9,592,0,0,0.0
0739.team,team,2026-09-10,КОНТЕНТ НЕ ЗАПИСАН,206,1019,256,25.1,614,60.3,149,0,0,0.0
5030.team,team,2026-09-10,archive47_unique119оформленочасть2,206,391,98,25.1,184,47.1,109,0,0,0.0
casino27.team,team,2026-09-16,content-2026-09-14c-7str-oform-1_33,206,2609,655,25.1,1855,71.1,99,0,0,0.0
lwcasino.team,team,2026-09-06,NEW20_3_7pages_withdate_styled_img,206,1176,295,25.1,723,61.5,158,1,0,13.8
4773.lol,lol,2026-09-15,content-2026-09-14c-7str-oform-2_44,206,3827,955,25.0,2574,67.3,298,0,0,0.0
5719.team,team,2026-08-20,КОНТЕНТ НЕ ЗАПИСАН,202,4352,1087,25.0,2185,50.2,1080,0,0,0.0
6764.lol,lol,2026-09-11,NEW102оформленобездаты,206,2330,582,25.0,1415,60.7,333,0,0,0.0
8474.lol,lol,2026-09-03,КОНТЕНТ НЕ ЗАПИСАН,206,3919,980,25.0,2165,55.2,774,1,0,4.6
casinoubf.buzz,buzz,2026-09-08,archive37строформленоv2часть1,206,2331,580,24.9,1289,55.3,462,0,0,0.0
2120.team,team,2026-09-12,content-2026-09-12-7str-oform-2,206,864,214,24.8,111,12.8,539,0,0,0.0
441casino.lol,lol,2026-09-06,NEW20_3_12pages_withdate_styled_img,206,2526,626,24.8,1583,62.7,317,0,0,0.0
b3nk.team,team,2026-08-31,Generator_11page_test_1…_9 (dorgen com,206,8465,2101,24.8,5401,63.8,963,0,0,0.0
c8j9.casino,casino,2026-09-12,NEW102оформленобездаты,206,1826,452,24.8,1105,60.5,269,0,0,0.0
casinofsd.lol,lol,2026-09-06,nabory421425_styled_img,206,3385,840,24.8,2039,60.2,506,1,1,4.9
b4kr.team,team,2026-08-21,КОНТЕНТ НЕ ЗАПИСАН,206,5685,1404,24.7,3870,68.1,411,0,0,0.0
1409.team,team,2026-08-25,КОНТЕНТ НЕ ЗАПИСАН,206,5017,1234,24.6,3035,60.5,748,0,0,0.0
1109tt.casino,casino,2026-09-11,NEW102оформленобездаты,206,2072,508,24.5,1284,62.0,280,0,0,0.0
4928.lol,lol,2026-09-19,nabory-651-660_10,206,1990,488,24.5,1376,69.1,126,0,0,0.0
6800.lol,lol,2026-09-13,content-2026-09-12-7str-oform-3,206,2312,567,24.5,1607,69.5,138,0,0,0.0
casinoybc.team,team,2026-09-10,КОНТЕНТ НЕ ЗАПИСАН,206,573,140,24.4,323,56.4,110,0,0,0.0
casinocvq.team,team,2026-09-10,archive37строформленоv2часть3,206,280,68,24.3,187,66.8,25,0,0,0.0
nmii.team,team,2026-09-16,content-2026-09-14c-7str-oform-1_24,206,2952,717,24.3,2024,68.6,211,0,0,0.0
1305.team,team,2026-08-21,КОНТЕНТ НЕ ЗАПИСАН,206,5339,1292,24.2,3028,56.7,1019,1,0,3.3
29casino.lol,lol,2026-09-20,content-2026-09-17-7str-oform-1_42,206,2069,501,24.2,1440,69.6,128,0,0,0.0
5256.lol,lol,2026-09-06,NEW20_3_7pages_nodate_styled_img,205,1564,378,24.2,974,62.3,212,0,0,0.0
mhpl.lol,lol,2026-09-12,content-2026-09-12-7str-oform-1,206,2046,496,24.2,1321,64.6,229,0,0,0.0
b6t.lol,lol,2026-09-16,content-2026-09-15-7str-oform-2_1,206,4708,1136,24.1,3381,71.8,191,0,0,0.0
casino534.lol,lol,2026-09-11,NEW102оформленобездаты,206,1521,367,24.1,913,60.0,241,1,0,11.0
lmfq.team,team,2026-09-19,content-2026-09-17-7str-oform-2_39,206,2765,667,24.1,2009,72.7,89,0,0,0.0
tgmb.team,team,2026-09-03,NEW50_12pages_withdate_01.09,206,4532,1094,24.1,2518,55.6,920,5,0,19.9
xlqd.team,team,2026-09-15,content-2026-09-14c-7str-oform-2_14,206,5364,1292,24.1,3741,69.7,331,0,0,0.0
5226casino.lol,lol,2026-09-16,nabory-555-564_styled_img_2,206,2678,644,24.0,1861,69.5,173,1,0,5.4
7492.lol,lol,2026-09-15,content-2026-09-14c-7str-oform-2_2,206,4319,1038,24.0,3107,71.9,174,1,1,3.2
rjff.team,team,2026-08-25,NEW33_12pages_withdate_25.08,205,3727,896,24.0,2121,56.9,710,0,0,0.0
1812.team,team,2026-09-06,NEW20_3_7pages_nodate_styled_img,206,1666,399,23.9,1057,63.4,210,0,0,0.0
2659.team,team,2026-09-15,content-2026-09-14c-7str-oform-2_23,206,4573,1095,23.9,3271,71.5,207,1,0,3.1
3869.lol,lol,2026-09-07,nabory431435_styled_img,206,3007,715,23.8,1894,63.0,398,0,0,0.0
casinos6.lol,lol,2026-09-11,NEW102оформленобездаты,206,3210,765,23.8,1962,61.1,483,0,0,0.0
kccasino.team,team,2026-09-16,content-2026-09-15-7str-oform-2_38,206,3488,829,23.8,2490,71.4,169,0,0,0.0
p8l7.team,team,2026-09-07,clean12_unique11оформлено,206,1431,340,23.8,917,64.1,174,0,0,0.0
qtcasino.lol,lol,2026-09-20,nabory-651-660_6,206,1539,367,23.8,994,64.6,178,0,0,0.0
0509casino.casino,casino,2026-09-05,NEW21_12pages_withdate_styled_img,206,2311,548,23.7,1364,59.0,399,0,0,0.0
1085.team,team,2026-08-19,КОНТЕНТ НЕ ЗАПИСАН,186,11571,2745,23.7,7332,63.4,1494,0,0,0.0
3112.team,team,2026-08-26,NEW33_12pages_nodate+img_25.08,206,3464,821,23.7,2018,58.3,625,0,0,0.0
8928.team,team,2026-09-08,clean7_part1_50оформлено,206,1736,412,23.7,527,30.4,797,0,0,0.0
casinos9.team,team,2026-09-15,nabory-515-524_styled_img_5,206,2731,646,23.7,1925,70.5,160,0,0,0.0
diou.lol,lol,2026-09-13,content-2026-09-12-7str-oform-3,206,1722,408,23.7,1225,71.1,89,0,0,0.0
2650.team,team,2026-08-20,КОНТЕНТ НЕ ЗАПИСАН,205,3027,714,23.6,1728,57.1,585,2,0,11.6
2835.lol,lol,2026-09-11,NEW102оформленосдатой,206,4442,1048,23.6,2754,62.0,640,0,0,0.0
9511.team,team,2026-09-07,nabory441443_styled_img,206,2118,499,23.6,1322,62.4,297,0,0,0.0
cxqj.team,team,2026-09-13,content-2026-09-12-7str-oform-3,206,1324,311,23.5,823,62.2,190,0,0,0.0
casinos7.team,team,2026-09-13,content-2026-09-12-7str-oform-3,206,661,154,23.3,472,71.4,35,0,0,0.0
cgnr.team,team,2026-08-18,КОНТЕНТ НЕ ЗАПИСАН,184,7768,1811,23.3,4502,58.0,1455,0,0,0.0
2885.team,team,2026-08-31,КОНТЕНТ НЕ ЗАПИСАН,206,11622,2687,23.1,7861,67.6,1074,2,0,2.5
6860.lol,lol,2026-09-03,КОНТЕНТ НЕ ЗАПИСАН,206,6875,1585,23.1,4692,68.2,598,0,0,0.0
9281.lol,lol,2026-09-08,archive37строформленоv2часть2,206,658,152,23.1,439,66.7,67,0,0,0.0
wgcasino.team,team,2026-09-15,content-2026-09-14c-12str-oform_4,206,3554,821,23.1,2583,72.7,150,0,0,0.0
casinouep.lol,lol,2026-09-08,Content_script_12page_08.09,206,3109,716,23.0,1835,59.0,558,0,0,0.0
cfpm.team,team,2026-08-20,КОНТЕНТ НЕ ЗАПИСАН,199,6755,1554,23.0,3756,55.6,1445,3,0,8.0
lrzn.team,team,2026-08-18,КОНТЕНТ НЕ ЗАПИСАН,184,7854,1809,23.0,4953,63.1,1092,0,0,0.0
m5tv.store,store,2026-08-21,КОНТЕНТ НЕ ЗАПИСАН,206,8649,1991,23.0,5131,59.3,1527,1,0,1.9
0273.team,team,2026-09-10,archive47_unique119оформленочасть2,206,1132,259,22.9,725,64.0,148,0,0,0.0
a1j.lol,lol,2026-09-03,NEW50_3_12pages_withdate_styled,206,4016,921,22.9,841,20.9,2254,0,0,0.0
bwzs.casino,casino,2026-09-11,NEW102оформленосдатой,206,1693,388,22.9,1076,63.6,229,0,0,0.0
casino0509h.casino,casino,2026-09-05,NEW21_12pages_withdate_styled_img,206,3244,743,22.9,1934,59.6,567,2,0,10.3
efsr.casino,casino,2026-09-11,clean7_part1_50оформлено,206,3516,804,22.9,2391,68.0,321,0,0,0.0
fvso.lol,lol,2026-09-16,content-2026-09-14c-7str-oform-2_6,206,3198,731,22.9,2011,62.9,456,0,0,0.0
mwrp.team,team,2026-09-06,NEW20_3_7pages_nodate_styled_img,206,2643,606,22.9,815,30.8,1222,0,0,0.0
vago.team,team,2026-09-20,content-2026-09-17-7str-oform-2_45,206,2068,473,22.9,1407,68.0,188,0,0,0.0
casino378.lol,lol,2026-09-12,content-2026-09-12-7str-oform-1,206,2289,522,22.8,1457,63.7,310,0,0,0.0
wlxr.team,team,2026-08-26,NEW33_12pages_withdate+img_25.08,206,8270,1886,22.8,4216,51.0,2168,2,0,4.7
casinoasg.lol,lol,2026-09-19,nabory-621-630_4,206,2714,616,22.7,2034,74.9,64,1,0,4.9
w1l4.team,team,2026-09-16,content-2026-09-14c-7str-oform-1_26,206,2747,624,22.7,1986,72.3,137,0,0,0.0
4092.team,team,2026-09-15,content-2026-09-14c-7str-oform-1_39,206,4435,1002,22.6,2990,67.4,443,0,0,0.0
dhkt.team,team,2026-08-20,КОНТЕНТ НЕ ЗАПИСАН,199,4935,1113,22.6,2536,51.4,1286,1,0,3.9
2159casino.team,team,2026-09-15,content-2026-09-14b-7str-oform-2_41,206,2268,510,22.5,1576,69.5,182,1,0,6.3
4232.team,team,2026-09-15,content-2026-09-14c-7str-oform-1_36,206,4194,943,22.5,2907,69.3,344,3,0,10.3
5297-4.casino,casino,2026-08-21,КОНТЕНТ НЕ ЗАПИСАН,206,3061,688,22.5,1649,53.9,724,1,0,6.1
5406.lol,lol,2026-09-08,clean7_part1_50оформлено,206,2463,553,22.5,1785,72.5,125,2,0,11.2
669casino.lol,lol,2026-09-16,content-2026-09-15-7str-oform-2_6,206,3707,825,22.3,2766,74.6,116,0,0,0.0
rwdk.team,team,2026-08-19,КОНТЕНТ НЕ ЗАПИСАН,184,12571,2808,22.3,8533,67.9,1230,0,0,0.0
w9g6.lol,lol,2026-09-20,content-2026-09-17b-7str-oform_4,206,1343,299,22.3,930,69.2,114,0,0,0.0
6925.team,team,2026-08-25,NEW33_12pages_withdate_25.08,206,3262,724,22.2,2035,62.4,503,0,0,0.0
casino0409m.casino,casino,2026-09-04,NEW20_12pages_withdate_styled_img,206,3507,778,22.2,2141,61.0,588,0,0,0.0
hnur.team,team,2026-09-15,content-2026-09-14c-7str-oform-2_29,206,3822,848,22.2,2454,64.2,520,0,0,0.0
itym.team,team,2026-09-15,content-2026-09-14b-7str-oform-2_20,206,4305,957,22.2,2890,67.1,458,2,1,6.9
3255.lol,lol,2026-09-15,content-2026-09-14c-7str-oform-2_9,206,4738,1046,22.1,3315,70.0,377,0,0,0.0
mhob.team,team,2026-09-10,nabory464466,206,2463,544,22.1,1471,59.7,448,0,0,0.0
t7g.team,team,2026-08-26,NEW33_12pages_nodate+img_25.08,206,5759,1274,22.1,3830,66.5,655,0,0,0.0
1052.team,team,2026-08-18,КОНТЕНТ НЕ ЗАПИСАН,184,8547,1884,22.0,5638,66.0,1025,0,0,0.0
casino947.lol,lol,2026-09-10,archive37строформленоv2часть3,206,1812,397,21.9,1152,63.6,263,0,0,0.0
csccasino.team,team,2026-09-15,content-2026-09-14b-7str-oform-2_29,206,4085,894,21.9,3002,73.5,189,0,0,0.0
xycasino.team,team,2026-09-06,NEW20_3_7pages_withdate_styled_img,206,2516,552,21.9,1709,67.9,255,0,0,0.0
0749.team,team,2026-09-15,content-2026-09-14c-7str-oform-2_3,206,3942,858,21.8,2849,72.3,235,1,1,3.5
2930.team,team,2026-09-11,clean7_part1_50оформлено,206,1020,222,21.8,586,57.5,212,0,0,0.0
casino587.lol,lol,2026-09-20,content-2026-09-17-7str-oform-1_21,206,2872,625,21.8,2123,73.9,124,0,0,0.0
casino4934.lol,lol,2026-09-04,NEW20_12pages_withdate_styled_img,206,3759,817,21.7,2405,64.0,537,1,0,4.2
casino362.lol,lol,2026-09-19,nabory-631-640_5,206,1401,303,21.6,1006,71.8,92,0,0,0.0
hshl.casino,casino,2026-09-11,clean7_part1_50оформлено,206,3318,713,21.5,2310,69.6,295,0,0,0.0
2129.lol,lol,2026-09-11,NEW102оформленосдатой,206,2941,630,21.4,1875,63.8,436,3,1,16.0
3654.team,team,2026-09-03,NEW50_7pages_nodate_01.09,206,845,181,21.4,323,38.2,341,0,0,0.0
wgxx.team,team,2026-08-25,КОНТРОЛЬ NEW50_5_7pages_nodate_21.08,206,4221,903,21.4,2766,65.5,552,1,0,3.6
843casino.team,team,2026-09-11,archive37строформленоv2часть1,206,371,79,21.3,88,23.7,204,0,0,0.0
casino61.buzz,buzz,2026-09-08,archive37строформленоv2часть2,206,1674,356,21.3,1181,70.5,137,0,0,0.0
smzk.lol,lol,2026-08-21,КОНТЕНТ НЕ ЗАПИСАН,206,5387,1149,21.3,3269,60.7,969,2,0,6.1
6973.team,team,2026-09-10,archive47_unique119оформленочасть2,206,466,98,21.0,301,64.6,67,0,0,0.0
9279.team,team,2026-08-25,КОНТРОЛЬ NEW50_5_7pages_nodate_21.08,206,1708,358,21.0,1086,63.6,264,0,0,0.0
9442.team,team,2026-09-11,script_yandex_12page,206,3498,736,21.0,2298,65.7,464,0,0,0.0
f5nv.team,team,2026-08-22,КОНТЕНТ НЕ ЗАПИСАН,206,13196,2766,21.0,8713,66.0,1717,1,0,1.1
kwsg.lol,lol,2026-09-19,nabory-621-630_9,206,3294,693,21.0,2455,74.5,146,0,0,0.0
1109mm.casino,casino,2026-09-11,script_yandex_12page,206,3777,790,20.9,2630,69.6,357,0,0,0.0
4160.lol,lol,2026-09-11,archive37строформленоv2часть1,206,2016,422,20.9,1364,67.7,230,0,0,0.0
5012.team,team,2026-08-26,NEW17_NOimg_withdate_26.08,206,4864,1003,20.6,3266,67.1,595,1,0,3.1
7497.team,team,2026-09-15,content-2026-09-14b-7str-oform-2_26,206,3620,747,20.6,2729,75.4,144,0,0,0.0
aqqr.team,team,2026-09-16,nabory-535-544_styled_img_9,206,3328,686,20.6,2458,73.9,184,0,0,0.0
casino5675.team,team,2026-09-10,archive47_unique119оформленочасть1,206,810,167,20.6,549,67.8,94,0,0,0.0
0509rr.casino,casino,2026-09-05,NEW21_12pages_withdate_styled_img,206,2232,458,20.5,1340,60.0,434,0,0,0.0
0572.team,team,2026-09-10,NEW102оформленосдатой,206,2942,604,20.5,1892,64.3,446,0,0,0.0
9799.team,team,2026-09-11,clean7_part1_50оформлено,206,2281,468,20.5,1528,67.0,285,1,0,6.5
2369.lol,lol,2026-09-03,NEW50_3_12pages_withdate_styled,206,6396,1296,20.3,4203,65.7,897,3,1,7.1
i5x.team,team,2026-08-24,ТЕСТ B Generator_11page_NOimg_24.08,206,9251,1874,20.3,6563,70.9,814,0,0,0.0
7978.lol,lol,2026-09-07,NEW20_4_12pages_nodate,206,2192,441,20.1,1404,64.1,347,1,0,7.1
3664.team,team,2026-08-26,NEW17_img_withdate_26.08,206,6931,1389,20.0,4816,69.5,726,2,0,4.2
9383.team,team,2026-09-10,archive47_unique119оформленочасть2,206,809,161,19.9,557,68.9,91,0,0,0.0
1009hd.casino,casino,2026-09-10,archive47_unique119оформленочасть1,206,2141,423,19.8,1516,70.8,202,0,0,0.0
casino1009s.casino,casino,2026-09-11,NEW102оформленобездаты,206,3245,644,19.8,2216,68.3,385,0,0,0.0
2386.team,team,2026-08-31,Generator_11page_test_1…_9 (dorgen com,206,12178,2402,19.7,8692,71.4,1084,0,0,0.0
7055.team,team,2026-09-11,NEW102оформленобездаты,206,3177,626,19.7,2131,67.1,420,3,0,14.1
7326.team,team,2026-09-03,NEW50_7pages_withdate_01.09,206,2835,559,19.7,1834,64.7,442,1,0,5.5
casino6166.team,team,2026-09-16,content-2026-09-14c-7str-oform-1_8,206,4023,794,19.7,3172,78.8,57,0,0,0.0
casinoxr.lol,lol,2026-09-15,content-2026-09-14b-7str-oform-2_31,206,3891,768,19.7,2892,74.3,231,0,0,0.0
3479.team,team,2026-09-15,content-2026-09-14b-7str-oform-2_24,206,2935,576,19.6,2006,68.3,353,0,0,0.0
7957.lol,lol,2026-09-18,content-2026-09-17-7str-oform-2_24,150,3357,659,19.6,2627,78.3,71,0,0,0.0
casino62.lol,lol,2026-09-11,clean7_part1_50оформлено,206,1257,246,19.6,943,75.0,68,0,0,0.0
2307.team,team,2026-08-26,NEW17_img_withdate_26.08,206,4144,807,19.5,2849,68.8,488,0,0,0.0
2679.team,team,2026-08-26,NEW33_12pages_withdate+img_25.08,206,7653,1495,19.5,5636,73.6,522,1,1,1.8
2663.team,team,2026-09-06,struktura8x7,206,2891,562,19.4,2071,71.6,258,0,0,0.0
ombr.team,team,2026-09-04,Generator_346353_styled_img,206,7614,1479,19.4,5428,71.3,707,1,0,1.8
2974.team,team,2026-09-16,content-2026-09-15-7str-oform-2_33,206,4411,853,19.3,3403,77.1,155,0,0,0.0
0348.team,team,2026-09-02,NEW50_7pages_nodate_01.09,206,5210,995,19.1,3496,67.1,719,1,0,2.9
5648.lol,lol,2026-09-11,clean7_part1_50оформлено,206,1418,271,19.1,988,69.7,159,0,0,0.0
6591.team,team,2026-09-10,nabory464466,206,2466,468,19.0,1426,57.8,572,0,0,0.0
casino3416.team,team,2026-09-14,content-2026-09-14-12str-oform_11,206,3081,584,19.0,2302,74.7,195,0,0,0.0
hch.lol,lol,2026-09-19,content-2026-09-17-7str-oform-2_47,206,3053,580,19.0,2331,76.4,142,1,0,4.3
h9mt.team,team,2026-08-31,Generator_11page_test_1…_9 (dorgen com,206,11337,2141,18.9,8095,71.4,1101,1,0,1.2
1540.lol,lol,2026-09-19,nabory-641-650_2,206,2618,493,18.8,1983,75.7,142,0,0,0.0
casinooat.lol,lol,2026-09-19,nabory-631-640_1,206,2755,517,18.8,2178,79.1,60,0,0,0.0
fpq.lol,lol,2026-09-06,NEW20_3_12pages_withdate_styled_img,206,2301,433,18.8,1613,70.1,255,0,0,0.0
oasc.team,team,2026-09-02,NEW50_2_7pages_withdate,206,6418,1197,18.7,4589,71.5,632,0,0,0.0
9903.team,team,2026-09-11,NEW102оформленосдатой,206,2143,398,18.6,1441,67.2,304,0,0,0.0
ypur.team,team,2026-09-03,NEW50_3_12pages_withdate_styled,206,6857,1276,18.6,4730,69.0,851,0,0,0.0
4657.team,team,2026-08-26,NEW33_12pages_withdate+img_25.08,206,5749,1066,18.5,4096,71.2,587,1,0,2.4
casino69.team,team,2026-09-13,content-2026-09-12-7str-oform-3,206,2799,518,18.5,2203,78.7,78,0,0,0.0
1009t.casino,casino,2026-09-10,archive47_unique119оформленочасть1,206,1714,316,18.4,1040,60.7,358,0,0,0.0
h1p5.team,team,2026-09-11,nabory481483_styled_img_dark,206,4826,888,18.4,3509,72.7,429,0,0,0.0
2584.team,team,2026-08-26,NEW33_12pages_nodate+img_25.08,206,5370,983,18.3,3421,63.7,966,0,0,0.0
9712.team,team,2026-08-26,NEW33_12pages_nodate+img_25.08,206,3309,605,18.3,2263,68.4,441,1,0,4.4
1009g.casino,casino,2026-09-11,script_yandex_12page,206,2071,376,18.2,1470,71.0,225,0,0,0.0
7188.lol,lol,2026-09-11,archive37строформленоv2часть1,206,2391,433,18.1,1658,69.3,300,0,0,0.0
casinoj3.lol,lol,2026-09-11,NEW102оформленосдатой,206,3352,608,18.1,2309,68.9,435,0,0,0.0
4464.team,team,2026-08-26,NEW33_12pages_nodate+img_25.08,206,3751,676,18.0,2566,68.4,509,0,0,0.0
knkk.team,team,2026-08-26,NEW33_12pages_nodate+img_25.08,206,4293,772,18.0,2889,67.3,632,0,0,0.0
vecasino.lol,lol,2026-09-15,content-2026-09-14b-7str-oform-2_21,206,6353,1145,18.0,4840,76.2,368,1,1,2.1
0058.team,team,2026-08-26,NEW33_12pages_nodate+img_25.08,206,9892,1756,17.8,7415,75.0,721,1,0,1.3
2465.team,team,2026-09-03,NEW50_7pages_withdate_01.09,206,3217,573,17.8,1954,60.7,690,0,0,0.0
0299.team,team,2026-09-10,archive47_unique119оформленочасть2,206,1361,241,17.7,894,65.7,226,0,0,0.0
2097.team,team,2026-09-03,NEW50_3_12pages_withdate_styled,206,8211,1444,17.6,5823,70.9,944,1,0,1.7
casinobzb.team,team,2026-09-15,content-2026-09-14c-12str-oform_1,206,6240,1093,17.5,4672,74.9,475,2,0,4.3
1293.team,team,2026-09-10,КОНТЕНТ НЕ ЗАПИСАН,206,979,169,17.3,668,68.2,142,1,0,15.0
casino088.team,team,2026-09-15,content-2026-09-14c-7str-oform-2_31,206,3209,554,17.3,2493,77.7,162,1,0,4.0
0509k.casino,casino,2026-09-06,NEW20_3_12pages_nodate_styled_img,206,4661,796,17.1,3256,69.9,609,0,0,0.0
3982.team,team,2026-08-21,КОНТЕНТ НЕ ЗАПИСАН,206,8925,1522,17.1,6145,68.9,1258,1,0,1.6
6655.team,team,2026-09-10,archive37строформленоv2часть1,206,2415,413,17.1,1798,74.5,204,2,1,11.1
casinogh.team,team,2026-09-06,NEW20_3_7pages_withdate_styled_img,206,2403,408,17.0,1765,73.4,230,0,0,0.0
casino4420.lol,lol,2026-09-16,content-2026-09-14c-7str-oform-2_8,206,8142,1373,16.9,6663,81.8,106,0,0,0.0
qxtl.casino,casino,2026-09-11,clean7_part1_50оформлено,206,4224,714,16.9,3153,74.6,357,1,0,3.2
zics.team,team,2026-09-16,content-2026-09-14c-7str-oform-1_4,206,4165,705,16.9,3265,78.4,195,0,0,0.0
casino1009.casino,casino,2026-09-11,NEW102оформленобездаты,206,2410,404,16.8,1724,71.5,282,0,0,0.0
casino792.lol,lol,2026-09-20,content-2026-09-17-7str-oform-1_28,206,4279,720,16.8,3429,80.1,130,1,0,2.9
0938.team,team,2026-09-15,content-2026-09-14c-7str-oform-2_42,206,4148,692,16.7,3144,75.8,312,0,0,0.0
1978.lol,lol,2026-09-17,content-2026-09-16-7str_1,206,4699,786,16.7,3833,81.6,80,2,0,5.2
6874.team,team,2026-09-16,content-2026-09-15-7str-oform-2_23,206,4905,817,16.7,3897,79.4,191,1,1,2.6
itsr.team,team,2026-09-15,content-2026-09-14c-7str-oform-2_25,206,8755,1449,16.6,6791,77.6,515,2,0,2.9
1556.lol,lol,2026-09-08,clean7_part1_50оформлено,206,2603,430,16.5,1695,65.1,478,0,0,0.0
2951.team,team,2026-08-31,Generator_11page_test_1…_9 (dorgen com,206,10241,1686,16.5,7694,75.1,861,3,0,3.9
9720.team,team,2026-08-26,КОНТЕНТ НЕ ЗАПИСАН,206,5143,845,16.4,3676,71.5,622,0,0,0.0
3176.team,team,2026-09-13,content-2026-09-12-7str-oform-3,206,883,144,16.3,692,78.4,47,0,0,0.0
9942.team,team,2026-09-10,archive37строформленоv2часть1,206,2515,409,16.3,1887,75.0,219,1,0,5.3
0509h.casino,casino,2026-09-05,NEW21_12pages_nodate_styled_img,206,3842,623,16.2,2595,67.5,624,0,0,0.0
3305.lol,lol,2026-09-16,nabory-545-554_styled_img_2,206,4449,722,16.2,3443,77.4,284,0,0,0.0
7395.lol,lol,2026-09-02,NEW50_2_12pages_nodate_02.09,206,5069,823,16.2,3620,71.4,626,3,0,8.3
ploo.team,team,2026-09-15,content-2026-09-14c-12str-oform_2,206,7684,1243,16.2,5828,75.8,613,4,2,6.9
reyn.team,team,2026-08-26,NEW33_12pages_nodate+img_25.08,206,5952,967,16.2,3946,66.3,1039,3,0,7.6
2388.team,team,2026-09-15,content-2026-09-14c-12str-oform_3,206,5271,848,16.1,4249,80.6,174,0,0,0.0
2801.team,team,2026-09-02,NEW50_2_12pages_withdate_02.09,206,3793,610,16.1,2624,69.2,559,0,0,0.0
hprl.team,team,2026-08-21,КОНТЕНТ НЕ ЗАПИСАН,206,8221,1324,16.1,5669,69.0,1228,0,0,0.0
pscasino.lol,lol,2026-09-20,nabory-631-640_6,206,2006,322,16.1,1600,79.8,84,0,0,0.0
v1t.team,team,2026-09-20,content-2026-09-17-7str-oform-2_32,206,4372,702,16.1,3434,78.5,236,1,0,2.9
1109ss.casino,casino,2026-09-11,NEW102оформленобездаты,206,2028,322,15.9,1417,69.9,289,0,0,0.0
5390.team,team,2026-08-20,КОНТЕНТ НЕ ЗАПИСАН,199,9613,1525,15.9,6877,71.5,1211,0,0,0.0
3045.team,team,2026-08-25,NEW33_12pages_withdate_25.08,206,6296,986,15.7,4586,72.8,724,0,0,0.0
9413.lol,lol,2026-09-07,NEW20_4_12pages_withdate,206,5344,829,15.5,3818,71.4,697,1,0,2.6
oiiu.team,team,2026-08-26,NEW33_12pages_nodate+img_25.08,206,4140,640,15.5,3028,73.1,472,0,0,0.0
2384.lol,lol,2026-09-11,clean7_part1_50оформлено,206,2912,448,15.4,2220,76.2,244,0,0,0.0
j9cw.team,team,2026-08-18,КОНТЕНТ НЕ ЗАПИСАН,184,12744,1968,15.4,9905,77.7,871,1,0,1.0
6881.team,team,2026-08-25,Generator_11page_NOimg_25.08,206,5627,862,15.3,4182,74.3,583,1,0,2.4
2544.team,team,2026-09-15,content-2026-09-14c-7str-oform-1_43,206,7159,1089,15.2,5732,80.1,338,1,0,1.7
6200.team,team,2026-09-15,content-2026-09-14c-7str-oform-1_25,206,5040,767,15.2,4112,81.6,161,1,0,2.4
casinom9.lol,lol,2026-09-19,content-2026-09-17b-7str-oform_13,206,2945,445,15.1,2435,82.7,65,0,0,0.0
casinobl.lol,lol,2026-09-16,nabory-535-544_styled_img_4,206,4681,704,15.0,3698,79.0,279,0,0,0.0
kmwq.team,team,2026-08-18,КОНТЕНТ НЕ ЗАПИСАН,184,10184,1526,15.0,7363,72.3,1295,0,0,0.0
113casino.lol,lol,2026-09-08,Content_script_12page_08.09,206,2988,446,14.9,2384,79.8,158,1,0,4.2
2385.team,team,2026-08-18,КОНТЕНТ НЕ ЗАПИСАН,184,13243,1976,14.9,10147,76.6,1120,2,0,2.0
6348.lol,lol,2026-09-03,NEW50_3_12pages_nodate_styled,206,7790,1161,14.9,6028,77.4,601,0,0,0.0
s6wb.team,team,2026-08-26,NEW17_NOimg_withdate_26.08,204,8454,1256,14.9,6739,79.7,459,1,0,1.5
qlmf.lol,lol,2026-09-09,archive412_unique12оформлено,206,9480,1399,14.8,7585,80.0,496,5,1,6.6
4316.lol,lol,2026-09-10,archive37строформленоv2часть1,206,3691,539,14.6,2808,76.1,344,0,0,0.0
kkci.lol,lol,2026-09-19,content-2026-09-17-7str-oform-2_37,206,3986,577,14.5,3267,82.0,142,1,1,3.1
casinojxu.team,team,2026-09-11,clean7_part1_50оформлено,206,945,136,14.4,549,58.1,260,0,0,0.0
fgtg.casino,casino,2026-09-10,archive47_unique119оформленочасть1,206,3332,480,14.4,2352,70.6,500,0,0,0.0
hkucasino.team,team,2026-09-18,content-2026-09-16-7str_3,150,6684,953,14.3,5628,84.2,103,1,0,1.8
k8z.team,team,2026-09-11,NEW102оформленосдатой,206,4185,597,14.3,3116,74.5,472,1,0,3.2
mtbf.team,team,2026-08-18,КОНТЕНТ НЕ ЗАПИСАН,184,12716,1821,14.3,9665,76.0,1230,2,1,2.1
opcasino.lol,lol,2026-09-08,clean7_part1_50оформлено,206,2444,350,14.3,1956,80.0,138,0,0,0.0
1831.lol,lol,2026-09-15,content-2026-09-14c-7str-oform-2_27,206,5306,747,14.1,4277,80.6,282,0,0,0.0
2108io.buzz,buzz,2026-08-21,КОНТЕНТ НЕ ЗАПИСАН,206,3180,448,14.1,2349,73.9,383,0,0,0.0
1106.team,team,2026-08-25,КОНТРОЛЬ NEW50_5_7pages_nodate_21.08,206,4135,579,14.0,3056,73.9,500,0,0,0.0
0509dd.casino,casino,2026-09-05,NEW21_7pages_withdate_styled_img,206,2606,361,13.9,2043,78.4,202,0,0,0.0
9430.team,team,2026-09-15,content-2026-09-14c-7str-oform-1_31,206,4818,672,13.9,3968,82.4,178,1,0,2.5
4609.team,team,2026-09-08,Content_script_12page_08.09,206,5041,694,13.8,3993,79.2,354,1,0,2.5
ckcasino.lol,lol,2026-09-20,content-2026-09-17-7str-oform-1_34,206,2962,406,13.7,2490,84.1,66,1,1,4.0
iitm.team,team,2026-09-19,content-2026-09-17-7str-oform-2_52,206,3511,481,13.7,2934,83.6,96,1,0,3.4
5882.team,team,2026-09-11,NEW102оформленобездаты,206,4624,630,13.6,3441,74.4,553,0,0,0.0
fvqcasino.lol,lol,2026-09-19,nabory-621-630_2,206,4587,625,13.6,3869,84.3,93,2,0,5.2
0017.team,team,2026-09-07,Выдача_06.09_12стр,206,6955,941,13.5,5583,80.3,431,1,0,1.8
0860.team,team,2026-09-18,content-2026-09-17-7str-oform-2_8,150,3222,434,13.5,2732,84.8,56,1,0,3.7
1009cas.casino,casino,2026-09-10,archive47_unique119оформленочасть1,206,2791,377,13.5,2097,75.1,317,1,0,4.8
casino604.team,team,2026-09-11,NEW102оформленосдатой,206,1637,221,13.5,1136,69.4,280,0,0,0.0
casino86.buzz,buzz,2026-09-08,archive37строформленоv2часть2,206,2497,333,13.3,2057,82.4,107,0,0,0.0
3785.lol,lol,2026-09-18,content-2026-09-17b-7str-oform_38,150,3697,485,13.1,3129,84.6,83,1,0,3.2
blsr.team,team,2026-08-21,КОНТЕНТ НЕ ЗАПИСАН,206,16746,2188,13.1,12486,74.6,2072,2,0,1.6
3142.team,team,2026-09-11,clean7_part1_50оформлено,206,3755,490,13.0,2997,79.8,268,0,0,0.0
ikmd.team,team,2026-09-03,NEW50_7pages_nodate_01.09,206,5527,706,12.8,4315,78.1,506,0,0,0.0
gltb.team,team,2026-08-18,КОНТЕНТ НЕ ЗАПИСАН,184,14920,1876,12.6,11271,75.5,1773,1,0,0.9
h1g.team,team,2026-09-19,content-2026-09-17-7str-oform-2_55,206,5527,699,12.6,4708,85.2,120,0,0,0.0
8773.team,team,2026-09-08,Content_script_12page_08.09,206,2761,346,12.5,2274,82.4,141,0,0,0.0
o6q.team,team,2026-09-10,archive47_unique119оформленочасть2,206,2020,252,12.5,1580,78.2,188,0,0,0.0
2097.lol,lol,2026-09-03,NEW50_3_12pages_nodate_styled,206,13953,1737,12.4,11144,79.9,1072,3,0,2.7
2654.team,team,2026-08-25,КОНТЕНТ НЕ ЗАПИСАН,206,8920,1108,12.4,7146,80.1,666,0,0,0.0
7592.team,team,2026-08-19,КОНТЕНТ НЕ ЗАПИСАН,184,17802,2169,12.2,14584,81.9,1049,0,0,0.0
q7g3.team,team,2026-09-06,struktura8x7,206,4941,598,12.1,3996,80.9,347,0,0,0.0
wgmr.team,team,2026-08-22,КОНТЕНТ НЕ ЗАПИСАН,206,16381,1939,11.8,13179,80.5,1263,1,0,0.8
2291.team,team,2026-08-25,КОНТРОЛЬ NEW50_5_7pages_nodate_21.08,206,3247,381,11.7,2531,77.9,335,0,0,0.0
8739.lol,lol,2026-09-10,archive37строформленоv2часть3,206,1676,196,11.7,1339,79.9,141,1,0,7.5
casino6204.team,team,2026-09-16,content-2026-09-14c-7str-oform-1_14,206,4777,558,11.7,4115,86.1,104,0,0,0.0
casinomd.team,team,2026-09-19,content-2026-09-17-7str-oform-2_7,206,4333,503,11.6,3761,86.8,69,0,0,0.0
nlel.team,team,2026-09-10,archive37строформленоv2часть3,206,5990,683,11.4,4710,78.6,597,1,0,2.1
1467.team,team,2026-08-20,КОНТЕНТ НЕ ЗАПИСАН,199,17583,1985,11.3,14386,81.8,1212,0,0,0.0
casinonck.team,team,2026-09-05,NEW21_7pages_nodate_styled_img,206,3743,421,11.2,2935,78.4,387,1,1,3.4
wcht.team,team,2026-08-20,КОНТЕНТ НЕ ЗАПИСАН,197,6591,741,11.2,5253,79.7,597,0,0,0.0
7448.lol,lol,2026-09-03,КОНТЕНТ НЕ ЗАПИСАН,206,7992,891,11.1,6740,84.3,361,0,0,0.0
2334.team,team,2026-09-11,NEW102оформленосдатой,206,4425,485,11.0,3405,76.9,535,7,2,20.6
2551.team,team,2026-09-15,content-2026-09-14c-7str-oform-1_44,206,10004,1098,11.0,8610,86.1,296,0,0,0.0
4527.team,team,2026-08-25,NEW33_12pages_withdate_25.08,206,9444,1031,10.9,7620,80.7,793,1,0,1.3
4827s.team,team,2026-08-11,КОНТЕНТ НЕ ЗАПИСАН,166,1456,158,10.9,77,5.3,1221,0,0,0.0
3628.team,team,2026-08-31,Generator_11page_test_1…_9 (dorgen com,206,19716,2125,10.8,16375,83.1,1216,2,0,1.2
fmwc.team,team,2026-08-22,КОНТЕНТ НЕ ЗАПИСАН,206,21019,2267,10.8,17206,81.9,1546,1,0,0.6
0409cas.casino,casino,2026-09-04,NEW20_12pages_nodate_styled_img,206,13728,1464,10.7,11559,84.2,705,2,0,1.7
1109m.casino,casino,2026-09-11,NEW102оформленобездаты,206,5406,580,10.7,4524,83.7,302,1,0,2.2
1682.team,team,2026-08-22,КОНТЕНТ НЕ ЗАПИСАН,206,16888,1782,10.6,13856,82.0,1250,4,0,2.9
btcasino.team,team,2026-09-19,content-2026-09-17-7str-oform-2_19,206,3246,343,10.6,2830,87.2,73,0,0,0.0
rvue.team,team,2026-09-02,NEW50_7pages_withdate_01.09,206,24052,2543,10.6,20072,83.5,1437,3,1,1.5
3211.lol,lol,2026-09-07,NEW20_4_12pages_nodate,206,8540,900,10.5,7004,82.0,636,0,0,0.0
dwev.team,team,2026-08-22,КОНТЕНТ НЕ ЗАПИСАН,206,18167,1879,10.3,14613,80.4,1675,6,0,4.1
kicasino.team,team,2026-09-19,content-2026-09-17-7str-oform-2_56,206,5181,531,10.2,4573,88.3,77,1,0,2.2
2726.lol,lol,2026-09-08,Content_script_12page_08.09,206,5986,604,10.1,5141,85.9,241,0,0,0.0
0509s.casino,casino,2026-09-05,NEW21_12pages_nodate_styled_img,206,4501,447,9.9,3633,80.7,421,0,0,0.0
fkmz.team,team,2026-08-18,КОНТЕНТ НЕ ЗАПИСАН,184,21931,2142,9.8,18008,82.1,1781,1,1,0.6
msvcasino.lol,lol,2026-09-09,archive412_unique12оформлено,206,16464,1618,9.8,14424,87.6,422,5,0,3.5
casinoah.team,team,2026-09-11,clean7_part1_50оформлено,206,6827,662,9.7,5453,79.9,712,1,0,1.8
5365.team,team,2026-09-07,clean12_unique11оформлено,206,7128,680,9.5,5918,83.0,530,2,0,3.4
3728.team,team,2026-08-20,КОНТЕНТ НЕ ЗАПИСАН,204,9341,873,9.3,7861,84.2,607,0,0,0.0
5580.team,team,2026-09-02,NEW50_7pages_nodate_01.09,206,8899,822,9.2,7660,86.1,417,5,1,6.5
bnwk.casino,casino,2026-08-21,КОНТЕНТ НЕ ЗАПИСАН,206,13385,1216,9.1,10539,78.7,1630,2,0,1.9
3574.team,team,2026-09-08,clean7_part1_50оформлено,206,4040,363,9.0,3390,83.9,287,1,1,2.9
1109g.casino,casino,2026-09-11,NEW102оформленобездаты,206,2121,189,8.9,1782,84.0,150,0,0,0.0
6188.lol,lol,2026-09-20,content-2026-09-17-7str-oform-2_2,206,4439,396,8.9,3890,87.6,153,0,0,0.0
gnxb.team,team,2026-08-21,КОНТЕНТ НЕ ЗАПИСАН,206,14771,1317,8.9,12016,81.3,1438,3,0,2.5
qucasino.team,team,2026-09-20,content-2026-09-17-7str-oform-2_28,206,4194,370,8.8,3746,89.3,78,2,1,5.3
wknc.team,team,2026-08-25,КОНТРОЛЬ NEW50_5_7pages_nodate_21.08,206,8228,726,8.8,6733,81.8,769,1,0,1.5
r1m.lol,lol,2026-09-20,nabory-641-650_10,206,3940,329,8.4,3413,86.6,198,0,0,0.0
1081.team,team,2026-09-12,content-2026-09-12-7str-oform-2,206,6993,580,8.3,6059,86.6,354,0,0,0.0
1109r.casino,casino,2026-09-11,NEW102оформленосдатой,206,4759,390,8.2,4001,84.1,368,2,1,5.0
3237.lol,lol,2026-09-08,Content_script_12page_08.09,206,7981,655,8.2,7126,89.3,200,3,0,4.2
0509gg.casino,casino,2026-09-05,NEW21_12pages_withdate_styled_img,206,7266,590,8.1,6184,85.1,492,2,1,3.2
0040.team,team,2026-09-03,NEW50_7pages_withdate_01.09,206,7403,591,8.0,6350,85.8,462,0,0,0.0
1009gg.casino,casino,2026-09-10,archive37строформленоv2часть3,206,4678,372,8.0,3967,84.8,339,2,1,5.0
1109sh.casino,casino,2026-09-11,NEW102оформленосдатой,206,3927,314,8.0,3350,85.3,263,0,0,0.0
aulcasino.team,team,2026-09-16,content-2026-09-14c-7str-oform-1_13,206,6738,533,7.9,6132,91.0,73,1,0,1.6
1520.team,team,2026-08-26,NEW17_img_withdate_26.08,205,16977,1290,7.6,14585,85.9,1102,1,0,0.7
9574.team,team,2026-09-06,Generator_392396_styled_img,206,5424,412,7.6,4748,87.5,264,0,0,0.0
2535.team,team,2026-08-25,Generator_11page_NOimg_25.08,206,11835,876,7.4,10217,86.3,742,0,0,0.0
casino122.team,team,2026-09-13,content-2026-09-12-7str-oform-3,206,3695,272,7.4,3332,90.2,91,1,0,3.0
nmle.team,team,2026-09-13,content-2026-09-12-7str-oform-3,206,2787,207,7.4,2455,88.1,125,0,0,0.0
ajjk.casino,casino,2026-09-10,archive37строформленоv2часть3,206,5288,370,7.0,4701,88.9,217,2,1,4.3
2519.team,team,2026-08-25,КОНТЕНТ НЕ ЗАПИСАН,206,12780,874,6.8,10813,84.6,1093,2,0,1.8
5374.team,team,2026-08-25,КОНТРОЛЬ NEW50_5_7pages_nodate_21.08,206,11770,789,6.7,10258,87.2,723,2,1,1.9
bdwn.team,team,2026-08-19,КОНТЕНТ НЕ ЗАПИСАН,186,22156,1492,6.7,18998,85.7,1666,2,0,1.1
3096.team,team,2026-08-22,КОНТЕНТ НЕ ЗАПИСАН,206,36906,2381,6.5,32771,88.8,1754,5,1,1.5
1009dd.casino,casino,2026-09-11,NEW102оформленобездаты,206,2515,162,6.4,2194,87.2,159,1,0,4.6
casino1209.casino,casino,2026-09-12,NEW102оформленобездаты,206,8157,523,6.4,7353,90.1,281,1,0,1.4
casino7274.team,team,2026-09-10,archive47_unique119оформленочасть1,206,361,23,6.4,295,81.7,43,0,0,0.0
2489.team,team,2026-08-25,КОНТЕНТ НЕ ЗАПИСАН,206,18728,1165,6.2,16137,86.2,1426,1,0,0.6
2568.team,team,2026-08-21,КОНТЕНТ НЕ ЗАПИСАН,206,25584,1593,6.2,22859,89.3,1132,2,0,0.9
8640.team,team,2026-09-03,NEW50_7pages_nodate_01.09,206,2450,151,6.2,2157,88.0,142,0,0,0.0
1908.team,team,2026-08-20,КОНТЕНТ НЕ ЗАПИСАН,199,41440,2257,5.4,36962,89.2,2221,5,0,1.4
1109casino.casino,casino,2026-09-11,NEW102оформленосдатой,206,12746,677,5.3,11732,92.0,337,5,3,4.3
7590.team,team,2026-09-02,NEW50_2_12pages_nodate_02.09,206,23203,1189,5.1,697,3.0,21317,0,0,0.0
0336.lol,lol,2026-09-08,archive37строформленоv2часть3,206,8390,405,4.8,7866,93.8,119,0,0,0.0
2955.team,team,2026-09-02,NEW50_2_12pages_withdate_02.09,206,19289,712,3.7,5127,26.6,13450,0,0,0.0
1947.team,team,2026-08-21,КОНТЕНТ НЕ ЗАПИСАН,206,49986,1755,3.5,46307,92.6,1924,6,0,1.3
2424.team,team,2026-08-25,КОНТРОЛЬ NEW50_5_7pages_nodate_21.08,206,23288,799,3.4,21731,93.3,758,0,0,0.0
4863.team,team,2026-08-18,КОНТЕНТ НЕ ЗАПИСАН,184,46172,1570,3.4,31486,68.2,13116,3,0,1.0
2369.team,team,2026-09-03,NEW50_7pages_nodate_01.09,206,25672,824,3.2,23978,93.4,870,3,0,1.3
3286.team,team,2026-08-24,ТЕСТ B Generator_11page_NOimg_24.08,206,800121,1726,0.2,4299,0.5,794096,1,0,2.3
3615.team,team,2026-08-26,NEW17_img_withdate_26.08,206,1276568,1095,0.1,2313,0.2,1273160,2,0,8.6
0805.lol,lol,2026-09-21,content-2026-09-14-7str-oform-9_16,150,0,0,,0,,0,0,0,
3039.lol,lol,2026-09-21,content-2026-09-14-7str-oform-9_7,150,0,0,,0,,0,0,0,
3515.lol,lol,2026-09-21,content-2026-09-14-7str-oform-8_31,150,0,0,,0,,0,0,0,
3913.lol,lol,2026-09-21,content-2026-09-14-7str-oform-8_21,150,0,0,,0,,0,0,0,
oejcasino.lol,lol,2026-09-21,content-2026-09-17-7str-oform-1_15,150,0,0,,0,,0,0,0,
p8e.team,team,2026-09-21,content-2026-09-14b-7str-oform-1_27,150,0,0,,0,,0,0,0,
tocasino.team,team,2026-09-21,content-2026-09-14b-7str-oform-1_25,150,0,0,,0,,0,0,0,
xphv.lol,lol,2026-09-21,content-2026-09-14b-7str-oform-1_17,150,0,0,,0,,0,0,0,
z6p5.lol,lol,2026-09-21,content-2026-09-14b-7str-oform-1_18,150,0,0,,0,,0,0,0,
