домен;зона;эпоха;дата запуска;группа;название контента;id;создан;потолок /ru;источник контента;страниц;даты в тексте;картинки/стиль;аккаунты;тест;последний съём;Т3;Т10;Т30;Т100;брендов в Т10;лучшая позиция;страниц-поддоменов;заходов;посетителей;регистраций;депозитов
0058.team;.team;21–27.08;25.08;NEW33_12pages_nodate+img_25.08;NEW33_12pages_nodate+img_25.08_4;969;25.08 18:30;нет;чужой контент · NEW33;12;без дат;с картинками;—;ТЕСТ F;27.08 12:17;2;4;8;66;2;3;65;1167;1033;0;0
0302.team;.team;21–27.08;27.08;7page_27.08 · партия 1;7page_10_1;1013;27.08 17:40;да;7page (автор не указан);7;—;—;—;—;28.08 12:43;0;0;1;7;0;12;22;126;123;0;0
1052.team;.team;до 19.08 (старая база);;старые запуски (до 19.08);;;;нет;;;;;;;;;;;;;;37;801;781;0;0
1063.team;.team;до 19.08 (старая база);;старые запуски (до 19.08);;;;нет;;;;;;;;;;;;;;58;392;374;0;0
1073.team;.team;19–20.08;20.08;doregn.net 7 page (имена);pergamentnaya1;—;20.08;нет;именованные;7;—;—;—;—;21.08 12:06;0;0;0;2;0;43;56;404;349;0;0
1085.team;.team;19–20.08;19.08;Generator_11page_19.08 (группа 3);;695-699;19.08 16:56;нет;наш генератор;11;—;—;—;—;20.08 22:29;18;102;130;185;33;1;82;1098;1055;0;0
1106.team;.team;21–27.08;25.08;NEW50_5_7pages_nodate_21.08 _7…_17;NEW50_5_7pages_nodate_21.08_7;797;21.08 13:29;нет;чужой контент · NEW50_5;7;без дат;без картинок;—;КОНТРОЛЬ;26.08 12:41;4;19;23;64;8;3;52;3059;2426;0;0
1236.team;.team;19–20.08;20.08;12pages_withdate · Theme1;;758-765;20.08;нет;чужой контент;12;с датами;—;—;—;21.08 02:00;3;9;13;61;7;3;83;1475;1422;1;0
1237.team;.team;до 19.08 (старая база);;старые запуски (до 19.08);;;;нет;;;;;;;;;;;;;;121;429;376;0;0
1284.team;.team;19–20.08;20.08;doregn.net 7 page (имена);sinilnya1;—;20.08;нет;именованные;7;—;—;—;—;21.08 12:06;0;0;0;2;0;52;151;571;538;0;0
1305.team;.team;21–27.08;21.08;Generator_11page_21.08 + Generator_11page_2_21.08;;841-855;21.08;нет;наш генератор;11;—;—;—;—;22.08 11:19;1;2;3;19;2;3;82;2831;2729;1;0
1349.team;.team;до 19.08 (старая база);;старые запуски (до 19.08);;;;нет;;;;;;;;;;;;;;90;435;416;0;0
1409.team;.team;21–27.08;25.08;NEW33_12pages_nodate_25.08;NEW33_12pages_nodate_25.08_8;945;25.08 16:04;нет;чужой контент · NEW33;12;без дат;без картинок;—;ТЕСТ A;26.08 12:29;2;9;19;90;6;2;61;1612;1538;0;0
1428.team;.team;до 19.08 (старая база);;старые запуски (до 19.08);;;;нет;;;;;;;;;;;;;;113;445;389;0;0
1434.team;.team;21–27.08;25.08;NEW33_12pages_withdate_25.08;NEW33_12pages_withdate_25.08_2;947;25.08 16:05;нет;чужой контент · NEW33;12;с датами;без картинок;—;ТЕСТ A;26.08 12:31;2;7;14;83;6;1;40;539;429;0;0
1462.team;.team;21–27.08;26.08;Generator_B_novyy_bez_img (nabor-160…164);nabor-163;nabor-163;26.08;нет;наш генератор;?;—;новый стиль, без картинок;—;ТЕСТ G;27.08 12:17;0;0;0;3;0;53;134;779;713;0;0
1467.team;.team;19–20.08;20.08;12pages_withdate · Theme2;;748-757;20.08;нет;чужой контент;12;с датами;—;—;—;21.08 12:06;9;26;47;106;14;1;81;5197;4060;0;0
1473.team;.team;до 19.08 (старая база);;старые запуски (до 19.08);;;;нет;;;;;;;;;;;;;;141;790;730;0;0
1520.team;.team;21–27.08;26.08;NEW17_img_withdate_26.08;NEW17_img_withdate_26.08_3;996;26.08 14:09;нет;чужой контент · NEW17;?;с датами;с картинками;—;ТЕСТ E;27.08 12:17;18;65;86;148;26;1;107;3709;3322;0;0
1524.team;.team;21–27.08;27.08;7page_27.08 · партия 2;7page_7;;;нет;7page (автор не указан);7;—;—;—;—;28.08 12:43;0;0;1;9;0;13;131;462;405;0;0
1573.team;.team;до 19.08 (старая база);;старые запуски (до 19.08);;;;нет;;;;;;;;;;;;;;132;662;644;0;0
1594.team;.team;до 19.08 (старая база);;старые запуски (до 19.08);;;;нет;;;;;;;;;;;;;;53;311;295;0;0
1596.team;.team;19–20.08;20.08;dorgen.net 12 page (наборы 28-32);nabor28gotovyi;nabor-28…32;20.08;нет;наборы;12;—;—;—;—;21.08 12:06;3;10;29;91;5;2;146;5546;5322;1;0
1625.team;.team;21–27.08;24.08;Вебмастера, блок 2 — НОВЫЕ аккаунты;Generator_11page_NOimg_24.08_6;с 1329;24.08 20:26;нет;наборы;12;—;—;НОВЫЕ вебмастер-аккаунты;ТЕСТ C;25.08 11:09;1;4;10;54;3;3;144;3090;2789;0;0
1670.lol;.lol;21–27.08;21.08;Наборы nabor-53…62;nabor-61;nabor-61;21.08;нет;наборы;12;—;—;—;—;22.08 11:19;2;6;9;48;4;3;142;5284;5178;0;0
1682.team;.team;до 19.08 (старая база);;старые запуски (до 19.08);вне наблюдения;;;нет;;;;;;;;;;;;;;92;12249;11061;4;0
1711.team;.team;21–27.08;25.08;NEW33_12pages_withdate+img_25.08;NEW33_12pages_withdate+img_25.08_2;976;25.08 18:30;нет;чужой контент · NEW33;12;с датами;с картинками;—;ТЕСТ F;27.08 12:17;0;1;1;19;1;6;61;781;677;0;0
1736.team;.team;до 19.08 (старая база);;старые запуски (до 19.08);;;;нет;;;;;;;;;;;;;;63;290;271;0;0
1739.team;.team;19–20.08;20.08;dorgen.net 12 page (наборы 28-32);nabor32gotovyi;nabor-28…32;20.08;нет;наборы;12;—;—;—;—;21.08 12:06;1;7;15;76;6;3;123;6542;5725;0;0
1750.team;.team;21–27.08;24.08;Generator_11page_NOimg_24.08;Generator_11page_NOimg_24.08_3;880;24.08 14:39 / 16:57;нет;наш генератор;11;—;без картинок;—;ТЕСТ B;25.08 11:09;0;2;2;12;2;8;61;903;818;0;0
1794.team;.team;до 19.08 (старая база);;старые запуски (до 19.08);;;;нет;;;;;;;;;;;;;;26;73;62;0;0
1802.team;.team;до 19.08 (старая база);;старые запуски (до 19.08);;;;нет;;;;;;;;;;;;;;148;1313;1303;0;0
1837.team;.team;21–27.08;26.08;Generator_B_novyy_bez_img (nabor-160…164);nabor-164;nabor-164;26.08;нет;наш генератор;?;—;новый стиль, без картинок;—;ТЕСТ G;27.08 12:17;0;0;0;14;0;49;139;881;814;0;0
1846.team;.team;до 19.08 (старая база);;старые запуски (до 19.08);;;;нет;;;;;;;;;;;;;;149;484;473;0;0
1857.team;.team;21–27.08;24.08;Вебмастера, блок 2 — НОВЫЕ аккаунты;Generator_11page_NOimg_24.08_7;с 1329;24.08 20:26;нет;наборы;12;—;—;НОВЫЕ вебмастер-аккаунты;ТЕСТ C;25.08 11:09;2;9;10;65;6;3;128;1577;1472;0;0
1881.team;.team;до 19.08 (старая база);;старые запуски (до 19.08);;;;нет;;;;;;;;;;;;;;87;466;447;0;0
1893.team;.team;21–27.08;27.08;7page_27.08 · партия 2;7page_8;;;нет;7page (автор не указан);7;—;—;—;—;28.08 12:43;15;87;126;229;38;2;133;1994;1910;2;0
18t.buzz;.buzz;до 19.08 (старая база);;старые запуски (до 19.08);;;;нет;;;;;;;;;;;;;;66;226;218;0;0
1908.team;.team;19–20.08;20.08;12pages_withdate · Theme1;12pages_withdate · Theme1;130;20.08;нет;чужой контент;12;с датами;—;—;—;21.08 02:00;19;130;201;368;55;1;135;18774;18238;4;0
1908by.buzz;.buzz;19–20.08;19.08;7page_yandex (группа 1);;—;19.08;нет;сайты из выдачи;7;—;—;—;—;20.08 22:29;0;0;1;7;0;14;28;115;97;0;0
1908jd.buzz;.buzz;19–20.08;19.08;generator v4 (группа 2);;—;19.08;нет;наш генератор;7;—;—;—;—;20.08 22:29;0;1;1;3;1;7;29;94;91;0;0
1908po.buzz;.buzz;19–20.08;19.08;7page_yandex (группа 1);;—;19.08;нет;сайты из выдачи;7;—;—;—;—;20.08 22:29;0;3;5;10;3;5;45;148;145;0;0
1908xc.buzz;.buzz;19–20.08;19.08;generator v4 (группа 2);;—;19.08;нет;наш генератор;7;—;—;—;—;20.08 22:29;0;0;1;5;0;14;26;119;116;0;0
1947.team;.team;21–27.08;21.08;NEW50_5_12pages_withdate_21.08;NEW50_5_12pages_withdate_21.08;71;21.08;нет;чужой контент · NEW50_5;12;с датами;—;—;—;23.08 10:56;12;71;111;213;27;1;134;17141;15307;6;0
1975.team;.team;до 19.08 (старая база);;старые запуски (до 19.08);;;;нет;;;;;;;;;;;;;;126;538;440;0;0
1cf.team;.team;до 19.08 (старая база);;старые запуски (до 19.08);;;;нет;;;;;;;;;;;;;;1;3;3;0;0
1zp.team;.team;до 19.08 (старая база);;старые запуски (до 19.08);;;;нет;;;;;;;;;;;;;;142;729;614;0;0
2008jd.buzz;.buzz;19–20.08;20.08;12pages_withdate · Theme2;;748-757;20.08;нет;чужой контент;12;с датами;—;—;—;21.08 12:06;0;4;6;17;4;5;71;734;702;0;0
2008qw.buzz;.buzz;19–20.08;19.08;Generator_v4_2_19.08 (группа 6);;711-715;19.08 22:50;нет;наш генератор;7;—;—;—;—;20.08 22:30;0;1;1;7;1;7;11;46;42;0;0
2008vu.buzz;.buzz;19–20.08;20.08;12pages_withdate · Theme1;;758-765;20.08;нет;чужой контент;12;с датами;—;—;—;21.08 02:00;0;0;1;24;0;20;59;387;376;0;0
2049-3.casino;.casino;до 19.08 (старая база);;старые запуски (до 19.08);;;;нет;;;;;;;;;;;;;;84;780;753;0;0
2058.team;.team;21–27.08;24.08;Вебмастера, блок 1 — СТАРЫЕ аккаунты;Generator_11page_NOimg_24.08_1;20 наборов;24.08 20:25;нет;наборы;12;—;—;СТАРЫЕ вебмастер-аккаунты;ТЕСТ C;25.08 11:10;1;3;3;8;3;3;131;861;802;0;0
2075.team;.team;до 19.08 (старая база);;старые запуски (до 19.08);;;;нет;;;;;;;;;;;;;;49;2716;2703;0;0
2084.team;.team;21–27.08;27.08;7page_27.08 · партия 1;7page_7_1;1010;27.08 17:38;да;7page (автор не указан);7;—;—;—;—;28.08 12:43;1;4;5;19;2;1;36;291;288;0;0
2094.team;.team;до 19.08 (старая база);;старые запуски (до 19.08);;;;нет;;;;;;;;;;;;;;150;1160;1113;0;0
2095.team;.team;21–27.08;26.08;Generator_C_novyy_img (nabor-165…169);nabor-165;nabor-165;26.08;нет;наш генератор;?;—;новый стиль + картинки;—;ТЕСТ G;27.08 12:17;0;0;0;0;0;;141;782;720;0;0
2108ee.buzz;.buzz;21–27.08;21.08;NEW50_5_7pages_withdate_21.08;;815-826;21.08;нет;чужой контент · NEW50_5;7;с датами;—;—;—;23.08 10:56;0;0;0;0;0;;30;280;272;0;0
2108io.buzz;.buzz;21–27.08;21.08;NEW50_5_7pages_withdate_21.08;;815-826;21.08;нет;чужой контент · NEW50_5;7;с датами;—;—;—;23.08 10:56;0;2;5;8;2;5;35;1671;1655;0;0
2108jd.buzz;.buzz;21–27.08;21.08;NEW50_5_7pages_withdate_21.08;;815-826;21.08;нет;чужой контент · NEW50_5;7;с датами;—;—;—;23.08 10:56;0;0;0;1;0;97;26;78;76;0;0
2139.team;.team;21–27.08;27.08;7page_27.08 · партия 1;7page_1_1;1004;27.08 17:33;да;7page (автор не указан);7;—;—;—;—;28.08 12:43;0;0;0;10;0;52;21;63;60;0;0
2153.team;.team;19–20.08;19.08;7page_yandex (группа 1);;—;19.08;нет;сайты из выдачи;7;—;—;—;—;20.08 22:29;11;36;56;102;15;1;71;1030;1000;0;0
216.team;.team;до 19.08 (старая база);;старые запуски (до 19.08);;;;нет;;;;;;;;;;;;;;62;255;246;0;0
2164.team;.team;до 19.08 (старая база);;старые запуски (до 19.08);;;;нет;;;;;;;;;;;;;;135;545;522;0;0
2169.lol;.lol;21–27.08;25.08;Generator_11page_NOimg_25.08;Generator_11page_NOimg_25.08_10;899;25.08 14:22;нет;наш генератор;11;—;без картинок;—;ТЕСТ B;26.08 12:29;0;0;5;42;0;14;41;366;332;0;0
2214.team;.team;21–27.08;21.08;NEW50_5_12pages_withdate_21.08;;834-840;21.08;нет;чужой контент · NEW50_5;12;с датами;—;—;—;23.08 10:56;0;0;15;55;0;11;80;675;640;1;0
2291.team;.team;21–27.08;25.08;NEW50_5_7pages_nodate_21.08 _7…_17;NEW50_5_7pages_nodate_21.08_8;798;21.08 13:29;нет;чужой контент · NEW50_5;7;без дат;без картинок;—;КОНТРОЛЬ;26.08 12:41;0;6;18;73;6;6;41;1548;1342;0;0
2304.team;.team;21–27.08;27.08;7page_27.08 · партия 1;7page_8_1;1011;27.08 17:39;да;7page (автор не указан);7;—;—;—;—;28.08 12:43;0;0;1;9;0;26;24;101;90;0;0
2307.team;.team;21–27.08;26.08;NEW17_img_withdate_26.08;NEW17_img_withdate_26.08_3;1002;26.08 14:10;нет;чужой контент · NEW17;?;с датами;с картинками;—;ТЕСТ E;27.08 12:17;1;9;11;35;6;1;59;1109;1008;0;0
2317.team;.team;до 19.08 (старая база);;старые запуски (до 19.08);;;;нет;;;;;;;;;;;;;;83;274;237;0;0
2328.team;.team;19–20.08;20.08;Generation 50;;—;20.08;нет;?;?;—;—;—;—;22.08 11:19;0;0;0;0;0;;29;189;179;0;0
2354.team;.team;21–27.08;25.08;Новые аккаунты (nabor-144…148);новые;21;25.08;нет;наборы;12;—;—;НОВЫЕ вебмастер-аккаунты;ТЕСТ D;26.08 12:44;0;0;5;32;0;15;145;1747;1563;0;0
2367.team;.team;21–27.08;27.08;7page_27.08 · партия 2;7page_9;;;нет;7page (автор не указан);7;—;—;—;—;28.08 12:43;0;1;1;5;1;4;135;445;389;0;0
2385.team;.team;до 19.08 (старая база);;старые запуски (до 19.08);;;;нет;;;;;;;;;;;;;;38;199;192;0;0
2417.team;.team;до 19.08 (старая база);;старые запуски (до 19.08);;;;нет;;;;;;;;;;;;;;148;780;626;0;0
2421.buzz;.buzz;до 19.08 (старая база);;старые запуски (до 19.08);;;;нет;;;;;;;;;;;;;;148;694;675;0;0
2424.team;.team;21–27.08;25.08;NEW50_5_7pages_nodate_21.08 _7…_17;NEW50_5_7pages_nodate_21.08_10;800;21.08 13:29;нет;чужой контент · NEW50_5;7;без дат;без картинок;—;КОНТРОЛЬ;26.08 12:41;22;90;144;187;33;1;80;20090;18147;0;0
2428.team;.team;21–27.08;24.08;Вебмастера, блок 1 — СТАРЫЕ аккаунты;Generator_11page_img_24.08_1;20 наборов;24.08 20:25;нет;наборы;12;—;—;СТАРЫЕ вебмастер-аккаунты;ТЕСТ C;25.08 11:10;6;16;22;72;7;1;112;1712;1637;0;0
2435.team;.team;до 19.08 (старая база);;старые запуски (до 19.08);;;;нет;;;;;;;;;;;;;;78;356;319;0;0
2461.team;.team;21–27.08;26.08;Generator_C_novyy_img (nabor-165…169);nabor-166;nabor-166;26.08;нет;наш генератор;?;—;новый стиль + картинки;—;ТЕСТ G;27.08 12:17;0;1;1;2;1;7;139;864;775;0;0
2470.team;.team;19–20.08;19.08;Generator_11page_2_19.08 (группа 4);;706-710;19.08 22:40;нет;наш генератор;11;—;—;—;—;20.08 22:29;0;10;12;39;6;4;52;393;364;0;0
2483.team;.team;21–27.08;27.08;7page_27.08 · партия 1;7page_2_1;1005;27.08 17:34;да;7page (автор не указан);7;—;—;—;—;28.08 12:43;0;0;0;2;0;54;16;64;62;0;0
2489.team;.team;21–27.08;25.08;NEW33_12pages_nodate_25.08;NEW33_12pages_nodate_25.08_7;944;25.08 16:04;нет;чужой контент · NEW33;12;без дат;без картинок;—;ТЕСТ A;26.08 12:29;20;76;124;228;32;1;97;9855;9542;1;0
2493.team;.team;до 19.08 (старая база);;старые запуски (до 19.08);;;;нет;;;;;;;;;;;;;;54;284;273;0;0
2519.team;.team;21–27.08;25.08;NEW33_12pages_nodate_25.08;NEW33_12pages_nodate_25.08_2;939;25.08 16:04;нет;чужой контент · NEW33;12;без дат;без картинок;—;ТЕСТ A;26.08 12:29;17;69;108;228;33;1;98;7823;6890;1;0
2535.team;.team;21–27.08;25.08;Generator_11page_NOimg_25.08;Generator_11page_NOimg_25.08_7;896;25.08 14:22;нет;наш генератор;11;—;без картинок;—;ТЕСТ B;26.08 12:29;3;26;69;124;12;1;81;3335;3161;0;0
2568.team;.team;21–27.08;21.08;NEW50_5_7pages_withdate_21.08;;815-826;21.08;нет;чужой контент · NEW50_5;7;с датами;—;—;—;23.08 10:56;19;80;131;181;31;1;102;19302;18600;2;0
2584.team;.team;21–27.08;25.08;NEW33_12pages_nodate+img_25.08;NEW33_12pages_nodate+img_25.08_2;955;25.08 18:26;нет;чужой контент · NEW33;12;без дат;с картинками;—;ТЕСТ F;27.08 12:17;0;12;18;63;5;4;72;543;509;0;0
2607.team;.team;до 19.08 (старая база);;старые запуски (до 19.08);;;;нет;;;;;;;;;;;;;;116;1024;939;0;0
2649.team;.team;до 19.08 (старая база);;старые запуски (до 19.08);;;;нет;;;;;;;;;;;;;;116;319;303;0;0
2650.team;.team;19–20.08;20.08;Generation 50;;—;20.08;нет;?;?;—;—;—;—;22.08 11:19;0;0;1;5;0;30;38;1420;1394;2;0
2654.team;.team;21–27.08;25.08;NEW33_12pages_nodate_25.08;NEW33_12pages_nodate_25.08_3;940;25.08 16:04;нет;чужой контент · NEW33;12;без дат;без картинок;—;ТЕСТ A;26.08 12:29;6;26;44;115;13;1;69;3733;3395;0;0
2674.team;.team;21–27.08;25.08;Generator_11page_img_25.08;Generator_11page_img_25.08_4;936;25.08 14:49;нет;наш генератор;11;—;с картинками;—;ТЕСТ B;26.08 12:31;0;13;20;84;7;4;61;1350;1327;0;0
2679.team;.team;21–27.08;25.08;NEW33_12pages_withdate+img_25.08;NEW33_12pages_withdate+img_25.08_3;985;25.08 18:31;нет;чужой контент · NEW33;12;с датами;с картинками;—;ТЕСТ F;27.08 12:17;0;14;26;53;10;4;57;539;421;0;0
2681.team;.team;до 19.08 (старая база);;старые запуски (до 19.08);;;;нет;;;;;;;;;;;;;;123;408;345;0;0
2691.team;.team;19–20.08;19.08;7page_yandex (группа 1);;—;19.08;нет;сайты из выдачи;7;—;—;—;—;20.08 22:29;13;64;108;152;22;1;56;367;358;0;0
2698.team;.team;21–27.08;25.08;NEW33_12pages_nodate+img_25.08;NEW33_12pages_nodate+img_25.08_1;962;25.08 18:30;нет;чужой контент · NEW33;12;без дат;с картинками;—;ТЕСТ F;27.08 12:17;9;19;27;47;9;2;74;520;498;0;0
2718.team;.team;до 19.08 (старая база);;старые запуски (до 19.08);;;;нет;;;;;;;;;;;;;;78;288;282;0;0
2745.team;.team;21–27.08;27.08;7page_27.08 · партия 2;7page_10;;;нет;7page (автор не указан);7;—;—;—;—;28.08 12:43;0;0;0;10;0;38;139;490;430;0;0
2748.team;.team;21–27.08;26.08;Generator_C_novyy_img (nabor-165…169);nabor-167;nabor-167;26.08;нет;наш генератор;?;—;новый стиль + картинки;—;ТЕСТ G;27.08 12:17;1;1;2;3;1;3;126;619;568;0;0
2758.team;.team;до 19.08 (старая база);;старые запуски (до 19.08);;;;нет;;;;;;;;;;;;;;116;423;364;0;0
2764.team;.team;21–27.08;24.08;Вебмастера, блок 2 — НОВЫЕ аккаунты;Generator_11page_NOimg_24.08_10;с 1329;24.08 20:26;нет;наборы;12;—;—;НОВЫЕ вебмастер-аккаунты;ТЕСТ C;25.08 11:09;0;2;3;35;1;9;140;1051;962;0;0
2824.team;.team;21–27.08;24.08;Generator_11page_NOimg_24.08;Generator_11page_NOimg_24.08_2;879;24.08 14:39 / 16:57;нет;наш генератор;11;—;без картинок;—;ТЕСТ B;25.08 11:09;0;1;2;14;1;8;66;1590;1531;0;0
2831.team;.team;21–27.08;22.08;Generator_11page_img_22.08_5;;863-867;22.08;нет;наш генератор;11;—;с картинками;—;—;23.08 10:56;0;2;5;47;2;5;80;745;702;1;0
2836.team;.team;до 19.08 (старая база);;старые запуски (до 19.08);;;;нет;;;;;;;;;;;;;;108;945;864;0;0
2857.team;.team;до 19.08 (старая база);;старые запуски (до 19.08);;;;нет;;;;;;;;;;;;;;73;447;404;0;0
2872.team;.team;19–20.08;20.08;Generation 50;;—;20.08;нет;?;?;—;—;—;—;22.08 11:19;0;0;0;0;0;;18;105;86;0;0
2916.team;.team;до 19.08 (старая база);;старые запуски (до 19.08);;;;нет;;;;;;;;;;;;;;38;203;199;0;0
2938-5.casino;.casino;до 19.08 (старая база);;старые запуски (до 19.08);;;;нет;;;;;;;;;;;;;;148;2064;1940;0;0
294.team;.team;до 19.08 (старая база);;старые запуски (до 19.08);;;;нет;;;;;;;;;;;;;;92;1312;1274;0;0
2948.team;.team;до 19.08 (старая база);;старые запуски (до 19.08);;;;нет;;;;;;;;;;;;;;125;647;585;0;0
2mr.team;.team;до 19.08 (старая база);;старые запуски (до 19.08);;;;нет;;;;;;;;;;;;;;124;522;448;0;0
2qr.team;.team;до 19.08 (старая база);;старые запуски (до 19.08);;;;нет;;;;;;;;;;;;;;4;22;16;0;0
2vs.team;.team;до 19.08 (старая база);;старые запуски (до 19.08);;;;нет;;;;;;;;;;;;;;1;2;2;0;0
2xw.team;.team;до 19.08 (старая база);;старые запуски (до 19.08);;;;нет;;;;;;;;;;;;;;121;386;364;0;0
3019.team;.team;19–20.08;19.08;Generator_11page_2_19.08 (группа 4);;706-710;19.08 22:40;нет;наш генератор;11;—;—;—;—;20.08 22:29;0;15;23;81;6;4;65;965;951;0;0
3045.team;.team;21–27.08;25.08;NEW33_12pages_withdate_25.08;NEW33_12pages_withdate_25.08_4;949;25.08 16:05;нет;чужой контент · NEW33;12;с датами;без картинок;—;ТЕСТ A;26.08 12:31;2;7;28;100;4;3;64;1353;1286;0;0
3047.team;.team;до 19.08 (старая база);;старые запуски (до 19.08);;;;нет;;;;;;;;;;;;;;129;586;383;0;0
3054.team;.team;до 19.08 (старая база);;старые запуски (до 19.08);;;;нет;;;;;;;;;;;;;;99;1212;1159;0;0
3067.team;.team;21–27.08;21.08;Наборы nabor-53…62;nabor-56;nabor-56;21.08;нет;наборы;12;—;—;—;—;22.08 11:19;3;7;10;44;4;2;118;5606;5405;0;0
3082.team;.team;до 19.08 (старая база);;старые запуски (до 19.08);;;;нет;;;;;;;;;;;;;;145;944;903;0;0
3096.team;.team;21–27.08;21.08;NEW50_5_12pages_nodate_21.08;NEW50_5_12pages_nodate_21.08;100;21.08;нет;чужой контент · NEW50_5;12;без дат;—;—;—;23.08 10:55;25;100;144;308;43;1;137;21098;19778;5;1
3112.team;.team;21–27.08;25.08;NEW33_12pages_nodate+img_25.08;NEW33_12pages_nodate+img_25.08_4;965;25.08 18:30;нет;чужой контент · NEW33;12;без дат;с картинками;—;ТЕСТ F;27.08 12:17;0;8;11;35;2;5;59;653;628;0;0
3128.team;.team;до 19.08 (старая база);;старые запуски (до 19.08);;;;нет;;;;;;;;;;;;;;49;282;261;0;0
3164.team;.team;19–20.08;20.08;Generation 50;;—;20.08;нет;?;?;—;—;—;—;22.08 11:19;0;0;2;3;0;17;33;113;108;0;0
3186.team;.team;21–27.08;26.08;Generator_C_novyy_img (nabor-165…169);nabor-168;nabor-168;26.08;нет;наш генератор;?;—;новый стиль + картинки;—;ТЕСТ G;27.08 12:17;1;3;5;11;2;3;134;760;691;0;0
3196-4.casino;.casino;до 19.08 (старая база);;старые запуски (до 19.08);;;;нет;;;;;;;;;;;;;;150;722;648;0;0
3247.team;.team;до 19.08 (старая база);;старые запуски (до 19.08);;;;нет;;;;;;;;;;;;;;37;326;313;0;0
3286.team;.team;21–27.08;24.08;Generator_11page_NOimg_24.08;Generator_11page_NOimg_24.08_1;873;24.08 14:39 / 16:57;нет;наш генератор;11;—;без картинок;—;ТЕСТ B;25.08 11:09;4;11;19;35;5;2;85;795575;4841;0;0
3405.team;.team;19–20.08;20.08;Generation 50;;—;20.08;нет;?;?;—;—;—;—;22.08 11:19;0;0;0;0;0;;24;83;81;0;0
3457.team;.team;21–27.08;22.08;Generator_11page_img_22.08_5;;863-867;22.08;нет;наш генератор;11;—;с картинками;—;—;23.08 10:56;1;14;28;138;9;3;90;3254;2945;2;0
3465.team;.team;до 19.08 (старая база);;старые запуски (до 19.08);;;;нет;;;;;;;;;;;;;;126;714;698;0;0
34b.buzz;.buzz;до 19.08 (старая база);;старые запуски (до 19.08);;;;нет;;;;;;;;;;;;;;86;265;262;0;0
3506.lol;.lol;21–27.08;21.08;NEW50_5_12pages_nodate_21.08;;827-833;21.08;нет;чужой контент · NEW50_5;12;без дат;—;—;—;23.08 10:55;3;7;13;61;6;1;79;1419;1381;1;0
3518.team;.team;до 19.08 (старая база);;старые запуски (до 19.08);;;;нет;;;;;;;;;;;;;;114;367;328;0;0
3524.team;.team;до 19.08 (старая база);;старые запуски (до 19.08);;;;нет;;;;;;;;;;;;;;83;415;377;0;0
3529.team;.team;до 19.08 (старая база);;старые запуски (до 19.08);;;;нет;;;;;;;;;;;;;;146;885;838;0;0
3547.team;.team;21–27.08;25.08;Generator_11page_NOimg_25.08;Generator_11page_NOimg_25.08_1;890;25.08 14:22;нет;наш генератор;11;—;без картинок;—;ТЕСТ B;26.08 12:29;1;6;15;59;5;3;61;559;536;0;0
3584.team;.team;19–20.08;19.08;Generator_v4_2_19.08 (группа 6);;711-715;19.08 22:50;нет;наш генератор;7;—;—;—;—;20.08 22:30;0;0;0;3;0;73;18;230;220;0;0
3592.team;.team;до 19.08 (старая база);;старые запуски (до 19.08);;;;нет;;;;;;;;;;;;;;84;430;397;1;0
3596.team;.team;21–27.08;27.08;Generator_11page_old_27.08;Generator_11page_old_27.08_1;1014;27.08 18:22;да;наш генератор · old;11;—;старый стиль;—;—;28.08 12:43;0;4;6;23;2;5;42;119;116;0;0
3608.team;.team;до 19.08 (старая база);;старые запуски (до 19.08);;;;нет;;;;;;;;;;;;;;31;406;394;0;0
3615.team;.team;21–27.08;26.08;NEW17_img_withdate_26.08;NEW17_img_withdate_26.08_3;999;26.08 14:09;нет;чужой контент · NEW17;?;с датами;с картинками;—;ТЕСТ E;27.08 12:17;0;4;4;31;2;5;65;699;598;2;0
3635.team;.team;21–27.08;25.08;NEW33_12pages_nodate+img_25.08;NEW33_12pages_nodate+img_25.08_3;956;25.08 18:26;нет;чужой контент · NEW33;12;без дат;с картинками;—;ТЕСТ F;27.08 12:17;7;8;9;37;5;1;68;240;221;0;0
3664.team;.team;21–27.08;26.08;NEW17_img_withdate_26.08;NEW17_img_withdate_26.08_1;1000;26.08 14:10;нет;чужой контент · NEW17;?;с датами;с картинками;—;ТЕСТ E;27.08 12:17;1;13;22;69;6;3;64;1382;1198;0;0
3677.lol;.lol;21–27.08;24.08;Generator_11page_img_24.08;Generator_11page_img_24.08_5;888;24.08 14:38 / 16:58;нет;наш генератор;11;—;с картинками;—;ТЕСТ B;25.08 11:08;0;2;3;9;2;4;59;1407;1177;0;0
3719.team;.team;21–27.08;22.08;Generator_11page_img_22.08_5;;863-867;22.08;нет;наш генератор;11;—;с картинками;—;—;23.08 10:56;12;39;51;166;14;1;117;3308;3204;1;0
3726.team;.team;19–20.08;20.08;12pages_withdate · Theme2;;748-757;20.08;нет;чужой контент;12;с датами;—;—;—;21.08 12:06;10;22;37;90;12;1;80;1559;1502;0;0
3728.team;.team;19–20.08;20.08;Generation 50;;—;20.08;нет;?;?;—;—;—;—;22.08 11:19;2;11;18;31;8;3;48;6751;6432;0;0
3748.team;.team;до 19.08 (старая база);;старые запуски (до 19.08);;;;нет;;;;;;;;;;;;;;149;1772;1712;0;0
3765.team;.team;до 19.08 (старая база);;старые запуски (до 19.08);;;;нет;;;;;;;;;;;;;;62;355;305;0;0
3781.team;.team;до 19.08 (старая база);;старые запуски (до 19.08);;;;нет;;;;;;;;;;;;;;143;10366;9873;0;0
3803.lol;.lol;21–27.08;25.08;NEW50_5_7pages_nodate_21.08 _7…_17;NEW50_5_7pages_nodate_21.08_16;806;21.08 13:29;нет;чужой контент · NEW50_5;7;без дат;без картинок;—;КОНТРОЛЬ;26.08 12:41;0;1;5;13;1;10;42;239;227;0;0
3839.team;.team;21–27.08;25.08;Старые аккаунты (nabor-149…153);старые;16;25.08;нет;наборы;12;—;—;СТАРЫЕ вебмастер-аккаунты;ТЕСТ D;26.08 12:41;1;5;8;25;3;3;138;2177;2015;2;0
3861.team;.team;до 19.08 (старая база);;старые запуски (до 19.08);;;;нет;;;;;;;;;;;;;;109;386;350;0;0
3874.team;.team;21–27.08;26.08;Generator_A2_staryy_stil (nabor-170…174);nabor-170;nabor-170;26.08;нет;наш генератор;?;—;старый стиль;—;ТЕСТ G;27.08 12:17;0;4;11;56;3;4;138;1357;1266;0;0
3907-1.casino;.casino;до 19.08 (старая база);;старые запуски (до 19.08);;;;нет;;;;;;;;;;;;;;50;316;276;0;0
3947.team;.team;до 19.08 (старая база);;старые запуски (до 19.08);;;;нет;;;;;;;;;;;;;;109;522;458;0;0
3961.team;.team;19–20.08;20.08;Generation 50;;—;20.08;нет;?;?;—;—;—;—;22.08 11:19;0;0;0;4;0;45;19;49;46;0;0
3971.team;.team;до 19.08 (старая база);;старые запуски (до 19.08);;;;нет;;;;;;;;;;;;;;130;1389;1326;0;0
3982.team;.team;21–27.08;21.08;NEW50_5_7pages_withdate_21.08;;815-826;21.08;нет;чужой контент · NEW50_5;7;с датами;—;—;—;23.08 10:56;7;31;48;87;17;1;87;5642;5429;1;0
3nb.team;.team;до 19.08 (старая база);;старые запуски (до 19.08);;;;нет;;;;;;;;;;;;;;1;2;2;0;0
3nk.team;.team;до 19.08 (старая база);;старые запуски (до 19.08);;;;нет;;;;;;;;;;;;;;147;660;606;0;0
3vb.team;.team;до 19.08 (старая база);;старые запуски (до 19.08);;;;нет;;;;;;;;;;;;;;138;657;572;0;0
4081.team;.team;до 19.08 (старая база);;старые запуски (до 19.08);;;;нет;;;;;;;;;;;;;;37;451;431;0;0
4085.team;.team;19–20.08;20.08;12pages_nodate;;743-747;20.08;нет;чужой контент;12;без дат;—;—;—;21.08 12:06;1;1;4;31;1;1;61;574;554;1;0
4087.team;.team;21–27.08;27.08;7page_27.08 · партия 1;7page_6_1;1009;27.08 17:37;да;7page (автор не указан);7;—;—;—;—;28.08 12:43;0;2;9;30;2;6;23;167;160;0;0
4127.team;.team;до 19.08 (старая база);;старые запуски (до 19.08);;;;нет;;;;;;;;;;;;;;143;933;895;0;0
4150.team;.team;21–27.08;24.08;Generator_11page_img_24.08;Generator_11page_img_24.08_4;871;24.08 14:38 / 16:58;нет;наш генератор;11;—;с картинками;—;ТЕСТ B;25.08 11:08;0;2;5;21;2;6;58;615;516;1;0
4173.lol;.lol;21–27.08;21.08;NEW50_5_12pages_nodate_21.08;;827-833;21.08;нет;чужой контент · NEW50_5;12;без дат;—;—;—;23.08 10:55;14;27;37;148;12;1;115;3900;3612;3;0
4184.team;.team;21–27.08;26.08;КОНТРОЛЬ NEW50_5_7pages_nodate_21.08 _18…_24;;808-814;21.08 13:29;нет;чужой контент · NEW50_5;7;без дат;без картинок;—;КОНТРОЛЬ;27.08 12:18;1;1;2;8;1;2;49;148;139;0;0
4193.team;.team;до 19.08 (старая база);;старые запуски (до 19.08);;;;нет;;;;;;;;;;;;;;149;474;415;0;0
4213.team;.team;19–20.08;20.08;Generation 50;;—;20.08;нет;?;?;—;—;—;—;22.08 11:19;0;0;0;3;0;48;13;55;48;0;0
4257.team;.team;21–27.08;25.08;NEW33_12pages_withdate_25.08;NEW33_12pages_withdate_25.08_3;948;25.08 16:05;нет;чужой контент · NEW33;12;с датами;без картинок;—;ТЕСТ A;26.08 12:31;0;4;8;64;2;7;51;169;166;0;0
4260.team;.team;до 19.08 (старая база);;старые запуски (до 19.08);;;;нет;;;;;;;;;;;;;;80;238;210;0;0
4326.team;.team;до 19.08 (старая база);;старые запуски (до 19.08);;;;нет;;;;;;;;;;;;;;117;357;345;0;0
4328.team;.team;21–27.08;27.08;7page_27.08 · партия 2;7page_11;;;нет;7page (автор не указан);7;—;—;—;—;28.08 12:43;1;3;5;30;3;2;129;480;408;1;1
4392.team;.team;19–20.08;19.08;Generator_11page_19.08 (группа 3);;695-699;19.08 16:56;нет;наш генератор;11;—;—;—;—;20.08 22:29;8;61;90;154;25;1;57;575;560;0;0
4432.team;.team;21–27.08;25.08;NEW33_12pages_withdate+img_25.08;NEW33_12pages_withdate+img_25.08_3;981;25.08 18:30;нет;чужой контент · NEW33;12;с датами;с картинками;—;ТЕСТ F;27.08 12:17;0;1;2;22;1;6;60;631;546;0;0
4464.team;.team;21–27.08;25.08;NEW33_12pages_nodate+img_25.08;NEW33_12pages_nodate+img_25.08_1;966;25.08 18:30;нет;чужой контент · NEW33;12;без дат;с картинками;—;ТЕСТ F;27.08 12:17;6;9;14;47;5;2;68;1875;1727;0;0
4508.team;.team;до 19.08 (старая база);;старые запуски (до 19.08);;;;нет;;;;;;;;;;;;;;71;1618;1571;0;0
4519.team;.team;до 19.08 (старая база);;старые запуски (до 19.08);;;;нет;;;;;;;;;;;;;;27;278;275;0;0
452.team;.team;до 19.08 (старая база);;старые запуски (до 19.08);;;;нет;;;;;;;;;;;;;;78;397;360;0;0
4527.team;.team;21–27.08;25.08;NEW33_12pages_withdate_25.08;NEW33_12pages_withdate_25.08_7;952;25.08 16:05;нет;чужой контент · NEW33;12;с датами;без картинок;—;ТЕСТ A;26.08 12:31;4;38;59;143;17;1;74;2613;2421;1;0
4572.buzz;.buzz;до 19.08 (старая база);;старые запуски (до 19.08);;;;нет;;;;;;;;;;;;;;98;566;536;0;0
4573.team;.team;до 19.08 (старая база);;старые запуски (до 19.08);;;;нет;;;;;;;;;;;;;;138;829;784;0;0
4582.team;.team;21–27.08;26.08;NEW17_img_withdate_26.08;NEW17_img_withdate_26.08_1;997;26.08 14:09;нет;чужой контент · NEW17;?;с датами;с картинками;—;ТЕСТ E;27.08 12:17;5;11;13;28;6;1;63;1223;1188;0;0
4586.team;.team;19–20.08;20.08;Generation 50;;—;20.08;нет;?;?;—;—;—;—;22.08 11:19;0;0;0;1;0;60;22;117;113;0;0
4611.team;.team;21–27.08;25.08;NEW33_12pages_withdate+img_25.08;NEW33_12pages_withdate+img_25.08_1;979;25.08 18:30;нет;чужой контент · NEW33;12;с датами;с картинками;—;ТЕСТ F;27.08 12:17;0;1;1;8;1;7;60;274;262;0;0
4617-9.casino;.casino;до 19.08 (старая база);;старые запуски (до 19.08);;;;нет;;;;;;;;;;;;;;150;607;531;0;0
4629.team;.team;21–27.08;26.08;Generator_C_novyy_img (nabor-165…169);nabor-169;nabor-169;26.08;нет;наш генератор;?;—;новый стиль + картинки;—;ТЕСТ G;27.08 12:17;0;0;2;11;0;20;103;835;777;0;0
4652.team;.team;до 19.08 (старая база);;старые запуски (до 19.08);;;;нет;;;;;;;;;;;;;;39;240;210;0;0
4657.team;.team;21–27.08;25.08;NEW33_12pages_withdate+img_25.08;NEW33_12pages_withdate+img_25.08_3;977;25.08 18:30;нет;чужой контент · NEW33;12;с датами;с картинками;—;ТЕСТ F;27.08 12:17;4;11;19;35;6;2;72;853;770;0;0
4671.team;.team;19–20.08;20.08;12pages_withdate · Theme2;;748-757;20.08;нет;чужой контент;12;с датами;—;—;—;21.08 12:06;0;1;4;24;1;9;52;463;456;0;0
4708.team;.team;до 19.08 (старая база);;старые запуски (до 19.08);;;;нет;;;;;;;;;;;;;;152;948;937;0;0
4733.team;.team;21–27.08;24.08;Generator_11page_NOimg_24.08;Generator_11page_NOimg_24.08_1;878;24.08 14:39 / 16:57;нет;наш генератор;11;—;без картинок;—;ТЕСТ B;25.08 11:09;0;2;2;14;1;4;56;582;576;0;0
4738.team;.team;до 19.08 (старая база);;старые запуски (до 19.08);;;;нет;;;;;;;;;;;;;;81;380;308;0;0
4757.team;.team;21–27.08;24.08;Вебмастера, блок 2 — НОВЫЕ аккаунты;Generator_11page_img_24.08_6;с 1329;24.08 20:26;нет;наборы;12;—;—;НОВЫЕ вебмастер-аккаунты;ТЕСТ C;25.08 11:09;0;1;1;7;1;9;148;1223;1116;0;0
4811.team;.team;21–27.08;25.08;Generator_11page_img_25.08;Generator_11page_img_25.08_2;934;25.08 14:49;нет;наш генератор;11;—;с картинками;—;ТЕСТ B;26.08 12:31;0;2;10;34;2;7;43;347;328;0;0
4814.team;.team;21–27.08;24.08;Generator_11page_img_24.08;Generator_11page_img_24.08_4;887;24.08 14:38 / 16:58;нет;наш генератор;11;—;с картинками;—;ТЕСТ B;25.08 11:08;0;1;3;16;1;8;59;2864;2750;0;0
4827.team;.team;до 19.08 (старая база);;старые запуски (до 19.08);;;;нет;;;;;;;;;;;;;;140;577;538;0;0
4827s.team;.team;до 19.08 (старая база);;старые запуски (до 19.08);;;;нет;;;;;;;;;;;;;;20;142;136;0;0
4839.team;.team;19–20.08;20.08;Generation 50;;—;20.08;нет;?;?;—;—;—;—;22.08 11:19;0;0;2;4;0;11;45;196;174;0;0
4854.team;.team;до 19.08 (старая база);;старые запуски (до 19.08);;;;нет;;;;;;;;;;;;;;123;472;358;0;0
4863.team;.team;до 19.08 (старая база);;старые запуски (до 19.08);;;;нет;;;;;;;;;;;;;;43;491;253;0;0
4871-2.casino;.casino;до 19.08 (старая база);;старые запуски (до 19.08);;;;нет;;;;;;;;;;;;;;143;420;403;0;0
4890.team;.team;до 19.08 (старая база);;старые запуски (до 19.08);;;;нет;;;;;;;;;;;;;;152;737;717;0;0
4899da.online;.online;до 19.08 (старая база);;старые запуски (до 19.08);;;;нет;;;;;;;;;;;;;;36;87;77;0;0
4jz.team;.team;до 19.08 (старая база);;старые запуски (до 19.08);;;;нет;;;;;;;;;;;;;;1;2;2;0;0
4kz.team;.team;до 19.08 (старая база);;старые запуски (до 19.08);;;;нет;;;;;;;;;;;;;;152;712;654;0;0
4mk.team;.team;до 19.08 (старая база);;старые запуски (до 19.08);;;;нет;;;;;;;;;;;;;;5;17;16;0;0
5010.lol;.lol;21–27.08;25.08;NEW33_12pages_withdate+img_25.08;NEW33_12pages_withdate+img_25.08_4;986;25.08 18:31;нет;чужой контент · NEW33;12;с датами;с картинками;—;ТЕСТ F;27.08 12:17;0;3;3;15;1;4;60;293;279;0;0
5012.team;.team;21–27.08;26.08;NEW17_NOimg_withdate_26.08;NEW17_NOimg_withdate_26.08_4;990;26.08 14:06;нет;чужой контент · NEW17;?;с датами;без картинок;—;ТЕСТ E;27.08 12:16;0;6;7;25;1;4;47;1382;1000;0;0
5027.team;.team;19–20.08;20.08;Generation 50;;—;20.08;нет;?;?;—;—;—;—;22.08 11:19;0;0;2;7;0;28;60;1206;1159;0;0
5074.team;.team;до 19.08 (старая база);;старые запуски (до 19.08);;;;нет;;;;;;;;;;;;;;17;59;48;0;0
5109.team;.team;до 19.08 (старая база);;старые запуски (до 19.08);;;;нет;;;;;;;;;;;;;;147;574;494;0;0
5113.team;.team;21–27.08;25.08;NEW33_12pages_nodate+img_25.08;NEW33_12pages_nodate+img_25.08_4;961;25.08 18:29;нет;чужой контент · NEW33;12;без дат;с картинками;—;ТЕСТ F;27.08 12:17;0;0;3;23;0;18;71;321;295;0;0
5148.team;.team;19–20.08;19.08;Generator_v5_19.08 (группа 5);;700-704;19.08 22:39;нет;наш генератор;7;—;—;—;—;20.08 22:30;0;3;5;14;1;4;22;97;91;0;0
5162.team;.team;до 19.08 (старая база);;старые запуски (до 19.08);;;;нет;;;;;;;;;;;;;;47;253;243;0;0
5193.team;.team;до 19.08 (старая база);;старые запуски (до 19.08);;;;нет;;;;;;;;;;;;;;150;649;623;0;0
5218-4.casino;.casino;до 19.08 (старая база);;старые запуски (до 19.08);;;;нет;;;;;;;;;;;;;;49;294;258;0;0
5237.team;.team;до 19.08 (старая база);;старые запуски (до 19.08);;;;нет;;;;;;;;;;;;;;41;224;214;0;0
5273r.cfd;.cfd;19–20.08;20.08;7pages_nodate;;716-717, 653, 655;20.08;нет;чужой контент;7;без дат;—;—;—;21.08 12:06;0;0;0;1;0;63;8;32;28;0;0
5274.team;.team;до 19.08 (старая база);;старые запуски (до 19.08);;;;нет;;;;;;;;;;;;;;145;372;346;0;0
5283.team;.team;до 19.08 (старая база);;старые запуски (до 19.08);;;;нет;;;;;;;;;;;;;;136;645;568;0;0
5297-4.casino;.casino;21–27.08;21.08;Generator_11page_21.08 + Generator_11page_2_21.08;;841-855;21.08;нет;наш генератор;11;—;—;—;—;22.08 11:19;0;2;4;25;1;6;84;1337;1319;1;0
5333.team;.team;21–27.08;26.08;NEW17_img_withdate_26.08;NEW17_img_withdate_26.08_2;998;26.08 14:09;нет;чужой контент · NEW17;?;с датами;с картинками;—;ТЕСТ E;27.08 12:17;0;1;5;27;1;6;50;562;537;0;0
5364.team;.team;19–20.08;20.08;Generation 50;;—;20.08;нет;?;?;—;—;—;—;22.08 11:19;0;0;0;0;0;;52;142;137;0;0
5367.team;.team;21–27.08;24.08;Вебмастера, блок 1 — СТАРЫЕ аккаунты;Generator_11page_img_24.08_4;20 наборов;24.08 20:25;нет;наборы;12;—;—;СТАРЫЕ вебмастер-аккаунты;ТЕСТ C;25.08 11:10;2;3;6;36;2;1;139;743;714;0;0
5374.team;.team;21–27.08;25.08;NEW50_5_7pages_nodate_21.08 _7…_17;NEW50_5_7pages_nodate_21.08_14;804;21.08 13:29;нет;чужой контент · NEW50_5;7;без дат;без картинок;—;КОНТРОЛЬ;26.08 12:41;15;50;88;126;23;1;73;9322;8489;2;1
5382.team;.team;до 19.08 (старая база);;старые запуски (до 19.08);;;;нет;;;;;;;;;;;;;;122;777;743;0;0
5384-7.casino;.casino;до 19.08 (старая база);;старые запуски (до 19.08);;;;нет;;;;;;;;;;;;;;137;391;370;0;0
5385.team;.team;21–27.08;24.08;Вебмастера, блок 2 — НОВЫЕ аккаунты;Generator_11page_NOimg_24.08_8;с 1329;24.08 20:26;нет;наборы;12;—;—;НОВЫЕ вебмастер-аккаунты;ТЕСТ C;25.08 11:09;0;3;11;44;3;6;143;1737;1624;0;0
5390.team;.team;19–20.08;20.08;12pages_nodate;;743-747;20.08;нет;чужой контент;12;без дат;—;—;—;21.08 12:06;10;39;55;90;16;1;89;5121;4820;0;0
5415.team;.team;до 19.08 (старая база);;старые запуски (до 19.08);;;;нет;;;;;;;;;;;;;;116;558;540;0;0
5426.team;.team;до 19.08 (старая база);;старые запуски (до 19.08);;;;нет;;;;;;;;;;;;;;100;521;478;0;0
5506.team;.team;21–27.08;25.08;NEW33_12pages_withdate_25.08;NEW33_12pages_withdate_25.08_8;953;25.08 16:05;нет;чужой контент · NEW33;12;с датами;без картинок;—;ТЕСТ A;26.08 12:31;0;3;14;60;3;5;47;333;301;0;0
5552.team;.team;21–27.08;26.08;NEW17_NOimg_withdate_26.08;NEW17_NOimg_withdate_26.08_6;992;26.08 14:06;нет;чужой контент · NEW17;?;с датами;без картинок;—;ТЕСТ E;27.08 12:16;2;5;7;38;3;2;76;962;943;0;0
5554.team;.team;21–27.08;25.08;NEW33_12pages_withdate+img_25.08;NEW33_12pages_withdate+img_25.08_2;971;25.08 18:30;нет;чужой контент · NEW33;12;с датами;с картинками;—;ТЕСТ F;27.08 12:17;0;1;6;28;1;9;47;149;131;0;0
5557.team;.team;21–27.08;25.08;NEW33_12pages_withdate_25.08;NEW33_12pages_withdate_25.08_6;951;25.08 16:05;нет;чужой контент · NEW33;12;с датами;без картинок;—;ТЕСТ A;26.08 12:31;1;8;11;67;3;3;59;666;552;0;0
5623-1.casino;.casino;до 19.08 (старая база);;старые запуски (до 19.08);;;;нет;;;;;;;;;;;;;;87;423;405;0;0
5691.team;.team;до 19.08 (старая база);;старые запуски (до 19.08);;;;нет;;;;;;;;;;;;;;81;464;447;0;0
5719.team;.team;19–20.08;20.08;Generation 50;;—;20.08;нет;?;?;—;—;—;—;22.08 11:19;0;0;0;6;0;62;58;1748;1643;0;0
5726.team;.team;до 19.08 (старая база);;старые запуски (до 19.08);;;;нет;;;;;;;;;;;;;;54;436;412;1;1
5731.team;.team;до 19.08 (старая база);;старые запуски (до 19.08);;;;нет;;;;;;;;;;;;;;148;598;565;0;0
5741.team;.team;21–27.08;25.08;Generator_11page_NOimg_25.08;Generator_11page_NOimg_25.08_5;894;25.08 14:22;нет;наш генератор;11;—;без картинок;—;ТЕСТ B;26.08 12:29;0;2;3;36;2;4;55;284;261;0;0
5803.team;.team;21–27.08;24.08;Generator_11page_img_24.08;Generator_11page_img_24.08_3;886;24.08 14:38 / 16:58;нет;наш генератор;11;—;с картинками;—;ТЕСТ B;25.08 11:08;0;3;6;16;3;7;83;1027;945;0;0
581.team;.team;до 19.08 (старая база);;старые запуски (до 19.08);;;;нет;;;;;;;;;;;;;;73;238;229;0;0
5843.team;.team;до 19.08 (старая база);;старые запуски (до 19.08);;;;нет;;;;;;;;;;;;;;130;639;577;0;0
5847.live;.live;21–27.08;21.08;NEW50_5_7pages_nodate_21.08 _1…_6;;791-796;21.08 13:29;нет;чужой контент · NEW50_5;7;без дат;—;—;КОНТРОЛЬ;23.08 10:56;1;3;3;7;2;2;60;765;706;0;0
5847.team;.team;до 19.08 (старая база);;старые запуски (до 19.08);;;;нет;;;;;;;;;;;;;;134;422;403;0;0
5867.team;.team;19–20.08;19.08;Generator_v4_2_19.08 (группа 6);;711-715;19.08 22:50;нет;наш генератор;7;—;—;—;—;20.08 22:30;2;3;6;16;1;2;21;82;79;0;0
5908.team;.team;до 19.08 (старая база);;старые запуски (до 19.08);;;;нет;;;;;;;;;;;;;;58;307;302;0;0
5934.lol;.lol;21–27.08;21.08;Наборы nabor-53…62;nabor-60;nabor-60;21.08;нет;наборы;12;—;—;—;—;22.08 11:19;6;8;13;49;3;1;130;1489;1376;0;0
5936.team;.team;до 19.08 (старая база);;старые запуски (до 19.08);;;;нет;;;;;;;;;;;;;;129;584;546;0;0
5942.team;.team;19–20.08;20.08;Generation 50;;—;20.08;нет;?;?;—;—;—;—;22.08 11:19;0;4;7;12;4;6;46;618;574;0;0
5hb.team;.team;до 19.08 (старая база);;старые запуски (до 19.08);;;;нет;;;;;;;;;;;;;;113;507;454;0;0
5st.team;.team;до 19.08 (старая база);;старые запуски (до 19.08);;;;нет;;;;;;;;;;;;;;124;558;505;0;0
6087.team;.team;до 19.08 (старая база);;старые запуски (до 19.08);;;;нет;;;;;;;;;;;;;;56;273;254;0;0
6135.team;.team;до 19.08 (старая база);;старые запуски (до 19.08);;;;нет;;;;;;;;;;;;;;23;87;73;0;0
6153.team;.team;до 19.08 (старая база);;старые запуски (до 19.08);;;;нет;;;;;;;;;;;;;;91;267;248;0;0
6158.team;.team;19–20.08;20.08;Generation 50;;—;20.08;нет;?;?;—;—;—;—;22.08 11:19;0;0;0;0;0;;13;68;64;0;0
6194.team;.team;до 19.08 (старая база);;старые запуски (до 19.08);;;;нет;;;;;;;;;;;;;;54;352;332;0;0
6204.team;.team;19–20.08;19.08;generator v4 (группа 2);;—;19.08;нет;наш генератор;7;—;—;—;—;20.08 22:29;0;0;0;1;0;37;30;74;73;0;0
6274.team;.team;до 19.08 (старая база);;старые запуски (до 19.08);;;;нет;;;;;;;;;;;;;;150;696;660;0;0
6293.team;.team;до 19.08 (старая база);;старые запуски (до 19.08);;;;нет;;;;;;;;;;;;;;151;372;363;0;0
6340.team;.team;до 19.08 (старая база);;старые запуски (до 19.08);;;;нет;;;;;;;;;;;;;;46;263;239;0;0
6395-6.casino;.casino;до 19.08 (старая база);;старые запуски (до 19.08);;;;нет;;;;;;;;;;;;;;138;307;302;0;0
6417.team;.team;до 19.08 (старая база);;старые запуски (до 19.08);;;;нет;;;;;;;;;;;;;;91;326;272;0;0
6471.team;.team;до 19.08 (старая база);;старые запуски (до 19.08);;;;нет;;;;;;;;;;;;;;98;242;230;0;0
6473.team;.team;19–20.08;20.08;Generation 50;;—;20.08;нет;?;?;—;—;—;—;22.08 11:19;0;0;0;0;0;;17;109;105;0;0
6514.team;.team;21–27.08;25.08;NEW33_12pages_withdate+img_25.08;NEW33_12pages_withdate+img_25.08_4;982;25.08 18:30;нет;чужой контент · NEW33;12;с датами;с картинками;—;ТЕСТ F;27.08 12:17;0;0;0;11;0;62;52;257;246;0;0
6528.team;.team;до 19.08 (старая база);;старые запуски (до 19.08);;;;нет;;;;;;;;;;;;;;113;338;297;0;0
6574.team;.team;21–27.08;24.08;Generator_11page_img_24.08;Generator_11page_img_24.08_2;885;24.08 14:38 / 16:58;нет;наш генератор;11;—;с картинками;—;ТЕСТ B;25.08 11:08;0;0;0;9;0;34;45;159;155;0;0
65v.buzz;.buzz;до 19.08 (старая база);;старые запуски (до 19.08);;;;нет;;;;;;;;;;;;;;50;290;282;0;0
6635.team;.team;21–27.08;26.08;NEW17_NOimg_withdate_26.08;NEW17_NOimg_withdate_26.08_5;991;26.08 14:06;нет;чужой контент · NEW17;?;с датами;без картинок;—;ТЕСТ E;27.08 12:16;0;0;0;10;0;69;62;283;273;0;0
6708.team;.team;до 19.08 (старая база);;старые запуски (до 19.08);;;;нет;;;;;;;;;;;;;;151;450;415;0;0
6729.team;.team;до 19.08 (старая база);;старые запуски (до 19.08);;;;нет;;;;;;;;;;;;;;138;1727;1691;0;0
6752.team;.team;до 19.08 (старая база);;старые запуски (до 19.08);;;;нет;;;;;;;;;;;;;;150;1055;1010;0;0
6820.team;.team;19–20.08;20.08;Generation 50;;—;20.08;нет;?;?;—;—;—;—;22.08 11:19;0;0;0;0;0;;18;98;87;0;0
6829.lol;.lol;21–27.08;21.08;NEW50_5_7pages_withdate_21.08;;815-826;21.08;нет;чужой контент · NEW50_5;7;с датами;—;—;—;23.08 10:56;0;0;5;21;0;14;49;2460;2410;0;0
6839.team;.team;до 19.08 (старая база);;старые запуски (до 19.08);;;;нет;;;;;;;;;;;;;;105;372;351;0;0
6881.team;.team;21–27.08;25.08;Generator_11page_NOimg_25.08;Generator_11page_NOimg_25.08_2;891;25.08 14:22;нет;наш генератор;11;—;без картинок;—;ТЕСТ B;26.08 12:29;3;10;17;41;4;1;59;2639;2560;1;0
6902.team;.team;до 19.08 (старая база);;старые запуски (до 19.08);;;;нет;;;;;;;;;;;;;;114;464;397;1;0
6925.team;.team;21–27.08;25.08;NEW33_12pages_withdate_25.08;NEW33_12pages_withdate_25.08_1;946;25.08 16:05;нет;чужой контент · NEW33;12;с датами;без картинок;—;ТЕСТ A;26.08 12:31;0;3;11;73;3;5;51;1065;1032;0;0
6928.team;.team;до 19.08 (старая база);;старые запуски (до 19.08);;;;нет;;;;;;;;;;;;;;116;624;590;0;0
6948.team;.team;до 19.08 (старая база);;старые запуски (до 19.08);;;;нет;;;;;;;;;;;;;;9;23;21;0;0
6977.team;.team;21–27.08;25.08;Generator_11page_img_25.08;Generator_11page_img_25.08_1;933;25.08 14:49;нет;наш генератор;11;—;с картинками;—;ТЕСТ B;26.08 12:31;4;15;22;81;6;2;56;729;703;1;0
6qs.team;.team;до 19.08 (старая база);;старые запуски (до 19.08);;;;нет;;;;;;;;;;;;;;120;308;298;0;0
6tr.team;.team;до 19.08 (старая база);;старые запуски (до 19.08);;;;нет;;;;;;;;;;;;;;153;655;598;0;0
6wn.team;.team;до 19.08 (старая база);;старые запуски (до 19.08);;;;нет;;;;;;;;;;;;;;5;28;23;0;0
7014.team;.team;21–27.08;26.08;КОНТРОЛЬ NEW50_5_7pages_nodate_21.08 _18…_24;;808-814;21.08 13:29;нет;чужой контент · NEW50_5;7;без дат;без картинок;—;КОНТРОЛЬ;27.08 12:18;1;3;5;7;2;3;38;322;269;0;0
7019.team;.team;до 19.08 (старая база);;старые запуски (до 19.08);;;;нет;;;;;;;;;;;;;;40;176;172;0;0
7039.team;.team;21–27.08;24.08;Вебмастера, блок 2 — НОВЫЕ аккаунты;Generator_11page_img_24.08_9;с 1329;24.08 20:26;нет;наборы;12;—;—;НОВЫЕ вебмастер-аккаунты;ТЕСТ C;25.08 11:09;0;0;1;9;0;11;138;919;828;0;0
7065.team;.team;21–27.08;25.08;NEW33_12pages_withdate+img_25.08;NEW33_12pages_withdate+img_25.08_4;978;25.08 18:30;нет;чужой контент · NEW33;12;с датами;с картинками;—;ТЕСТ F;27.08 12:17;0;7;10;17;3;5;82;758;741;0;0
7082.team;.team;21–27.08;25.08;Старые аккаунты (nabor-149…153);старые;33;25.08;нет;наборы;12;—;—;СТАРЫЕ вебмастер-аккаунты;ТЕСТ D;26.08 12:41;0;0;1;13;0;30;140;864;774;0;0
7128.team;.team;до 19.08 (старая база);;старые запуски (до 19.08);;;;нет;;;;;;;;;;;;;;87;422;391;0;0
7182.team;.team;до 19.08 (старая база);;старые запуски (до 19.08);;;;нет;;;;;;;;;;;;;;99;443;399;0;0
7186.team;.team;21–27.08;27.08;7page_27.08 · партия 1;7page_5_1;1008;27.08 17:37;да;7page (автор не указан);7;—;—;—;—;28.08 12:43;0;0;0;7;0;39;19;45;38;0;0
7201.team;.team;21–27.08;25.08;NEW50_5_7pages_nodate_21.08 _7…_17;NEW50_5_7pages_nodate_21.08_12;802;21.08 13:29;нет;чужой контент · NEW50_5;7;без дат;без картинок;—;КОНТРОЛЬ;26.08 12:41;1;1;2;7;1;3;41;361;355;0;0
7204-3.casino;.casino;до 19.08 (старая база);;старые запуски (до 19.08);;;;нет;;;;;;;;;;;;;;105;261;240;0;0
7216.lol;.lol;21–27.08;24.08;Generator_11page_NOimg_24.08;Generator_11page_NOimg_24.08_5;882;24.08 14:39 / 16:57;нет;наш генератор;11;—;без картинок;—;ТЕСТ B;25.08 11:09;0;1;1;5;1;5;59;299;288;0;0
7224.team;.team;21–27.08;26.08;NEW17_img_withdate_26.08;NEW17_img_withdate_26.08_2;1001;26.08 14:10;нет;чужой контент · NEW17;?;с датами;с картинками;—;ТЕСТ E;27.08 12:17;0;1;2;26;1;9;57;160;157;0;0
7227.team;.team;21–27.08;25.08;NEW33_12pages_nodate_25.08;NEW33_12pages_nodate_25.08_6;943;25.08 16:04;нет;чужой контент · NEW33;12;без дат;без картинок;—;ТЕСТ A;26.08 12:29;0;0;2;46;0;21;53;184;179;0;0
7254.team;.team;до 19.08 (старая база);;старые запуски (до 19.08);;;;нет;;;;;;;;;;;;;;144;422;368;0;0
7291.team;.team;до 19.08 (старая база);;старые запуски (до 19.08);;;;нет;;;;;;;;;;;;;;63;341;323;0;0
72f.buzz;.buzz;до 19.08 (старая база);;старые запуски (до 19.08);;;;нет;;;;;;;;;;;;;;43;272;227;0;0
731.team;.team;до 19.08 (старая база);;старые запуски (до 19.08);;;;нет;;;;;;;;;;;;;;98;2157;2107;0;0
7351.team;.team;до 19.08 (старая база);;старые запуски (до 19.08);;;;нет;;;;;;;;;;;;;;49;201;195;0;0
7386.team;.team;до 19.08 (старая база);;старые запуски (до 19.08);;;;нет;;;;;;;;;;;;;;125;300;290;0;0
7440.team;.team;21–27.08;27.08;7page_27.08 · партия 1;7page_9_1;1012;27.08 17:39;да;7page (автор не указан);7;—;—;—;—;28.08 12:43;0;1;4;20;1;8;15;66;59;0;0
7503.team;.team;до 19.08 (старая база);;старые запуски (до 19.08);;;;нет;;;;;;;;;;;;;;51;260;249;0;0
7562-8.casino;.casino;до 19.08 (старая база);;старые запуски (до 19.08);;;;нет;;;;;;;;;;;;;;140;787;724;0;0
7592.team;.team;до 19.08 (старая база);;старые запуски (до 19.08);;;;нет;;;;;;;;;;;;;;59;2022;1830;0;0
7625.team;.team;до 19.08 (старая база);;старые запуски (до 19.08);;;;нет;;;;;;;;;;;;;;118;224;214;0;0
7628.team;.team;до 19.08 (старая база);;старые запуски (до 19.08);;;;нет;;;;;;;;;;;;;;141;410;393;0;0
7672.team;.team;21–27.08;24.08;Вебмастера, блок 1 — СТАРЫЕ аккаунты;Generator_11page_img_24.08_2;20 наборов;24.08 20:25;нет;наборы;12;—;—;СТАРЫЕ вебмастер-аккаунты;ТЕСТ C;25.08 11:10;0;1;3;28;1;6;134;883;819;0;0
7841.team;.team;до 19.08 (старая база);;старые запуски (до 19.08);;;;нет;;;;;;;;;;;;;;70;437;419;0;0
7873.team;.team;21–27.08;25.08;NEW33_12pages_nodate_25.08;NEW33_12pages_nodate_25.08_4;941;25.08 16:04;нет;чужой контент · NEW33;12;без дат;без картинок;—;ТЕСТ A;26.08 12:29;4;8;14;66;3;2;62;643;560;0;0
7912.team;.team;21–27.08;25.08;Generator_11page_img_25.08;Generator_11page_img_25.08_3;935;25.08 14:49;нет;наш генератор;11;—;с картинками;—;ТЕСТ B;26.08 12:31;0;2;3;26;1;4;42;257;222;0;0
7924.team;.team;21–27.08;25.08;NEW33_12pages_withdate+img_25.08;NEW33_12pages_withdate+img_25.08_1;975;25.08 18:30;нет;чужой контент · NEW33;12;с датами;с картинками;—;ТЕСТ F;27.08 12:17;0;7;9;31;3;6;45;881;875;0;0
7dv.team;.team;до 19.08 (старая база);;старые запуски (до 19.08);;;;нет;;;;;;;;;;;;;;152;596;545;0;0
7np.team;.team;до 19.08 (старая база);;старые запуски (до 19.08);;;;нет;;;;;;;;;;;;;;122;698;595;0;0
8054.team;.team;до 19.08 (старая база);;старые запуски (до 19.08);;;;нет;;;;;;;;;;;;;;80;208;191;0;0
8064.team;.team;до 19.08 (старая база);;старые запуски (до 19.08);;;;нет;;;;;;;;;;;;;;142;742;697;0;0
8071.team;.team;до 19.08 (старая база);;старые запуски (до 19.08);;;;нет;;;;;;;;;;;;;;102;487;467;0;0
8172.team;.team;до 19.08 (старая база);;старые запуски (до 19.08);;;;нет;;;;;;;;;;;;;;152;493;462;0;0
8214.team;.team;до 19.08 (старая база);;старые запуски (до 19.08);;;;нет;;;;;;;;;;;;;;115;489;427;0;0
8261.team;.team;до 19.08 (старая база);;старые запуски (до 19.08);;;;нет;;;;;;;;;;;;;;151;1064;1043;0;0
8271.team;.team;до 19.08 (старая база);;старые запуски (до 19.08);;;;нет;;;;;;;;;;;;;;140;1062;1012;0;0
8272.team;.team;до 19.08 (старая база);;старые запуски (до 19.08);;;;нет;;;;;;;;;;;;;;102;416;372;0;0
8300.team;.team;21–27.08;24.08;Вебмастера, блок 2 — НОВЫЕ аккаунты;Generator_11page_img_24.08_8;с 1329;24.08 20:26;нет;наборы;12;—;—;НОВЫЕ вебмастер-аккаунты;ТЕСТ C;25.08 11:09;1;13;16;53;6;3;143;1268;1166;0;0
8304.team;.team;21–27.08;24.08;Вебмастера, блок 2 — НОВЫЕ аккаунты;Generator_11page_img_24.08_7;с 1329;24.08 20:26;нет;наборы;12;—;—;НОВЫЕ вебмастер-аккаунты;ТЕСТ C;25.08 11:09;0;1;1;43;1;4;148;1112;1045;0;0
8359.team;.team;21–27.08;25.08;NEW50_5_7pages_nodate_21.08 _7…_17;NEW50_5_7pages_nodate_21.08_15;805;21.08 13:29;нет;чужой контент · NEW50_5;7;без дат;без картинок;—;КОНТРОЛЬ;26.08 12:41;0;0;4;15;0;12;20;192;158;0;0
8375-2.casino;.casino;до 19.08 (старая база);;старые запуски (до 19.08);;;;нет;;;;;;;;;;;;;;68;442;415;0;0
837f.team;.team;до 19.08 (старая база);;старые запуски (до 19.08);;;;нет;;;;;;;;;;;;;;3;10;8;0;0
8428.team;.team;21–27.08;26.08;NEW17_NOimg_withdate_26.08;NEW17_NOimg_withdate_26.08_3;989;26.08 14:06;нет;чужой контент · NEW17;?;с датами;без картинок;—;ТЕСТ E;27.08 12:16;0;1;5;34;1;5;53;145;142;0;0
8437.team;.team;до 19.08 (старая база);;старые запуски (до 19.08);;;;нет;;;;;;;;;;;;;;114;574;555;0;0
8452.team;.team;21–27.08;21.08;Наборы nabor-53…62;nabor-55;nabor-55;21.08;нет;наборы;12;—;—;—;—;22.08 11:19;0;1;3;23;1;9;148;1724;1629;0;0
846.team;.team;до 19.08 (старая база);;старые запуски (до 19.08);;;;нет;;;;;;;;;;;;;;68;335;302;0;0
8461-7.casino;.casino;до 19.08 (старая база);;старые запуски (до 19.08);;;;нет;;;;;;;;;;;;;;40;186;169;0;0
8527.team;.team;21–27.08;25.08;NEW33_12pages_withdate+img_25.08;NEW33_12pages_withdate+img_25.08_4;973;25.08 18:30;нет;чужой контент · NEW33;12;с датами;с картинками;—;ТЕСТ F;27.08 12:17;2;9;23;40;4;3;61;1432;1189;0;0
8573.lol;.lol;21–27.08;24.08;Generator_11page_NOimg_24.08;Generator_11page_NOimg_24.08_6;883;24.08 14:39 / 16:57;нет;наш генератор;11;—;без картинок;—;ТЕСТ B;25.08 11:09;0;0;0;9;0;40;51;157;130;0;0
8616.team;.team;21–27.08;25.08;NEW33_12pages_nodate+img_25.08;NEW33_12pages_nodate+img_25.08_1;958;25.08 18:29;нет;чужой контент · NEW33;12;без дат;с картинками;—;ТЕСТ F;27.08 12:17;0;0;0;0;0;;69;232;210;0;0
8629.team;.team;до 19.08 (старая база);;старые запуски (до 19.08);;;;нет;;;;;;;;;;;;;;54;243;215;0;0
867pq.beer;.beer;до 19.08 (старая база);;старые запуски (до 19.08);;;;нет;;;;;;;;;;;;;;8;42;26;0;0
8759.team;.team;до 19.08 (старая база);;старые запуски (до 19.08);;;;нет;;;;;;;;;;;;;;109;861;797;0;0
8825.team;.team;21–27.08;25.08;Новые аккаунты (nabor-144…148);новые;14;25.08;нет;наборы;12;—;—;НОВЫЕ вебмастер-аккаунты;ТЕСТ D;26.08 12:44;1;11;23;72;6;3;135;1867;1757;0;0
8925.team;.team;до 19.08 (старая база);;старые запуски (до 19.08);;;;нет;;;;;;;;;;;;;;89;257;245;0;0
8942.team;.team;до 19.08 (старая база);;старые запуски (до 19.08);;;;нет;;;;;;;;;;;;;;100;520;484;0;0
8mv.team;.team;до 19.08 (старая база);;старые запуски (до 19.08);;;;нет;;;;;;;;;;;;;;138;582;512;0;0
8tz.team;.team;до 19.08 (старая база);;старые запуски (до 19.08);;;;нет;;;;;;;;;;;;;;4;18;12;0;0
9047.team;.team;до 19.08 (старая база);;старые запуски (до 19.08);;;;нет;;;;;;;;;;;;;;102;294;268;0;0
90m.buzz;.buzz;до 19.08 (старая база);;старые запуски (до 19.08);;;;нет;;;;;;;;;;;;;;88;270;270;0;0
9152.team;.team;до 19.08 (старая база);;старые запуски (до 19.08);;;;нет;;;;;;;;;;;;;;145;292;286;0;0
9163.team;.team;до 19.08 (старая база);;старые запуски (до 19.08);;;;нет;;;;;;;;;;;;;;111;2950;2887;0;0
9279.team;.team;21–27.08;25.08;NEW50_5_7pages_nodate_21.08 _7…_17;NEW50_5_7pages_nodate_21.08_11;801;21.08 13:29;нет;чужой контент · NEW50_5;7;без дат;без картинок;—;КОНТРОЛЬ;26.08 12:41;0;3;8;24;3;6;35;375;356;0;0
9284.team;.team;до 19.08 (старая база);;старые запуски (до 19.08);;;;нет;;;;;;;;;;;;;;71;596;566;0;0
9296.buzz;.buzz;до 19.08 (старая база);;старые запуски (до 19.08);;;;нет;;;;;;;;;;;;;;126;406;383;0;0
9316.space;.space;21–27.08;21.08;NEW50_5_7pages_nodate_21.08 _1…_6;;791-796;21.08 13:29;нет;чужой контент · NEW50_5;7;без дат;—;—;КОНТРОЛЬ;23.08 10:56;0;0;0;0;0;;2;7;7;0;0
9364.team;.team;до 19.08 (старая база);;старые запуски (до 19.08);;;;нет;;;;;;;;;;;;;;109;955;932;0;0
9536.lol;.lol;19–20.08;20.08;12pages_withdate · Theme2;;748-757;20.08;нет;чужой контент;12;с датами;—;—;—;21.08 12:06;10;20;35;77;10;1;59;2076;2037;0;0
9613.team;.team;до 19.08 (старая база);;старые запуски (до 19.08);;;;нет;;;;;;;;;;;;;;99;456;412;0;0
9671.team;.team;21–27.08;25.08;Новые аккаунты (nabor-144…148);новые;94;25.08;нет;наборы;12;—;—;НОВЫЕ вебмастер-аккаунты;ТЕСТ D;26.08 12:44;0;4;11;90;4;7;141;1432;1281;0;0
968.team;.team;до 19.08 (старая база);;старые запуски (до 19.08);;;;нет;;;;;;;;;;;;;;55;288;275;0;0
9712.team;.team;21–27.08;25.08;NEW33_12pages_nodate+img_25.08;NEW33_12pages_nodate+img_25.08_2;959;25.08 18:29;нет;чужой контент · NEW33;12;без дат;с картинками;—;ТЕСТ F;27.08 12:17;7;39;72;107;18;1;66;2258;2050;1;0
9720.team;.team;до 19.08 (старая база);;старые запуски (до 19.08);;;;нет;;;;;;;;;;;;;;75;739;702;0;0
9751.lol;.lol;21–27.08;26.08;NEW17_NOimg_withdate_26.08;NEW17_NOimg_withdate_26.08_7;993;26.08 14:06;нет;чужой контент · NEW17;?;с датами;без картинок;—;ТЕСТ E;27.08 12:16;5;16;19;32;6;2;42;216;206;0;0
9779.team;.team;21–27.08;26.08;КОНТРОЛЬ NEW50_5_7pages_nodate_21.08 _18…_24;;808-814;21.08 13:29;нет;чужой контент · NEW50_5;7;без дат;без картинок;—;КОНТРОЛЬ;27.08 12:18;4;17;23;118;9;2;51;449;412;0;0
9785.team;.team;21–27.08;25.08;Generator_11page_img_25.08;Generator_11page_img_25.08_5;937;25.08 14:49;нет;наш генератор;11;—;с картинками;—;ТЕСТ B;26.08 12:31;2;12;20;93;9;2;56;669;629;0;0
9928.team;.team;21–27.08;24.08;Generator_11page_img_24.08;Generator_11page_img_24.08_1;868;24.08 14:38 / 16:58;нет;наш генератор;11;—;с картинками;—;ТЕСТ B;25.08 11:08;0;6;12;35;6;5;82;1352;1305;0;0
9935.team;.team;21–27.08;25.08;NEW33_12pages_withdate+img_25.08;NEW33_12pages_withdate+img_25.08_2;980;25.08 18:30;нет;чужой контент · NEW33;12;с датами;с картинками;—;ТЕСТ F;27.08 12:17;1;2;5;18;2;2;50;331;327;0;0
9lm.team;.team;до 19.08 (старая база);;старые запуски (до 19.08);;;;нет;;;;;;;;;;;;;;131;526;494;0;0
9lp.team;.team;до 19.08 (старая база);;старые запуски (до 19.08);;;;нет;;;;;;;;;;;;;;4;25;22;0;0
9yp.team;.team;до 19.08 (старая база);;старые запуски (до 19.08);;;;нет;;;;;;;;;;;;;;127;554;502;0;0
a3d.team;.team;21–27.08;25.08;NEW33_12pages_nodate+img_25.08;NEW33_12pages_nodate+img_25.08_3;968;25.08 18:30;нет;чужой контент · NEW33;12;без дат;с картинками;—;ТЕСТ F;27.08 12:17;2;8;9;28;3;2;68;576;556;0;0
admiralx-ee.click;.click;до 19.08 (старая база);;старые запуски (до 19.08);;;;нет;;;;;;;;;;;;;;145;795;733;0;0
admiralx-rr.click;.click;до 19.08 (старая база);;старые запуски (до 19.08);;;;нет;;;;;;;;;;;;;;129;287;279;0;0
admiralx-ww.click;.click;до 19.08 (старая база);;старые запуски (до 19.08);;;;нет;;;;;;;;;;;;;;102;164;161;0;0
amtx.team;.team;21–27.08;26.08;КОНТРОЛЬ NEW50_5_7pages_nodate_21.08 _18…_24;;808-814;21.08 13:29;нет;чужой контент · NEW50_5;7;без дат;без картинок;—;КОНТРОЛЬ;27.08 12:18;0;4;14;66;3;7;43;317;292;0;0
avocadogames7.top;.top;до 19.08 (старая база);;старые запуски (до 19.08);;;;нет;;;;;;;;;;;;;;148;297;289;0;0
b2kn.team;.team;19–20.08;19.08;generator v4 (группа 2);;—;19.08;нет;наш генератор;7;—;—;—;—;20.08 22:29;0;0;1;2;0;14;29;157;148;0;0
b2t.team;.team;до 19.08 (старая база);;старые запуски (до 19.08);;;;нет;;;;;;;;;;;;;;68;415;384;0;0
b3nq.team;.team;19–20.08;20.08;Generation 50;;—;20.08;нет;?;?;—;—;—;—;22.08 11:19;0;1;1;1;1;6;17;90;83;0;0
b3nv.team;.team;до 19.08 (старая база);;старые запуски (до 19.08);;;;нет;;;;;;;;;;;;;;54;288;262;0;0
b4kd.buzz;.buzz;до 19.08 (старая база);;старые запуски (до 19.08);;;;нет;;;;;;;;;;;;;;146;438;429;0;0
b4kr.team;.team;21–27.08;21.08;NEW50_5_7pages_withdate_21.08;;815-826;21.08;нет;чужой контент · NEW50_5;7;с датами;—;—;—;23.08 10:56;0;0;0;11;0;43;26;3032;2999;0;0
b4wq.team;.team;до 19.08 (старая база);;старые запуски (до 19.08);;;;нет;;;;;;;;;;;;;;43;191;182;0;0
b5wt.team;.team;до 19.08 (старая база);;старые запуски (до 19.08);;;;нет;;;;;;;;;;;;;;20;36;36;0;0
b6ft.team;.team;до 19.08 (старая база);;старые запуски (до 19.08);;;;нет;;;;;;;;;;;;;;102;738;693;0;0
b6nt.team;.team;21–27.08;26.08;Generator_A2_staryy_stil (nabor-170…174);nabor-171;nabor-171;26.08;нет;наш генератор;?;—;старый стиль;—;ТЕСТ G;27.08 12:17;0;0;1;20;0;18;126;999;916;0;0
b6t.team;.team;19–20.08;20.08;Generation 50;;—;20.08;нет;?;?;—;—;—;—;22.08 11:19;0;0;0;1;0;74;37;118;116;0;0
b7mk.team;.team;до 19.08 (старая база);;старые запуски (до 19.08);;;;нет;;;;;;;;;;;;;;107;579;564;0;0
b8rn.team;.team;21–27.08;27.08;Generator_11page_old_27.08;Generator_11page_old_27.08_2;1015;27.08 18:22;да;наш генератор · old;11;—;старый стиль;—;—;28.08 12:43;0;0;0;4;0;91;38;91;85;0;0
b8t.team;.team;19–20.08;19.08;generator v4 (группа 2);;—;19.08;нет;наш генератор;7;—;—;—;—;20.08 22:29;0;0;0;3;0;68;45;702;694;0;0
b9r.team;.team;до 19.08 (старая база);;старые запуски (до 19.08);;;;нет;;;;;;;;;;;;;;56;222;213;0;0
bcnt.team;.team;до 19.08 (старая база);;старые запуски (до 19.08);;;;нет;;;;;;;;;;;;;;99;514;472;0;0
bcqr.team;.team;19–20.08;20.08;12pages_nodate;;743-747;20.08;нет;чужой контент;12;без дат;—;—;—;21.08 12:06;1;8;15;76;5;3;101;1050;983;0;0
bdkm.team;.team;до 19.08 (старая база);;старые запуски (до 19.08);;;;нет;;;;;;;;;;;;;;38;262;217;0;0
bdqv.team;.team;до 19.08 (старая база);;старые запуски (до 19.08);;;;нет;;;;;;;;;;;;;;46;156;141;0;0
bdwn.team;.team;19–20.08;19.08;Generator_11page_19.08 (группа 3);;695-699;19.08 16:56;нет;наш генератор;11;—;—;—;—;20.08 22:29;22;85;127;197;27;1;110;6875;6673;0;0
bfkq.team;.team;19–20.08;20.08;doregn.net 7 page (имена);kostoreznaya1;—;20.08;нет;именованные;7;—;—;—;—;21.08 12:06;0;1;3;4;1;10;134;538;519;0;0
bgqt.team;.team;21–27.08;24.08;Вебмастера, блок 1 — СТАРЫЕ аккаунты;Generator_11page_NOimg_24.08_3;20 наборов;24.08 20:25;нет;наборы;12;—;—;СТАРЫЕ вебмастер-аккаунты;ТЕСТ C;25.08 11:10;1;6;13;63;6;1;142;1456;1302;0;0
bhrs.team;.team;до 19.08 (старая база);;старые запуски (до 19.08);;;;нет;;;;;;;;;;;;;;12;41;31;0;0
bhym.team;.team;до 19.08 (старая база);;старые запуски (до 19.08);;;;нет;;;;;;;;;;;;;;135;598;539;0;0
bknt.team;.team;21–27.08;26.08;Generator_A_staryy_stil (nabor-155…159);nabor-155;nabor-155;26.08;нет;наш генератор;?;—;старый стиль;—;ТЕСТ G;27.08 12:17;0;2;5;27;2;9;132;821;742;0;0
bkrw.team;.team;до 19.08 (старая база);;старые запуски (до 19.08);;;;нет;;;;;;;;;;;;;;151;640;584;0;0
bkzm.team;.team;до 19.08 (старая база);;старые запуски (до 19.08);;;;нет;;;;;;;;;;;;;;151;1038;966;1;0
blsr.team;.team;21–27.08;21.08;NEW50_5_12pages_withdate_21.08;;834-840;21.08;нет;чужой контент · NEW50_5;12;с датами;—;—;—;23.08 10:56;15;54;78;118;26;1;140;10481;10248;2;0
bmtq.team;.team;21–27.08;27.08;7page_27.08 · партия 2;7page_1;;;нет;7page (автор не указан);7;—;—;—;—;28.08 12:43;0;1;1;5;1;4;141;523;446;0;0
bmvq.team;.team;до 19.08 (старая база);;старые запуски (до 19.08);;;;нет;;;;;;;;;;;;;;141;713;634;0;0
bn8w.team;.team;до 19.08 (старая база);;старые запуски (до 19.08);;;;нет;;;;;;;;;;;;;;143;255;254;0;0
bnkd.shop;.shop;21–27.08;21.08;NEW50_5_7pages_withdate_21.08;;815-826;21.08;нет;чужой контент · NEW50_5;7;с датами;—;—;—;23.08 10:56;0;1;1;3;1;6;40;738;582;1;0
bnkq.team;.team;до 19.08 (старая база);;старые запуски (до 19.08);;;;нет;;;;;;;;;;;;;;127;866;806;0;0
bnwk.casino;.casino;21–27.08;21.08;Generator_11page_21.08 + Generator_11page_2_21.08;;841-855;21.08;нет;наш генератор;11;—;—;—;—;22.08 11:19;6;28;42;88;14;2;132;8287;8131;2;0
bqlt.team;.team;до 19.08 (старая база);;старые запуски (до 19.08);;;;нет;;;;;;;;;;;;;;126;707;657;0;0
brtk.team;.team;до 19.08 (старая база);;старые запуски (до 19.08);;;;нет;;;;;;;;;;;;;;138;534;430;0;0
brtz.team;.team;до 19.08 (старая база);;старые запуски (до 19.08);;;;нет;;;;;;;;;;;;;;153;606;559;0;0
bsfg.team;.team;21–27.08;25.08;NEW33_12pages_nodate+img_25.08;NEW33_12pages_nodate+img_25.08_3;960;25.08 18:29;нет;чужой контент · NEW33;12;без дат;с картинками;—;ТЕСТ F;27.08 12:17;5;17;22;80;7;1;93;1256;1217;3;0
bwdr.team;.team;до 19.08 (старая база);;старые запуски (до 19.08);;;;нет;;;;;;;;;;;;;;40;498;440;0;0
byai.team;.team;21–27.08;27.08;7page_27.08 · партия 1;7page_4_1;1007;27.08 17:36;да;7page (автор не указан);7;—;—;—;—;28.08 12:43;0;0;1;3;0;11;20;54;51;0;0
c2kp.team;.team;до 19.08 (старая база);;старые запуски (до 19.08);;;;нет;;;;;;;;;;;;;;129;337;309;0;0
c3c.lol;.lol;21–27.08;24.08;Generator_11page_img_24.08;Generator_11page_img_24.08_6;889;24.08 14:38 / 16:58;нет;наш генератор;11;—;с картинками;—;ТЕСТ B;25.08 11:08;0;2;3;11;2;4;83;863;841;0;0
c3qm.team;.team;до 19.08 (старая база);;старые запуски (до 19.08);;;;нет;;;;;;;;;;;;;;33;444;384;0;0
c3xw.team;.team;до 19.08 (старая база);;старые запуски (до 19.08);;;;нет;;;;;;;;;;;;;;89;441;392;0;0
c4mv.team;.team;до 19.08 (старая база);;старые запуски (до 19.08);;;;нет;;;;;;;;;;;;;;114;280;278;0;0
c4wr.team;.team;21–27.08;26.08;Generator_A2_staryy_stil (nabor-170…174);nabor-172;nabor-172;26.08;нет;наш генератор;?;—;старый стиль;—;ТЕСТ G;27.08 12:17;0;1;1;23;1;6;130;1215;1110;0;0
c5tw.team;.team;19–20.08;19.08;Generator_v5_19.08 (группа 5);;700-704;19.08 22:39;нет;наш генератор;7;—;—;—;—;20.08 22:30;0;2;6;9;2;5;32;194;184;1;0
c5vt.team;.team;21–27.08;27.08;Generator_11page_old_27.08;Generator_11page_old_27.08_3;1016;27.08 18:22;да;наш генератор · old;11;—;старый стиль;—;—;28.08 12:43;1;3;3;7;2;3;50;148;129;0;0
c5wq.team;.team;до 19.08 (старая база);;старые запуски (до 19.08);;;;нет;;;;;;;;;;;;;;39;220;200;0;0
c6p.fun;.fun;21–27.08;21.08;NEW50_5_7pages_nodate_21.08 _1…_6;;791-796;21.08 13:29;нет;чужой контент · NEW50_5;7;без дат;—;—;КОНТРОЛЬ;23.08 10:56;0;1;1;27;1;7;40;489;451;0;0
c6vr.team;.team;19–20.08;20.08;Generation 50;;—;20.08;нет;?;?;—;—;—;—;22.08 11:19;0;0;0;0;0;;19;87;85;0;0
c7mt.team;.team;21–27.08;21.08;NEW50_5_7pages_withdate_21.08;;815-826;21.08;нет;чужой контент · NEW50_5;7;с датами;—;—;—;23.08 10:56;0;0;0;1;0;93;30;78;75;0;0
c7v.team;.team;до 19.08 (старая база);;старые запуски (до 19.08);;;;нет;;;;;;;;;;;;;;122;2006;1931;0;0
c8vd.team;.team;до 19.08 (старая база);;старые запуски (до 19.08);;;;нет;;;;;;;;;;;;;;151;853;823;0;0
c9lm.team;.team;до 19.08 (старая база);;старые запуски (до 19.08);;;;нет;;;;;;;;;;;;;;140;369;333;0;0
c9m.team;.team;19–20.08;20.08;Generation 50;;—;20.08;нет;?;?;—;—;—;—;22.08 11:19;0;2;5;11;2;4;27;378;377;0;0
casino16w.team;.team;до 19.08 (старая база);;старые запуски (до 19.08);;;;нет;;;;;;;;;;;;;;148;833;780;0;0
casino24z.buzz;.buzz;до 19.08 (старая база);;старые запуски (до 19.08);;;;нет;;;;;;;;;;;;;;101;328;288;0;0
casino27m.team;.team;до 19.08 (старая база);;старые запуски (до 19.08);;;;нет;;;;;;;;;;;;;;116;511;455;0;0
casino31w.buzz;.buzz;до 19.08 (старая база);;старые запуски (до 19.08);;;;нет;;;;;;;;;;;;;;141;404;385;0;0
casino37x.team;.team;до 19.08 (старая база);;старые запуски (до 19.08);;;;нет;;;;;;;;;;;;;;5;37;23;0;0
casino38b.team;.team;до 19.08 (старая база);;старые запуски (до 19.08);;;;нет;;;;;;;;;;;;;;125;678;601;0;0
casino38d.buzz;.buzz;до 19.08 (старая база);;старые запуски (до 19.08);;;;нет;;;;;;;;;;;;;;121;488;428;0;0
casino47m.buzz;.buzz;до 19.08 (старая база);;старые запуски (до 19.08);;;;нет;;;;;;;;;;;;;;152;475;442;0;0
casino49y.team;.team;до 19.08 (старая база);;старые запуски (до 19.08);;;;нет;;;;;;;;;;;;;;138;1011;930;0;0
casino52k.buzz;.buzz;до 19.08 (старая база);;старые запуски (до 19.08);;;;нет;;;;;;;;;;;;;;152;543;521;0;0
casino57h.buzz;.buzz;до 19.08 (старая база);;старые запуски (до 19.08);;;;нет;;;;;;;;;;;;;;105;374;324;0;0
casino62p.team;.team;до 19.08 (старая база);;старые запуски (до 19.08);;;;нет;;;;;;;;;;;;;;1;1;1;0;0
casino62q.buzz;.buzz;до 19.08 (старая база);;старые запуски (до 19.08);;;;нет;;;;;;;;;;;;;;118;437;372;0;0
casino79p.buzz;.buzz;до 19.08 (старая база);;старые запуски (до 19.08);;;;нет;;;;;;;;;;;;;;150;637;499;0;0
casino82z.team;.team;до 19.08 (старая база);;старые запуски (до 19.08);;;;нет;;;;;;;;;;;;;;131;516;462;0;0
casino83n.buzz;.buzz;до 19.08 (старая база);;старые запуски (до 19.08);;;;нет;;;;;;;;;;;;;;147;512;493;0;0
casino85z.team;.team;до 19.08 (старая база);;старые запуски (до 19.08);;;;нет;;;;;;;;;;;;;;4;14;10;0;0
casino94k.team;.team;до 19.08 (старая база);;старые запуски (до 19.08);;;;нет;;;;;;;;;;;;;;4;20;13;0;0
casino95r.team;.team;до 19.08 (старая база);;старые запуски (до 19.08);;;;нет;;;;;;;;;;;;;;128;881;826;0;0
casino96r.buzz;.buzz;до 19.08 (старая база);;старые запуски (до 19.08);;;;нет;;;;;;;;;;;;;;76;299;272;0;0
cdrw.team;.team;до 19.08 (старая база);;старые запуски (до 19.08);рега + деп по luckyduck;;;нет;;;;;;;;;;;;;;144;632;528;0;0
cflw.team;.team;21–27.08;26.08;Generator_A_staryy_stil (nabor-155…159);nabor-156;nabor-156;26.08;нет;наш генератор;?;—;старый стиль;—;ТЕСТ G;27.08 12:17;2;14;30;66;7;3;142;2089;1987;1;0
cfnw.team;.team;до 19.08 (старая база);;старые запуски (до 19.08);;;;нет;;;;;;;;;;;;;;37;258;224;0;0
cfpm.team;.team;19–20.08;20.08;12pages_nodate;;743-747;20.08;нет;чужой контент;12;без дат;—;—;—;21.08 12:06;3;22;31;68;7;1;84;2072;2035;1;0
cfwz.team;.team;до 19.08 (старая база);;старые запуски (до 19.08);;;;нет;;;;;;;;;;;;;;152;1219;1167;0;0
cglr.team;.team;19–20.08;20.08;doregn.net 7 page (имена);krahmalnya1;—;20.08;нет;именованные;7;—;—;—;—;21.08 12:06;0;5;8;25;5;8;152;2094;1989;0;0
cgnr.team;.team;до 19.08 (старая база);;старые запуски (до 19.08);;;;нет;;;;;;;;;;;;;;39;419;392;0;0
cgvz.team;.team;19–20.08;20.08;12pages_withdate · Theme1;;758-765;20.08;нет;чужой контент;12;с датами;—;—;—;21.08 02:00;2;10;15;82;4;2;69;817;808;0;0
chrv.team;.team;21–27.08;24.08;Вебмастера, блок 1 — СТАРЫЕ аккаунты;Generator_11page_NOimg_24.08_4;20 наборов;24.08 20:25;нет;наборы;12;—;—;СТАРЫЕ вебмастер-аккаунты;ТЕСТ C;25.08 11:10;4;22;32;84;9;2;128;2333;2175;0;0
cktr.team;.team;до 19.08 (старая база);;старые запуски (до 19.08);;;;нет;;;;;;;;;;;;;;152;808;594;0;0
cmnp.team;.team;до 19.08 (старая база);;старые запуски (до 19.08);;;;нет;;;;;;;;;;;;;;122;453;416;0;0
cnwr.team;.team;до 19.08 (старая база);;старые запуски (до 19.08);;;;нет;;;;;;;;;;;;;;129;557;532;0;0
cnwv.team;.team;21–27.08;27.08;7page_27.08 · партия 2;7page_2;;;нет;7page (автор не указан);7;—;—;—;—;28.08 12:43;3;9;16;46;7;1;136;579;491;0;0
cokd4.team;.team;до 19.08 (старая база);;старые запуски (до 19.08);деп по lootrun;;;нет;;;;;;;;;;;;;;23;82;66;0;0
com.tr;.tr;до 19.08 (старая база);;старые запуски (до 19.08);;;;нет;;;;;;;;;;;;;;1;137;133;0;0
cqrw.rest;.rest;19–20.08;20.08;7pages_nodate;;716-717, 653, 655;20.08;нет;чужой контент;7;без дат;—;—;—;21.08 12:06;0;0;1;3;0;21;51;308;300;0;0
crypto-boss303.top;.top;до 19.08 (старая база);;старые запуски (до 19.08);;;;нет;;;;;;;;;;;;;;105;223;216;0;0
cryptoboss249.top;.top;до 19.08 (старая база);;старые запуски (до 19.08);;;;нет;;;;;;;;;;;;;;113;234;230;0;0
cryptoboss344.top;.top;до 19.08 (старая база);;старые запуски (до 19.08);;;;нет;;;;;;;;;;;;;;152;225;222;0;0
cryptobossdelb.top;.top;до 19.08 (старая база);;старые запуски (до 19.08);;;;нет;;;;;;;;;;;;;;124;198;195;0;0
ctpm.lol;.lol;21–27.08;21.08;Наборы nabor-53…62;nabor-59;nabor-59;21.08;нет;наборы;12;—;—;—;—;22.08 11:19;0;3;6;20;3;6;116;4554;4396;0;0
cvnp.team;.team;до 19.08 (старая база);;старые запуски (до 19.08);;;;нет;;;;;;;;;;;;;;99;361;344;0;0
d1wb.team;.team;до 19.08 (старая база);;старые запуски (до 19.08);;;;нет;;;;;;;;;;;;;;80;247;236;0;0
d2rq.team;.team;до 19.08 (старая база);;старые запуски (до 19.08);;;;нет;;;;;;;;;;;;;;121;297;272;0;0
d2wq.team;.team;21–27.08;21.08;NEW50_5_12pages_withdate_21.08;;834-840;21.08;нет;чужой контент · NEW50_5;12;с датами;—;—;—;23.08 10:56;0;0;0;3;0;68;51;540;529;0;0
d3k.team;.team;до 19.08 (старая база);;старые запуски (до 19.08);;;;нет;;;;;;;;;;;;;;132;845;811;0;0
d3mw.team;.team;21–27.08;27.08;Generator_11page_old_27.08;Generator_11page_old_27.08_4;1017;27.08 18:22;да;наш генератор · old;11;—;старый стиль;—;—;28.08 12:43;0;0;0;0;0;;39;78;73;0;0
d3vs.team;.team;до 19.08 (старая база);;старые запуски (до 19.08);;;;нет;;;;;;;;;;;;;;55;382;373;0;0
d4v.team;.team;19–20.08;20.08;Generation 50;;—;20.08;нет;?;?;—;—;—;—;22.08 11:19;0;0;0;2;0;85;14;30;30;0;0
d4z.team;.team;до 19.08 (старая база);;старые запуски (до 19.08);;;;нет;;;;;;;;;;;;;;123;980;923;0;0
d5nv.team;.team;до 19.08 (старая база);;старые запуски (до 19.08);;;;нет;;;;;;;;;;;;;;150;675;653;0;0
d7km.team;.team;до 19.08 (старая база);;старые запуски (до 19.08);;;;нет;;;;;;;;;;;;;;53;326;312;0;0
d8nk.team;.team;до 19.08 (старая база);;старые запуски (до 19.08);;;;нет;;;;;;;;;;;;;;33;163;153;0;0
d9d.team;.team;21–27.08;25.08;NEW33_12pages_nodate_25.08;NEW33_12pages_nodate_25.08_5;942;25.08 16:04;нет;чужой контент · NEW33;12;без дат;без картинок;—;ТЕСТ A;26.08 12:29;4;17;24;76;9;1;65;1262;1048;0;0
d9km.team;.team;21–27.08;26.08;Generator_A2_staryy_stil (nabor-170…174);nabor-173;nabor-173;26.08;нет;наш генератор;?;—;старый стиль;—;ТЕСТ G;27.08 12:17;0;0;1;18;0;14;138;734;677;0;0
d9mq.team;.team;19–20.08;19.08;Generator_v4_2_19.08 (группа 6);;711-715;19.08 22:50;нет;наш генератор;7;—;—;—;—;20.08 22:30;0;0;0;1;0;71;39;119;116;0;0
d9tk.team;.team;19–20.08;20.08;Generation 50;;—;20.08;нет;?;?;—;—;—;—;22.08 11:19;0;0;0;0;0;;21;104;86;0;0
dfkw.team;.team;до 19.08 (старая база);;старые запуски (до 19.08);;;;нет;;;;;;;;;;;;;;138;428;374;0;0
dfmw.team;.team;до 19.08 (старая база);;старые запуски (до 19.08);;;;нет;;;;;;;;;;;;;;121;635;434;0;0
dfqt.team;.team;до 19.08 (старая база);;старые запуски (до 19.08);;;;нет;;;;;;;;;;;;;;110;539;485;0;0
dgmr.team;.team;21–27.08;26.08;Generator_A_staryy_stil (nabor-155…159);nabor-157;nabor-157;26.08;нет;наш генератор;?;—;старый стиль;—;ТЕСТ G;27.08 12:17;1;1;1;8;1;2;107;709;646;0;0
dgpr.team;.team;до 19.08 (старая база);;старые запуски (до 19.08);;;;нет;;;;;;;;;;;;;;61;431;406;0;0
dhkt.team;.team;19–20.08;20.08;12pages_withdate · Theme2;;748-757;20.08;нет;чужой контент;12;с датами;—;—;—;21.08 12:06;0;4;11;25;4;7;80;1264;1231;1;0
dhmt.team;.team;19–20.08;20.08;doregn.net 7 page (имена);machtovaya1;—;20.08;нет;именованные;7;—;—;—;—;21.08 12:06;0;0;0;5;0;56;146;762;728;0;0
dhpw.team;.team;до 19.08 (старая база);;старые запуски (до 19.08);;;;нет;;;;;;;;;;;;;;29;88;88;0;0
dktv.team;.team;до 19.08 (старая база);;старые запуски (до 19.08);;;;нет;;;;;;;;;;;;;;109;422;379;0;0
dkvm.team;.team;до 19.08 (старая база);;старые запуски (до 19.08);;;;нет;;;;;;;;;;;;;;141;973;914;0;0
dlnb.team;.team;19–20.08;19.08;Generator_v4_2_19.08 (группа 6);;711-715;19.08 22:50;нет;наш генератор;7;—;—;—;—;20.08 22:30;0;5;9;25;3;4;50;235;221;0;0
dmpt.team;.team;до 19.08 (старая база);;старые запуски (до 19.08);;;;нет;;;;;;;;;;;;;;130;595;582;0;0
dnwp.team;.team;до 19.08 (старая база);;старые запуски (до 19.08);;;;нет;;;;;;;;;;;;;;148;768;728;0;0
dprz.team;.team;21–27.08;27.08;7page_27.08 · партия 2;7page_3;;;нет;7page (автор не указан);7;—;—;—;—;28.08 12:43;2;9;13;40;6;3;140;765;637;0;0
dqrn.team;.team;до 19.08 (старая база);;старые запуски (до 19.08);;;;нет;;;;;;;;;;;;;;148;1010;890;0;0
dtlp.team;.team;до 19.08 (старая база);;старые запуски (до 19.08);;;;нет;;;;;;;;;;;;;;152;3612;3586;0;0
dvrk.casino;.casino;до 19.08 (старая база);;старые запуски (до 19.08);;;;нет;;;;;;;;;;;;;;33;203;121;0;0
dwb7.top;.top;19–20.08;19.08;generator v4 (группа 2);;—;19.08;нет;наш генератор;7;—;—;—;—;20.08 22:29;0;0;0;1;0;78;19;50;45;0;0
dwev.team;.team;до 19.08 (старая база);;старые запуски (до 19.08);вне наблюдения;;;нет;;;;;;;;;;;;;;123;9651;9328;6;0
dwqp.team;.team;до 19.08 (старая база);;старые запуски (до 19.08);;;;нет;;;;;;;;;;;;;;148;722;680;0;0
e4rn.buzz;.buzz;до 19.08 (старая база);;старые запуски (до 19.08);;;;нет;;;;;;;;;;;;;;152;1193;1117;0;0
evahub.top;.top;до 19.08 (старая база);;старые запуски (до 19.08);;;;нет;;;;;;;;;;;;;;144;304;286;0;0
evaportal180.top;.top;до 19.08 (старая база);;старые запуски (до 19.08);;;;нет;;;;;;;;;;;;;;152;606;562;0;0
evazone180.top;.top;до 19.08 (старая база);;старые запуски (до 19.08);;;;нет;;;;;;;;;;;;;;120;203;189;0;0
evdj.team;.team;21–27.08;25.08;Новые аккаунты (nabor-144…148);новые;24;25.08;нет;наборы;12;—;—;НОВЫЕ вебмастер-аккаунты;ТЕСТ D;26.08 12:44;0;0;1;26;0;24;128;982;887;0;0
f2mw.team;.team;19–20.08;20.08;Generation 50;;—;20.08;нет;?;?;—;—;—;—;22.08 11:19;0;0;0;0;0;;25;77;75;1;0
f2q.team;.team;до 19.08 (старая база);;старые запуски (до 19.08);;;;нет;;;;;;;;;;;;;;97;247;222;0;0
f2vb.team;.team;21–27.08;26.08;Generator_A2_staryy_stil (nabor-170…174);nabor-174;nabor-174;26.08;нет;наш генератор;?;—;старый стиль;—;ТЕСТ G;27.08 12:17;2;3;3;46;3;2;136;1114;1013;0;0
f4zb.team;.team;до 19.08 (старая база);;старые запуски (до 19.08);;;;нет;;;;;;;;;;;;;;63;388;377;0;0
f4zh.team;.team;21–27.08;25.08;Generator_11page_NOimg_25.08;Generator_11page_NOimg_25.08_8;897;25.08 14:22;нет;наш генератор;11;—;без картинок;—;ТЕСТ B;26.08 12:29;0;0;0;1;0;74;39;69;67;0;0
f5nv.team;.team;21–27.08;21.08;NEW50_5_12pages_nodate_21.08;;827-833;21.08;нет;чужой контент · NEW50_5;12;без дат;—;—;—;23.08 10:55;0;4;8;111;3;4;125;7404;6993;1;0
f5vn.team;.team;до 19.08 (старая база);;старые запуски (до 19.08);;;;нет;;;;;;;;;;;;;;83;263;215;0;0
f6bz.team;.team;19–20.08;20.08;12pages_withdate · Theme1;;758-765;20.08;нет;чужой контент;12;с датами;—;—;—;21.08 02:00;0;1;2;18;1;8;64;281;272;0;0
f6nq.team;.team;до 19.08 (старая база);;старые запуски (до 19.08);;;;нет;;;;;;;;;;;;;;105;333;303;0;0
f6zn.team;.team;21–27.08;24.08;Generator_11page_img_24.08;Generator_11page_img_24.08_2;869;24.08 14:38 / 16:58;нет;наш генератор;11;—;с картинками;—;ТЕСТ B;25.08 11:08;0;0;0;7;0;35;77;557;546;0;0
f7n.team;.team;19–20.08;20.08;dorgen.net 12 page (наборы 28-32);nabor29gotovyi;nabor-28…32;20.08;нет;наборы;12;—;—;—;—;21.08 12:06;1;5;8;54;5;3;152;2429;2316;1;0
f7rb.team;.team;до 19.08 (старая база);;старые запуски (до 19.08);;;;нет;;;;;;;;;;;;;;135;285;281;0;0
f7zr.team;.team;до 19.08 (старая база);;старые запуски (до 19.08);;;;нет;;;;;;;;;;;;;;34;149;134;0;0
f8dw.team;.team;до 19.08 (старая база);;старые запуски (до 19.08);;;;нет;;;;;;;;;;;;;;119;394;363;0;0
f9kq.team;.team;21–27.08;27.08;Generator_11page_old_27.08;Generator_11page_old_27.08_5;1018;27.08 18:22;да;наш генератор · old;11;—;старый стиль;—;—;28.08 12:43;0;0;1;5;0;15;40;80;76;0;0
f9pb.team;.team;21–27.08;27.08;Generator_11page_old_27.08;Generator_11page_old_27.08_6;1019;27.08 18:22;да;наш генератор · old;11;—;старый стиль;—;—;28.08 12:43;1;7;7;9;1;3;51;103;102;0;0
f9tb.team;.team;до 19.08 (старая база);;старые запуски (до 19.08);;;;нет;;;;;;;;;;;;;;80;418;381;0;0
fcfo.team;.team;21–27.08;25.08;Старые аккаунты (nabor-149…153);старые;23;25.08;нет;наборы;12;—;—;СТАРЫЕ вебмастер-аккаунты;ТЕСТ D;26.08 12:41;0;2;4;30;2;4;138;3757;3517;0;0
fgqw.team;.team;19–20.08;20.08;12pages_withdate · Theme2;;748-757;20.08;нет;чужой контент;12;с датами;—;—;—;21.08 12:06;0;0;1;5;0;16;41;148;139;0;0
fgzp.team;.team;до 19.08 (старая база);;старые запуски (до 19.08);;;;нет;;;;;;;;;;;;;;140;847;788;0;0
fhmv.team;.team;19–20.08;20.08;12pages_withdate · Theme1;;758-765;20.08;нет;чужой контент;12;с датами;—;—;—;21.08 02:00;4;13;16;105;8;2;87;734;709;0;0
fhqv.team;.team;21–27.08;26.08;Generator_A_staryy_stil (nabor-155…159);nabor-158;nabor-158;26.08;нет;наш генератор;?;—;старый стиль;—;ТЕСТ G;27.08 12:17;9;31;45;99;15;1;141;2041;1865;1;1
fhtv.team;.team;до 19.08 (старая база);;старые запуски (до 19.08);;;;нет;;;;;;;;;;;;;;51;270;253;0;0
fjnv.team;.team;19–20.08;20.08;Generation 50;;—;20.08;нет;?;?;—;—;—;—;22.08 11:19;0;0;0;6;0;41;29;164;148;0;0
fkjj.lol;.lol;21–27.08;25.08;NEW50_5_7pages_nodate_21.08 _7…_17;NEW50_5_7pages_nodate_21.08_17;807;21.08 13:29;нет;чужой контент · NEW50_5;7;без дат;без картинок;—;КОНТРОЛЬ;26.08 12:41;0;0;0;3;0;67;23;98;93;0;0
fkmz.team;.team;до 19.08 (старая база);;старые запуски (до 19.08);;;;нет;;;;;;;;;;;;;;64;373;369;0;0
fkrt.team;.team;21–27.08;21.08;Наборы nabor-53…62;nabor-54;nabor-54;21.08;нет;наборы;12;—;—;—;—;22.08 11:19;6;39;70;114;20;2;148;24063;22666;1;0
fkxb.team;.team;21–27.08;27.08;7page_27.08 · партия 2;7page_4;;;нет;7page (автор не указан);7;—;—;—;—;28.08 12:43;4;25;33;104;10;2;123;698;597;0;0
fmwc.team;.team;21–27.08;21.08;NEW50_5_12pages_nodate_21.08;;827-833;21.08;нет;чужой контент · NEW50_5;12;без дат;—;—;—;23.08 10:55;12;35;57;219;19;1;128;15741;14564;1;0
fnpk.team;.team;до 19.08 (старая база);;старые запуски (до 19.08);3 реги + 1 деп по leon;;;нет;;;;;;;;;;;;;;127;1005;961;1;1
fzbl.team;.team;до 19.08 (старая база);;старые запуски (до 19.08);;;;нет;;;;;;;;;;;;;;152;412;403;0;0
g2k.team;.team;19–20.08;20.08;dorgen.net 12 page (наборы 28-32);nabor30gotovyi;nabor-28…32;20.08;нет;наборы;12;—;—;—;—;21.08 12:06;5;16;37;110;9;1;153;3365;3177;0;0
g2ns.team;.team;до 19.08 (старая база);;старые запуски (до 19.08);;;;нет;;;;;;;;;;;;;;58;385;360;0;0
g3nk.team;.team;до 19.08 (старая база);;старые запуски (до 19.08);;;;нет;;;;;;;;;;;;;;149;920;882;0;0
g4pb.team;.team;до 19.08 (старая база);;старые запуски (до 19.08);;;;нет;;;;;;;;;;;;;;31;379;373;0;0
g5pb.team;.team;19–20.08;20.08;Generation 50;;—;20.08;нет;?;?;—;—;—;—;22.08 11:19;0;0;2;3;0;11;9;32;28;0;0
g6tq.team;.team;до 19.08 (старая база);;старые запуски (до 19.08);;;;нет;;;;;;;;;;;;;;140;954;903;0;0
g7ld.team;.team;19–20.08;19.08;Generator_v5_19.08 (группа 5);;700-704;19.08 22:39;нет;наш генератор;7;—;—;—;—;20.08 22:30;3;4;7;11;1;2;32;118;103;0;0
g7qd.team;.team;21–27.08;26.08;Generator_B2_novyy_bez_img (nabor-175…179);nabor-175;nabor-175;26.08;нет;наш генератор;?;—;новый стиль, без картинок;—;ТЕСТ G;27.08 12:18;0;0;2;7;0;12;137;662;597;1;0
g7vd.team;.team;до 19.08 (старая база);;старые запуски (до 19.08);;;;нет;;;;;;;;;;;;;;97;324;264;0;0
g8kz.team;.team;до 19.08 (старая база);;старые запуски (до 19.08);;;;нет;;;;;;;;;;;;;;138;343;328;0;0
g8pz.team;.team;21–27.08;22.08;Generator_11page_img_22.08_5;;863-867;22.08;нет;наш генератор;11;—;с картинками;—;—;23.08 10:56;3;4;5;51;2;2;95;427;417;0;0
g9d.team;.team;21–27.08;25.08;NEW33_12pages_withdate+img_25.08;NEW33_12pages_withdate+img_25.08_1;983;25.08 18:31;нет;чужой контент · NEW33;12;с датами;с картинками;—;ТЕСТ F;27.08 12:17;0;5;11;40;3;4;89;839;827;0;0
g9o.team;.team;21–27.08;26.08;Generator_C2_novyy_img (nabor-180…184);nabor-184;nabor-184;26.08;нет;наш генератор;?;—;новый стиль + картинки;—;ТЕСТ G;27.08 12:18;0;7;7;14;1;8;70;446;413;0;0
gbf5.team;.team;до 19.08 (старая база);;старые запуски (до 19.08);;;;нет;;;;;;;;;;;;;;11;35;29;0;0
ghlv.team;.team;до 19.08 (старая база);;старые запуски (до 19.08);;;;нет;;;;;;;;;;;;;;106;335;322;0;0
ghmr.team;.team;до 19.08 (старая база);;старые запуски (до 19.08);;;;нет;;;;;;;;;;;;;;115;426;389;0;0
gjpz.team;.team;19–20.08;19.08;7page_yandex (группа 1);;—;19.08;нет;сайты из выдачи;7;—;—;—;—;20.08 22:29;0;0;3;13;0;14;57;440;423;0;0
gjqx.team;.team;до 19.08 (старая база);;старые запуски (до 19.08);;;;нет;;;;;;;;;;;;;;92;390;293;0;0
gjtz.team;.team;21–27.08;26.08;Generator_A_staryy_stil (nabor-155…159);nabor-159;nabor-159;26.08;нет;наш генератор;?;—;старый стиль;—;ТЕСТ G;27.08 12:17;0;4;6;37;2;4;95;590;535;0;0
gklz.team;.team;до 19.08 (старая база);;старые запуски (до 19.08);;;;нет;;;;;;;;;;;;;;57;357;330;0;0
gkpw.team;.team;19–20.08;20.08;Generation 50;;—;20.08;нет;?;?;—;—;—;—;22.08 11:19;0;0;0;1;0;46;33;147;141;0;0
gkrd.team;.team;19–20.08;19.08;Generator_11page_19.08 (группа 3);;695-699;19.08 16:56;нет;наш генератор;11;—;—;—;—;20.08 22:29;2;28;45;106;14;2;110;1466;1441;0;0
glhd.team;.team;21–27.08;27.08;7page_27.08 · партия 2;7page_5;;;нет;7page (автор не указан);7;—;—;—;—;28.08 12:43;0;2;3;15;2;6;140;816;693;1;0
gltb.team;.team;до 19.08 (старая база);;старые запуски (до 19.08);;;;нет;;;;;;;;;;;;;;47;189;181;0;0
gnpx.team;.team;до 19.08 (старая база);;старые запуски (до 19.08);;;;нет;;;;;;;;;;;;;;40;147;125;0;0
gnxb.team;.team;21–27.08;21.08;Generator_11page_21.08 + Generator_11page_2_21.08;;841-855;21.08;нет;наш генератор;11;—;—;—;—;22.08 11:19;3;14;18;52;8;2;111;11249;11127;3;0
gqmd.team;.team;до 19.08 (старая база);;старые запуски (до 19.08);;;;нет;;;;;;;;;;;;;;123;883;867;0;0
grvl.team;.team;до 19.08 (старая база);;старые запуски (до 19.08);;;;нет;;;;;;;;;;;;;;150;902;846;0;0
gt7.team;.team;до 19.08 (старая база);;старые запуски (до 19.08);;;;нет;;;;;;;;;;;;;;143;1145;1078;0;0
gwrn.team;.team;до 19.08 (старая база);;старые запуски (до 19.08);;;;нет;;;;;;;;;;;;;;145;2586;2241;0;0
gylz.team;.team;21–27.08;26.08;КОНТРОЛЬ NEW50_5_7pages_nodate_21.08 _18…_24;;808-814;21.08 13:29;нет;чужой контент · NEW50_5;7;без дат;без картинок;—;КОНТРОЛЬ;27.08 12:18;0;1;3;14;1;9;46;122;119;0;0
gzkm.team;.team;до 19.08 (старая база);;старые запуски (до 19.08);;;;нет;;;;;;;;;;;;;;149;641;586;0;0
h1pw.team;.team;до 19.08 (старая база);;старые запуски (до 19.08);;;;нет;;;;;;;;;;;;;;64;169;160;0;0
h2rd.team;.team;до 19.08 (старая база);;старые запуски (до 19.08);;;;нет;;;;;;;;;;;;;;139;307;303;0;0
h2vd.team;.team;до 19.08 (старая база);;старые запуски (до 19.08);;;;нет;;;;;;;;;;;;;;35;95;91;0;0
h2x.online;.online;21–27.08;21.08;NEW50_5_7pages_withdate_21.08;;815-826;21.08;нет;чужой контент · NEW50_5;7;с датами;—;—;—;23.08 10:56;3;9;16;35;7;1;85;1624;1570;0;0
h3ns.team;.team;19–20.08;19.08;Generator_v5_19.08 (группа 5);;700-704;19.08 22:39;нет;наш генератор;7;—;—;—;—;20.08 22:30;1;2;3;6;2;3;41;314;305;0;0
h3qb.team;.team;до 19.08 (старая база);;старые запуски (до 19.08);;;;нет;;;;;;;;;;;;;;142;263;258;0;0
h3rb.team;.team;21–27.08;21.08;Generator_11page_21.08 + Generator_11page_2_21.08;;841-855;21.08;нет;наш генератор;11;—;—;—;—;22.08 11:19;0;4;5;21;3;4;83;2558;2473;0;0
h4p.team;.team;до 19.08 (старая база);;старые запуски (до 19.08);;;;нет;;;;;;;;;;;;;;127;1628;1536;0;0
h5nd.team;.team;до 19.08 (старая база);;старые запуски (до 19.08);;;;нет;;;;;;;;;;;;;;86;467;430;0;0
h5r.team;.team;19–20.08;20.08;dorgen.net 12 page (наборы 28-32);nabor31gotovyi;nabor-28…32;20.08;нет;наборы;12;—;—;—;—;21.08 12:06;0;9;18;65;7;4;151;3623;3361;0;0
h5rz.team;.team;21–27.08;26.08;Generator_B2_novyy_bez_img (nabor-175…179);nabor-176;nabor-176;26.08;нет;наш генератор;?;—;новый стиль, без картинок;—;ТЕСТ G;27.08 12:18;0;0;0;3;0;66;135;671;599;0;0
h6pw.team;.team;до 19.08 (старая база);;старые запуски (до 19.08);;;;нет;;;;;;;;;;;;;;152;1161;1031;0;0
h7nd.team;.team;21–27.08;27.08;Generator_11page_old_27.08;Generator_11page_old_27.08_7;1020;27.08 18:22;да;наш генератор · old;11;—;старый стиль;—;—;28.08 12:43;0;0;0;1;0;100;42;73;72;0;0
h7zb.quest;.quest;19–20.08;19.08;7page_yandex (группа 1);;—;19.08;нет;сайты из выдачи;7;—;—;—;—;20.08 22:29;0;0;0;1;0;85;41;107;98;0;0
h8cz.team;.team;19–20.08;20.08;Generation 50;;—;20.08;нет;?;?;—;—;—;—;22.08 11:19;0;0;0;0;0;;31;176;159;0;0
h8mw.team;.team;до 19.08 (старая база);;старые запуски (до 19.08);;;;нет;;;;;;;;;;;;;;138;922;831;0;0
h9rt.team;.team;до 19.08 (старая база);;старые запуски (до 19.08);;;;нет;;;;;;;;;;;;;;59;423;413;0;0
hbrn.team;.team;до 19.08 (старая база);;старые запуски (до 19.08);;;;нет;;;;;;;;;;;;;;100;323;313;0;0
hcsv.team;.team;до 19.08 (старая база);;старые запуски (до 19.08);;;;нет;;;;;;;;;;;;;;116;688;631;0;0
hg98da.buzz;.buzz;до 19.08 (старая база);;старые запуски (до 19.08);;;;нет;;;;;;;;;;;;;;4;4;4;0;0
hjcn.team;.team;до 19.08 (старая база);;старые запуски (до 19.08);;;;нет;;;;;;;;;;;;;;85;370;272;0;0
hjsf.team;.team;21–27.08;27.08;7page_27.08 · партия 2;7page_6;;;нет;7page (автор не указан);7;—;—;—;—;28.08 12:43;4;6;9;23;4;1;139;641;561;0;0
hjtb.team;.team;до 19.08 (старая база);;старые запуски (до 19.08);;;;нет;;;;;;;;;;;;;;142;1126;972;0;0
hkbc.team;.team;21–27.08;26.08;Generator_B_novyy_bez_img (nabor-160…164);nabor-160;nabor-160;26.08;нет;наш генератор;?;—;новый стиль, без картинок;—;ТЕСТ G;27.08 12:17;0;1;1;15;1;6;89;475;430;0;0
hlqz.team;.team;19–20.08;20.08;Generation 50;;—;20.08;нет;?;?;—;—;—;—;22.08 11:19;0;1;2;3;1;10;54;212;206;0;0
hlwm.team;.team;19–20.08;19.08;7page_yandex (группа 1);;—;19.08;нет;сайты из выдачи;7;—;—;—;—;20.08 22:29;0;4;8;24;4;6;59;223;218;0;0
hlzb.team;.team;до 19.08 (старая база);;старые запуски (до 19.08);;;;нет;;;;;;;;;;;;;;135;395;361;0;0
hmqb.team;.team;до 19.08 (старая база);;старые запуски (до 19.08);;;;нет;;;;;;;;;;;;;;57;348;340;0;0
hnvc.team;.team;до 19.08 (старая база);;старые запуски (до 19.08);;;;нет;;;;;;;;;;;;;;18;280;264;0;0
hnzr.team;.team;до 19.08 (старая база);;старые запуски (до 19.08);;;;нет;;;;;;;;;;;;;;149;539;532;0;0
hprl.team;.team;21–27.08;21.08;Generator_11page_21.08 + Generator_11page_2_21.08;;841-855;21.08;нет;наш генератор;11;—;—;—;—;22.08 11:19;1;6;9;37;4;3;101;4911;4507;0;0
hpvn.team;.team;19–20.08;20.08;12pages_withdate · Theme2;;748-757;20.08;нет;чужой контент;12;с датами;—;—;—;21.08 12:06;0;1;5;22;1;9;64;1064;1009;0;0
hr2p.team;.team;до 19.08 (старая база);;старые запуски (до 19.08);;;;нет;;;;;;;;;;;;;;140;665;614;0;0
hsvk.team;.team;до 19.08 (старая база);;старые запуски (до 19.08);;;;нет;;;;;;;;;;;;;;153;501;479;0;0
hype777official24.top;.top;до 19.08 (старая база);;старые запуски (до 19.08);;;;нет;;;;;;;;;;;;;;125;299;289;0;0
hype777site24.top;.top;до 19.08 (старая база);;старые запуски (до 19.08);;;;нет;;;;;;;;;;;;;;133;222;220;0;0
hypeslots200.top;.top;до 19.08 (старая база);;старые запуски (до 19.08);;;;нет;;;;;;;;;;;;;;152;210;209;0;0
hypewin200.top;.top;до 19.08 (старая база);;старые запуски (до 19.08);;;;нет;;;;;;;;;;;;;;149;251;248;0;0
hzvq.lol;.lol;21–27.08;21.08;Наборы nabor-53…62;nabor-58;nabor-58;21.08;нет;наборы;12;—;—;—;—;22.08 11:19;1;14;24;69;10;2;126;5039;4915;2;1
i182.xyz;.xyz;19–20.08;20.08;7pages_nodate;;716-717, 653, 655;20.08;нет;чужой контент;7;без дат;—;—;—;21.08 12:06;0;0;0;0;0;;2;4;4;0;0
i5x.team;.team;21–27.08;24.08;Generator_11page_NOimg_24.08;Generator_11page_NOimg_24.08_3;875;24.08 14:39 / 16:57;нет;наш генератор;11;—;без картинок;—;ТЕСТ B;25.08 11:09;7;35;51;97;16;1;106;5975;5520;0;0
im8tq.icu;.icu;19–20.08;19.08;generator v4 (группа 2);;—;19.08;нет;наш генератор;7;—;—;—;—;20.08 22:29;0;0;0;0;0;;30;104;95;0;0
ip4nd.cyou;.cyou;19–20.08;19.08;Generator_11page_2_19.08 (группа 4);;706-710;19.08 22:40;нет;наш генератор;11;—;—;—;—;20.08 22:29;0;0;0;1;0;92;38;108;102;0;0
j2mm.team;.team;21–27.08;26.08;Generator_C2_novyy_img (nabor-180…184);nabor-182;nabor-182;26.08;нет;наш генератор;?;—;новый стиль + картинки;—;ТЕСТ G;27.08 12:18;1;2;3;12;2;3;60;367;349;0;0
j2mt.team;.team;до 19.08 (старая база);;старые запуски (до 19.08);;;;нет;;;;;;;;;;;;;;131;896;817;0;0
j2t.team;.team;21–27.08;27.08;Generator_11page_old_27.08;Generator_11page_old_27.08_8;1021;27.08 18:22;да;наш генератор · old;11;—;старый стиль;—;—;28.08 12:43;0;0;0;4;0;48;43;91;89;0;0
j3mc.team;.team;21–27.08;26.08;Generator_B2_novyy_bez_img (nabor-175…179);nabor-177;nabor-177;26.08;нет;наш генератор;?;—;новый стиль, без картинок;—;ТЕСТ G;27.08 12:18;1;1;1;4;1;3;129;623;554;0;0
j4bd.team;.team;до 19.08 (старая база);;старые запуски (до 19.08);;;;нет;;;;;;;;;;;;;;127;262;236;0;0
j4rd.team;.team;19–20.08;20.08;Generation 50;;—;20.08;нет;?;?;—;—;—;—;22.08 11:19;0;0;0;0;0;;31;74;69;0;0
j5pd.team;.team;до 19.08 (старая база);;старые запуски (до 19.08);;;;нет;;;;;;;;;;;;;;50;417;349;0;0
j5qb.team;.team;до 19.08 (старая база);;старые запуски (до 19.08);;;;нет;;;;;;;;;;;;;;148;627;614;0;0
j6qz.team;.team;21–27.08;25.08;NEW33_12pages_withdate+img_25.08;NEW33_12pages_withdate+img_25.08_2;984;25.08 18:31;нет;чужой контент · NEW33;12;с датами;с картинками;—;ТЕСТ F;27.08 12:17;0;0;0;1;0;93;53;98;97;0;0
j6td.team;.team;21–27.08;21.08;Generator_11page_21.08 + Generator_11page_2_21.08;;841-855;21.08;нет;наш генератор;11;—;—;—;—;22.08 11:19;0;1;1;2;1;4;39;74;71;0;0
j6v.team;.team;до 19.08 (старая база);;старые запуски (до 19.08);;;;нет;;;;;;;;;;;;;;150;966;920;0;0
j8vp.team;.team;19–20.08;19.08;Generator_11page_2_19.08 (группа 4);;706-710;19.08 22:40;нет;наш генератор;11;—;—;—;—;20.08 22:29;0;1;1;26;1;10;43;113;105;0;0
j9cw.team;.team;до 19.08 (старая база);;старые запуски (до 19.08);;;;нет;;;;;;;;;;;;;;36;2583;2574;0;0
jbio.pics;.pics;до 19.08 (старая база);;старые запуски (до 19.08);;;;нет;;;;;;;;;;;;;;20;48;47;0;0
jkmz.team;.team;до 19.08 (старая база);;старые запуски (до 19.08);;;;нет;;;;;;;;;;;;;;145;313;303;0;0
jkrv.team;.team;до 19.08 (старая база);;старые запуски (до 19.08);;;;нет;;;;;;;;;;;;;;138;274;266;0;0
jkzq.team;.team;19–20.08;19.08;Generator_11page_2_19.08 (группа 4);;706-710;19.08 22:40;нет;наш генератор;11;—;—;—;—;20.08 22:29;4;13;25;59;8;1;55;363;355;0;0
jkzr.team;.team;21–27.08;26.08;КОНТРОЛЬ NEW50_5_7pages_nodate_21.08 _18…_24;;808-814;21.08 13:29;нет;чужой контент · NEW50_5;7;без дат;без картинок;—;КОНТРОЛЬ;27.08 12:18;1;3;6;13;3;3;46;127;113;0;0
jlnd.team;.team;21–27.08;26.08;Generator_B_novyy_bez_img (nabor-160…164);nabor-161;nabor-161;26.08;нет;наш генератор;?;—;новый стиль, без картинок;—;ТЕСТ G;27.08 12:17;0;0;0;5;0;46;141;759;690;0;0
jlpv.team;.team;до 19.08 (старая база);;старые запуски (до 19.08);;;;нет;;;;;;;;;;;;;;57;246;219;0;0
jmbt.team;.team;19–20.08;20.08;12pages_withdate · Theme1;;758-765;20.08;нет;чужой контент;12;с датами;—;—;—;21.08 02:00;0;3;11;70;3;8;80;651;612;0;0
jmrc.team;.team;19–20.08;20.08;Generation 50;;—;20.08;нет;?;?;—;—;—;—;22.08 11:19;0;0;0;1;0;53;22;285;283;0;0
jnrs.team;.team;до 19.08 (старая база);;старые запуски (до 19.08);;;;нет;;;;;;;;;;;;;;56;351;323;0;0
jpsd.team;.team;до 19.08 (старая база);;старые запуски (до 19.08);;;;нет;;;;;;;;;;;;;;17;35;35;0;0
jqtz.team;.team;21–27.08;22.08;Generator_11page_img_22.08_5;;863-867;22.08;нет;наш генератор;11;—;с картинками;—;—;23.08 10:56;5;9;17;80;4;1;110;1535;1479;1;0
jrtn.team;.team;до 19.08 (старая база);;старые запуски (до 19.08);;;;нет;;;;;;;;;;;;;;142;1105;1072;0;0
jvbs.team;.team;до 19.08 (старая база);;старые запуски (до 19.08);;;;нет;;;;;;;;;;;;;;145;561;519;0;0
jvsp.team;.team;до 19.08 (старая база);;старые запуски (до 19.08);;;;нет;;;;;;;;;;;;;;132;619;567;0;0
k2n.team;.team;19–20.08;19.08;7page_yandex (группа 1);;—;19.08;нет;сайты из выдачи;7;—;—;—;—;20.08 22:29;2;8;22;52;6;2;81;1294;1230;0;0
k2vf.team;.team;до 19.08 (старая база);;старые запуски (до 19.08);;;;нет;;;;;;;;;;;;;;57;378;374;0;0
k3f.team;.team;до 19.08 (старая база);;старые запуски (до 19.08);;;;нет;;;;;;;;;;;;;;116;646;603;0;0
k4vn.team;.team;до 19.08 (старая база);;старые запуски (до 19.08);;;;нет;;;;;;;;;;;;;;104;265;258;0;0
k5cr.team;.team;19–20.08;19.08;Generator_v5_19.08 (группа 5);;700-704;19.08 22:39;нет;наш генератор;7;—;—;—;—;20.08 22:30;0;1;3;11;1;8;51;531;502;0;0
k6m.team;.team;21–27.08;27.08;Generator_11page_old_27.08;Generator_11page_old_27.08_9;1022;27.08 18:22;да;наш генератор · old;11;—;старый стиль;—;—;28.08 12:43;0;0;0;10;0;51;49;121;116;0;0
k6ms.team;.team;до 19.08 (старая база);;старые запуски (до 19.08);;;;нет;;;;;;;;;;;;;;26;147;144;0;0
k6p.team;.team;21–27.08;26.08;Generator_B2_novyy_bez_img (nabor-175…179);nabor-178;nabor-178;26.08;нет;наш генератор;?;—;новый стиль, без картинок;—;ТЕСТ G;27.08 12:18;0;0;0;6;0;50;136;688;631;0;0
k7ln.team;.team;19–20.08;20.08;Generation 50;;—;20.08;нет;?;?;—;—;—;—;22.08 11:19;0;0;0;2;0;58;32;410;396;0;0
k7p.team;.team;до 19.08 (старая база);;старые запуски (до 19.08);;;;нет;;;;;;;;;;;;;;44;214;171;0;0
k7sx.team;.team;до 19.08 (старая база);;старые запуски (до 19.08);;;;нет;;;;;;;;;;;;;;97;487;450;0;0
k7z.team;.team;до 19.08 (старая база);;старые запуски (до 19.08);;;;нет;;;;;;;;;;;;;;64;382;365;0;0
k8n.lol;.lol;21–27.08;21.08;NEW50_5_12pages_withdate_21.08;;834-840;21.08;нет;чужой контент · NEW50_5;12;с датами;—;—;—;23.08 10:56;0;2;4;28;2;8;79;3029;2932;0;0
k9f.team;.team;до 19.08 (старая база);;старые запуски (до 19.08);;;;нет;;;;;;;;;;;;;;143;326;294;0;0
k9ml.team;.team;21–27.08;21.08;Generator_11page_21.08 + Generator_11page_2_21.08;;841-855;21.08;нет;наш генератор;11;—;—;—;—;22.08 11:19;0;6;15;29;4;5;57;510;477;0;0
k9wb.team;.team;до 19.08 (старая база);;старые запуски (до 19.08);;;;нет;;;;;;;;;;;;;;152;359;353;0;0
kd3s.team;.team;до 19.08 (старая база);;старые запуски (до 19.08);;;;нет;;;;;;;;;;;;;;141;559;527;0;0
kd9.team;.team;до 19.08 (старая база);;старые запуски (до 19.08);;;;нет;;;;;;;;;;;;;;34;128;124;0;0
kdnb.team;.team;до 19.08 (старая база);;старые запуски (до 19.08);;;;нет;;;;;;;;;;;;;;42;172;162;0;0
khbr.team;.team;21–27.08;24.08;Вебмастера, блок 1 — СТАРЫЕ аккаунты;Generator_11page_img_24.08_5;20 наборов;24.08 20:25;нет;наборы;12;—;—;СТАРЫЕ вебмастер-аккаунты;ТЕСТ C;25.08 11:10;1;4;8;50;4;2;143;1917;1838;0;0
klvn.team;.team;до 19.08 (старая база);;старые запуски (до 19.08);;;;нет;;;;;;;;;;;;;;135;542;528;0;0
klvr.team;.team;19–20.08;20.08;12pages_nodate;;743-747;20.08;нет;чужой контент;12;без дат;—;—;—;21.08 12:06;0;5;11;59;4;4;87;606;528;0;0
kmpf.team;.team;21–27.08;26.08;Generator_B_novyy_bez_img (nabor-160…164);nabor-162;nabor-162;26.08;нет;наш генератор;?;—;новый стиль, без картинок;—;ТЕСТ G;27.08 12:17;0;0;1;10;0;13;133;672;609;0;0
kmwq.team;.team;до 19.08 (старая база);;старые запуски (до 19.08);;;;нет;;;;;;;;;;;;;;48;880;865;0;0
kn3v.team;.team;до 19.08 (старая база);;старые запуски (до 19.08);;;;нет;;;;;;;;;;;;;;125;200;195;0;0
knkk.team;.team;21–27.08;25.08;NEW33_12pages_nodate+img_25.08;NEW33_12pages_nodate+img_25.08_2;963;25.08 18:30;нет;чужой контент · NEW33;12;без дат;с картинками;—;ТЕСТ F;27.08 12:17;0;2;5;35;2;5;72;756;698;0;0
knsd.team;.team;19–20.08;20.08;Generation 50;;—;20.08;нет;?;?;—;—;—;—;22.08 11:19;1;1;1;4;1;3;33;432;418;0;0
knvr7.sbs;.sbs;19–20.08;20.08;12pages_withdate · Theme2;;748-757;20.08;нет;чужой контент;12;с датами;—;—;—;21.08 12:06;0;0;1;16;0;15;45;319;304;0;0
kp5t.team;.team;до 19.08 (старая база);;старые запуски (до 19.08);;;;нет;;;;;;;;;;;;;;151;619;597;0;0
kptw.team;.team;до 19.08 (старая база);;старые запуски (до 19.08);;;;нет;;;;;;;;;;;;;;32;228;177;0;0
kqsz.team;.team;до 19.08 (старая база);;старые запуски (до 19.08);;;;нет;;;;;;;;;;;;;;119;454;425;0;0
kr4x.team;.team;до 19.08 (старая база);;старые запуски (до 19.08);;;;нет;;;;;;;;;;;;;;152;487;478;0;0
krvt.team;.team;до 19.08 (старая база);;старые запуски (до 19.08);;;;нет;;;;;;;;;;;;;;136;882;838;0;0
kwbf.team;.team;до 19.08 (старая база);;старые запуски (до 19.08);;;;нет;;;;;;;;;;;;;;138;858;823;0;0
kzvn.casino;.casino;до 19.08 (старая база);;старые запуски (до 19.08);;;;нет;;;;;;;;;;;;;;147;460;430;0;0
l1t.team;.team;до 19.08 (старая база);;старые запуски (до 19.08);;;;нет;;;;;;;;;;;;;;140;611;583;0;0
l2tz.team;.team;до 19.08 (старая база);;старые запуски (до 19.08);;;;нет;;;;;;;;;;;;;;115;832;794;0;0
l3gv.team;.team;до 19.08 (старая база);;старые запуски (до 19.08);;;;нет;;;;;;;;;;;;;;126;378;376;0;0
l4nq.team;.team;до 19.08 (старая база);;старые запуски (до 19.08);;;;нет;;;;;;;;;;;;;;7;27;27;0;0
l5rb.team;.team;до 19.08 (старая база);;старые запуски (до 19.08);;;;нет;;;;;;;;;;;;;;147;815;804;0;0
l8mq.team;.team;до 19.08 (старая база);;старые запуски (до 19.08);;;;нет;;;;;;;;;;;;;;49;256;244;0;0
l9tb.team;.team;19–20.08;19.08;7page_yandex (группа 1);;—;19.08;нет;сайты из выдачи;7;—;—;—;—;20.08 22:29;0;1;5;11;1;8;41;238;234;0;0
ldtq.click;.click;21–27.08;21.08;NEW50_5_7pages_nodate_21.08 _1…_6;;791-796;21.08 13:29;нет;чужой контент · NEW50_5;7;без дат;—;—;КОНТРОЛЬ;23.08 10:56;10;27;44;107;10;1;79;1580;1484;1;0
ll54.team;.team;21–27.08;25.08;Старые аккаунты (nabor-149…153);старые;26;25.08;нет;наборы;12;—;—;СТАРЫЕ вебмастер-аккаунты;ТЕСТ D;26.08 12:41;0;1;4;28;1;8;136;1280;1192;0;0
lmpt.team;.team;до 19.08 (старая база);;старые запуски (до 19.08);;;;нет;;;;;;;;;;;;;;38;162;136;1;0
lmsd.team;.team;до 19.08 (старая база);;старые запуски (до 19.08);;;;нет;;;;;;;;;;;;;;98;715;558;0;0
lnpb.team;.team;до 19.08 (старая база);;старые запуски (до 19.08);;;;нет;;;;;;;;;;;;;;139;274;266;0;0
lnwc.team;.team;19–20.08;20.08;7pages_nodate;;716-717, 653, 655;20.08;нет;чужой контент;7;без дат;—;—;—;21.08 12:06;0;2;9;12;2;5;34;289;284;0;0
lokd.lol;.lol;21–27.08;25.08;Generator_11page_NOimg_25.08;Generator_11page_NOimg_25.08_9;898;25.08 14:22;нет;наш генератор;11;—;без картинок;—;ТЕСТ B;26.08 12:29;0;1;4;9;1;10;40;87;85;0;0
lptf.team;.team;19–20.08;20.08;Generation 50;;—;20.08;нет;?;?;—;—;—;—;22.08 11:19;0;1;1;3;1;5;38;603;577;0;0
lpzg.team;.team;до 19.08 (старая база);;старые запуски (до 19.08);;;;нет;;;;;;;;;;;;;;151;922;904;0;0
lqvd.team;.team;до 19.08 (старая база);;старые запуски (до 19.08);;;;нет;;;;;;;;;;;;;;58;332;310;0;0
lrzn.team;.team;до 19.08 (старая база);;старые запуски (до 19.08);;;;нет;;;;;;;;;;;;;;42;214;194;0;0
m1k.team;.team;до 19.08 (старая база);;старые запуски (до 19.08);;;;нет;;;;;;;;;;;;;;145;463;447;0;0
m1x.team;.team;до 19.08 (старая база);;старые запуски (до 19.08);;;;нет;;;;;;;;;;;;;;102;388;331;0;0
m2vc.team;.team;21–27.08;21.08;Generator_11page_21.08 + Generator_11page_2_21.08;;841-855;21.08;нет;наш генератор;11;—;—;—;—;22.08 11:19;0;1;2;9;1;7;53;2260;2190;1;0
m2wf.team;.team;19–20.08;19.08;generator v4 (группа 2);;—;19.08;нет;наш генератор;7;—;—;—;—;20.08 22:29;0;0;0;0;0;;44;607;589;0;0
m3wv.team;.team;19–20.08;20.08;Generation 50;;—;20.08;нет;?;?;—;—;—;—;22.08 11:19;0;0;0;0;0;;12;59;54;0;0
m3x.team;.team;до 19.08 (старая база);;старые запуски (до 19.08);;;;нет;;;;;;;;;;;;;;56;338;241;0;0
m3zt.team;.team;до 19.08 (старая база);;старые запуски (до 19.08);;;;нет;;;;;;;;;;;;;;125;251;248;0;0
m4rp.team;.team;до 19.08 (старая база);;старые запуски (до 19.08);;;;нет;;;;;;;;;;;;;;149;1028;1002;0;0
m5tv.store;.store;21–27.08;21.08;Generator_11page_21.08 + Generator_11page_2_21.08;;841-855;21.08;нет;наш генератор;11;—;—;—;—;22.08 11:19;0;2;3;10;2;4;72;4917;4729;1;0
m6dv.team;.team;21–27.08;21.08;Наборы nabor-53…62;nabor-57;nabor-57;21.08;нет;наборы;12;—;—;—;—;22.08 11:19;2;3;3;23;3;2;135;4086;3470;0;0
m6dz.team;.team;до 19.08 (старая база);;старые запуски (до 19.08);;;;нет;;;;;;;;;;;;;;37;132;126;0;0
m7kd.team;.team;до 19.08 (старая база);;старые запуски (до 19.08);;;;нет;;;;;;;;;;;;;;150;631;516;0;0
m7v.team;.team;до 19.08 (старая база);;старые запуски (до 19.08);;;;нет;;;;;;;;;;;;;;151;993;937;0;0
m8dt.team;.team;до 19.08 (старая база);;старые запуски (до 19.08);;;;нет;;;;;;;;;;;;;;15;299;299;0;0
m9cn.team;.team;до 19.08 (старая база);;старые запуски (до 19.08);;;;нет;;;;;;;;;;;;;;126;354;326;0;0
m9tb.team;.team;до 19.08 (старая база);;старые запуски (до 19.08);;;;нет;;;;;;;;;;;;;;152;1227;956;0;0
mkfl.team;.team;до 19.08 (старая база);;старые запуски (до 19.08);;;;нет;;;;;;;;;;;;;;82;334;295;0;0
mkuk.team;.team;21–27.08;24.08;Generator_11page_NOimg_24.08;Generator_11page_NOimg_24.08_5;877;24.08 14:39 / 16:57;нет;наш генератор;11;—;без картинок;—;ТЕСТ B;25.08 11:09;0;2;3;14;2;8;75;639;621;0;0
mn7b.team;.team;до 19.08 (старая база);;старые запуски (до 19.08);;;;нет;;;;;;;;;;;;;;133;530;515;0;0
mntb.team;.team;до 19.08 (старая база);;старые запуски (до 19.08);;;;нет;;;;;;;;;;;;;;137;382;379;0;0
mpdg.team;.team;19–20.08;19.08;Generator_11page_19.08 (группа 3);;695-699;19.08 16:56;нет;наш генератор;11;—;—;—;—;20.08 22:29;6;24;30;74;13;2;74;868;855;0;0
mqvb.team;.team;19–20.08;20.08;Generation 50;;—;20.08;нет;?;?;—;—;—;—;22.08 11:19;0;0;0;2;0;52;28;136;127;0;0
mr7t.team;.team;до 19.08 (старая база);;старые запуски (до 19.08);;;;нет;;;;;;;;;;;;;;153;355;287;0;0
mrxc.team;.team;до 19.08 (старая база);;старые запуски (до 19.08);;;;нет;;;;;;;;;;;;;;61;352;338;0;0
mt4p.team;.team;до 19.08 (старая база);;старые запуски (до 19.08);;;;нет;;;;;;;;;;;;;;123;458;414;0;0
mtbf.team;.team;до 19.08 (старая база);;старые запуски (до 19.08);;;;нет;;;;;;;;;;;;;;59;1536;1486;0;0
mtbq.casino;.casino;до 19.08 (старая база);;старые запуски (до 19.08);;;;нет;;;;;;;;;;;;;;151;267;257;0;0
mvqc.team;.team;до 19.08 (старая база);;старые запуски (до 19.08);;;;нет;;;;;;;;;;;;;;150;1023;933;0;0
mwpr.team;.team;до 19.08 (старая база);;старые запуски (до 19.08);;;;нет;;;;;;;;;;;;;;151;3119;3069;1;0
mz6k.team;.team;до 19.08 (старая база);;старые запуски (до 19.08);;;;нет;;;;;;;;;;;;;;152;392;382;0;0
n0et.team;.team;до 19.08 (старая база);;старые запуски (до 19.08);;;;нет;;;;;;;;;;;;;;18;102;90;0;0
n2c.team;.team;до 19.08 (старая база);;старые запуски (до 19.08);;;;нет;;;;;;;;;;;;;;127;711;638;0;0
n2rf.team;.team;до 19.08 (старая база);;старые запуски (до 19.08);;;;нет;;;;;;;;;;;;;;47;209;204;0;0
n3wb.team;.team;до 19.08 (старая база);;старые запуски (до 19.08);;;;нет;;;;;;;;;;;;;;51;324;315;0;0
n4kd.team;.team;19–20.08;19.08;generator v4 (группа 2);;—;19.08;нет;наш генератор;7;—;—;—;—;20.08 22:29;0;0;0;1;0;88;43;107;100;0;0
n5tf.team;.team;до 19.08 (старая база);;старые запуски (до 19.08);;;;нет;;;;;;;;;;;;;;148;428;411;0;0
n5wk.team;.team;21–27.08;21.08;Generator_11page_21.08 + Generator_11page_2_21.08;;841-855;21.08;нет;наш генератор;11;—;—;—;—;22.08 11:19;1;2;2;13;2;3;59;882;856;0;0
n5z.team;.team;21–27.08;25.08;NEW33_12pages_withdate+img_25.08;NEW33_12pages_withdate+img_25.08_1;970;25.08 18:30;нет;чужой контент · NEW33;12;с датами;с картинками;—;ТЕСТ F;27.08 12:17;0;7;10;33;4;5;44;857;832;0;0
n6d.team;.team;до 19.08 (старая база);;старые запуски (до 19.08);;;;нет;;;;;;;;;;;;;;148;828;792;0;0
n6pc.team;.team;до 19.08 (старая база);;старые запуски (до 19.08);;;;нет;;;;;;;;;;;;;;97;325;299;0;0
n6qf.team;.team;19–20.08;20.08;Generation 50;;—;20.08;нет;?;?;—;—;—;—;22.08 11:19;0;0;0;1;0;74;17;72;69;0;0
n7jt.team;.team;до 19.08 (старая база);;старые запуски (до 19.08);;;;нет;;;;;;;;;;;;;;70;458;422;0;0
n8qf.team;.team;до 19.08 (старая база);;старые запуски (до 19.08);;;;нет;;;;;;;;;;;;;;152;967;936;0;0
n8rw.team;.team;до 19.08 (старая база);;старые запуски (до 19.08);;;;нет;;;;;;;;;;;;;;117;353;334;0;0
n8t.team;.team;21–27.08;26.08;Generator_B2_novyy_bez_img (nabor-175…179);nabor-179;nabor-179;26.08;нет;наш генератор;?;—;новый стиль, без картинок;—;ТЕСТ G;27.08 12:18;2;3;5;29;3;2;137;723;666;0;0
n9pv.team;.team;до 19.08 (старая база);;старые запуски (до 19.08);;;;нет;;;;;;;;;;;;;;65;387;376;0;0
nchg.team;.team;21–27.08;24.08;Вебмастера, блок 2 — НОВЫЕ аккаунты;Generator_11page_NOimg_24.08_9;с 1329;24.08 20:26;нет;наборы;12;—;—;НОВЫЕ вебмастер-аккаунты;ТЕСТ C;25.08 11:09;10;45;67;135;23;1;147;11699;10620;1;0
ndvk.team;.team;21–27.08;26.08;NEW17_img_withdate_26.08;NEW17_img_withdate_26.08_1;994;26.08 14:09;нет;чужой контент · NEW17;?;с датами;с картинками;—;ТЕСТ E;27.08 12:17;1;1;1;10;1;3;55;129;113;1;0
njxb.team;.team;до 19.08 (старая база);;старые запуски (до 19.08);;;;нет;;;;;;;;;;;;;;149;572;534;0;0
nnn7.team;.team;до 19.08 (старая база);;старые запуски (до 19.08);;;;нет;;;;;;;;;;;;;;7;29;29;0;0
nqsd.team;.team;до 19.08 (старая база);;старые запуски (до 19.08);;;;нет;;;;;;;;;;;;;;134;419;369;0;0
nqvs.team;.team;до 19.08 (старая база);;старые запуски (до 19.08);;;;нет;;;;;;;;;;;;;;150;1250;1196;0;0
nrwg.team;.team;19–20.08;20.08;Generation 50;;—;20.08;нет;?;?;—;—;—;—;22.08 11:19;0;0;0;2;0;58;50;493;474;0;0
nsbf.team;.team;до 19.08 (старая база);;старые запуски (до 19.08);;;;нет;;;;;;;;;;;;;;52;363;340;0;0
nvgp.team;.team;до 19.08 (старая база);;старые запуски (до 19.08);;;;нет;;;;;;;;;;;;;;36;195;185;0;0
nwcs.team;.team;21–27.08;24.08;Вебмастера, блок 2 — НОВЫЕ аккаунты;Generator_11page_img_24.08_10;с 1329;24.08 20:26;нет;наборы;12;—;—;НОВЫЕ вебмастер-аккаунты;ТЕСТ C;25.08 11:09;2;6;17;72;4;2;146;2820;2421;0;0
o0c.team;.team;до 19.08 (старая база);;старые запуски (до 19.08);;;;нет;;;;;;;;;;;;;;56;411;352;0;0
ogax.team;.team;21–27.08;27.08;7page_27.08 · партия 1;7page_3_1;1006;27.08 17:35;да;7page (автор не указан);7;—;—;—;—;28.08 12:43;0;0;0;14;0;36;31;178;159;0;0
oiiu.team;.team;21–27.08;25.08;NEW33_12pages_nodate+img_25.08;NEW33_12pages_nodate+img_25.08_4;957;25.08 18:26;нет;чужой контент · NEW33;12;без дат;с картинками;—;ТЕСТ F;27.08 12:17;0;2;6;37;2;4;61;913;900;0;0
p2zj.team;.team;до 19.08 (старая база);;старые запуски (до 19.08);;;;нет;;;;;;;;;;;;;;139;262;245;0;0
p3zv.team;.team;19–20.08;20.08;12pages_withdate · Theme1;;758-765;20.08;нет;чужой контент;12;с датами;—;—;—;21.08 02:00;0;1;5;47;1;4;76;553;529;0;0
p4ml.team;.team;до 19.08 (старая база);;старые запуски (до 19.08);;;;нет;;;;;;;;;;;;;;66;252;249;0;0
p4vm.team;.team;до 19.08 (старая база);;старые запуски (до 19.08);;;;нет;;;;;;;;;;;;;;61;226;214;0;0
p5cx.team;.team;до 19.08 (старая база);;старые запуски (до 19.08);;;;нет;;;;;;;;;;;;;;123;300;285;0;0
p6b.team;.team;до 19.08 (старая база);;старые запуски (до 19.08);;;;нет;;;;;;;;;;;;;;100;199;177;0;0
p6kv.team;.team;до 19.08 (старая база);;старые запуски (до 19.08);;;;нет;;;;;;;;;;;;;;30;339;323;0;0
p7cs.team;.team;до 19.08 (старая база);;старые запуски (до 19.08);;;;нет;;;;;;;;;;;;;;70;535;502;0;0
p8cn.team;.team;до 19.08 (старая база);;старые запуски (до 19.08);;;;нет;;;;;;;;;;;;;;148;515;490;0;0
p8rs.team;.team;21–27.08;25.08;NEW33_12pages_nodate_25.08;NEW33_12pages_nodate_25.08_1;938;25.08 16:04;нет;чужой контент · NEW33;12;без дат;без картинок;—;ТЕСТ A;26.08 12:29;0;1;2;19;1;8;54;685;641;0;0
p9td.team;.team;19–20.08;20.08;Generation 50;;—;20.08;нет;?;?;—;—;—;—;22.08 11:19;0;0;0;0;0;;16;153;145;0;0
p9tv.team;.team;до 19.08 (старая база);;старые запуски (до 19.08);;;;нет;;;;;;;;;;;;;;45;369;317;0;0
pgmh.team;.team;до 19.08 (старая база);;старые запуски (до 19.08);;;;нет;;;;;;;;;;;;;;147;662;614;0;0
pkvz.team;.team;до 19.08 (старая база);;старые запуски (до 19.08);;;;нет;;;;;;;;;;;;;;3;10;7;0;0
plzt.team;.team;до 19.08 (старая база);;старые запуски (до 19.08);;;;нет;;;;;;;;;;;;;;153;635;589;0;0
pnqx.team;.team;до 19.08 (старая база);;старые запуски (до 19.08);;;;нет;;;;;;;;;;;;;;146;921;851;0;0
pqcl.team;.team;до 19.08 (старая база);;старые запуски (до 19.08);;;;нет;;;;;;;;;;;;;;52;258;236;0;0
prdc.team;.team;до 19.08 (старая база);;старые запуски (до 19.08);;;;нет;;;;;;;;;;;;;;118;782;738;0;0
prmz.team;.team;до 19.08 (старая база);;старые запуски (до 19.08);;;;нет;;;;;;;;;;;;;;81;300;290;0;0
prwc.team;.team;до 19.08 (старая база);;старые запуски (до 19.08);;;;нет;;;;;;;;;;;;;;96;274;254;0;0
pszk.team;.team;19–20.08;20.08;Generation 50;;—;20.08;нет;?;?;—;—;—;—;22.08 11:19;0;1;4;4;1;7;48;750;704;0;0
pvzk.team;.team;до 19.08 (старая база);;старые запуски (до 19.08);;;;нет;;;;;;;;;;;;;;66;379;364;0;0
pw9.team;.team;до 19.08 (старая база);;старые запуски (до 19.08);;;;нет;;;;;;;;;;;;;;98;372;343;0;0
q4m.team;.team;до 19.08 (старая база);;старые запуски (до 19.08);;;;нет;;;;;;;;;;;;;;25;113;82;0;0
q6hw.team;.team;до 19.08 (старая база);;старые запуски (до 19.08);;;;нет;;;;;;;;;;;;;;104;265;263;0;0
q7cc.casino;.casino;до 19.08 (старая база);;старые запуски (до 19.08);;;;нет;;;;;;;;;;;;;;143;506;479;0;0
q7k.team;.team;21–27.08;25.08;NEW33_12pages_withdate+img_25.08;NEW33_12pages_withdate+img_25.08_5;974;25.08 18:30;нет;чужой контент · NEW33;12;с датами;с картинками;—;ТЕСТ F;27.08 12:17;0;2;2;4;1;7;50;300;297;0;0
qb7n.team;.team;до 19.08 (старая база);;старые запуски (до 19.08);;;;нет;;;;;;;;;;;;;;143;441;418;0;0
qbnv.lol;.lol;21–27.08;21.08;Generator_11page_21.08 + Generator_11page_2_21.08;;841-855;21.08;нет;наш генератор;11;—;—;—;—;22.08 11:19;0;1;1;19;1;6;69;922;889;0;0
qlmz.team;.team;до 19.08 (старая база);;старые запуски (до 19.08);;;;нет;;;;;;;;;;;;;;146;640;447;0;0
qluj.team;.team;21–27.08;24.08;Generator_11page_img_24.08;Generator_11page_img_24.08_5;872;24.08 14:38 / 16:58;нет;наш генератор;11;—;с картинками;—;ТЕСТ B;25.08 11:08;0;1;3;13;1;5;57;244;229;0;0
qmld.team;.team;до 19.08 (старая база);;старые запуски (до 19.08);;;;нет;;;;;;;;;;;;;;6;69;58;0;0
qmtn.casino;.casino;до 19.08 (старая база);;старые запуски (до 19.08);;;;нет;;;;;;;;;;;;;;55;281;258;0;0
qrsd.team;.team;до 19.08 (старая база);;старые запуски (до 19.08);;;;нет;;;;;;;;;;;;;;115;625;570;0;0
qsvb.team;.team;до 19.08 (старая база);;старые запуски (до 19.08);;;;нет;;;;;;;;;;;;;;124;948;875;0;0
qtbm.team;.team;19–20.08;20.08;Generation 50;;—;20.08;нет;?;?;—;—;—;—;22.08 11:19;0;0;1;6;0;13;68;1228;1197;0;0
qtvb.team;.team;до 19.08 (старая база);;старые запуски (до 19.08);;;;нет;;;;;;;;;;;;;;101;354;314;0;0
qvwf.team;.team;до 19.08 (старая база);;старые запуски (до 19.08);;;;нет;;;;;;;;;;;;;;151;1205;1133;0;0
qwdt.team;.team;до 19.08 (старая база);;старые запуски (до 19.08);;;;нет;;;;;;;;;;;;;;53;355;309;0;0
qwnb.team;.team;21–27.08;21.08;Наборы nabor-53…62;nabor-53;nabor-53;21.08;нет;наборы;12;—;—;—;—;22.08 11:19;7;37;56;101;15;1;148;11808;11439;0;0
r2km.team;.team;19–20.08;20.08;Generation 50;;—;20.08;нет;?;?;—;—;—;—;22.08 11:19;0;0;0;0;0;;32;126;112;0;0
r2xq.team;.team;до 19.08 (старая база);;старые запуски (до 19.08);;;;нет;;;;;;;;;;;;;;152;641;595;0;0
r3lx.team;.team;до 19.08 (старая база);;старые запуски (до 19.08);;;;нет;;;;;;;;;;;;;;99;186;185;0;0
r3qq.team;.team;21–27.08;26.08;NEW17_img_withdate_26.08;NEW17_img_withdate_26.08_2;995;26.08 14:09;нет;чужой контент · NEW17;?;с датами;с картинками;—;ТЕСТ E;27.08 12:17;2;3;5;18;2;2;41;730;618;0;0
r4kn.lol;.lol;21–27.08;21.08;Наборы nabor-53…62;nabor-62;nabor-62;21.08;нет;наборы;12;—;—;—;—;22.08 11:19;0;0;2;17;0;25;141;828;787;0;0
r4mk.team;.team;до 19.08 (старая база);;старые запуски (до 19.08);;;;нет;;;;;;;;;;;;;;132;348;311;0;0
r5w.team;.team;до 19.08 (старая база);;старые запуски (до 19.08);;;;нет;;;;;;;;;;;;;;137;571;551;0;0
r6dv.team;.team;до 19.08 (старая база);;старые запуски (до 19.08);;;;нет;;;;;;;;;;;;;;148;1077;1049;0;0
r7mc.team;.team;19–20.08;19.08;generator v4 (группа 2);;—;19.08;нет;наш генератор;7;—;—;—;—;20.08 22:29;0;0;0;6;0;38;39;123;117;0;0
r7p0.team;.team;21–27.08;26.08;КОНТРОЛЬ NEW50_5_7pages_nodate_21.08 _18…_24;;808-814;21.08 13:29;нет;чужой контент · NEW50_5;7;без дат;без картинок;—;КОНТРОЛЬ;27.08 12:18;4;4;4;8;2;1;45;228;201;0;0
r8cs.team;.team;до 19.08 (старая база);;старые запуски (до 19.08);;;;нет;;;;;;;;;;;;;;71;324;285;0;0
r8ud.team;.team;21–27.08;26.08;Generator_C2_novyy_img (nabor-180…184);nabor-180;nabor-180;26.08;нет;наш генератор;?;—;новый стиль + картинки;—;ТЕСТ G;27.08 12:18;0;0;0;7;0;57;142;743;674;0;0
r9tb.team;.team;до 19.08 (старая база);;старые запуски (до 19.08);;;;нет;;;;;;;;;;;;;;108;395;356;0;0
r9v.team;.team;21–27.08;27.08;Generator_11page_old_27.08;Generator_11page_old_27.08_10;1023;27.08 18:22;да;наш генератор · old;11;—;старый стиль;—;—;28.08 12:43;0;0;1;20;0;30;48;103;101;0;0
rb8n.team;.team;до 19.08 (старая база);;старые запуски (до 19.08);;;;нет;;;;;;;;;;;;;;145;492;461;0;0
rdwt.lol;.lol;21–27.08;21.08;Generator_11page_21.08 + Generator_11page_2_21.08;;841-855;21.08;нет;наш генератор;11;—;—;—;—;22.08 11:19;1;1;2;19;1;3;75;1623;1497;0;0
reyn.team;.team;21–27.08;25.08;NEW33_12pages_nodate+img_25.08;NEW33_12pages_nodate+img_25.08_2;967;25.08 18:30;нет;чужой контент · NEW33;12;без дат;с картинками;—;ТЕСТ F;27.08 12:17;0;9;17;47;7;5;81;871;830;0;0
rjff.team;.team;21–27.08;25.08;NEW33_12pages_withdate_25.08;NEW33_12pages_withdate_25.08_5;950;25.08 16:05;нет;чужой контент · NEW33;12;с датами;без картинок;—;ТЕСТ A;26.08 12:31;0;1;5;60;1;9;58;726;694;0;0
rmxb.team;.team;до 19.08 (старая база);;старые запуски (до 19.08);;;;нет;;;;;;;;;;;;;;101;472;429;0;0
rr07.team;.team;21–27.08;25.08;Старые аккаунты (nabor-149…153);старые;39;25.08;нет;наборы;12;—;—;СТАРЫЕ вебмастер-аккаунты;ТЕСТ D;26.08 12:41;0;0;0;5;0;38;126;930;837;0;0
rsxk.team;.team;до 19.08 (старая база);;старые запуски (до 19.08);;;;нет;;;;;;;;;;;;;;105;428;357;0;0
rszk.team;.team;до 19.08 (старая база);;старые запуски (до 19.08);;;;нет;;;;;;;;;;;;;;138;1517;1480;0;0
rtnm.team;.team;до 19.08 (старая база);;старые запуски (до 19.08);;;;нет;;;;;;;;;;;;;;124;3203;3088;0;0
rvcn.team;.team;19–20.08;20.08;Generation 50;;—;20.08;нет;?;?;—;—;—;—;22.08 11:19;0;2;3;9;2;5;35;164;154;0;0
rwdk.team;.team;до 19.08 (старая база);;старые запуски (до 19.08);;;;нет;;;;;;;;;;;;;;56;1656;1615;0;0
s2r.team;.team;до 19.08 (старая база);;старые запуски (до 19.08);;;;нет;;;;;;;;;;;;;;141;798;754;0;0
s3zr.team;.team;до 19.08 (старая база);;старые запуски (до 19.08);;;;нет;;;;;;;;;;;;;;126;452;408;0;0
s4zc.team;.team;до 19.08 (старая база);;старые запуски (до 19.08);;;;нет;;;;;;;;;;;;;;142;928;865;1;0
s5bg.team;.team;19–20.08;20.08;Generation 50;;—;20.08;нет;?;?;—;—;—;—;22.08 11:19;0;0;2;6;0;15;57;474;434;0;0
s6wb.team;.team;21–27.08;26.08;NEW17_NOimg_withdate_26.08;NEW17_NOimg_withdate_26.08_1;987;26.08 14:06;нет;чужой контент · NEW17;?;с датами;без картинок;—;ТЕСТ E;27.08 12:16;4;16;21;46;6;3;62;1293;1200;1;0
s7dc.team;.team;до 19.08 (старая база);;старые запуски (до 19.08);;;;нет;;;;;;;;;;;;;;151;920;867;0;0
s8db.team;.team;до 19.08 (старая база);;старые запуски (до 19.08);;;;нет;;;;;;;;;;;;;;46;201;181;0;0
s9sq.team;.team;до 19.08 (старая база);;старые запуски (до 19.08);;;;нет;;;;;;;;;;;;;;60;263;262;0;0
sbhv.team;.team;до 19.08 (старая база);;старые запуски (до 19.08);;;;нет;;;;;;;;;;;;;;81;407;332;0;0
sblv.team;.team;21–27.08;24.08;Generator_11page_img_24.08;Generator_11page_img_24.08_1;884;24.08 14:38 / 16:58;нет;наш генератор;11;—;с картинками;—;ТЕСТ B;25.08 11:08;0;7;15;40;5;5;76;1324;1271;0;0
sfkk.team;.team;21–27.08;25.08;Generator_11page_NOimg_25.08;Generator_11page_NOimg_25.08_3;892;25.08 14:22;нет;наш генератор;11;—;без картинок;—;ТЕСТ B;26.08 12:29;0;1;7;33;1;10;69;578;522;1;0
smzk.lol;.lol;21–27.08;21.08;Generator_11page_21.08 + Generator_11page_2_21.08;;841-855;21.08;нет;наш генератор;11;—;—;—;—;22.08 11:19;0;3;8;45;2;6;96;3074;3007;2;0
snfx.team;.team;до 19.08 (старая база);;старые запуски (до 19.08);;;;нет;;;;;;;;;;;;;;115;365;347;0;0
snkf.team;.team;до 19.08 (старая база);;старые запуски (до 19.08);;;;нет;;;;;;;;;;;;;;132;1010;908;0;0
spvu.team;.team;21–27.08;25.08;Новые аккаунты (nabor-144…148);новые;16;25.08;нет;наборы;12;—;—;НОВЫЕ вебмастер-аккаунты;ТЕСТ D;26.08 12:44;0;1;7;56;1;9;141;2356;2208;0;0
swdp.team;.team;19–20.08;20.08;Generation 50;;—;20.08;нет;?;?;—;—;—;—;22.08 11:19;0;0;2;6;0;17;34;542;532;0;0
swrf.team;.team;до 19.08 (старая база);;старые запуски (до 19.08);;;;нет;;;;;;;;;;;;;;111;503;455;0;0
sx8n.team;.team;до 19.08 (старая база);;старые запуски (до 19.08);;;;нет;;;;;;;;;;;;;;151;785;747;0;0
t2z.team;.team;до 19.08 (старая база);;старые запуски (до 19.08);;;;нет;;;;;;;;;;;;;;73;379;318;0;0
t3mb.team;.team;до 19.08 (старая база);;старые запуски (до 19.08);;;;нет;;;;;;;;;;;;;;113;2211;2159;0;0
t4b.team;.team;до 19.08 (старая база);;старые запуски (до 19.08);;;;нет;;;;;;;;;;;;;;46;287;285;0;0
t5q.team;.team;до 19.08 (старая база);;старые запуски (до 19.08);;;;нет;;;;;;;;;;;;;;60;297;279;0;0
t7g.team;.team;21–27.08;25.08;NEW33_12pages_nodate+img_25.08;NEW33_12pages_nodate+img_25.08_3;964;25.08 18:30;нет;чужой контент · NEW33;12;без дат;с картинками;—;ТЕСТ F;27.08 12:17;0;1;2;19;1;9;73;1019;968;0;0
t7vn.buzz;.buzz;до 19.08 (старая база);;старые запуски (до 19.08);;;;нет;;;;;;;;;;;;;;152;897;632;0;0
t8nv.team;.team;21–27.08;24.08;Вебмастера, блок 1 — СТАРЫЕ аккаунты;Generator_11page_NOimg_24.08_5;20 наборов;24.08 20:25;нет;наборы;12;—;—;СТАРЫЕ вебмастер-аккаунты;ТЕСТ C;25.08 11:10;0;0;0;13;0;35;139;1955;1851;0;0
t9kf.team;.team;до 19.08 (старая база);;старые запуски (до 19.08);;;;нет;;;;;;;;;;;;;;114;741;697;0;0
tfmq.team;.team;до 19.08 (старая база);;старые запуски (до 19.08);;;;нет;;;;;;;;;;;;;;52;363;344;0;0
tfpc.lol;.lol;21–27.08;21.08;NEW50_5_12pages_nodate_21.08;;827-833;21.08;нет;чужой контент · NEW50_5;12;без дат;—;—;—;23.08 10:55;0;2;4;19;2;5;58;254;241;0;0
tkmd.team;.team;до 19.08 (старая база);;старые запуски (до 19.08);;;;нет;;;;;;;;;;;;;;143;495;424;0;0
tlbx.team;.team;до 19.08 (старая база);;старые запуски (до 19.08);;;;нет;;;;;;;;;;;;;;132;698;555;0;0
tlqm.team;.team;до 19.08 (старая база);;старые запуски (до 19.08);;;;нет;;;;;;;;;;;;;;150;483;468;0;0
tlrk.team;.team;до 19.08 (старая база);;старые запуски (до 19.08);;;;нет;;;;;;;;;;;;;;151;3056;2972;0;0
trnx.team;.team;до 19.08 (старая база);;старые запуски (до 19.08);;;;нет;;;;;;;;;;;;;;6;733;717;0;0
trqm.casino;.casino;21–27.08;21.08;NEW50_5_7pages_withdate_21.08;;815-826;21.08;нет;чужой контент · NEW50_5;7;с датами;—;—;—;23.08 10:56;0;1;3;11;1;5;54;644;610;0;0
tvbm.team;.team;до 19.08 (старая база);;старые запуски (до 19.08);;;;нет;;;;;;;;;;;;;;32;281;278;0;0
tvmk7.bond;.bond;19–20.08;19.08;7page_yandex (группа 1);;—;19.08;нет;сайты из выдачи;7;—;—;—;—;20.08 22:29;0;0;1;2;0;18;31;123;101;0;0
tvnm.team;.team;до 19.08 (старая база);;старые запуски (до 19.08);;;;нет;;;;;;;;;;;;;;111;440;367;0;0
tzfl.team;.team;19–20.08;20.08;Generation 50;;—;20.08;нет;?;?;—;—;—;—;22.08 11:19;1;1;1;3;1;3;31;429;410;0;0
tzpm.casino;.casino;до 19.08 (старая база);;старые запуски (до 19.08);;;;нет;;;;;;;;;;;;;;90;643;611;0;0
v1i.team;.team;21–27.08;26.08;Generator_C2_novyy_img (nabor-180…184);nabor-183;nabor-183;26.08;нет;наш генератор;?;—;новый стиль + картинки;—;ТЕСТ G;27.08 12:18;6;7;8;25;4;2;100;1581;1399;0;0
v2ld.lol;.lol;21–27.08;21.08;NEW50_5_12pages_withdate_21.08;;834-840;21.08;нет;чужой контент · NEW50_5;12;с датами;—;—;—;23.08 10:56;0;0;2;5;0;15;48;928;886;0;0
v3zm.team;.team;21–27.08;26.08;NEW17_NOimg_withdate_26.08;NEW17_NOimg_withdate_26.08_2;988;26.08 14:06;нет;чужой контент · NEW17;?;с датами;без картинок;—;ТЕСТ E;27.08 12:16;0;5;8;10;1;4;42;78;77;0;0
v4tl.team;.team;до 19.08 (старая база);;старые запуски (до 19.08);;;;нет;;;;;;;;;;;;;;104;376;330;0;0
v5d.team;.team;19–20.08;20.08;12pages_withdate · Theme2;;748-757;20.08;нет;чужой контент;12;с датами;—;—;—;21.08 12:06;1;6;16;54;5;2;96;968;909;1;0
v5gp.team;.team;21–27.08;25.08;Generator_11page_NOimg_25.08;Generator_11page_NOimg_25.08_6;895;25.08 14:22;нет;наш генератор;11;—;без картинок;—;ТЕСТ B;26.08 12:29;1;2;2;11;2;1;44;559;535;0;0
v7k.team;.team;до 19.08 (старая база);;старые запуски (до 19.08);;;;нет;;;;;;;;;;;;;;66;460;421;0;0
v8k.team;.team;до 19.08 (старая база);;старые запуски (до 19.08);;;;нет;;;;;;;;;;;;;;63;404;379;0;0
vbgq.team;.team;19–20.08;20.08;Generation 50;;—;20.08;нет;?;?;—;—;—;—;22.08 11:19;0;0;0;3;0;53;52;305;288;0;0
vfkd.team;.team;21–27.08;21.08;NEW50_5_12pages_withdate_21.08;;834-840;21.08;нет;чужой контент · NEW50_5;12;с датами;—;—;—;23.08 10:56;1;4;17;44;4;3;81;2809;2726;0;0
vk.ru;.ru;до 19.08 (старая база);;старые запуски (до 19.08);;;;нет;;;;;;;;;;;;;;1;1;1;0;0
vqrk.team;.team;до 19.08 (старая база);;старые запуски (до 19.08);;;;нет;;;;;;;;;;;;;;135;685;632;0;0
vr2d.team;.team;до 19.08 (старая база);;старые запуски (до 19.08);;;;нет;;;;;;;;;;;;;;146;779;709;0;0
vspz.team;.team;до 19.08 (старая база);;старые запуски (до 19.08);;;;нет;;;;;;;;;;;;;;140;1040;958;0;0
vtrd.buzz;.buzz;до 19.08 (старая база);;старые запуски (до 19.08);;;;нет;;;;;;;;;;;;;;148;512;478;0;0
vwdl.team;.team;до 19.08 (старая база);;старые запуски (до 19.08);;;;нет;;;;;;;;;;;;;;148;420;379;0;0
vwkp.team;.team;до 19.08 (старая база);;старые запуски (до 19.08);;;;нет;;;;;;;;;;;;;;125;1837;1745;1;0
vz4k.team;.team;до 19.08 (старая база);;старые запуски (до 19.08);;;;нет;;;;;;;;;;;;;;148;672;559;0;0
w2g.team;.team;до 19.08 (старая база);;старые запуски (до 19.08);;;;нет;;;;;;;;;;;;;;68;226;217;0;0
w2yn.team;.team;21–27.08;24.08;Generator_11page_img_24.08;Generator_11page_img_24.08_3;870;24.08 14:38 / 16:58;нет;наш генератор;11;—;с картинками;—;ТЕСТ B;25.08 11:08;1;8;8;19;4;3;61;391;363;0;0
w3bs.team;.team;до 19.08 (старая база);;старые запуски (до 19.08);;;;нет;;;;;;;;;;;;;;55;916;872;0;0
w4g.team;.team;21–27.08;24.08;Generator_11page_NOimg_24.08;Generator_11page_NOimg_24.08_2;874;24.08 14:39 / 16:57;нет;наш генератор;11;—;без картинок;—;ТЕСТ B;25.08 11:09;1;9;13;29;5;3;64;777;748;0;0
w4lv.team;.team;21–27.08;24.08;Generator_11page_NOimg_24.08;Generator_11page_NOimg_24.08_4;881;24.08 14:39 / 16:57;нет;наш генератор;11;—;без картинок;—;ТЕСТ B;25.08 11:09;0;0;0;3;0;65;50;575;529;0;0
w4n.team;.team;до 19.08 (старая база);;старые запуски (до 19.08);;;;нет;;;;;;;;;;;;;;141;419;406;0;0
w4rz.team;.team;19–20.08;20.08;Generation 50;;—;20.08;нет;?;?;—;—;—;—;22.08 11:19;0;0;0;0;0;;38;131;121;0;0
w5mq.lol;.lol;21–27.08;21.08;NEW50_5_7pages_nodate_21.08 _1…_6;;791-796;21.08 13:29;нет;чужой контент · NEW50_5;7;без дат;—;—;КОНТРОЛЬ;23.08 10:56;0;1;2;9;1;6;51;205;198;0;0
w6nd.team;.team;до 19.08 (старая база);;старые запуски (до 19.08);;;;нет;;;;;;;;;;;;;;114;917;837;0;0
w9ll.buzz;.buzz;до 19.08 (старая база);;старые запуски (до 19.08);;;;нет;;;;;;;;;;;;;;75;500;448;0;0
w9m.team;.team;до 19.08 (старая база);;старые запуски (до 19.08);;;;нет;;;;;;;;;;;;;;41;150;142;0;0
wbxk.team;.team;до 19.08 (старая база);;старые запуски (до 19.08);;;;нет;;;;;;;;;;;;;;141;483;461;0;0
wcht.team;.team;19–20.08;20.08;Generation 50;;—;20.08;нет;?;?;—;—;—;—;22.08 11:19;6;16;23;43;10;2;68;4461;4355;0;0
wd3m.team;.team;до 19.08 (старая база);;старые запуски (до 19.08);;;;нет;;;;;;;;;;;;;;140;627;476;0;0
wgmr.team;.team;до 19.08 (старая база);;старые запуски (до 19.08);;;;нет;;;;;;;;;;;;;;117;12818;10371;1;0
wgxx.team;.team;21–27.08;25.08;NEW50_5_7pages_nodate_21.08 _7…_17;NEW50_5_7pages_nodate_21.08_9;799;21.08 13:29;нет;чужой контент · NEW50_5;7;без дат;без картинок;—;КОНТРОЛЬ;26.08 12:41;1;2;6;20;2;3;42;1401;1140;1;0
wknc.team;.team;21–27.08;25.08;NEW50_5_7pages_nodate_21.08 _7…_17;NEW50_5_7pages_nodate_21.08_13;803;21.08 13:29;нет;чужой контент · NEW50_5;7;без дат;без картинок;—;КОНТРОЛЬ;26.08 12:41;7;31;51;104;12;1;63;5034;4651;1;0
wlxr.team;.team;21–27.08;25.08;NEW33_12pages_withdate+img_25.08;NEW33_12pages_withdate+img_25.08_3;972;25.08 18:30;нет;чужой контент · NEW33;12;с датами;с картинками;—;ТЕСТ F;27.08 12:17;1;16;25;62;6;2;90;1161;1012;0;0
wn7.team;.team;до 19.08 (старая база);;старые запуски (до 19.08);;;;нет;;;;;;;;;;;;;;88;321;296;0;0
wnkp.buzz;.buzz;до 19.08 (старая база);;старые запуски (до 19.08);;;;нет;;;;;;;;;;;;;;144;275;266;0;0
wnkr.casino;.casino;до 19.08 (старая база);;старые запуски (до 19.08);;;;нет;;;;;;;;;;;;;;70;408;364;1;0
wpdr.team;.team;до 19.08 (старая база);;старые запуски (до 19.08);;;;нет;;;;;;;;;;;;;;153;718;656;0;0
wr7b.team;.team;до 19.08 (старая база);;старые запуски (до 19.08);;;;нет;;;;;;;;;;;;;;143;573;545;0;0
wrfn.cloud;.cloud;21–27.08;21.08;Generator_11page_21.08 + Generator_11page_2_21.08;;841-855;21.08;нет;наш генератор;11;—;—;—;—;22.08 11:19;0;0;2;10;0;15;54;658;640;0;0
wzpr.team;.team;до 19.08 (старая база);;старые запуски (до 19.08);;;;нет;;;;;;;;;;;;;;63;391;353;0;0
x0wz.team;.team;21–27.08;26.08;Generator_C2_novyy_img (nabor-180…184);nabor-181;nabor-181;26.08;нет;наш генератор;?;—;новый стиль + картинки;—;ТЕСТ G;27.08 12:18;0;0;0;0;0;;105;497;452;0;0
x284.site;.site;21–27.08;21.08;NEW50_5_7pages_withdate_21.08;;815-826;21.08;нет;чужой контент · NEW50_5;7;с датами;—;—;—;23.08 10:56;0;0;0;0;0;;20;71;66;0;0
x5b.team;.team;до 19.08 (старая база);;старые запуски (до 19.08);;;;нет;;;;;;;;;;;;;;120;507;501;0;0
x6nd.team;.team;до 19.08 (старая база);;старые запуски (до 19.08);;;;нет;;;;;;;;;;;;;;58;454;428;0;0
x8p.team;.team;до 19.08 (старая база);;старые запуски (до 19.08);;;;нет;;;;;;;;;;;;;;124;741;703;0;0
xabd.team;.team;21–27.08;24.08;Generator_11page_NOimg_24.08;Generator_11page_NOimg_24.08_4;876;24.08 14:39 / 16:57;нет;наш генератор;11;—;без картинок;—;ТЕСТ B;25.08 11:09;0;0;0;12;0;31;67;459;412;0;0
xdkr.team;.team;19–20.08;20.08;Generation 50;;—;20.08;нет;?;?;—;—;—;—;22.08 11:19;0;2;3;6;1;6;43;1267;1219;2;0
xhpt.team;.team;21–27.08;21.08;NEW50_5_12pages_nodate_21.08;;827-833;21.08;нет;чужой контент · NEW50_5;12;без дат;—;—;—;23.08 10:55;0;1;1;55;1;5;75;477;433;0;0
xk9r.team;.team;до 19.08 (старая база);;старые запуски (до 19.08);;;;нет;;;;;;;;;;;;;;146;598;565;0;0
xm2k.team;.team;до 19.08 (старая база);;старые запуски (до 19.08);;;;нет;;;;;;;;;;;;;;123;546;522;0;0
xqmb.team;.team;до 19.08 (старая база);;старые запуски (до 19.08);;;;нет;;;;;;;;;;;;;;152;609;515;0;0
xt6.team;.team;до 19.08 (старая база);;старые запуски (до 19.08);;;;нет;;;;;;;;;;;;;;23;130;112;0;0
xzbf.team;.team;до 19.08 (старая база);;старые запуски (до 19.08);;;;нет;;;;;;;;;;;;;;123;303;289;0;0
xzdg.team;.team;до 19.08 (старая база);;старые запуски (до 19.08);;;;нет;;;;;;;;;;;;;;129;1440;1351;0;0
y8db.team;.team;21–27.08;24.08;Вебмастера, блок 1 — СТАРЫЕ аккаунты;Generator_11page_img_24.08_3;20 наборов;24.08 20:25;нет;наборы;12;—;—;СТАРЫЕ вебмастер-аккаунты;ТЕСТ C;25.08 11:10;0;2;4;17;2;7;148;1205;1123;1;0
z2p.team;.team;до 19.08 (старая база);;старые запуски (до 19.08);;;;нет;;;;;;;;;;;;;;41;191;174;0;0
z3m.team;.team;до 19.08 (старая база);;старые запуски (до 19.08);;;;нет;;;;;;;;;;;;;;116;420;395;0;0
z5mt.team;.team;до 19.08 (старая база);;старые запуски (до 19.08);;;;нет;;;;;;;;;;;;;;98;186;181;0;0
z6hn.team;.team;до 19.08 (старая база);;старые запуски (до 19.08);;;;нет;;;;;;;;;;;;;;85;489;454;0;0
z8kr.team;.team;до 19.08 (старая база);;старые запуски (до 19.08);;;;нет;;;;;;;;;;;;;;123;1846;1722;0;0
zbmq.buzz;.buzz;до 19.08 (старая база);;старые запуски (до 19.08);;;;нет;;;;;;;;;;;;;;126;524;502;0;0
zckp.team;.team;до 19.08 (старая база);;старые запуски (до 19.08);;;;нет;;;;;;;;;;;;;;125;887;827;0;0
zfmn.team;.team;21–27.08;24.08;Вебмастера, блок 1 — СТАРЫЕ аккаунты;Generator_11page_NOimg_24.08_2;20 наборов;24.08 20:25;нет;наборы;12;—;—;СТАРЫЕ вебмастер-аккаунты;ТЕСТ C;25.08 11:10;3;3;6;63;3;3;100;865;813;0;0
zfwk.team;.team;до 19.08 (старая база);;старые запуски (до 19.08);;;;нет;;;;;;;;;;;;;;6;69;65;0;0
zjnq.team;.team;до 19.08 (старая база);;старые запуски (до 19.08);;;;нет;;;;;;;;;;;;;;89;1102;1090;0;0
zmbv.work;.work;21–27.08;21.08;NEW50_5_7pages_nodate_21.08 _1…_6;;791-796;21.08 13:29;нет;чужой контент · NEW50_5;7;без дат;—;—;КОНТРОЛЬ;23.08 10:56;0;0;2;34;0;12;43;129;125;0;0
zmpf.team;.team;до 19.08 (старая база);;старые запуски (до 19.08);;;;нет;;;;;;;;;;;;;;122;435;381;0;0
zrdn.team;.team;до 19.08 (старая база);;старые запуски (до 19.08);;;;нет;;;;;;;;;;;;;;149;324;313;0;0
zsgl.team;.team;21–27.08;25.08;Generator_11page_NOimg_25.08;Generator_11page_NOimg_25.08_4;893;25.08 14:22;нет;наш генератор;11;—;без картинок;—;ТЕСТ B;26.08 12:29;0;1;4;34;1;5;60;504;501;0;0
ztqm.team;.team;до 19.08 (старая база);;старые запуски (до 19.08);;;;нет;;;;;;;;;;;;;;139;385;343;0;0
zv5.team;.team;до 19.08 (старая база);;старые запуски (до 19.08);;;;нет;;;;;;;;;;;;;;146;492;479;0;0
