домен,зона,день запуска,день недели,час,блок часа,набор контента,семейство,страниц,оформление,шаблон,паттерн имени,длина метки,аккаунт свежий,который раз аккаунт,окно закрыто,сайтов,вышли за 1 сутки,вышли за 3 суток,индекс 3 суток %,вышли всего,индекс всего %,кликов из поиска в окне,кликов на сайт,кликов на вышедший сайт,ботов %,регистраций,ФД,регистраций всего,ФД всего,рег на 100 сайтов,рег на 10 тыс. кликов,сайтов с регистрацией,дней до первой регистрации,какие бренды конвертили,место в наборе,к медиане набора
k6x.team,team,2026-09-18,5,15,12-17,content-2026-09-17-7str-oform-2,content-дата,7,оформлено,Theme1,alpha_other,3,нет,2,да,150,71,79,52.7,79,52.7,1272,8.48,16.1,40.3,1,0,1,0,0.667,7.9,1,0,Riobet (1),1 из 36,4.95
3785.lol,lol,2026-09-18,5,17,12-17,content-2026-09-17b-7str-oform,content-дата,7,оформлено,Theme1,numeric,4,нет,2,да,150,70,76,50.7,76,50.7,3129,20.86,41.2,13.1,1,0,1,0,0.667,3.2,1,2,Stake (1),1 из 21,2.45
itsr.team,team,2026-09-15,2,15,12-17,content-2026-09-14c-7str-oform-2,content-дата,7,оформлено,Theme1,alpha_other,4,нет,2,да,206,71,94,45.6,104,50.5,4903,23.8,52.2,16.7,2,0,2,0,0.971,4.1,2,0,"Pinco (1), 1win (1)",1 из 44,2.41
casinobzb.team,team,2026-09-15,2,11,06-11,content-2026-09-14c-12str-oform,content-дата,12,оформлено,Theme1,casino_prefix,9,нет,2,да,206,82,93,45.1,99,48.1,4462,21.66,48.0,15.0,2,0,2,0,0.971,4.5,2,1,"Cactus (1), Lucky Bird (1)",1 из 4,1.37
2551.team,team,2026-09-15,2,18,18-23,content-2026-09-14c-7str-oform-1,content-дата,7,оформлено,Theme1,numeric,4,нет,3,да,206,79,92,44.7,98,47.6,8388,40.72,91.2,8.3,0,0,0,0,0.0,0.0,0,,,1 из 45,2.14
msvcasino.lol,lol,2026-09-09,3,13,12-17,archive412_unique12оформлено,archive,,оформлено,Theme1,casino_infix,9,да,1,да,206,85,91,44.2,122,59.2,6536,31.73,71.8,13.8,4,0,5,0,1.942,6.1,4,0,"Mellstroy (2), Lucky Bird (1), Martin (1), Eva (1)",1 из 12,1.93
levu.team,team,2026-09-17,4,16,12-17,content-2026-09-16-7str,content-дата,7,,Theme1,alpha_other,4,нет,2,да,206,77,90,43.7,91,44.2,1816,8.82,20.2,28.7,1,0,1,0,0.485,5.5,1,0,1Go (1),1 из 42,4.18
0409cas.casino,casino,2026-09-04,5,19,18-23,NEW20_12pages_nodate_styled_img,NEW,12,styled_img,Theme1,alpha_other,7,да,1,да,206,80,89,43.2,99,48.1,9809,47.62,110.2,8.6,2,0,2,0,0.971,2.0,2,2,"Cactus (1), Kraken (1)",1 из 4,2.5
casinoes.lol,lol,2026-09-09,3,12,12-17,archive412_unique12оформлено,archive,,оформлено,Theme1,casino_prefix,8,да,1,да,206,85,87,42.2,108,52.4,4337,21.05,49.9,25.6,0,0,0,0,0.0,0.0,0,,,2 из 12,1.85
2756.lol,lol,2026-09-18,5,14,12-17,content-2026-09-17b-7str-oform,content-дата,7,оформлено,Theme1,numeric,4,нет,2,да,150,53,63,42.0,63,42.0,940,6.27,14.9,53.8,1,0,1,0,0.667,10.6,1,1,Селектор (1),2 из 21,2.03
ploo.team,team,2026-09-15,2,12,12-17,content-2026-09-14c-12str-oform,content-дата,12,оформлено,Theme1,alpha_other,4,нет,4,да,206,69,86,41.7,95,46.1,4764,23.13,55.4,13.7,4,2,4,2,1.942,8.4,4,1,"GetX (2), Marathon (2), Lucky Bird (1), Eva (1)",2 из 4,1.26
0509k.casino,casino,2026-09-06,7,15,12-17,NEW20_3_12pages_nodate_styled_img,NEW,12,styled_img,Theme1,alpha_other,5,да,1,да,206,80,84,40.8,91,44.2,3124,15.17,37.2,11.7,0,0,0,0,0.0,0.0,0,,,1 из 4,1.56
gwrl.casino,casino,2026-09-01,2,18,18-23,NEW50_12pages_withdate_01.09,NEW,12,без оформления,Theme1,alpha_other,4,да,1,да,206,72,82,39.8,84,40.8,2860,13.88,34.9,39.8,4,1,4,2,1.942,14.0,4,1,"1Go (2), Spinto (2), Kent (1), Million (1)",1 из 17,1.9
2928.lol,lol,2026-09-18,5,17,12-17,content-2026-09-17b-7str-oform,content-дата,7,оформлено,Theme1,numeric,4,нет,2,да,150,58,59,39.3,59,39.3,775,5.17,13.1,30.6,0,0,0,0,0.0,0.0,0,,,3 из 21,1.9
mkmt.team,team,2026-09-03,4,21,18-23,NEW50_3_12pages_withdate_styled,NEW,12,без оформления,Theme1,alpha_other,4,да,1,да,206,69,80,38.8,90,43.7,2108,10.23,26.4,27.1,1,0,1,0,0.485,4.7,1,1,Luckybear (1),1 из 14,1.8
casinog4.lol,lol,2026-09-18,5,19,18-23,nabory-621-630,nabory,,,Theme1,casino_prefix,8,нет,2,да,150,48,58,38.7,58,38.7,601,4.01,10.4,41.9,0,0,0,0,0.0,0.0,0,,,1 из 6,1.66
6200.team,team,2026-09-15,2,21,18-23,content-2026-09-14c-7str-oform-1,content-дата,7,оформлено,Theme1,numeric,4,нет,2,да,206,56,79,38.3,80,38.8,2731,13.26,34.6,16.4,1,0,1,0,0.485,3.7,1,2,Селектор (1),2 из 45,1.83
llvm.casino,casino,2026-09-01,2,18,18-23,NEW50_12pages_withdate_01.09,NEW,12,без оформления,Theme1,alpha_other,4,да,1,да,206,68,79,38.3,81,39.3,1135,5.51,14.4,59.4,0,0,0,0,0.0,0.0,0,,,2 из 17,1.83
2097.lol,lol,2026-09-03,4,18,18-23,NEW50_3_12pages_nodate_styled,NEW,12,без оформления,Theme1,numeric,4,да,1,да,206,70,78,37.9,82,39.8,9592,46.56,123.0,10.2,3,0,3,0,1.456,3.1,3,2,"Brillx (1), Twin (1), Эверум (1)",1 из 11,2.53
rvue.team,team,2026-09-02,3,0,00-05,NEW50_7pages_withdate_01.09,NEW,7,без оформления,Theme1,alpha_other,4,да,1,да,206,71,77,37.4,90,43.7,9279,45.04,120.5,16.4,2,1,3,1,0.971,2.2,3,1,"Олимп (2), 1win (1), Fenix (1)",1 из 11,2.2
2097.team,team,2026-09-03,4,18,18-23,NEW50_3_12pages_withdate_styled,NEW,12,без оформления,Theme1,numeric,4,да,1,да,206,66,77,37.4,80,38.8,4903,23.8,63.7,12.7,1,0,1,0,0.485,2.0,1,2,Luckybear (1),2 из 14,1.73
vzto.team,team,2026-09-02,3,22,18-23,NEW50_2_12pages_withdate_02.09,NEW,12,без оформления,Theme1,alpha_other,4,да,1,да,206,65,77,37.4,84,40.8,2148,10.43,27.9,30.4,0,0,0,0,0.0,0.0,0,,,1 из 17,1.43
imic.team,team,2026-09-15,2,15,12-17,content-2026-09-14c-7str-oform-2,content-дата,7,оформлено,Theme1,alpha_other,4,нет,2,да,206,60,76,36.9,83,40.3,1873,9.09,24.6,21.6,4,0,4,0,1.942,21.4,3,1,"Lucky Bird (2), Leon (1), Bigsbet (1)",2 из 44,1.95
tgmb.team,team,2026-09-03,4,9,06-11,NEW50_12pages_withdate_01.09,NEW,12,без оформления,Theme1,alpha_other,4,да,1,да,206,67,76,36.9,93,45.1,1870,9.08,24.6,15.3,3,0,5,0,1.456,16.0,4,0,"Shuffle (2), Vivaro (1), Beef (1), Jvspin (1)",3 из 17,1.77
casino45.lol,lol,2026-09-18,5,14,12-17,content-2026-09-17b-7str-oform,content-дата,7,оформлено,Theme1,casino_prefix,8,нет,2,да,150,46,54,36.0,54,36.0,1357,9.05,25.1,28.7,0,0,0,0,0.0,0.0,0,,,4 из 21,1.74
ypur.team,team,2026-09-03,4,21,18-23,NEW50_3_12pages_withdate_styled,NEW,12,без оформления,Theme1,alpha_other,4,да,1,да,206,63,74,35.9,82,39.8,2415,11.72,32.6,19.3,0,0,0,0,0.0,0.0,0,,,3 из 14,1.66
2369.lol,lol,2026-09-03,4,18,18-23,NEW50_3_12pages_withdate_styled,NEW,12,без оформления,Theme1,numeric,4,да,1,да,206,63,72,35.0,75,36.4,2746,13.33,38.1,19.2,3,1,3,1,1.456,10.9,3,2,"Bounty (2), Lucky Bird (1), Клуб Вулкан (1)",4 из 14,1.62
casino1209.casino,casino,2026-09-12,6,19,18-23,NEW102оформленобездаты,NEW,,оформлено,Theme1,casino_prefix,10,да,1,да,206,64,72,35.0,89,43.2,7218,35.04,100.2,4.6,1,0,1,0,0.485,1.4,1,1,Frank (1),1 из 42,3.12
ombr.team,team,2026-09-04,5,17,12-17,Generator_346353_styled_img,Generator,,styled_img,Theme1,alpha_other,4,да,1,да,206,67,72,35.0,79,38.3,4159,20.19,57.8,19.5,1,0,1,0,0.485,2.4,1,3,Eva (1),1 из 8,3.43
stma.casino,casino,2026-09-01,2,18,18-23,NEW50_12pages_nodate_01.09,NEW,12,без оформления,Theme1,alpha_other,4,да,1,да,206,60,72,35.0,78,37.9,3210,15.58,44.6,40.0,0,0,0,0,0.0,0.0,0,,,1 из 8,1.24
2596.team,team,2026-09-18,5,2,00-05,content-2026-09-17-7str-oform-2,content-дата,7,оформлено,Theme1,numeric,4,нет,2,да,150,49,52,34.7,52,34.7,621,4.14,11.9,40.1,3,0,3,0,2.0,48.3,3,0,"1xSlots (1), 1xbet (1), Maxline (1)",2 из 36,3.26
qlmf.lol,lol,2026-09-09,3,13,12-17,archive412_unique12оформлено,archive,,оформлено,Theme1,alpha_other,4,да,1,да,206,66,70,34.0,95,46.1,2946,14.3,42.1,25.2,4,1,5,1,1.942,13.6,4,0,"Brillx (2), Leebet (2), Bounty (1), Lucky Bird (1)",3 из 12,1.49
4994.lol,lol,2026-09-07,1,15,12-17,NEW20_4_12pages_withdate,NEW,12,без оформления,Theme1,numeric,4,да,1,да,206,64,70,34.0,81,39.3,1334,6.48,19.1,23.4,3,0,4,0,1.456,22.5,4,2,"Vodka (1), Dragon Money (1), GetX (1), Spinwin (1)",1 из 3,2.81
1083.lol,lol,2026-09-02,3,18,18-23,NEW50_2_12pages_nodate_02.09,NEW,12,без оформления,Theme1,numeric,4,да,1,да,206,63,70,34.0,71,34.5,1403,6.81,20.0,36.1,3,1,3,1,1.456,21.4,2,1,"Slotgames (3), Eva (1)",1 из 6,1.31
xlqd.team,team,2026-09-15,2,16,12-17,content-2026-09-14c-7str-oform-2,content-дата,7,оформлено,Theme1,alpha_other,4,нет,3,да,206,50,70,34.0,78,37.9,3024,14.68,43.2,22.2,0,0,0,0,0.0,0.0,0,,,3 из 44,1.8
bihl.lol,lol,2026-09-18,5,14,12-17,content-2026-09-17b-7str-oform,content-дата,7,оформлено,Theme1,alpha_other,4,нет,2,да,150,44,51,34.0,51,34.0,1824,12.16,35.8,32.9,0,0,0,0,0.0,0.0,0,,,5 из 21,1.64
x5i.team,team,2026-09-06,7,20,18-23,NEW20_3_7pages_nodate_styled_img,NEW,7,styled_img,Theme1,alpha_other,3,да,1,да,206,61,70,34.0,71,34.5,1000,4.85,14.3,24.3,0,0,0,0,0.0,0.0,0,,,1 из 6,1.63
2600.team,team,2026-09-15,2,14,12-17,content-2026-09-14c-7str-oform-2,content-дата,7,оформлено,Theme1,numeric,4,нет,2,да,206,57,69,33.5,78,37.9,1294,6.28,18.8,30.3,3,0,3,0,1.456,23.2,3,1,"Олимп (1), Лутран (1), Shuffle (1)",4 из 44,1.77
casinosz.lol,lol,2026-09-16,3,13,12-17,content-2026-09-15-7str-oform-2,content-дата,7,оформлено,Theme1,casino_prefix,8,нет,2,да,206,53,69,33.5,75,36.4,2501,12.14,36.2,30.3,2,1,2,1,0.971,8.0,2,1,"Unlim Casino (2), Селектор (1)",1 из 50,2.61
3434.team,team,2026-09-07,1,21,18-23,clean12_unique11оформлено,clean,,оформлено,Theme1,numeric,4,да,1,да,206,67,68,33.0,68,33.0,695,3.37,10.2,31.3,1,0,1,0,0.485,14.4,1,1,Mad (1),2 из 11,1.42
5365.team,team,2026-09-07,1,21,18-23,clean12_unique11оформлено,clean,,оформлено,Theme1,numeric,4,да,1,да,206,65,68,33.0,82,39.8,3346,16.24,49.2,12.9,0,0,2,0,0.0,0.0,1,5,Pinco (2),1 из 11,1.42
vecasino.lol,lol,2026-09-15,2,12,12-17,content-2026-09-14b-7str-oform-2,content-дата,7,оформлено,Theme1,casino_infix,8,нет,3,да,206,52,68,33.0,81,39.3,3819,18.54,56.2,16.5,0,0,1,1,0.0,0.0,1,6,Why (2),1 из 51,2.52
o1l.team,team,2026-09-17,4,19,18-23,content-2026-09-16-12str,content-дата,12,,Theme1,alpha_other,3,нет,2,да,206,55,68,33.0,68,33.0,2389,11.6,35.1,24.6,0,0,0,0,0.0,0.0,0,,,1 из 6,2.96
xpba.lol,lol,2026-09-09,3,13,12-17,archive412_unique12оформлено,archive,,оформлено,Theme1,alpha_other,4,да,1,да,206,59,67,32.5,81,39.3,2054,9.97,30.7,34.8,3,1,3,1,1.456,14.6,2,1,"Leon (3), Pinco (1)",4 из 12,1.42
3255.lol,lol,2026-09-15,2,18,18-23,content-2026-09-14c-7str-oform-2,content-дата,7,оформлено,Theme1,numeric,4,нет,2,да,206,46,67,32.5,72,35.0,2300,11.17,34.3,22.6,0,0,0,0,0.0,0.0,0,,,5 из 44,1.72
0665.team,team,2026-09-02,3,22,18-23,NEW50_2_12pages_withdate_02.09,NEW,12,без оформления,Theme1,numeric,4,да,1,да,205,48,66,32.2,73,35.6,1269,6.19,19.2,41.6,1,0,3,0,0.488,7.9,3,2,"Bounty (1), Lucky Bird (1), Why (1)",2 из 17,1.23
2385.lol,lol,2026-09-18,5,2,00-05,content-2026-09-17-7str-oform-2,content-дата,7,оформлено,Theme1,numeric,4,нет,2,да,150,48,48,32.0,48,32.0,660,4.4,13.8,49.0,1,0,1,0,0.667,15.2,1,0,Покердом (1),3 из 36,3.0
4229.team,team,2026-09-02,3,22,18-23,NEW50_2_12pages_withdate_02.09,NEW,12,без оформления,Theme1,numeric,4,да,1,да,206,59,66,32.0,66,32.0,1590,7.72,24.1,26.3,0,0,0,0,0.0,0.0,0,,,3 из 17,1.22
rza.lol,lol,2026-09-02,3,22,18-23,NEW50_2_12pages_withdate_02.09,NEW,12,без оформления,Theme1,alpha_other,3,да,1,да,206,63,65,31.6,65,31.6,2124,10.31,32.7,31.5,0,0,0,0,0.0,0.0,0,,,4 из 17,1.21
5649.lol,lol,2026-09-18,5,18,18-23,nabory-631-640,nabory,,,Theme1,numeric,4,нет,2,да,150,42,47,31.3,47,31.3,268,1.79,5.7,59.6,0,0,0,0,0.0,0.0,0,,,1 из 2,1.62
ajjk.casino,casino,2026-09-10,4,9,06-11,archive37строформленоv2часть3,archive,7,оформлено,Theme1,alpha_other,4,да,1,да,206,60,64,31.1,74,35.9,4517,21.93,70.6,6.7,2,1,2,1,0.971,4.4,2,2,"Sol (2), Fugu (1)",1 из 45,5.36
skxb.casino,casino,2026-09-09,3,17,12-17,nabory461463_styled_img,nabory,,styled_img,Theme1,alpha_other,4,да,1,да,206,63,64,31.1,86,41.7,2980,14.47,46.6,26.7,0,0,0,0,0.0,0.0,0,,,1 из 3,1.83
nmii.team,team,2026-09-16,3,4,00-05,content-2026-09-14c-7str-oform-1,content-дата,7,оформлено,Theme1,alpha_other,4,нет,2,да,206,52,64,31.1,66,32.0,1877,9.11,29.3,21.4,0,0,0,0,0.0,0.0,0,,,3 из 45,1.49
5155.team,team,2026-09-16,3,20,18-23,content-2026-09-15-7str-oform-1,content-дата,7,оформлено,Theme1,numeric,4,нет,2,да,206,43,64,31.1,64,31.1,1336,6.49,20.9,37.4,0,0,0,0,0.0,0.0,0,,,1 из 50,4.26
5448.team,team,2026-09-06,7,19,18-23,nabory411420_styled_img,nabory,,styled_img,Theme1,numeric,4,да,1,да,206,55,64,31.1,70,34.0,1200,5.83,18.8,19.3,0,0,0,0,0.0,0.0,0,,,1 из 10,3.66
9031.team,team,2026-09-17,4,23,18-23,content-2026-09-16-7str,content-дата,7,,Theme1,numeric,4,нет,2,да,206,50,64,31.1,65,31.6,1114,5.41,17.4,36.0,0,0,0,0,0.0,0.0,0,,,2 из 42,2.98
2991.lol,lol,2026-09-18,5,17,12-17,content-2026-09-17b-7str-oform,content-дата,7,оформлено,Theme1,numeric,4,нет,2,да,150,37,46,30.7,46,30.7,309,2.06,6.7,47.6,0,0,0,0,0.0,0.0,0,,,6 из 21,1.48
1109casino.casino,casino,2026-09-11,5,0,00-05,NEW102оформленосдатой,NEW,,оформлено,Theme1,casino_infix,10,да,1,да,206,57,63,30.6,85,41.3,7292,35.4,115.7,2.4,5,2,5,3,2.427,6.9,5,0,"Stake (2), Trix (2), Fenix (2), Vodka (1), Mellstroy (1)",1 из 18,2.25
7395.lol,lol,2026-09-02,3,18,18-23,NEW50_2_12pages_nodate_02.09,NEW,12,без оформления,Theme1,numeric,4,да,1,да,206,56,63,30.6,72,35.0,2572,12.49,40.8,19.1,3,0,3,0,1.456,11.7,3,1,"Legzo (1), Maxline (1), Like (1)",2 из 6,1.18
casino0509h.casino,casino,2026-09-05,6,18,18-23,NEW21_12pages_withdate_styled_img,NEW,12,styled_img,Theme1,casino_prefix,11,да,1,да,206,57,63,30.6,67,32.5,1576,7.65,25.0,18.5,2,0,2,0,0.971,12.7,1,1,Slott (2),1 из 4,1.03
csccasino.team,team,2026-09-15,2,12,12-17,content-2026-09-14b-7str-oform-2,content-дата,7,оформлено,Theme1,casino_infix,9,нет,2,да,206,43,63,30.6,74,35.9,2390,11.6,37.9,17.8,0,0,0,0,0.0,0.0,0,,,2 из 51,2.34
baiu.casino,casino,2026-09-01,2,18,18-23,NEW50_12pages_nodate_01.09,NEW,12,без оформления,Theme1,alpha_other,4,да,1,да,206,57,63,30.6,66,32.0,1992,9.67,31.6,47.6,0,0,0,0,0.0,0.0,0,,,2 из 8,1.09
0509casino.casino,casino,2026-09-05,6,17,12-17,NEW21_12pages_withdate_styled_img,NEW,12,styled_img,Theme1,casino_infix,10,да,1,да,206,55,63,30.6,69,33.5,1231,5.98,19.5,17.4,0,0,0,0,0.0,0.0,0,,,2 из 4,1.03
2659.team,team,2026-09-15,2,14,12-17,content-2026-09-14c-7str-oform-2,content-дата,7,оформлено,Theme1,numeric,4,нет,2,да,206,56,62,30.1,69,33.5,3191,15.49,51.5,21.7,1,0,1,0,0.485,3.1,1,1,Lucky Bird (1),6 из 44,1.59
casino4934.lol,lol,2026-09-04,5,20,18-23,NEW20_12pages_withdate_styled_img,NEW,12,styled_img,Theme1,casino_prefix,10,да,1,да,206,58,62,30.1,67,32.5,1878,9.12,30.3,18.3,1,0,1,0,0.485,5.3,1,1,Cat (1),1 из 6,1.59
aulcasino.team,team,2026-09-16,2,0,00-05,content-2026-09-14c-7str-oform-1,content-дата,7,оформлено,Theme1,casino_infix,9,нет,2,да,206,56,62,30.1,69,33.5,5313,25.79,85.7,7.7,0,0,1,0,0.0,0.0,1,5,Aurora Casino (1),4 из 45,1.44
mmbr.team,team,2026-09-02,3,0,00-05,NEW50_7pages_withdate_01.09,NEW,7,без оформления,Theme1,alpha_other,4,да,1,да,206,58,62,30.1,77,37.4,1836,8.91,29.6,42.1,0,0,0,0,0.0,0.0,0,,,2 из 11,1.77
qneh.team,team,2026-09-04,5,17,12-17,kruzhevnayamasterskaya1html,прочее,,,Theme1,alpha_other,4,да,1,да,206,58,62,30.1,69,33.5,954,4.63,15.4,43.6,0,0,0,0,0.0,0.0,0,,,1 из 1,1.0
1206.lol,lol,2026-09-15,2,17,12-17,content-2026-09-14c-7str-oform-1,content-дата,7,оформлено,Theme1,numeric,4,нет,3,да,206,47,61,29.6,66,32.0,1606,7.8,26.3,28.4,1,1,1,1,0.485,6.2,1,1,Iris (2),5 из 45,1.42
unxn.casino,casino,2026-09-01,2,17,12-17,NEW50_12pages_withdate_01.09,NEW,12,без оформления,Theme1,alpha_other,4,да,1,да,206,43,61,29.6,76,36.9,421,2.04,6.9,77.4,0,0,1,0,0.0,0.0,1,4,GetX (1),4 из 17,1.42
8130.team,team,2026-09-15,2,22,18-23,content-2026-09-14c-7str-oform-1,content-дата,7,оформлено,Theme1,numeric,4,нет,2,да,206,38,61,29.6,64,31.1,1775,8.62,29.1,27.0,0,0,0,0,0.0,0.0,0,,,6 из 45,1.42
xycasino.team,team,2026-09-06,7,16,12-17,NEW20_3_7pages_withdate_styled_img,NEW,7,styled_img,Theme1,casino_infix,8,да,1,да,206,53,61,29.6,67,32.5,1461,7.09,24.0,18.6,0,0,0,0,0.0,0.0,0,,,1 из 4,1.2
i3d.team,team,2026-09-11,5,17,12-17,NEW102оформленобездаты,NEW,,оформлено,Theme1,alpha_other,3,да,1,да,206,59,61,29.6,72,35.0,1242,6.03,20.4,23.1,0,0,0,0,0.0,0.0,0,,,2 из 42,2.64
casinok7.team,team,2026-09-07,1,20,18-23,clean12_unique11оформлено,clean,,оформлено,Theme1,casino_prefix,8,да,1,да,206,57,61,29.6,64,31.1,982,4.77,16.1,29.9,0,0,0,0,0.0,0.0,0,,,3 из 11,1.27
quu.casino,casino,2026-09-01,2,18,18-23,NEW50_12pages_nodate_01.09,NEW,12,без оформления,Theme1,alpha_other,3,да,1,да,206,48,61,29.6,65,31.6,884,4.29,14.5,59.6,0,0,0,0,0.0,0.0,0,,,3 из 8,1.05
0509gg.casino,casino,2026-09-05,6,17,12-17,NEW21_12pages_withdate_styled_img,NEW,12,styled_img,Theme1,alpha_other,6,да,1,да,206,53,60,29.1,66,32.0,6018,29.21,100.3,4.4,2,1,2,1,0.971,3.3,2,1,"Vulkan Platinum (2), Turbo (1)",3 из 4,0.97
casinocr.lol,lol,2026-09-16,3,2,00-05,content-2026-09-14c-7str-oform-1,content-дата,7,оформлено,Theme1,casino_prefix,8,нет,2,да,206,53,60,29.1,67,32.5,2007,9.74,33.5,30.0,1,1,1,1,0.485,5.0,1,0,UP-X (2),7 из 45,1.39
7395.team,team,2026-09-02,3,18,18-23,NEW50_2_12pages_withdate_02.09,NEW,12,без оформления,Theme1,numeric,4,да,1,да,206,52,60,29.1,69,33.5,855,4.15,14.2,42.9,1,0,1,0,0.485,11.7,1,3,Slott (1),5 из 17,1.11
aqqr.team,team,2026-09-16,3,5,00-05,nabory-535-544_styled_img,nabory,,styled_img,Theme1,alpha_other,4,нет,2,да,206,56,60,29.1,70,34.0,2176,10.56,36.3,19.3,0,0,0,0,0.0,0.0,0,,,1 из 10,1.93
fvso.lol,lol,2026-09-16,3,3,00-05,content-2026-09-14c-7str-oform-2,content-дата,7,оформлено,Theme1,alpha_other,4,нет,2,да,206,54,60,29.1,73,35.4,1693,8.22,28.2,19.0,0,0,0,0,0.0,0.0,0,,,7 из 44,1.54
lwcasino.team,team,2026-09-06,7,16,12-17,NEW20_3_7pages_withdate_styled_img,NEW,7,styled_img,Theme1,casino_infix,8,да,1,да,206,58,59,28.6,66,32.0,652,3.17,11.1,19.7,1,0,1,0,0.485,15.3,1,3,Luckybear (1),2 из 4,1.16
zics.team,team,2026-09-16,3,4,00-05,content-2026-09-14c-7str-oform-1,content-дата,7,оформлено,Theme1,alpha_other,4,нет,2,да,206,47,59,28.6,64,31.1,2954,14.34,50.1,14.4,0,0,0,0,0.0,0.0,0,,,8 из 45,1.37
0509h.casino,casino,2026-09-05,6,17,12-17,NEW21_12pages_nodate_styled_img,NEW,12,styled_img,Theme1,alpha_other,5,да,1,да,206,55,59,28.6,63,30.6,2314,11.23,39.2,11.1,0,0,0,0,0.0,0.0,0,,,1 из 6,1.97
1185.lol,lol,2026-09-01,2,22,18-23,NEW50_12pages_withdate_01.09,NEW,12,без оформления,Theme1,numeric,4,да,1,да,206,44,59,28.6,66,32.0,1278,6.2,21.7,51.6,0,0,0,0,0.0,0.0,0,,,5 из 17,1.37
0509ds.casino,casino,2026-09-06,7,15,12-17,NEW20_3_12pages_nodate_styled_img,NEW,12,styled_img,Theme1,alpha_other,6,да,1,да,206,54,59,28.6,68,33.0,1318,6.4,22.3,23.8,0,0,0,0,0.0,0.0,0,,,2 из 4,1.09
9800.team,team,2026-09-06,7,20,18-23,nabory411420_styled_img,nabory,,styled_img,Theme1,numeric,4,да,1,да,206,55,58,28.2,63,30.6,1277,6.2,22.0,20.1,1,1,1,1,0.485,7.8,1,2,Onion (2),2 из 10,3.32
tfys.casino,casino,2026-09-01,2,18,18-23,NEW50_12pages_nodate_01.09,NEW,12,без оформления,Theme1,alpha_other,4,да,1,да,206,48,58,28.2,66,32.0,2853,13.85,49.2,41.4,0,0,0,0,0.0,0.0,0,,,4 из 8,1.0
casinoxr.lol,lol,2026-09-15,2,11,06-11,content-2026-09-14b-7str-oform-2,content-дата,7,оформлено,Theme1,casino_prefix,8,нет,2,да,206,42,58,28.2,71,34.5,2644,12.83,45.6,15.6,0,0,0,0,0.0,0.0,0,,,3 из 51,2.15
lrwo.casino,casino,2026-09-01,2,18,18-23,NEW50_12pages_nodate_01.09,NEW,12,без оформления,Theme1,alpha_other,4,да,1,да,206,52,58,28.2,59,28.6,1446,7.02,24.9,55.0,0,0,0,0,0.0,0.0,0,,,5 из 8,1.0
1812.team,team,2026-09-06,7,19,18-23,NEW20_3_7pages_nodate_styled_img,NEW,7,styled_img,Theme1,numeric,4,да,1,да,206,53,58,28.2,64,31.1,757,3.67,13.1,20.6,0,0,0,0,0.0,0.0,0,,,2 из 6,1.35
hkucasino.team,team,2026-09-18,5,0,00-05,content-2026-09-16-7str,content-дата,7,,Theme1,casino_infix,9,нет,2,да,150,42,42,28.0,42,28.0,5628,37.52,134.0,14.3,1,0,1,0,0.667,1.8,1,1,Kush (1),3 из 42,2.68
3442.lol,lol,2026-09-18,5,17,12-17,nabory-621-630,nabory,,,Theme1,numeric,4,нет,2,да,150,39,42,28.0,42,28.0,716,4.77,17.0,37.3,0,0,0,0,0.0,0.0,0,,,2 из 6,1.2
itym.team,team,2026-09-15,2,12,12-17,content-2026-09-14b-7str-oform-2,content-дата,7,оформлено,Theme1,alpha_other,4,нет,3,да,206,46,57,27.7,64,31.1,1964,9.53,34.5,22.1,1,1,2,1,0.485,5.1,2,1,"UP-X (2), Friends (1)",4 из 51,2.11
0348.team,team,2026-09-02,3,19,18-23,NEW50_7pages_nodate_01.09,NEW,7,без оформления,Theme1,numeric,4,да,1,да,206,50,57,27.7,64,31.1,1437,6.98,25.2,23.1,0,0,1,0,0.0,0.0,1,4,Mellstroy (1),1 из 14,1.25
ikmd.team,team,2026-09-03,4,9,06-11,NEW50_7pages_nodate_01.09,NEW,7,без оформления,Theme1,alpha_other,4,да,1,да,206,52,57,27.7,68,33.0,2802,13.6,49.2,9.5,0,0,0,0,0.0,0.0,0,,,2 из 14,1.25
o5h7.team,team,2026-09-02,3,18,18-23,NEW50_2_12pages_withdate_02.09,NEW,12,без оформления,Theme1,alpha_other,4,да,1,да,206,53,57,27.7,57,27.7,801,3.89,14.1,36.9,0,0,0,0,0.0,0.0,0,,,6 из 17,1.06
mwrp.team,team,2026-09-06,7,20,18-23,NEW20_3_7pages_nodate_styled_img,NEW,7,styled_img,Theme1,alpha_other,4,да,1,да,206,55,57,27.7,58,28.2,781,3.79,13.7,34.7,0,0,0,0,0.0,0.0,0,,,3 из 6,1.33
1558.lol,lol,2026-09-18,5,13,12-17,content-2026-09-17b-7str-oform,content-дата,7,оформлено,Theme1,numeric,4,нет,2,да,150,38,41,27.3,41,27.3,260,1.73,6.3,80.9,0,0,0,0,0.0,0.0,0,,,7 из 21,1.32
9957.team,team,2026-09-02,3,18,18-23,NEW50_2_12pages_withdate_02.09,NEW,12,без оформления,Theme1,numeric,4,да,1,да,206,51,56,27.2,58,28.2,1244,6.04,22.2,29.6,1,0,1,0,0.485,8.0,1,1,Zooma (1),7 из 17,1.04
2955.team,team,2026-09-02,3,22,18-23,NEW50_2_12pages_withdate_02.09,NEW,12,без оформления,Theme1,numeric,4,да,1,да,206,47,56,27.2,64,31.1,2691,13.06,48.1,3.7,0,0,0,0,0.0,0.0,0,,,8 из 17,1.04
2835.lol,lol,2026-09-11,5,23,18-23,NEW102оформленосдатой,NEW,,оформлено,Theme1,numeric,4,да,1,да,206,46,56,27.2,67,32.5,1438,6.98,25.7,19.1,0,0,0,0,0.0,0.0,0,,,2 из 18,2.0
j0s0.team,team,2026-09-02,3,20,18-23,NEW50_7pages_nodate_01.09,NEW,7,без оформления,Theme1,alpha_other,4,да,1,да,206,44,56,27.2,60,29.1,1139,5.53,20.3,27.4,0,0,0,0,0.0,0.0,0,,,3 из 14,1.23
588casino.lol,lol,2026-09-15,2,20,18-23,content-2026-09-14c-7str-oform-1,content-дата,7,оформлено,Theme1,casino_infix,9,нет,2,да,206,40,56,27.2,59,28.6,696,3.38,12.4,40.7,0,0,0,0,0.0,0.0,0,,,9 из 45,1.3
7590.team,team,2026-09-02,3,18,18-23,NEW50_2_12pages_nodate_02.09,NEW,12,без оформления,Theme1,numeric,4,да,1,да,206,56,56,27.2,60,29.1,674,3.27,12.0,2.9,0,0,0,0,0.0,0.0,0,,,3 из 6,1.05
2369.team,team,2026-09-03,4,6,06-11,NEW50_7pages_nodate_01.09,NEW,7,без оформления,Theme1,numeric,4,да,1,да,206,54,55,26.7,65,31.6,14253,69.19,259.1,2.3,1,0,3,0,0.485,0.7,3,0,"Shuffle (1), Volta (1), Fenix (1)",4 из 14,1.21
casinonck.team,team,2026-09-05,6,20,18-23,NEW21_7pages_nodate_styled_img,NEW,7,styled_img,Theme1,casino_prefix,9,да,1,да,206,51,55,26.7,60,29.1,1845,8.96,33.5,9.5,1,1,1,1,0.485,5.4,1,2,R7 (2),1 из 6,2.83
0749.team,team,2026-09-15,2,17,12-17,content-2026-09-14c-7str-oform-2,content-дата,7,оформлено,Theme1,numeric,4,нет,3,да,206,38,55,26.7,56,27.2,1971,9.57,35.8,20.5,1,1,1,1,0.485,5.1,1,3,Trix (2),8 из 44,1.41
0558.lol,lol,2026-09-15,2,16,12-17,content-2026-09-14c-7str-oform-1,content-дата,7,оформлено,Theme1,numeric,4,нет,3,да,206,34,55,26.7,56,27.2,625,3.03,11.4,49.5,1,0,1,0,0.485,16.0,1,2,Lucky Bird (1),10 из 45,1.28
casino1009s.casino,casino,2026-09-11,5,23,18-23,NEW102оформленобездаты,NEW,,оформлено,Theme1,casino_prefix,11,да,1,да,206,42,55,26.7,63,30.6,1843,8.95,33.5,13.9,0,0,0,0,0.0,0.0,0,,,3 из 42,2.38
geth.buzz,buzz,2026-09-09,3,13,12-17,archive412_unique12оформлено,archive,,оформлено,Theme1,alpha_other,4,да,1,да,206,52,55,26.7,66,32.0,1315,6.38,23.9,35.0,0,0,0,0,0.0,0.0,0,,,5 из 12,1.17
h6k8.lol,lol,2026-09-03,4,21,18-23,NEW50_3_12pages_withdate_styled,NEW,12,без оформления,Theme1,alpha_other,4,да,1,да,206,46,55,26.7,62,30.1,872,4.23,15.9,34.6,0,0,0,0,0.0,0.0,0,,,5 из 14,1.24
casinoodm.team,team,2026-09-06,7,21,18-23,nabory421425_styled_img,nabory,,styled_img,Theme1,casino_prefix,9,да,1,да,206,46,55,26.7,62,30.1,941,4.57,17.1,24.7,0,0,0,0,0.0,0.0,0,,,1 из 5,1.71
6578.lol,lol,2026-09-18,5,20,18-23,content-2026-09-17b-7str-oform,content-дата,7,оформлено,Theme1,numeric,4,нет,2,да,206,50,55,26.7,57,27.7,802,3.89,14.6,32.8,0,0,0,0,0.0,0.0,0,,,8 из 21,1.29
d5r.team,team,2026-09-15,2,13,12-17,content-2026-09-14b-7str-oform-2,content-дата,7,оформлено,Theme1,alpha_other,3,нет,2,да,206,44,55,26.7,60,29.1,454,2.2,8.3,46.4,0,0,0,0,0.0,0.0,0,,,5 из 51,2.04
1978.lol,lol,2026-09-17,4,21,18-23,content-2026-09-16-7str,content-дата,7,,Theme1,numeric,4,нет,2,да,206,41,54,26.2,54,26.2,3629,17.62,67.2,14.4,2,0,2,0,0.971,5.5,1,2,Casino X (2),4 из 42,2.51
9158.lol,lol,2026-09-02,3,22,18-23,NEW50_2_12pages_withdate_02.09,NEW,12,без оформления,Theme1,numeric,4,да,1,да,206,49,54,26.2,59,28.6,1248,6.06,23.1,38.4,0,0,0,0,0.0,0.0,0,,,9 из 17,1.0
3064.team,team,2026-09-03,4,18,18-23,NEW50_3_7pages_withdate_styled,NEW,7,без оформления,Theme1,numeric,4,да,1,да,206,39,54,26.2,61,29.6,1264,6.14,23.4,36.0,0,0,0,0,0.0,0.0,0,,,1 из 12,2.0
3709.team,team,2026-09-14,1,17,12-17,content-2026-09-14-12str-oform,content-дата,12,оформлено,Theme1,numeric,4,да,1,да,206,44,53,25.7,55,26.7,386,1.87,7.3,53.5,1,0,1,0,0.485,25.9,1,2,Martin (1),1 из 16,1.8
ciye.team,team,2026-09-02,3,20,18-23,NEW50_7pages_nodate_01.09,NEW,7,без оформления,Theme1,alpha_other,4,да,1,да,206,45,53,25.7,60,29.1,954,4.63,18.0,33.2,0,0,2,0,0.0,0.0,1,6,Pinco (2),5 из 14,1.16
w1l4.team,team,2026-09-16,3,4,00-05,content-2026-09-14c-7str-oform-1,content-дата,7,оформлено,Theme1,alpha_other,4,нет,2,да,206,44,53,25.7,58,28.2,1821,8.84,34.4,20.4,0,0,0,0,0.0,0.0,0,,,11 из 45,1.23
casinouep.lol,lol,2026-09-08,2,8,06-11,Content_script_12page_08.09,script,12,,Theme1,casino_prefix,9,да,1,да,206,53,53,25.7,62,30.1,1600,7.77,30.2,14.2,0,0,0,0,0.0,0.0,0,,,1 из 11,1.96
7079.lol,lol,2026-09-03,4,4,00-05,КОНТЕНТ НЕ ЗАПИСАН,не записан,,,Theme1,numeric,4,да,1,да,206,44,53,25.7,55,26.7,1256,6.1,23.7,37.4,0,0,0,0,0.0,0.0,0,,,1 из 71,3.52
9957.lol,lol,2026-09-03,4,21,18-23,NEW50_3_12pages_nodate_styled,NEW,12,без оформления,Theme1,numeric,4,да,1,да,206,47,53,25.7,62,30.1,1274,6.18,24.0,29.6,0,0,0,0,0.0,0.0,0,,,2 из 11,1.71
2211.team,team,2026-09-15,2,17,12-17,content-2026-09-14c-7str-oform-2,content-дата,7,оформлено,Theme1,numeric,4,нет,3,да,206,37,53,25.7,60,29.1,1019,4.95,19.2,33.9,0,0,0,0,0.0,0.0,0,,,9 из 44,1.36
casinorca.team,team,2026-09-17,4,12,12-17,content-2026-09-14b-7str-oform-1,content-дата,7,оформлено,Theme1,casino_prefix,9,нет,2,да,206,30,53,25.7,55,26.7,862,4.18,16.3,46.7,0,0,0,0,0.0,0.0,0,,,1 из 22,3.02
46casino.lol,lol,2026-09-15,2,20,18-23,content-2026-09-14c-7str-oform-1,content-дата,7,оформлено,Theme1,casino_infix,8,нет,2,да,206,40,53,25.7,55,26.7,274,1.33,5.2,67.4,0,0,0,0,0.0,0.0,0,,,12 из 45,1.23
casinok9.team,team,2026-09-18,5,19,18-23,content-2026-09-17-7str-oform-2,content-дата,7,оформлено,Theme1,casino_prefix,8,нет,2,да,150,28,38,25.3,38,25.3,348,2.32,9.2,51.1,0,0,0,0,0.0,0.0,0,,,4 из 36,2.38
5988.team,team,2026-09-18,5,3,00-05,content-2026-09-17-7str-oform-2,content-дата,7,оформлено,Theme1,numeric,4,нет,2,да,150,36,38,25.3,38,25.3,328,2.19,8.6,62.4,0,0,0,0,0.0,0.0,0,,,5 из 36,2.38
qxtl.casino,casino,2026-09-11,5,15,12-17,clean7_part1_50оформлено,clean,,оформлено,Theme1,alpha_other,4,да,1,да,206,46,52,25.2,60,29.1,701,3.4,13.5,28.4,1,0,1,0,0.485,14.3,1,1,Leebet (1),1 из 50,2.82
l5n.team,team,2026-09-01,2,23,18-23,NEW50_12pages_withdate_01.09,NEW,12,без оформления,Theme1,alpha_other,3,да,1,да,206,43,52,25.2,55,26.7,756,3.67,14.5,60.8,1,0,1,0,0.485,13.2,1,3,Вулкан 24 (1),6 из 17,1.21
1980.lol,lol,2026-09-17,4,10,06-11,content-2026-09-14b-7str-oform-1,content-дата,7,оформлено,Theme1,numeric,4,нет,2,да,206,41,52,25.2,56,27.2,2314,11.23,44.5,21.8,0,0,0,0,0.0,0.0,0,,,2 из 22,2.96
3479.team,team,2026-09-15,2,11,06-11,content-2026-09-14b-7str-oform-2,content-дата,7,оформлено,Theme1,numeric,4,нет,2,да,206,37,52,25.2,53,25.7,1603,7.78,30.8,17.2,0,0,0,0,0.0,0.0,0,,,6 из 51,1.92
q7a.team,team,2026-09-02,3,22,18-23,NEW50_2_12pages_withdate_02.09,NEW,12,без оформления,Theme1,alpha_other,3,да,1,да,206,45,52,25.2,61,29.6,878,4.26,16.9,46.0,0,0,0,0,0.0,0.0,0,,,10 из 17,0.96
7142.lol,lol,2026-09-07,1,21,18-23,clean12_unique11оформлено,clean,,оформлено,Theme1,numeric,4,да,1,да,206,47,52,25.2,62,30.1,794,3.85,15.3,36.9,0,0,0,0,0.0,0.0,0,,,4 из 11,1.08
3505.team,team,2026-09-07,1,19,18-23,NEW20_12pages_nodate_оформлено,NEW,12,оформлено,Theme1,numeric,4,да,1,да,206,50,52,25.2,55,26.7,628,3.05,12.1,35.3,0,0,0,0,0.0,0.0,0,,,1 из 6,1.49
c2u3.team,team,2026-09-02,3,22,18-23,NEW50_2_12pages_withdate_02.09,NEW,12,без оформления,Theme1,alpha_other,4,да,1,да,206,49,52,25.2,52,25.2,368,1.79,7.1,53.5,0,0,0,0,0.0,0.0,0,,,11 из 17,0.96
4232.team,team,2026-09-15,2,19,18-23,content-2026-09-14c-7str-oform-1,content-дата,7,оформлено,Theme1,numeric,4,нет,2,да,206,33,51,24.8,57,27.7,2207,10.71,43.3,20.9,2,0,3,0,0.971,9.1,1,2,Mellstroy (3),13 из 45,1.19
2544.team,team,2026-09-15,2,17,12-17,content-2026-09-14c-7str-oform-1,content-дата,7,оформлено,Theme1,numeric,4,нет,3,да,206,31,51,24.8,57,27.7,3763,18.27,73.8,15.8,1,0,1,0,0.485,2.7,1,1,Cactus (1),14 из 45,1.19
oasc.team,team,2026-09-02,3,20,18-23,NEW50_2_7pages_withdate,NEW,7,без оформления,Theme1,alpha_other,4,да,1,да,206,39,51,24.8,56,27.2,1632,7.92,32.0,24.5,0,0,0,0,0.0,0.0,0,,,1 из 6,1.18
1831.lol,lol,2026-09-15,2,13,12-17,content-2026-09-14c-7str-oform-2,content-дата,7,оформлено,Theme1,numeric,4,нет,2,да,206,38,51,24.8,56,27.2,4070,19.76,79.8,11.0,0,0,0,0,0.0,0.0,0,,,10 из 44,1.31
0509s.casino,casino,2026-09-05,6,17,12-17,NEW21_12pages_nodate_styled_img,NEW,12,styled_img,Theme1,alpha_other,5,да,1,да,206,44,51,24.8,56,27.2,3144,15.26,61.6,6.4,0,0,0,0,0.0,0.0,0,,,2 из 6,1.7
2418.lol,lol,2026-09-02,3,18,18-23,NEW50_2_12pages_nodate_02.09,NEW,12,без оформления,Theme1,numeric,4,да,1,да,206,51,51,24.8,57,27.7,1382,6.71,27.1,27.9,0,0,0,0,0.0,0.0,0,,,4 из 6,0.95
pqvb.casino,casino,2026-09-11,5,10,06-11,script_yandex_12page,script,12,,Theme1,alpha_other,4,да,1,да,206,45,51,24.8,65,31.6,1401,6.8,27.5,20.9,0,0,0,0,0.0,0.0,0,,,1 из 21,2.7
rodl.casino,casino,2026-09-01,2,18,18-23,NEW50_12pages_withdate_01.09,NEW,12,без оформления,Theme1,alpha_other,4,да,1,да,206,40,51,24.8,57,27.7,1135,5.51,22.3,59.7,0,0,0,0,0.0,0.0,0,,,7 из 17,1.19
muacasino.team,team,2026-09-06,7,18,18-23,struktura8x7,прочее,,,Theme1,casino_infix,9,да,1,да,206,48,51,24.8,57,27.7,745,3.62,14.6,29.3,0,0,0,0,0.0,0.0,0,,,1 из 8,1.62
3375.team,team,2026-09-03,4,2,00-05,КОНТЕНТ НЕ ЗАПИСАН,не записан,,,Theme1,numeric,4,да,1,да,206,40,51,24.8,58,28.2,362,1.76,7.1,59.4,0,0,0,0,0.0,0.0,0,,,2 из 71,3.4
2334.team,team,2026-09-11,5,0,00-05,NEW102оформленосдатой,NEW,,оформлено,Theme1,numeric,4,да,1,да,206,44,50,24.3,68,33.0,2561,12.43,51.2,3.3,5,1,7,2,2.427,19.5,4,0,"Martin (5), Twin (2), Jetton (1), Spin City (1)",3 из 18,1.79
1109r.casino,casino,2026-09-11,5,5,00-05,NEW102оформленосдатой,NEW,,оформлено,Theme1,alpha_other,5,да,1,да,206,50,50,24.3,67,32.5,3487,16.93,69.7,3.8,2,1,2,1,0.971,5.7,2,0,"R7 (2), Leon (1)",4 из 18,1.79
4235.team,team,2026-09-02,3,20,18-23,NEW50_2_7pages_withdate,NEW,7,без оформления,Theme1,numeric,4,да,1,да,206,38,50,24.3,60,29.1,957,4.65,19.1,37.2,1,0,1,0,0.485,10.4,1,1,Rox (1),2 из 6,1.15
8474.lol,lol,2026-09-03,4,4,00-05,КОНТЕНТ НЕ ЗАПИСАН,не записан,,,Theme1,numeric,4,да,1,да,206,49,50,24.3,63,30.6,1635,7.94,32.7,23.2,1,0,1,0,0.485,6.1,1,0,Dragon Money (1),3 из 71,3.33
casinofsd.lol,lol,2026-09-06,7,21,18-23,nabory421425_styled_img,nabory,,styled_img,Theme1,casino_prefix,9,да,1,да,206,44,50,24.3,54,26.2,1594,7.74,31.9,21.3,0,0,1,1,0.0,0.0,1,11,Iris (2),2 из 5,1.56
2388.team,team,2026-09-15,2,10,06-11,content-2026-09-14c-12str-oform,content-дата,12,оформлено,Theme1,numeric,4,нет,2,да,206,37,50,24.3,53,25.7,3403,16.52,68.1,12.6,0,0,0,0,0.0,0.0,0,,,3 из 4,0.74
1109sh.casino,casino,2026-09-11,5,4,00-05,NEW102оформленосдатой,NEW,,оформлено,Theme1,alpha_other,6,да,1,да,206,44,50,24.3,70,34.0,2536,12.31,50.7,7.5,0,0,0,0,0.0,0.0,0,,,5 из 18,1.79
tgmb.lol,lol,2026-09-02,3,22,18-23,NEW50_2_12pages_withdate_02.09,NEW,12,без оформления,Theme1,alpha_other,4,да,1,да,206,47,50,24.3,52,25.2,1721,8.35,34.4,28.5,0,0,0,0,0.0,0.0,0,,,12 из 17,0.93
3242.lol,lol,2026-09-03,4,18,18-23,NEW50_3_12pages_withdate_styled,NEW,12,без оформления,Theme1,numeric,4,да,1,да,206,38,50,24.3,51,24.8,1965,9.54,39.3,26.2,0,0,0,0,0.0,0.0,0,,,6 из 14,1.12
fpq.lol,lol,2026-09-06,7,16,12-17,NEW20_3_12pages_withdate_styled_img,NEW,12,styled_img,Theme1,alpha_other,3,да,1,да,206,45,50,24.3,56,27.2,1486,7.21,29.7,17.0,0,0,0,0,0.0,0.0,0,,,1 из 5,1.32
xfdr.team,team,2026-09-03,4,9,06-11,NEW50_7pages_nodate_01.09,NEW,7,без оформления,Theme1,alpha_other,4,да,1,да,206,47,50,24.3,65,31.6,988,4.8,19.8,21.2,0,0,0,0,0.0,0.0,0,,,6 из 14,1.1
3349.team,team,2026-09-02,3,18,18-23,NEW50_2_12pages_withdate_02.09,NEW,12,без оформления,Theme1,numeric,4,да,1,да,206,40,50,24.3,60,29.1,880,4.27,17.6,41.9,0,0,0,0,0.0,0.0,0,,,13 из 17,0.93
9670.team,team,2026-09-06,7,18,18-23,struktura8x7,прочее,,,Theme1,numeric,4,да,1,да,206,46,50,24.3,52,25.2,1281,6.22,25.6,18.4,0,0,0,0,0.0,0.0,0,,,2 из 8,1.59
678casino.team,team,2026-09-15,2,12,12-17,content-2026-09-14b-7str-oform-2,content-дата,7,оформлено,Theme1,casino_infix,9,нет,2,да,206,43,50,24.3,54,26.2,669,3.25,13.4,42.3,0,0,0,0,0.0,0.0,0,,,7 из 51,1.85
zyok.team,team,2026-09-04,5,20,18-23,NEW20_7pages_nodate_styled_img,NEW,7,styled_img,Theme1,alpha_other,4,да,1,да,206,49,50,24.3,59,28.6,432,2.1,8.6,52.9,0,0,0,0,0.0,0.0,0,,,1 из 6,2.64
3665.lol,lol,2026-09-16,3,20,18-23,content-2026-09-15-7str-oform-2,content-дата,7,оформлено,Theme1,numeric,4,нет,2,да,206,38,50,24.3,51,24.8,372,1.81,7.4,57.1,0,0,0,0,0.0,0.0,0,,,2 из 50,1.89
axuj.buzz,buzz,2026-09-09,3,12,12-17,archive412_unique12оформлено,archive,,оформлено,Theme1,alpha_other,4,да,1,да,205,46,49,23.9,61,29.8,801,3.91,16.3,58.2,0,0,0,0,0.0,0.0,0,,,6 из 12,1.05
casinoah.team,team,2026-09-11,5,14,12-17,clean7_part1_50оформлено,clean,,оформлено,Theme1,casino_prefix,8,да,1,да,206,45,49,23.8,66,32.0,4363,21.18,89.0,4.4,1,0,1,0,0.485,2.3,1,1,Pinco (1),2 из 50,2.66
3211.lol,lol,2026-09-07,1,15,12-17,NEW20_4_12pages_nodate,NEW,12,без оформления,Theme1,numeric,4,да,1,да,206,45,49,23.8,62,30.1,5105,24.78,104.2,9.1,0,0,0,0,0.0,0.0,0,,,1 из 6,1.44
casino3416.team,team,2026-09-14,1,18,18-23,content-2026-09-14-12str-oform,content-дата,12,оформлено,Theme1,casino_prefix,10,да,1,да,206,32,49,23.8,55,26.7,1097,5.33,22.4,20.7,0,0,0,0,0.0,0.0,0,,,2 из 16,1.66
casinonb.lol,lol,2026-09-17,4,16,12-17,content-2026-09-16-7str,content-дата,7,,Theme1,casino_prefix,8,нет,2,да,206,33,49,23.8,49,23.8,1519,7.37,31.0,30.4,0,0,0,0,0.0,0.0,0,,,5 из 42,2.28
0413.team,team,2026-09-02,3,20,18-23,NEW50_2_7pages_withdate,NEW,7,без оформления,Theme1,numeric,4,да,1,да,206,41,49,23.8,56,27.2,688,3.34,14.0,45.4,0,0,0,0,0.0,0.0,0,,,3 из 6,1.13
1109sd.casino,casino,2026-09-11,5,14,12-17,NEW102оформленобездаты,NEW,,оформлено,Theme1,alpha_other,6,да,1,да,206,40,49,23.8,63,30.6,883,4.29,18.0,17.3,0,0,0,0,0.0,0.0,0,,,4 из 42,2.12
2528.team,team,2026-09-07,1,21,18-23,clean12_unique11оформлено,clean,,оформлено,Theme1,numeric,4,да,1,да,206,45,49,23.8,57,27.7,697,3.38,14.2,34.8,0,0,0,0,0.0,0.0,0,,,5 из 11,1.02
0760.team,team,2026-09-15,2,13,12-17,content-2026-09-14c-7str-oform-2,content-дата,7,оформлено,Theme1,numeric,4,нет,2,да,206,41,49,23.8,51,24.8,820,3.98,16.7,35.0,0,0,0,0,0.0,0.0,0,,,11 из 44,1.26
syoo.team,team,2026-09-03,4,9,06-11,NEW50_7pages_nodate_01.09,NEW,7,без оформления,Theme1,alpha_other,4,да,1,да,206,38,49,23.8,62,30.1,472,2.29,9.6,35.1,0,0,0,0,0.0,0.0,0,,,7 из 14,1.08
casinor4.lol,lol,2026-09-14,1,19,18-23,content-2026-09-14-12str-oform,content-дата,12,оформлено,Theme1,casino_prefix,8,да,1,да,206,32,49,23.8,52,25.2,345,1.67,7.0,51.2,0,0,0,0,0.0,0.0,0,,,3 из 16,1.66
0509ss.casino,casino,2026-09-06,7,15,12-17,NEW20_3_12pages_nodate_styled_img,NEW,12,styled_img,Theme1,alpha_other,6,да,1,да,206,44,49,23.8,54,26.2,494,2.4,10.1,46.5,0,0,0,0,0.0,0.0,0,,,3 из 4,0.91
ynr.team,team,2026-09-17,4,8,06-11,content-2026-09-15-7str-oform-1,content-дата,7,оформлено,Theme1,alpha_other,3,нет,2,да,206,39,48,23.3,51,24.8,626,3.04,13.0,53.1,2,0,2,0,0.971,31.9,1,1,Leon (2),2 из 50,3.19
7492.lol,lol,2026-09-15,2,22,18-23,content-2026-09-14c-7str-oform-2,content-дата,7,оформлено,Theme1,numeric,4,нет,2,да,206,34,48,23.3,50,24.3,2494,12.11,52.0,23.9,1,1,1,1,0.485,4.0,1,1,Beef (2),12 из 44,1.23
9430.team,team,2026-09-15,2,23,18-23,content-2026-09-14c-7str-oform-1,content-дата,7,оформлено,Theme1,numeric,4,нет,2,да,206,33,48,23.3,53,25.7,3116,15.13,64.9,13.5,1,0,1,0,0.485,3.2,1,1,Shuffle (1),15 из 45,1.11
0860.team,team,2026-09-18,5,2,00-05,content-2026-09-17-7str-oform-2,content-дата,7,оформлено,Theme1,numeric,4,нет,2,да,150,32,35,23.3,35,23.3,2732,18.21,78.1,13.5,1,0,1,0,0.667,3.7,1,0,Покердом (1),6 из 36,2.19
casino088.team,team,2026-09-15,2,15,12-17,content-2026-09-14c-7str-oform-2,content-дата,7,оформлено,Theme1,casino_prefix,9,нет,2,да,206,35,48,23.3,49,23.8,2397,11.64,49.9,12.7,1,0,1,0,0.485,4.2,1,1,Cactus (1),13 из 44,1.23
9158.team,team,2026-09-03,4,21,18-23,NEW50_3_7pages_withdate_styled,NEW,7,без оформления,Theme1,numeric,4,да,1,да,206,40,48,23.3,50,24.3,1435,6.97,29.9,29.1,1,0,1,0,0.485,7.0,1,1,Эверум (1),2 из 12,1.78
5025.team,team,2026-09-03,4,19,18-23,NEW50_3_12pages_withdate_styled,NEW,12,без оформления,Theme1,numeric,4,да,1,да,206,38,48,23.3,51,24.8,724,3.51,15.1,34.7,1,0,1,0,0.485,13.8,1,3,Вулкан 24 (1),7 из 14,1.08
casino4420.lol,lol,2026-09-16,3,0,00-05,content-2026-09-14c-7str-oform-2,content-дата,7,оформлено,Theme1,casino_prefix,10,нет,2,да,206,43,48,23.3,57,27.7,5730,27.82,119.4,15.4,0,0,0,0,0.0,0.0,0,,,14 из 44,1.23
0938.team,team,2026-09-15,2,13,12-17,content-2026-09-14c-7str-oform-2,content-дата,7,оформлено,Theme1,numeric,4,нет,2,да,206,35,48,23.3,51,24.8,1857,9.01,38.7,16.9,0,0,0,0,0.0,0.0,0,,,15 из 44,1.23
casino27.team,team,2026-09-16,2,0,00-05,content-2026-09-14c-7str-oform-1,content-дата,7,оформлено,Theme1,casino_prefix,8,нет,2,да,206,42,48,23.3,53,25.7,1630,7.91,34.0,24.8,0,0,0,0,0.0,0.0,0,,,16 из 45,1.11
0509rr.casino,casino,2026-09-05,6,17,12-17,NEW21_12pages_withdate_styled_img,NEW,12,styled_img,Theme1,alpha_other,6,да,1,да,206,44,48,23.3,51,24.8,1332,6.47,27.8,13.8,0,0,0,0,0.0,0.0,0,,,4 из 4,0.78
casinoez.team,team,2026-09-15,2,15,12-17,content-2026-09-14c-7str-oform-2,content-дата,7,оформлено,Theme1,casino_prefix,8,нет,2,да,206,37,48,23.3,48,23.3,792,3.84,16.5,40.7,0,0,0,0,0.0,0.0,0,,,16 из 44,1.23
p8l7.team,team,2026-09-07,1,20,18-23,clean12_unique11оформлено,clean,,оформлено,Theme1,alpha_other,4,да,1,да,206,40,48,23.3,56,27.2,645,3.13,13.4,25.4,0,0,0,0,0.0,0.0,0,,,6 из 11,1.0
1794.lol,lol,2026-09-18,5,14,12-17,nabory-621-630,nabory,,,Theme1,numeric,4,нет,2,да,150,33,35,23.3,35,23.3,420,2.8,12.0,76.9,0,0,0,0,0.0,0.0,0,,,3 из 6,1.0
1274.lol,lol,2026-09-16,3,14,12-17,content-2026-09-15-7str-oform-2,content-дата,7,оформлено,Theme1,numeric,4,нет,2,да,206,33,48,23.3,50,24.3,315,1.53,6.6,73.6,0,0,0,0,0.0,0.0,0,,,3 из 50,1.81
fhml.lol,lol,2026-09-18,5,15,12-17,nabory-621-630,nabory,,,Theme1,alpha_other,4,нет,2,да,150,30,35,23.3,35,23.3,309,2.06,8.8,72.4,0,0,0,0,0.0,0.0,0,,,4 из 6,1.0
9412.team,team,2026-09-16,3,11,06-11,nabory-565-580,nabory,,,Theme1,numeric,4,нет,2,да,205,38,47,22.9,52,25.4,768,3.75,16.3,60.0,0,0,0,0,0.0,0.0,0,,,1 из 16,1.72
1792.lol,lol,2026-09-15,2,17,12-17,content-2026-09-14c-7str-oform-1,content-дата,7,оформлено,Theme1,numeric,4,нет,3,да,206,32,47,22.8,54,26.2,810,3.93,17.2,39.3,0,0,0,0,0.0,0.0,0,,,17 из 45,1.09
441casino.lol,lol,2026-09-06,7,15,12-17,NEW20_3_12pages_withdate_styled_img,NEW,12,styled_img,Theme1,casino_infix,9,да,1,да,206,44,47,22.8,53,25.7,1452,7.05,30.9,19.1,0,0,0,0,0.0,0.0,0,,,2 из 5,1.24
casinoucp.lol,lol,2026-09-14,1,19,18-23,content-2026-09-14-12str-oform,content-дата,12,оформлено,Theme1,casino_prefix,9,да,1,да,206,33,47,22.8,52,25.2,811,3.94,17.3,36.9,0,0,0,0,0.0,0.0,0,,,4 из 16,1.59
oasc.lol,lol,2026-09-03,4,21,18-23,NEW50_3_7pages_withdate_styled,NEW,7,без оформления,Theme1,alpha_other,4,да,1,да,206,39,47,22.8,50,24.3,1042,5.06,22.2,31.8,0,0,0,0,0.0,0.0,0,,,3 из 12,1.74
casinodqt.lol,lol,2026-09-16,3,2,00-05,content-2026-09-14c-7str-oform-1,content-дата,7,оформлено,Theme1,casino_prefix,9,нет,2,да,206,41,47,22.8,54,26.2,647,3.14,13.8,39.6,0,0,0,0,0.0,0.0,0,,,18 из 45,1.09
2514.team,team,2026-09-16,3,8,06-11,nabory-555-564_styled_img,nabory,,styled_img,Theme1,numeric,4,нет,2,да,206,37,47,22.8,53,25.7,508,2.47,10.8,43.0,0,0,0,0,0.0,0.0,0,,,1 из 10,1.47
3237.team,team,2026-09-07,1,19,18-23,NEW20_12pages_withdate_оформлено,NEW,12,оформлено,Theme1,numeric,4,да,1,да,206,47,47,22.8,49,23.8,495,2.4,10.5,34.8,0,0,0,0,0.0,0.0,0,,,1 из 4,1.68
1009gg.casino,casino,2026-09-10,4,10,06-11,archive37строформленоv2часть3,archive,7,оформлено,Theme1,alpha_other,6,да,1,да,206,45,46,22.3,61,29.6,3632,17.63,79.0,3.5,2,1,2,1,0.971,5.5,2,1,"Spinto (2), Luckybear (1)",2 из 45,3.84
4609.team,team,2026-09-08,2,10,06-11,Content_script_12page_08.09,script,12,,Theme1,numeric,4,да,1,да,206,45,46,22.3,54,26.2,3948,19.17,85.8,8.2,1,0,1,0,0.485,2.5,1,0,Aurora Casino (1),2 из 11,1.7
113casino.lol,lol,2026-09-08,2,8,06-11,Content_script_12page_08.09,script,12,,Theme1,casino_infix,9,да,1,да,206,43,46,22.3,65,31.6,2022,9.82,44.0,13.6,1,0,1,0,0.485,4.9,1,2,Kush (1),3 из 11,1.7
kogk.team,team,2026-09-16,3,10,06-11,nabory-555-564_styled_img,nabory,,styled_img,Theme1,alpha_other,4,нет,2,да,206,36,46,22.3,48,23.3,882,4.28,19.2,56.8,1,0,1,0,0.485,11.3,1,0,Shuffle (1),2 из 10,1.44
p4q8.lol,lol,2026-09-16,3,4,00-05,content-2026-09-14c-7str-oform-1,content-дата,7,оформлено,Theme1,alpha_other,4,нет,2,да,206,44,46,22.3,48,23.3,537,2.61,11.7,36.9,1,0,1,0,0.485,18.6,1,2,1xbet (1),19 из 45,1.07
7838.team,team,2026-09-07,1,19,18-23,NEW20_12pages_nodate_оформлено,NEW,12,оформлено,Theme1,numeric,4,да,1,да,206,40,46,22.3,55,26.7,488,2.37,10.6,29.6,1,0,1,0,0.485,20.5,1,2,Dragon Money (1),2 из 6,1.32
mfmj.lol,lol,2026-09-16,3,7,06-11,nabory-545-554_styled_img,nabory,,styled_img,Theme1,alpha_other,4,нет,2,да,206,37,46,22.3,52,25.2,1684,8.17,36.6,22.0,0,0,0,0,0.0,0.0,0,,,1 из 10,1.67
4118.team,team,2026-09-15,2,14,12-17,content-2026-09-14c-7str-oform-2,content-дата,7,оформлено,Theme1,numeric,4,нет,2,да,206,30,46,22.3,51,24.8,1119,5.43,24.3,35.2,0,0,0,0,0.0,0.0,0,,,17 из 44,1.18
ubgh.team,team,2026-09-04,5,16,12-17,КОНТЕНТ НЕ ЗАПИСАН,не записан,,,Theme1,alpha_other,4,да,1,да,206,41,46,22.3,51,24.8,1588,7.71,34.5,33.6,0,0,0,0,0.0,0.0,0,,,4 из 71,3.05
538casino.team,team,2026-09-17,4,13,12-17,content-2026-09-16-7str,content-дата,7,,Theme1,casino_infix,9,нет,2,да,206,37,46,22.3,48,23.3,1106,5.37,24.0,44.4,0,0,0,0,0.0,0.0,0,,,6 из 42,2.13
casinorj.lol,lol,2026-09-15,2,15,12-17,content-2026-09-14c-7str-oform-2,content-дата,7,оформлено,Theme1,casino_prefix,8,нет,2,да,206,34,46,22.3,49,23.8,793,3.85,17.2,41.4,0,0,0,0,0.0,0.0,0,,,18 из 44,1.18
jflj.team,team,2026-09-17,4,10,06-11,content-2026-09-15-7str-oform-1,content-дата,7,оформлено,Theme1,alpha_other,4,нет,2,да,206,38,46,22.3,46,22.3,493,2.39,10.7,55.2,0,0,0,0,0.0,0.0,0,,,3 из 50,3.05
4333.lol,lol,2026-09-18,5,14,12-17,content-2026-09-17b-7str-oform,content-дата,7,оформлено,Theme1,numeric,4,нет,2,да,150,32,33,22.0,33,22.0,222,1.48,6.7,79.6,0,0,0,0,0.0,0.0,0,,,9 из 21,1.06
uyyj.lol,lol,2026-09-09,3,13,12-17,archive412_unique12оформлено,archive,,оформлено,Theme1,alpha_other,4,да,1,да,206,40,45,21.8,57,27.7,1082,5.25,24.0,53.2,1,0,1,0,0.485,9.2,1,2,Dragon Money (1),7 из 12,0.95
8829.lol,lol,2026-09-02,3,18,18-23,NEW50_2_12pages_nodate_02.09,NEW,12,без оформления,Theme1,numeric,4,да,1,да,206,36,45,21.8,49,23.8,1230,5.97,27.3,36.7,1,0,1,0,0.485,8.1,1,2,Mers (1),5 из 6,0.84
nlel.team,team,2026-09-10,4,17,12-17,archive37строформленоv2часть3,archive,7,оформлено,Theme1,alpha_other,4,да,1,да,206,42,45,21.8,52,25.2,2591,12.58,57.6,11.3,0,0,1,0,0.0,0.0,1,5,Cactus (1),3 из 45,3.76
4092.team,team,2026-09-15,2,19,18-23,content-2026-09-14c-7str-oform-1,content-дата,7,оформлено,Theme1,numeric,4,нет,2,да,206,29,45,21.8,50,24.3,2507,12.17,55.7,19.6,0,0,0,0,0.0,0.0,0,,,20 из 45,1.04
casino0409d.casino,casino,2026-09-04,5,19,18-23,NEW20_12pages_withdate_styled_img,NEW,12,styled_img,Theme1,casino_prefix,11,да,1,да,206,39,45,21.8,48,23.3,770,3.74,17.1,36.8,0,0,0,0,0.0,0.0,0,,,2 из 6,1.15
kitg.lol,lol,2026-09-09,3,20,18-23,archive47_unique119оформленочасть1,archive,,оформлено,Theme1,alpha_other,4,да,1,да,206,32,45,21.8,65,31.6,583,2.83,13.0,60.2,0,0,0,0,0.0,0.0,0,,,1 из 40,3.46
5413.lol,lol,2026-09-08,2,15,12-17,archive37строформленоv2часть2,archive,7,оформлено,Theme1,numeric,4,да,1,да,206,43,45,21.8,49,23.8,583,2.83,13.0,28.2,0,0,0,0,0.0,0.0,0,,,1 из 45,6.41
4269casino.team,team,2026-09-15,2,20,18-23,content-2026-09-14c-7str-oform-1,content-дата,7,оформлено,Theme1,casino_infix,10,нет,2,да,206,34,45,21.8,45,21.8,357,1.73,7.9,58.4,0,0,0,0,0.0,0.0,0,,,21 из 45,1.04
casinogsl.lol,lol,2026-09-14,1,19,18-23,content-2026-09-14-12str-oform,content-дата,12,оформлено,Theme1,casino_prefix,9,да,1,да,206,22,45,21.8,52,25.2,331,1.61,7.4,47.9,0,0,0,0,0.0,0.0,0,,,5 из 16,1.52
t8n2.team,team,2026-09-03,4,9,06-11,NEW50_12pages_withdate_01.09,NEW,12,без оформления,Theme1,alpha_other,4,да,1,да,206,40,44,21.4,52,25.2,671,3.26,15.2,31.1,1,1,1,1,0.485,14.9,1,3,Kent (2),8 из 17,1.02
kccasino.team,team,2026-09-16,3,17,12-17,content-2026-09-15-7str-oform-2,content-дата,7,оформлено,Theme1,casino_infix,8,нет,2,да,206,38,44,21.4,44,21.4,2355,11.43,53.5,19.6,0,0,0,0,0.0,0.0,0,,,4 из 50,1.67
2245.team,team,2026-09-16,3,17,12-17,content-2026-09-15-7str-oform-1,content-дата,7,оформлено,Theme1,numeric,4,нет,2,да,206,27,44,21.4,45,21.8,1550,7.52,35.2,29.1,0,0,0,0,0.0,0.0,0,,,4 из 50,2.93
5442.lol,lol,2026-09-16,3,5,00-05,nabory-535-544_styled_img,nabory,,styled_img,Theme1,numeric,4,нет,2,да,206,36,44,21.4,48,23.3,900,4.37,20.5,35.8,0,0,0,0,0.0,0.0,0,,,2 из 10,1.42
ikmd.lol,lol,2026-09-03,4,0,00-05,КОНТЕНТ НЕ ЗАПИСАН,не записан,,,Theme1,alpha_other,4,да,1,да,206,44,44,21.4,52,25.2,587,2.85,13.3,67.6,0,0,0,0,0.0,0.0,0,,,5 из 71,2.93
cyfd.team,team,2026-09-15,2,15,12-17,content-2026-09-14c-7str-oform-2,content-дата,7,оформлено,Theme1,alpha_other,4,нет,2,да,206,32,44,21.4,48,23.3,401,1.95,9.1,53.9,0,0,0,0,0.0,0.0,0,,,19 из 44,1.13
izlx.team,team,2026-09-02,3,22,18-23,NEW50_2_12pages_withdate_02.09,NEW,12,без оформления,Theme1,alpha_other,4,да,1,да,206,41,44,21.4,44,21.4,463,2.25,10.5,53.9,0,0,0,0,0.0,0.0,0,,,14 из 17,0.82
7983.team,team,2026-09-17,4,23,18-23,content-2026-09-14b-7str-oform-1,content-дата,7,оформлено,Theme1,numeric,4,нет,2,да,206,26,44,21.4,44,21.4,364,1.77,8.3,56.2,0,0,0,0,0.0,0.0,0,,,3 из 22,2.52
wfcasino.team,team,2026-09-16,3,14,12-17,content-2026-09-15-7str-oform-2,content-дата,7,оформлено,Theme1,casino_infix,8,нет,2,да,206,36,44,21.4,50,24.3,306,1.49,7.0,71.7,0,0,0,0,0.0,0.0,0,,,5 из 50,1.67
t2h6.team,team,2026-09-16,3,4,00-05,content-2026-09-14c-7str-oform-1,content-дата,7,оформлено,Theme1,alpha_other,4,нет,2,да,206,37,44,21.4,45,21.8,235,1.14,5.3,52.8,0,0,0,0,0.0,0.0,0,,,22 из 45,1.02
3578.lol,lol,2026-09-18,5,3,00-05,content-2026-09-17-7str-oform-2,content-дата,7,оформлено,Theme1,numeric,4,нет,2,да,150,29,32,21.3,32,21.3,431,2.87,13.5,56.5,1,0,1,0,0.667,23.2,1,0,Pokerok (1),7 из 36,2.0
2966.lol,lol,2026-09-18,5,17,12-17,content-2026-09-17b-7str-oform,content-дата,7,оформлено,Theme1,numeric,4,нет,2,да,150,27,32,21.3,32,21.3,541,3.61,16.9,41.9,0,0,0,0,0.0,0.0,0,,,10 из 21,1.03
0017.team,team,2026-09-07,1,9,06-11,Выдача_06.09_12стр,прочее,12,,Theme1,numeric,4,да,1,да,206,40,43,20.9,52,25.2,4177,20.28,97.1,9.3,1,0,1,0,0.485,2.4,1,2,Smoky (1),1 из 8,1.57
5448.lol,lol,2026-09-07,1,10,06-11,Выдача_06.09_12стр,прочее,12,,Theme1,numeric,4,да,1,да,206,38,43,20.9,50,24.3,775,3.76,18.0,35.2,1,0,1,0,0.485,12.9,1,3,Lex (1),2 из 8,1.57
7960.team,team,2026-09-04,5,19,18-23,NEW20_12pages_withdate_styled_img,NEW,12,styled_img,Theme1,numeric,4,да,1,да,206,37,43,20.9,52,25.2,713,3.46,16.6,42.9,1,0,1,0,0.485,14.0,1,2,Goldfishka (1),3 из 6,1.1
k8z.team,team,2026-09-11,5,7,06-11,NEW102оформленосдатой,NEW,,оформлено,Theme1,alpha_other,3,да,1,да,206,40,43,20.9,53,25.7,2939,14.27,68.3,5.1,0,0,1,0,0.0,0.0,1,7,Motor (1),6 из 18,1.54
casinobl.lol,lol,2026-09-16,3,6,06-11,nabory-535-544_styled_img,nabory,,styled_img,Theme1,casino_prefix,8,нет,2,да,206,38,43,20.9,49,23.8,3194,15.5,74.3,12.0,0,0,0,0,0.0,0.0,0,,,3 из 10,1.39
3305.lol,lol,2026-09-16,3,5,00-05,nabory-545-554_styled_img,nabory,,styled_img,Theme1,numeric,4,нет,2,да,206,39,43,20.9,51,24.8,3063,14.87,71.2,12.7,0,0,0,0,0.0,0.0,0,,,2 из 10,1.57
fgtg.casino,casino,2026-09-10,4,9,06-11,archive47_unique119оформленочасть1,archive,,оформлено,Theme1,alpha_other,4,да,1,да,206,42,43,20.9,58,28.2,1657,8.04,38.5,7.6,0,0,0,0,0.0,0.0,0,,,2 из 40,3.32
casinogh.team,team,2026-09-06,7,16,12-17,NEW20_3_7pages_withdate_styled_img,NEW,7,styled_img,Theme1,casino_prefix,8,да,1,да,206,41,43,20.9,46,22.3,1721,8.35,40.0,12.0,0,0,0,0,0.0,0.0,0,,,3 из 4,0.84
casinox1.lol,lol,2026-09-16,3,3,00-05,content-2026-09-14c-7str-oform-1,content-дата,7,оформлено,Theme1,casino_prefix,8,нет,2,да,206,38,43,20.9,47,22.8,1103,5.35,25.7,27.5,0,0,0,0,0.0,0.0,0,,,23 из 45,1.0
8193.team,team,2026-09-03,4,9,06-11,NEW50_12pages_withdate_01.09,NEW,12,без оформления,Theme1,numeric,4,да,1,да,206,40,43,20.9,49,23.8,1013,4.92,23.6,21.1,0,0,0,0,0.0,0.0,0,,,9 из 17,1.0
7966.lol,lol,2026-09-16,3,20,18-23,content-2026-09-15-7str-oform-2,content-дата,7,оформлено,Theme1,numeric,4,нет,2,да,206,33,43,20.9,43,20.9,890,4.32,20.7,44.7,0,0,0,0,0.0,0.0,0,,,6 из 50,1.63
h5g5.team,team,2026-09-04,5,21,18-23,trikomplekta,прочее,,,Theme1,alpha_other,4,да,1,да,206,41,43,20.9,46,22.3,575,2.79,13.4,34.3,0,0,0,0,0.0,0.0,0,,,1 из 3,1.16
casino0509d.casino,casino,2026-09-06,7,17,12-17,NEW20_3_12pages_nodate_styled_img,NEW,12,styled_img,Theme1,casino_prefix,11,да,1,да,206,40,43,20.9,48,23.3,610,2.96,14.2,26.8,0,0,0,0,0.0,0.0,0,,,4 из 4,0.8
85casino.team,team,2026-09-15,2,15,12-17,content-2026-09-14c-7str-oform-2,content-дата,7,оформлено,Theme1,casino_infix,8,нет,2,да,206,30,43,20.9,46,22.3,555,2.69,12.9,51.3,0,0,0,0,0.0,0.0,0,,,20 из 44,1.11
czfe.lol,lol,2026-09-18,5,14,12-17,content-2026-09-17b-7str-oform,content-дата,7,оформлено,Theme1,alpha_other,4,нет,2,да,150,27,31,20.7,31,20.7,141,0.94,4.5,78.7,0,0,0,0,0.0,0.0,0,,,11 из 21,1.0
5580.team,team,2026-09-02,3,20,18-23,NEW50_7pages_nodate_01.09,NEW,7,без оформления,Theme1,numeric,4,да,1,да,206,34,42,20.4,50,24.3,2333,11.33,55.5,15.8,3,1,5,1,1.456,12.9,4,1,"Goodwin (3), Dbbet (1), Onlybets (1), Like (1)",8 из 14,0.92
rzbcasino.team,team,2026-09-12,6,8,06-11,NEW102оформленобездаты,NEW,,оформлено,Theme1,casino_infix,9,да,1,да,206,39,42,20.4,53,25.7,1156,5.61,27.5,25.4,1,1,2,1,0.485,8.7,2,0,"R7 (2), F1 (1)",5 из 42,1.82
r6a3.lol,lol,2026-09-15,2,6,06-11,content-2026-09-14-7str-oform-9,content-дата,7,оформлено,Theme1,alpha_other,4,нет,2,да,206,31,42,20.4,45,21.8,273,1.33,6.5,51.0,1,1,1,1,0.485,36.6,1,0,Vodka (2),1 из 29,2.22
25casino.lol,lol,2026-09-15,2,18,18-23,content-2026-09-14c-7str-oform-2,content-дата,7,оформлено,Theme1,casino_infix,8,нет,2,да,206,28,42,20.4,42,20.4,715,3.47,17.0,46.3,1,0,1,0,0.485,14.0,1,3,Vodka (1),21 из 44,1.08
9165.team,team,2026-09-11,5,19,18-23,script_yandex_12page,script,12,,Theme1,numeric,4,да,1,да,206,34,42,20.4,55,26.7,508,2.47,12.1,27.4,1,0,1,0,0.485,19.7,1,1,Betera (1),2 из 21,2.22
5882.team,team,2026-09-11,5,14,12-17,NEW102оформленобездаты,NEW,,оформлено,Theme1,numeric,4,да,1,да,206,36,42,20.4,51,24.8,2376,11.53,56.6,8.4,0,0,0,0,0.0,0.0,0,,,6 из 42,1.82
1109mm.casino,casino,2026-09-11,5,13,12-17,script_yandex_12page,script,12,,Theme1,alpha_other,6,да,1,да,206,40,42,20.4,57,27.7,1705,8.28,40.6,16.1,0,0,0,0,0.0,0.0,0,,,3 из 21,2.22
casinos6.lol,lol,2026-09-11,5,17,12-17,NEW102оформленобездаты,NEW,,оформлено,Theme1,casino_prefix,8,да,1,да,206,30,42,20.4,55,26.7,1310,6.36,31.2,17.8,0,0,0,0,0.0,0.0,0,,,7 из 42,1.82
7570.team,team,2026-09-03,4,6,06-11,NEW50_7pages_nodate_01.09,NEW,7,без оформления,Theme1,numeric,4,да,1,да,206,38,42,20.4,51,24.8,823,4.0,19.6,20.5,0,0,0,0,0.0,0.0,0,,,9 из 14,0.92
3663.team,team,2026-09-16,3,8,06-11,nabory-555-564_styled_img,nabory,,styled_img,Theme1,numeric,4,нет,2,да,206,32,42,20.4,44,21.4,527,2.56,12.5,45.0,0,0,0,0,0.0,0.0,0,,,3 из 10,1.32
0786.team,team,2026-09-15,2,0,00-05,content-2026-09-14-7str-oform-9,content-дата,7,оформлено,Theme1,numeric,4,да,1,да,206,29,42,20.4,49,23.8,258,1.25,6.1,67.6,0,0,0,0,0.0,0.0,0,,,2 из 29,2.22
rzacasino.lol,lol,2026-09-12,6,22,18-23,content-2026-09-12-7str-oform-2,content-дата,7,оформлено,Theme1,casino_infix,9,да,1,да,206,32,42,20.4,54,26.2,350,1.7,8.3,33.6,0,0,0,0,0.0,0.0,0,,,1 из 41,3.85
dyxo.lol,lol,2026-09-18,5,14,12-17,content-2026-09-17-7str-oform-2,content-дата,7,оформлено,Theme1,alpha_other,4,нет,2,да,150,24,30,20.0,30,20.0,301,2.01,10.0,61.2,0,0,0,0,0.0,0.0,0,,,8 из 36,1.88
btum.team,team,2026-09-18,5,14,12-17,content-2026-09-17-7str-oform-2,content-дата,7,оформлено,Theme1,alpha_other,4,нет,2,да,150,28,30,20.0,30,20.0,167,1.11,5.6,66.0,0,0,0,0,0.0,0.0,0,,,9 из 36,1.88
6655.team,team,2026-09-10,4,16,12-17,archive37строформленоv2часть1,archive,7,оформлено,Theme1,numeric,4,да,1,да,206,37,41,19.9,54,26.2,1016,4.93,24.8,10.5,1,0,2,1,0.485,9.8,2,2,"Iris (2), Shuffle (1)",1 из 45,4.06
tghc.casino,casino,2026-09-01,2,17,12-17,NEW50_12pages_nodate_01.09,NEW,12,без оформления,Theme1,alpha_other,4,да,1,да,206,37,41,19.9,45,21.8,2223,10.79,54.2,48.5,1,1,1,1,0.485,4.5,1,2,Fenix (2),6 из 8,0.71
3152.team,team,2026-09-16,3,19,18-23,content-2026-09-15-7str-oform-2,content-дата,7,оформлено,Theme1,numeric,4,нет,2,да,206,30,41,19.9,41,19.9,2186,10.61,53.3,32.0,1,0,1,0,0.485,4.6,1,2,Селектор (1),7 из 50,1.55
1530.team,team,2026-09-15,2,1,00-05,content-2026-09-14-7str-oform-9,content-дата,7,оформлено,Theme1,numeric,4,да,1,да,206,37,41,19.9,51,24.8,1365,6.63,33.3,39.1,0,0,3,0,0.0,0.0,3,0,"Вулкан 24 (1), Winline (1), Realslots (1)",3 из 29,2.16
s2f.lol,lol,2026-09-16,3,7,06-11,nabory-545-554_styled_img,nabory,,styled_img,Theme1,alpha_other,3,нет,2,да,206,36,41,19.9,46,22.3,1446,7.02,35.3,27.9,0,0,0,0,0.0,0.0,0,,,3 из 10,1.49
zrum.buzz,buzz,2026-09-09,3,13,12-17,archive412_unique12оформлено,archive,,оформлено,Theme1,alpha_other,4,да,1,да,206,33,41,19.9,57,27.7,859,4.17,21.0,47.3,0,0,0,0,0.0,0.0,0,,,8 из 12,0.87
4729.team,team,2026-09-02,3,22,18-23,NEW50_2_12pages_withdate_02.09,NEW,12,без оформления,Theme1,numeric,4,да,1,да,206,37,41,19.9,43,20.9,692,3.36,16.9,44.6,0,0,0,0,0.0,0.0,0,,,15 из 17,0.76
a1j.lol,lol,2026-09-03,4,21,18-23,NEW50_3_12pages_withdate_styled,NEW,12,без оформления,Theme1,alpha_other,3,да,1,да,206,30,41,19.9,45,21.8,603,2.93,14.7,45.4,0,0,0,0,0.0,0.0,0,,,8 из 14,0.92
8838.lol,lol,2026-09-16,3,9,06-11,content-2026-09-14c-7str-oform-1,content-дата,7,оформлено,Theme1,numeric,4,нет,2,да,206,32,41,19.9,45,21.8,674,3.27,16.4,52.4,0,0,0,0,0.0,0.0,0,,,24 из 45,0.95
qpcasino.lol,lol,2026-09-16,3,17,12-17,content-2026-09-15-7str-oform-2,content-дата,7,оформлено,Theme1,casino_infix,8,нет,2,да,206,36,41,19.9,44,21.4,662,3.21,16.1,43.0,0,0,0,0,0.0,0.0,0,,,8 из 50,1.55
qmpl.team,team,2026-09-03,4,9,06-11,NEW50_7pages_withdate_01.09,NEW,7,без оформления,Theme1,alpha_other,4,да,1,да,206,38,41,19.9,50,24.3,584,2.83,14.2,33.3,0,0,0,0,0.0,0.0,0,,,3 из 11,1.17
x9d7.casino,casino,2026-09-01,2,17,12-17,NEW50_12pages_withdate_01.09,NEW,12,без оформления,Theme1,alpha_other,4,да,1,да,206,34,41,19.9,42,20.4,634,3.08,15.5,71.1,0,0,0,0,0.0,0.0,0,,,10 из 17,0.95
g5c3.lol,lol,2026-09-15,2,12,12-17,content-2026-09-14b-7str-oform-2,content-дата,7,оформлено,Theme1,alpha_other,4,нет,3,да,206,25,41,19.9,47,22.8,462,2.24,11.3,49.7,0,0,0,0,0.0,0.0,0,,,8 из 51,1.52
9456.lol,lol,2026-09-14,1,18,18-23,content-2026-09-14-12str-oform,content-дата,12,оформлено,Theme1,numeric,4,да,1,да,206,29,41,19.9,45,21.8,410,1.99,10.0,48.1,0,0,0,0,0.0,0.0,0,,,6 из 16,1.39
7055.team,team,2026-09-11,5,16,12-17,NEW102оформленобездаты,NEW,,оформлено,Theme1,numeric,4,да,1,да,206,36,40,19.4,58,28.2,558,2.71,13.9,26.7,1,0,3,0,0.485,17.9,3,0,"Bounty (1), Вулкан Вегас (1), Leovegas (1)",8 из 42,1.73
3574.team,team,2026-09-08,2,6,06-11,clean7_part1_50оформлено,clean,,оформлено,Theme1,numeric,4,да,1,да,206,38,40,19.4,44,21.4,3113,15.11,77.8,4.1,1,1,1,1,0.485,3.2,1,1,Leon (2),3 из 50,2.17
8483.team,team,2026-09-07,1,15,12-17,NEW20_4_12pages_nodate,NEW,12,без оформления,Theme1,numeric,4,да,1,да,206,36,40,19.4,53,25.7,380,1.84,9.5,33.8,1,0,1,0,0.485,26.3,1,3,Dragon Money (1),2 из 6,1.18
3142.team,team,2026-09-11,5,6,06-11,clean7_part1_50оформлено,clean,,оформлено,Theme1,numeric,4,да,1,да,206,36,40,19.4,54,26.2,2048,9.94,51.2,9.1,0,0,0,0,0.0,0.0,0,,,4 из 50,2.17
casinobwf.team,team,2026-09-16,3,9,06-11,content-2026-09-14c-7str-oform-1,content-дата,7,оформлено,Theme1,casino_prefix,9,нет,2,да,206,32,40,19.4,43,20.9,2355,11.43,58.9,31.7,0,0,0,0,0.0,0.0,0,,,25 из 45,0.93
6348.team,team,2026-09-01,2,22,18-23,NEW50_12pages_withdate_01.09,NEW,12,без оформления,Theme1,numeric,4,да,1,да,206,34,40,19.4,45,21.8,529,2.57,13.2,67.8,0,0,0,0,0.0,0.0,0,,,11 из 17,0.93
59casino.team,team,2026-09-15,2,4,00-05,content-2026-09-14-7str-oform-9,content-дата,7,оформлено,Theme1,casino_infix,8,нет,2,да,206,29,40,19.4,43,20.9,552,2.68,13.8,41.3,0,0,0,0,0.0,0.0,0,,,4 из 29,2.11
o5h7.lol,lol,2026-09-03,4,21,18-23,NEW50_3_7pages_nodate_styled,NEW,7,без оформления,Theme1,alpha_other,4,да,1,да,206,33,40,19.4,44,21.4,412,2.0,10.3,55.4,0,0,0,0,0.0,0.0,0,,,1 из 13,1.81
4149.lol,lol,2026-09-08,2,16,12-17,archive37строформленоv2часть2,archive,7,оформлено,Theme1,numeric,4,да,1,да,206,34,40,19.4,53,25.7,373,1.81,9.3,46.9,0,0,0,0,0.0,0.0,0,,,2 из 45,5.71
casino753.team,team,2026-09-11,5,22,18-23,nabory481483_styled_img_dark,nabory,,styled_img,Theme1,casino_prefix,9,да,1,да,206,36,40,19.4,53,25.7,262,1.27,6.5,38.8,0,0,0,0,0.0,0.0,0,,,1 из 3,1.6
8792.lol,lol,2026-09-15,2,15,12-17,content-2026-09-14c-7str-oform-2,content-дата,7,оформлено,Theme1,numeric,4,нет,2,да,206,28,40,19.4,44,21.4,308,1.5,7.7,56.1,0,0,0,0,0.0,0.0,0,,,22 из 44,1.03
seft.team,team,2026-09-04,5,16,12-17,КОНТЕНТ НЕ ЗАПИСАН,не записан,,,Theme1,alpha_other,4,да,1,да,206,36,40,19.4,42,20.4,300,1.46,7.5,71.7,0,0,0,0,0.0,0.0,0,,,6 из 71,2.66
k3u.team,team,2026-09-01,2,20,18-23,nabory264268_01.09,nabory,,,Theme1,alpha_other,3,да,1,да,206,36,40,19.4,41,19.9,261,1.27,6.5,83.4,0,0,0,0,0.0,0.0,0,,,1 из 4,2.5
2129.lol,lol,2026-09-11,5,0,00-05,NEW102оформленосдатой,NEW,,оформлено,Theme1,numeric,4,да,1,да,206,35,39,18.9,59,28.6,1127,5.47,28.9,13.0,3,1,3,1,1.456,26.6,3,0,"Slotozal (2), Boost (1), Frank (1)",7 из 18,1.39
5779.team,team,2026-09-17,4,1,00-05,content-2026-09-15-7str-oform-1,content-дата,7,оформлено,Theme1,numeric,4,нет,2,да,206,35,39,18.9,46,22.3,513,2.49,13.2,56.7,3,1,3,1,1.456,58.5,3,0,"Frank (2), Mellstroy (1), Luckybear (1)",5 из 50,2.59
5329.lol,lol,2026-09-03,4,2,00-05,КОНТЕНТ НЕ ЗАПИСАН,не записан,,,Theme1,numeric,4,да,1,да,206,34,39,18.9,41,19.9,2108,10.23,54.1,28.8,0,0,0,0,0.0,0.0,0,,,7 из 71,2.59
n0b5.team,team,2026-09-03,4,21,18-23,NEW50_3_12pages_nodate_styled,NEW,12,без оформления,Theme1,alpha_other,4,да,1,да,206,35,39,18.9,46,22.3,1283,6.23,32.9,27.5,0,0,0,0,0.0,0.0,0,,,3 из 11,1.26
u9y.casino,casino,2026-09-01,2,17,12-17,NEW50_12pages_nodate_01.09,NEW,12,без оформления,Theme1,alpha_other,3,да,1,да,206,32,39,18.9,43,20.9,640,3.11,16.4,71.4,0,0,0,0,0.0,0.0,0,,,7 из 8,0.67
casinonw.team,team,2026-09-17,4,9,06-11,content-2026-09-14b-7str-oform-2,content-дата,7,оформлено,Theme1,casino_prefix,8,нет,2,да,206,28,39,18.9,43,20.9,605,2.94,15.5,46.9,0,0,0,0,0.0,0.0,0,,,9 из 51,1.44
vgti.casino,casino,2026-09-01,2,18,18-23,NEW50_12pages_nodate_01.09,NEW,12,без оформления,Theme1,alpha_other,4,да,1,да,206,35,39,18.9,43,20.9,358,1.74,9.2,66.5,0,0,0,0,0.0,0.0,0,,,8 из 8,0.67
8510.team,team,2026-09-15,2,23,18-23,content-2026-09-14c-7str-oform-1,content-дата,7,оформлено,Theme1,numeric,4,нет,2,да,206,22,39,18.9,39,18.9,400,1.94,10.3,47.3,0,0,0,0,0.0,0.0,0,,,26 из 45,0.9
rvue.lol,lol,2026-09-02,3,0,00-05,NEW50_7pages_withdate_01.09,NEW,7,без оформления,Theme1,alpha_other,4,да,1,да,206,39,39,18.9,45,21.8,375,1.82,9.6,74.5,0,0,0,0,0.0,0.0,0,,,4 из 11,1.11
7142.team,team,2026-09-06,7,18,18-23,struktura8x7,прочее,,,Theme1,numeric,4,да,1,да,206,38,39,18.9,49,23.8,287,1.39,7.4,41.9,0,0,0,0,0.0,0.0,0,,,3 из 8,1.24
3242.team,team,2026-09-02,3,20,18-23,NEW50_2_7pages_withdate,NEW,7,без оформления,Theme1,numeric,4,да,1,да,206,34,38,18.4,42,20.4,336,1.63,8.8,57.4,2,0,3,1,0.971,59.5,1,1,Leon (4),4 из 6,0.87
c9a3.lol,lol,2026-09-09,3,12,12-17,archive412_unique12оформлено,archive,,оформлено,Theme1,alpha_other,4,да,1,да,206,33,38,18.4,61,29.6,817,3.97,21.5,59.6,1,0,1,0,0.485,12.2,1,3,Pinco (1),9 из 12,0.81
389casino.lol,lol,2026-09-08,2,15,12-17,archive37строформленоv2часть1,archive,7,оформлено,Theme1,casino_infix,9,да,1,да,206,32,38,18.4,54,26.2,1599,7.76,42.1,22.4,1,0,1,0,0.485,6.3,1,1,Eva (1),2 из 45,3.76
7326.team,team,2026-09-03,4,6,06-11,NEW50_7pages_withdate_01.09,NEW,7,без оформления,Theme1,numeric,4,да,1,да,206,35,38,18.4,47,22.8,1241,6.02,32.7,13.6,0,0,1,0,0.0,0.0,1,9,Martin (1),5 из 11,1.08
1081.team,team,2026-09-12,6,14,12-17,content-2026-09-12-7str-oform-2,content-дата,7,оформлено,Theme1,numeric,4,да,1,да,206,32,38,18.4,53,25.7,2730,13.25,71.8,9.2,0,0,0,0,0.0,0.0,0,,,2 из 41,3.47
casino6166.team,team,2026-09-16,3,1,00-05,content-2026-09-14c-7str-oform-1,content-дата,7,оформлено,Theme1,casino_prefix,10,нет,2,да,206,33,38,18.4,41,19.9,2923,14.19,76.9,20.4,0,0,0,0,0.0,0.0,0,,,27 из 45,0.88
hnur.team,team,2026-09-15,2,15,12-17,content-2026-09-14c-7str-oform-2,content-дата,7,оформлено,Theme1,alpha_other,4,нет,2,да,206,25,38,18.4,41,19.9,1542,7.49,40.6,26.7,0,0,0,0,0.0,0.0,0,,,23 из 44,0.97
efsr.casino,casino,2026-09-11,5,15,12-17,clean7_part1_50оформлено,clean,,оформлено,Theme1,alpha_other,4,да,1,да,206,34,38,18.4,53,25.7,1905,9.25,50.1,16.4,0,0,0,0,0.0,0.0,0,,,5 из 50,2.06
soxv.team,team,2026-09-03,4,0,00-05,КОНТЕНТ НЕ ЗАПИСАН,не записан,,,Theme1,alpha_other,4,да,1,да,206,36,38,18.4,51,24.8,1295,6.29,34.1,48.2,0,0,0,0,0.0,0.0,0,,,8 из 71,2.52
casino01.lol,lol,2026-09-04,5,14,12-17,КОНТЕНТ НЕ ЗАПИСАН,не записан,,,Theme1,casino_prefix,8,да,1,да,206,37,38,18.4,41,19.9,1005,4.88,26.4,31.8,0,0,0,0,0.0,0.0,0,,,9 из 71,2.52
xpnm.team,team,2026-09-11,5,20,18-23,NEW102оформленобездаты,NEW,,оформлено,Theme1,alpha_other,4,да,1,да,206,37,38,18.4,54,26.2,1151,5.59,30.3,19.5,0,0,0,0,0.0,0.0,0,,,9 из 42,1.64
5671.team,team,2026-09-02,3,17,12-17,nabory274283,nabory,,,Theme1,numeric,4,да,1,да,206,32,38,18.4,44,21.4,636,3.09,16.7,40.0,0,0,0,0,0.0,0.0,0,,,1 из 10,1.64
gzb.lol,lol,2026-09-16,3,3,00-05,content-2026-09-14c-7str-oform-2,content-дата,7,оформлено,Theme1,alpha_other,3,нет,2,да,206,34,38,18.4,43,20.9,748,3.63,19.7,29.9,0,0,0,0,0.0,0.0,0,,,24 из 44,0.97
cpcasino.lol,lol,2026-09-15,2,5,00-05,content-2026-09-14-7str-oform-8,content-дата,7,оформлено,Theme1,casino_infix,8,нет,2,да,206,26,38,18.4,45,21.8,444,2.16,11.7,48.7,0,0,0,0,0.0,0.0,0,,,1 из 25,2.36
0964.lol,lol,2026-09-15,2,13,12-17,content-2026-09-14c-7str-oform-2,content-дата,7,оформлено,Theme1,numeric,4,нет,2,да,206,30,38,18.4,44,21.4,423,2.05,11.1,47.8,0,0,0,0,0.0,0.0,0,,,25 из 44,0.97
4691.lol,lol,2026-09-14,1,17,12-17,content-2026-09-14-12str-oform,content-дата,12,оформлено,Theme1,numeric,4,да,1,да,206,23,38,18.4,44,21.4,418,2.03,11.0,54.3,0,0,0,0,0.0,0.0,0,,,7 из 16,1.29
casino8643.team,team,2026-09-07,1,20,18-23,NEW20_12pages_nodate_оформлено,NEW,12,оформлено,Theme1,casino_prefix,10,да,1,да,206,35,38,18.4,48,23.3,187,0.91,4.9,47.8,0,0,0,0,0.0,0.0,0,,,3 из 6,1.09
opcasino.team,team,2026-09-07,1,20,18-23,clean12_unique11оформлено,clean,,оформлено,Theme1,casino_infix,8,да,1,да,206,36,38,18.4,42,20.4,338,1.64,8.9,45.4,0,0,0,0,0.0,0.0,0,,,7 из 11,0.79
4832.lol,lol,2026-09-06,7,15,12-17,NEW20_3_12pages_withdate_styled_img,NEW,12,styled_img,Theme1,numeric,4,да,1,да,206,34,38,18.4,43,20.9,396,1.92,10.4,34.0,0,0,0,0,0.0,0.0,0,,,3 из 5,1.0
w7o3.team,team,2026-09-16,3,22,18-23,content-2026-09-15-7str-oform-2,content-дата,7,оформлено,Theme1,alpha_other,4,нет,2,да,206,32,38,18.4,38,18.4,225,1.09,5.9,75.3,0,0,0,0,0.0,0.0,0,,,9 из 50,1.43
tvuy.team,team,2026-09-02,3,18,18-23,NEW50_2_12pages_nodate_02.09,NEW,12,без оформления,Theme1,alpha_other,4,да,1,да,206,32,37,18.0,44,21.4,416,2.02,11.2,49.2,1,0,1,0,0.485,24.0,1,3,Vulkan Platinum (1),6 из 6,0.69
2154.lol,lol,2026-09-16,3,23,18-23,content-2026-09-15-7str-oform-1,content-дата,7,оформлено,Theme1,numeric,4,нет,2,да,206,21,37,18.0,38,18.4,363,1.76,9.8,65.1,1,0,1,0,0.485,27.5,1,3,888starz (1),6 из 50,2.47
1009dd.casino,casino,2026-09-11,4,0,00-05,NEW102оформленобездаты,NEW,,оформлено,Theme1,alpha_other,6,да,1,да,206,35,37,18.0,54,26.2,1912,9.28,51.7,6.1,0,0,1,0,0.0,0.0,1,0,Like (1),10 из 42,1.61
7957.lol,lol,2026-09-18,5,4,00-05,content-2026-09-17-7str-oform-2,content-дата,7,оформлено,Theme1,numeric,4,нет,2,да,150,26,27,18.0,27,18.0,2627,17.51,97.3,19.6,0,0,0,0,0.0,0.0,0,,,10 из 36,1.69
4773.lol,lol,2026-09-15,2,14,12-17,content-2026-09-14c-7str-oform-2,content-дата,7,оформлено,Theme1,numeric,4,нет,2,да,206,27,37,18.0,43,20.9,1627,7.9,44.0,25.9,0,0,0,0,0.0,0.0,0,,,26 из 44,0.95
hshl.casino,casino,2026-09-11,5,18,18-23,clean7_part1_50оформлено,clean,,оформлено,Theme1,alpha_other,4,да,1,да,206,35,37,18.0,51,24.8,1744,8.47,47.1,11.3,0,0,0,0,0.0,0.0,0,,,6 из 50,2.01
2663.team,team,2026-09-06,7,18,18-23,struktura8x7,прочее,,,Theme1,numeric,4,да,1,да,206,34,37,18.0,48,23.3,1497,7.27,40.5,17.7,0,0,0,0,0.0,0.0,0,,,4 из 8,1.18
2198.lol,lol,2026-09-16,3,8,06-11,nabory-555-564_styled_img,nabory,,styled_img,Theme1,numeric,4,нет,2,да,206,27,37,18.0,40,19.4,1443,7.0,39.0,23.9,0,0,0,0,0.0,0.0,0,,,4 из 10,1.16
3833.lol,lol,2026-09-15,2,19,18-23,content-2026-09-14c-7str-oform-1,content-дата,7,оформлено,Theme1,numeric,4,нет,2,да,206,24,37,18.0,40,19.4,1230,5.97,33.2,30.8,0,0,0,0,0.0,0.0,0,,,28 из 45,0.86
5256.team,team,2026-09-07,1,16,12-17,NEW20_4_12pages_nodate,NEW,12,без оформления,Theme1,numeric,4,да,1,да,206,36,37,18.0,47,22.8,655,3.18,17.7,24.0,0,0,0,0,0.0,0.0,0,,,3 из 6,1.09
nffn.team,team,2026-09-15,2,8,06-11,content-2026-09-14b-7str-oform-2,content-дата,7,оформлено,Theme1,alpha_other,4,нет,2,да,206,25,37,18.0,42,20.4,602,2.92,16.3,44.8,0,0,0,0,0.0,0.0,0,,,10 из 51,1.37
7027.team,team,2026-09-02,3,17,12-17,nabory274283,nabory,,,Theme1,numeric,4,да,1,да,206,30,37,18.0,41,19.9,344,1.67,9.3,61.9,0,0,0,0,0.0,0.0,0,,,2 из 10,1.61
rgdf.team,team,2026-09-07,1,20,18-23,clean12_unique11оформлено,clean,,оформлено,Theme1,alpha_other,4,да,1,да,206,34,37,18.0,50,24.3,567,2.75,15.3,37.1,0,0,0,0,0.0,0.0,0,,,8 из 11,0.77
casino5341.lol,lol,2026-09-17,4,23,18-23,content-2026-09-14b-7str-oform-1,content-дата,7,оформлено,Theme1,casino_prefix,10,нет,2,да,206,19,37,18.0,37,18.0,489,2.37,13.2,27.2,0,0,0,0,0.0,0.0,0,,,4 из 22,2.12
0540.team,team,2026-09-02,3,20,18-23,NEW50_2_7pages_withdate,NEW,7,без оформления,Theme1,numeric,4,да,1,да,206,36,37,18.0,38,18.4,465,2.26,12.6,50.5,0,0,0,0,0.0,0.0,0,,,5 из 6,0.85
k2x1.lol,lol,2026-09-18,5,15,12-17,nabory-621-630,nabory,,,Theme1,alpha_other,4,нет,2,да,150,21,27,18.0,27,18.0,409,2.73,15.1,64.3,0,0,0,0,0.0,0.0,0,,,5 из 6,0.77
j1j.casino,casino,2026-09-01,2,18,18-23,NEW50_12pages_withdate_01.09,NEW,12,без оформления,Theme1,alpha_other,3,да,1,да,206,28,37,18.0,42,20.4,186,0.9,5.0,84.6,0,0,0,0,0.0,0.0,0,,,12 из 17,0.86
9274.team,team,2026-09-04,5,22,18-23,trikomplekta,прочее,,,Theme1,numeric,4,да,1,да,206,35,37,18.0,39,18.9,214,1.04,5.8,45.6,0,0,0,0,0.0,0.0,0,,,2 из 3,1.0
1009cas.casino,casino,2026-09-10,4,10,06-11,archive47_unique119оформленочасть1,archive,,оформлено,Theme1,alpha_other,7,да,1,да,206,36,36,17.5,51,24.8,1838,8.92,51.1,6.8,1,0,1,0,0.485,5.4,1,1,Money X (1),3 из 40,2.78
0409ds.casino,casino,2026-09-04,5,19,18-23,NEW20_12pages_nodate_styled_img,NEW,12,styled_img,Theme1,alpha_other,6,да,1,да,206,31,36,17.5,37,18.0,634,3.08,17.6,41.8,1,0,1,0,0.485,15.8,1,3,Олимп (1),2 из 4,1.01
h6k8.team,team,2026-09-02,3,17,12-17,nabory274283,nabory,,,Theme1,alpha_other,4,да,1,да,206,32,36,17.5,43,20.9,282,1.37,7.8,62.1,0,0,2,1,0.0,0.0,2,4,"Bigsbet (2), Epicstar (1)",3 из 10,1.56
6348.lol,lol,2026-09-03,4,19,18-23,NEW50_3_12pages_nodate_styled,NEW,12,без оформления,Theme1,numeric,4,да,1,да,206,33,36,17.5,38,18.4,4170,20.24,115.8,13.5,0,0,0,0,0.0,0.0,0,,,4 из 11,1.17
2974.team,team,2026-09-16,3,15,12-17,content-2026-09-15-7str-oform-2,content-дата,7,оформлено,Theme1,numeric,4,нет,2,да,206,28,36,17.5,38,18.4,3313,16.08,92.0,15.8,0,0,0,0,0.0,0.0,0,,,10 из 50,1.36
casino947.lol,lol,2026-09-10,4,11,06-11,archive37строформленоv2часть3,archive,7,оформлено,Theme1,casino_prefix,9,да,1,да,206,33,36,17.5,54,26.2,745,3.62,20.7,13.6,0,0,0,0,0.0,0.0,0,,,4 из 45,3.02
dsrt.team,team,2026-09-16,3,16,12-17,content-2026-09-15-7str-oform-2,content-дата,7,оформлено,Theme1,alpha_other,4,нет,2,да,206,31,36,17.5,37,18.0,941,4.57,26.1,37.7,0,0,0,0,0.0,0.0,0,,,11 из 50,1.36
75casino.team,team,2026-09-10,4,16,12-17,nabory470472_styled_img,nabory,,styled_img,Theme1,casino_infix,8,да,1,да,206,34,36,17.5,54,26.2,807,3.92,22.4,20.1,0,0,0,0,0.0,0.0,0,,,1 из 3,1.34
casinodx.team,team,2026-09-16,3,13,12-17,nabory-565-580,nabory,,,Theme1,casino_prefix,8,нет,2,да,206,33,36,17.5,39,18.9,817,3.97,22.7,56.1,0,0,0,0,0.0,0.0,0,,,2 из 16,1.31
casino069.team,team,2026-09-07,1,20,18-23,clean12_unique11оформлено,clean,,оформлено,Theme1,casino_prefix,9,да,1,да,206,28,36,17.5,41,19.9,472,2.29,13.1,34.7,0,0,0,0,0.0,0.0,0,,,9 из 11,0.75
7612.team,team,2026-09-02,3,0,00-05,NEW50_12pages_withdate_01.09,NEW,12,без оформления,Theme1,numeric,4,да,1,да,206,34,36,17.5,45,21.8,596,2.89,16.6,68.1,0,0,0,0,0.0,0.0,0,,,13 из 17,0.84
pddw.team,team,2026-09-04,5,17,12-17,Generator_346353_styled_img,Generator,,styled_img,Theme1,alpha_other,4,да,1,да,206,32,36,17.5,39,18.9,593,2.88,16.5,61.0,0,0,0,0,0.0,0.0,0,,,2 из 8,1.72
u0s.team,team,2026-09-02,3,17,12-17,nabory294303,nabory,,,Theme1,alpha_other,3,да,1,да,206,31,36,17.5,42,20.4,423,2.05,11.8,55.6,0,0,0,0,0.0,0.0,0,,,1 из 10,1.89
casinouep.team,team,2026-09-07,1,17,12-17,nabory431435_styled_img,nabory,,styled_img,Theme1,casino_prefix,9,да,1,да,206,33,36,17.5,38,18.4,488,2.37,13.6,36.0,0,0,0,0,0.0,0.0,0,,,1 из 5,1.34
ymrb.team,team,2026-09-16,3,10,06-11,content-2026-09-14c-7str-oform-1,content-дата,7,оформлено,Theme1,alpha_other,4,нет,2,да,206,28,36,17.5,40,19.4,434,2.11,12.1,70.1,0,0,0,0,0.0,0.0,0,,,29 из 45,0.84
6012.lol,lol,2026-09-03,4,19,18-23,NEW50_3_12pages_nodate_styled,NEW,12,без оформления,Theme1,numeric,4,да,1,да,206,32,36,17.5,41,19.9,403,1.96,11.2,43.8,0,0,0,0,0.0,0.0,0,,,5 из 11,1.17
8663.lol,lol,2026-09-03,4,20,18-23,NEW50_3_7pages_nodate_styled,NEW,7,без оформления,Theme1,numeric,4,да,1,да,206,29,36,17.5,39,18.9,186,0.9,5.2,67.3,0,0,0,0,0.0,0.0,0,,,2 из 13,1.64
7925.team,team,2026-09-01,2,23,18-23,NEW50_12pages_withdate_01.09,NEW,12,без оформления,Theme1,numeric,4,да,1,да,206,31,36,17.5,40,19.4,162,0.79,4.5,74.2,0,0,0,0,0.0,0.0,0,,,14 из 17,0.84
5420.team,team,2026-09-17,4,13,12-17,content-2026-09-16-7str,content-дата,7,,Theme1,numeric,4,нет,2,да,206,21,36,17.5,37,18.0,180,0.87,5.0,80.4,0,0,0,0,0.0,0.0,0,,,7 из 42,1.67
casinoi0.team,team,2026-09-16,3,2,00-05,content-2026-09-14c-7str-oform-1,content-дата,7,оформлено,Theme1,casino_prefix,8,нет,2,да,206,32,36,17.5,40,19.4,155,0.75,4.3,62.8,0,0,0,0,0.0,0.0,0,,,30 из 45,0.84
ttbz.team,team,2026-09-15,2,8,06-11,content-2026-09-14b-7str-oform-2,content-дата,7,оформлено,Theme1,alpha_other,4,нет,2,да,206,19,36,17.5,42,20.4,104,0.5,2.9,72.7,0,0,0,0,0.0,0.0,0,,,11 из 51,1.34
1578.lol,lol,2026-09-18,5,13,12-17,content-2026-09-17b-7str-oform,content-дата,7,оформлено,Theme1,numeric,4,нет,2,да,150,19,26,17.3,26,17.3,190,1.27,7.3,85.6,0,0,0,0,0.0,0.0,0,,,12 из 21,0.84
9051.team,team,2026-09-12,6,17,12-17,content-2026-09-12-7str-oform-2,content-дата,7,оформлено,Theme1,numeric,4,да,1,да,206,26,35,17.0,45,21.8,1104,5.36,31.5,18.4,1,1,2,2,0.485,9.1,1,1,Martin (4),3 из 41,3.21
6860.lol,lol,2026-09-03,4,2,00-05,КОНТЕНТ НЕ ЗАПИСАН,не записан,,,Theme1,numeric,4,да,1,да,206,32,35,17.0,44,21.4,1982,9.62,56.6,27.8,0,0,0,0,0.0,0.0,0,,,10 из 71,2.33
0864.team,team,2026-09-01,2,22,18-23,NEW50_7pages_withdate_01.09,NEW,7,без оформления,Theme1,numeric,4,да,1,да,206,28,35,17.0,39,18.9,3425,16.63,97.9,31.5,0,0,0,0,0.0,0.0,0,,,6 из 11,1.0
dwyv.team,team,2026-09-16,3,9,06-11,content-2026-09-14b-7str-oform-2,content-дата,7,оформлено,Theme1,alpha_other,4,нет,2,да,206,29,35,17.0,43,20.9,1626,7.89,46.5,37.1,0,0,0,0,0.0,0.0,0,,,12 из 51,1.3
opcasino.lol,lol,2026-09-08,2,6,06-11,clean7_part1_50оформлено,clean,,оформлено,Theme1,casino_infix,8,да,1,да,206,28,35,17.0,40,19.4,1734,8.42,49.5,8.2,0,0,0,0,0.0,0.0,0,,,7 из 50,1.9
mhpl.lol,lol,2026-09-12,6,21,18-23,content-2026-09-12-7str-oform-1,content-дата,7,оформлено,Theme1,alpha_other,4,да,1,да,206,28,35,17.0,42,20.4,681,3.31,19.5,30.3,0,0,0,0,0.0,0.0,0,,,1 из 41,3.21
2663.lol,lol,2026-09-07,1,9,06-11,Выдача_06.09_7стр,прочее,7,,Theme1,numeric,4,да,1,да,206,34,35,17.0,41,19.9,973,4.72,27.8,27.0,0,0,0,0,0.0,0.0,0,,,1 из 2,1.89
diii.team,team,2026-09-15,2,12,12-17,content-2026-09-14b-7str-oform-2,content-дата,7,оформлено,Theme1,alpha_other,4,нет,2,да,206,26,35,17.0,37,18.0,723,3.51,20.7,43.8,0,0,0,0,0.0,0.0,0,,,13 из 51,1.3
8531.team,team,2026-09-15,2,7,06-11,content-2026-09-14b-7str-oform-2,content-дата,7,оформлено,Theme1,numeric,4,нет,2,да,206,22,35,17.0,37,18.0,510,2.48,14.6,35.1,0,0,0,0,0.0,0.0,0,,,14 из 51,1.3
4202.team,team,2026-09-02,3,17,12-17,nabory294303,nabory,,,Theme1,numeric,4,да,1,да,206,30,35,17.0,39,18.9,677,3.29,19.3,39.9,0,0,0,0,0.0,0.0,0,,,2 из 10,1.84
nrcasino.team,team,2026-09-16,3,13,12-17,nabory-565-580,nabory,,,Theme1,casino_infix,8,нет,2,да,206,33,35,17.0,38,18.4,619,3.0,17.7,58.0,0,0,0,0,0.0,0.0,0,,,3 из 16,1.27
7516casino.team,team,2026-09-15,2,22,18-23,content-2026-09-14c-7str-oform-1,content-дата,7,оформлено,Theme1,casino_infix,10,нет,2,да,206,27,35,17.0,35,17.0,457,2.22,13.1,47.3,0,0,0,0,0.0,0.0,0,,,31 из 45,0.81
tqab.casino,casino,2026-09-09,3,17,12-17,nabory461463_styled_img,nabory,,styled_img,Theme1,alpha_other,4,да,1,да,206,34,35,17.0,51,24.8,470,2.28,13.4,66.4,0,0,0,0,0.0,0.0,0,,,2 из 3,1.0
casino0409s.casino,casino,2026-09-04,5,20,18-23,NEW20_12pages_nodate_styled_img,NEW,12,styled_img,Theme1,casino_prefix,11,да,1,да,206,32,35,17.0,42,20.4,463,2.25,13.2,52.1,0,0,0,0,0.0,0.0,0,,,3 из 4,0.99
0778.team,team,2026-09-04,5,19,18-23,NEW20_12pages_withdate_styled_img,NEW,12,styled_img,Theme1,numeric,4,да,1,да,206,28,35,17.0,38,18.4,355,1.72,10.1,53.0,0,0,0,0,0.0,0.0,0,,,4 из 6,0.9
jqcasino.team,team,2026-09-15,2,5,00-05,content-2026-09-14-7str-oform-9,content-дата,7,оформлено,Theme1,casino_infix,8,нет,2,да,206,20,35,17.0,41,19.9,412,2.0,11.8,47.7,0,0,0,0,0.0,0.0,0,,,5 из 29,1.85
hsrk.lol,lol,2026-09-16,3,3,00-05,content-2026-09-14c-7str-oform-1,content-дата,7,оформлено,Theme1,alpha_other,4,нет,2,да,206,32,35,17.0,37,18.0,457,2.22,13.1,41.7,0,0,0,0,0.0,0.0,0,,,32 из 45,0.81
xoacasino.team,team,2026-09-04,5,16,12-17,КОНТЕНТ НЕ ЗАПИСАН,не записан,,,Theme1,casino_infix,9,да,1,да,206,31,35,17.0,41,19.9,329,1.6,9.4,59.0,0,0,0,0,0.0,0.0,0,,,11 из 71,2.33
iuic.team,team,2026-09-17,4,12,12-17,content-2026-09-14b-7str-oform-2,content-дата,7,оформлено,Theme1,alpha_other,4,нет,2,да,206,28,35,17.0,35,17.0,395,1.92,11.3,65.6,0,0,0,0,0.0,0.0,0,,,15 из 51,1.3
1185.team,team,2026-09-03,4,6,06-11,NEW50_7pages_nodate_01.09,NEW,7,без оформления,Theme1,numeric,4,да,1,да,206,33,35,17.0,41,19.9,320,1.55,9.1,32.2,0,0,0,0,0.0,0.0,0,,,10 из 14,0.77
wkdp.lol,lol,2026-09-15,2,16,12-17,content-2026-09-14c-7str-oform-2,content-дата,7,оформлено,Theme1,alpha_other,4,нет,3,да,206,26,35,17.0,37,18.0,177,0.86,5.1,58.1,0,0,0,0,0.0,0.0,0,,,27 из 44,0.9
2272.team,team,2026-09-17,4,12,12-17,content-2026-09-16-7str,content-дата,7,,Theme1,numeric,4,нет,2,да,206,28,35,17.0,37,18.0,289,1.4,8.3,74.9,0,0,0,0,0.0,0.0,0,,,8 из 42,1.63
3453.team,team,2026-09-15,2,18,18-23,content-2026-09-14c-7str-oform-1,content-дата,7,оформлено,Theme1,numeric,4,нет,2,да,206,18,35,17.0,35,17.0,224,1.09,6.4,58.6,0,0,0,0,0.0,0.0,0,,,33 из 45,0.81
0509kk.casino,casino,2026-09-05,6,17,12-17,NEW21_12pages_nodate_styled_img,NEW,12,styled_img,Theme1,alpha_other,6,да,1,да,206,31,35,17.0,39,18.9,147,0.71,4.2,47.5,0,0,0,0,0.0,0.0,0,,,3 из 6,1.17
h1s.lol,lol,2026-09-17,4,16,12-17,content-2026-09-16-7str,content-дата,7,,Theme1,alpha_other,3,нет,2,да,206,25,35,17.0,35,17.0,169,0.82,4.8,77.5,0,0,0,0,0.0,0.0,0,,,9 из 42,1.63
1806.lol,lol,2026-09-18,5,2,00-05,content-2026-09-17-7str-oform-2,content-дата,7,оформлено,Theme1,numeric,4,нет,2,да,150,24,25,16.7,25,16.7,675,4.5,27.0,43.1,0,0,0,0,0.0,0.0,0,,,11 из 36,1.57
rxdu.lol,lol,2026-09-18,5,15,12-17,nabory-621-630,nabory,,,Theme1,alpha_other,4,нет,2,да,150,19,25,16.7,25,16.7,165,1.1,6.6,74.3,0,0,0,0,0.0,0.0,0,,,6 из 6,0.72
5713.lol,lol,2026-09-15,2,14,12-17,content-2026-09-14c-7str-oform-2,content-дата,7,оформлено,Theme1,numeric,4,нет,2,да,206,22,34,16.5,38,18.4,215,1.04,6.3,60.3,1,1,1,1,0.485,46.5,1,2,Leon (2),28 из 44,0.87
2815.team,team,2026-09-17,4,13,12-17,content-2026-09-16-7str,content-дата,7,,Theme1,numeric,4,нет,2,да,206,30,34,16.5,34,16.5,148,0.72,4.4,81.6,1,1,1,1,0.485,67.6,1,0,Lucky Bird (2),10 из 42,1.58
2159casino.team,team,2026-09-15,2,6,06-11,content-2026-09-14b-7str-oform-2,content-дата,7,оформлено,Theme1,casino_infix,10,нет,2,да,206,28,34,16.5,39,18.9,1206,5.85,35.5,23.1,1,0,1,0,0.485,8.3,1,0,Селектор (1),16 из 51,1.26
5202.team,team,2026-09-16,3,15,12-17,content-2026-09-15-7str-oform-2,content-дата,7,оформлено,Theme1,numeric,4,нет,2,да,206,23,34,16.5,38,18.4,511,2.48,15.0,51.4,1,0,1,0,0.485,19.6,1,3,Вулкан 24 (1),12 из 50,1.28
casino6204.team,team,2026-09-16,3,1,00-05,content-2026-09-14c-7str-oform-1,content-дата,7,оформлено,Theme1,casino_prefix,10,нет,2,да,206,31,34,16.5,40,19.4,3941,19.13,115.9,11.0,0,0,0,0,0.0,0.0,0,,,34 из 45,0.79
b6t.lol,lol,2026-09-16,3,21,18-23,content-2026-09-15-7str-oform-2,content-дата,7,оформлено,Theme1,alpha_other,3,нет,2,да,206,20,34,16.5,34,16.5,2773,13.46,81.6,21.2,0,0,0,0,0.0,0.0,0,,,13 из 50,1.28
3375.lol,lol,2026-09-03,4,18,18-23,NEW50_3_12pages_withdate_styled,NEW,12,без оформления,Theme1,numeric,4,да,1,да,206,31,34,16.5,35,17.0,1086,5.27,31.9,38.3,0,0,0,0,0.0,0.0,0,,,9 из 14,0.76
4287.team,team,2026-09-07,1,9,06-11,Выдача_06.09_12стр,прочее,12,,Theme1,numeric,4,да,1,да,206,31,34,16.5,46,22.3,919,4.46,27.0,24.5,0,0,0,0,0.0,0.0,0,,,3 из 8,1.24
mncasino.lol,lol,2026-09-11,5,17,12-17,NEW102оформленобездаты,NEW,,оформлено,Theme1,casino_infix,8,да,1,да,206,28,34,16.5,52,25.2,745,3.62,21.9,27.0,0,0,0,0,0.0,0.0,0,,,11 из 42,1.47
3616.lol,lol,2026-09-16,3,20,18-23,content-2026-09-15-7str-oform-2,content-дата,7,оформлено,Theme1,numeric,4,нет,2,да,206,24,34,16.5,34,16.5,811,3.94,23.9,46.8,0,0,0,0,0.0,0.0,0,,,14 из 50,1.28
casinoduw.lol,lol,2026-09-06,7,16,12-17,NEW20_3_12pages_withdate_styled_img,NEW,12,styled_img,Theme1,casino_prefix,9,да,1,да,206,30,34,16.5,38,18.4,724,3.51,21.3,26.4,0,0,0,0,0.0,0.0,0,,,4 из 5,0.9
c4x3.team,team,2026-09-02,3,17,12-17,nabory294303,nabory,,,Theme1,alpha_other,4,да,1,да,206,29,34,16.5,39,18.9,506,2.46,14.9,46.8,0,0,0,0,0.0,0.0,0,,,3 из 10,1.78
u0a3.casino,casino,2026-09-11,5,20,18-23,NEW102оформленобездаты,NEW,,оформлено,Theme1,alpha_other,4,да,1,да,206,31,34,16.5,42,20.4,559,2.71,16.4,30.0,0,0,0,0,0.0,0.0,0,,,12 из 42,1.47
4860.team,team,2026-09-15,2,1,00-05,content-2026-09-14-7str-oform-9,content-дата,7,оформлено,Theme1,numeric,4,да,1,да,206,20,34,16.5,37,18.0,469,2.28,13.8,52.0,0,0,0,0,0.0,0.0,0,,,6 из 29,1.79
2865.lol,lol,2026-09-09,3,18,18-23,archive47_unique119оформленочасть1,archive,,оформлено,Theme1,numeric,4,да,1,да,206,27,34,16.5,49,23.8,298,1.45,8.8,83.7,0,0,0,0,0.0,0.0,0,,,4 из 40,2.62
cztz.team,team,2026-09-16,3,13,12-17,nabory-565-580,nabory,,,Theme1,alpha_other,4,нет,2,да,206,29,34,16.5,35,17.0,435,2.11,12.8,69.1,0,0,0,0,0.0,0.0,0,,,4 из 16,1.24
daoi.lol,lol,2026-09-16,3,6,06-11,nabory-535-544_styled_img,nabory,,styled_img,Theme1,alpha_other,4,нет,2,да,206,30,34,16.5,38,18.4,388,1.88,11.4,39.5,0,0,0,0,0.0,0.0,0,,,4 из 10,1.1
7663.lol,lol,2026-09-15,2,14,12-17,content-2026-09-14c-7str-oform-2,content-дата,7,оформлено,Theme1,numeric,4,нет,2,да,206,17,34,16.5,37,18.0,310,1.5,9.1,53.2,0,0,0,0,0.0,0.0,0,,,29 из 44,0.87
2163.lol,lol,2026-09-13,7,12,12-17,content-2026-09-12-7str-oform-3,content-дата,7,оформлено,Theme1,numeric,4,да,1,да,206,27,34,16.5,40,19.4,321,1.56,9.4,33.8,0,0,0,0,0.0,0.0,0,,,1 из 39,4.23
7311.team,team,2026-09-15,2,14,12-17,content-2026-09-14c-7str-oform-2,content-дата,7,оформлено,Theme1,numeric,4,нет,2,да,206,20,34,16.5,38,18.4,237,1.15,7.0,71.0,0,0,0,0,0.0,0.0,0,,,30 из 44,0.87
8459.lol,lol,2026-09-15,2,23,18-23,content-2026-09-14c-7str-oform-1,content-дата,7,оформлено,Theme1,numeric,4,нет,2,да,206,23,34,16.5,35,17.0,288,1.4,8.5,56.3,0,0,0,0,0.0,0.0,0,,,35 из 45,0.79
1014.lol,lol,2026-09-15,2,10,06-11,content-2026-09-14b-7str-oform-2,content-дата,7,оформлено,Theme1,numeric,4,нет,2,да,206,22,34,16.5,37,18.0,253,1.23,7.4,57.2,0,0,0,0,0.0,0.0,0,,,17 из 51,1.26
3294casino.team,team,2026-09-15,2,11,06-11,content-2026-09-14b-7str-oform-2,content-дата,7,оформлено,Theme1,casino_infix,10,нет,2,да,206,22,34,16.5,35,17.0,274,1.33,8.1,46.2,0,0,0,0,0.0,0.0,0,,,18 из 51,1.26
6166.lol,lol,2026-09-15,2,21,18-23,content-2026-09-14c-7str-oform-1,content-дата,7,оформлено,Theme1,numeric,4,нет,2,да,206,19,34,16.5,37,18.0,151,0.73,4.4,67.0,0,0,0,0,0.0,0.0,0,,,36 из 45,0.79
9836.team,team,2026-09-15,2,5,00-05,content-2026-09-14-7str-oform-9,content-дата,7,оформлено,Theme1,numeric,4,нет,2,да,206,21,34,16.5,39,18.9,140,0.68,4.1,63.4,0,0,0,0,0.0,0.0,0,,,7 из 29,1.79
0190.team,team,2026-09-03,4,18,18-23,NEW50_3_7pages_withdate_styled,NEW,7,без оформления,Theme1,numeric,4,да,1,да,206,28,34,16.5,39,18.9,124,0.6,3.6,77.8,0,0,0,0,0.0,0.0,0,,,4 из 12,1.26
7079.team,team,2026-09-03,4,20,18-23,NEW50_3_12pages_withdate_styled,NEW,12,без оформления,Theme1,numeric,4,да,1,да,206,27,33,16.0,35,17.0,676,3.28,20.5,45.6,1,1,2,1,0.485,14.8,2,3,"Frank (2), Azino888 (1)",10 из 14,0.74
7448.lol,lol,2026-09-03,4,4,00-05,КОНТЕНТ НЕ ЗАПИСАН,не записан,,,Theme1,numeric,4,да,1,да,206,33,33,16.0,37,18.0,6503,31.57,197.1,6.5,0,0,0,0,0.0,0.0,0,,,12 из 71,2.19
casino0409m.casino,casino,2026-09-04,5,19,18-23,NEW20_12pages_withdate_styled_img,NEW,12,styled_img,Theme1,casino_prefix,11,да,1,да,206,32,33,16.0,40,19.4,1586,7.7,48.1,21.1,0,0,0,0,0.0,0.0,0,,,5 из 6,0.84
2465.team,team,2026-09-03,4,6,06-11,NEW50_7pages_withdate_01.09,NEW,7,без оформления,Theme1,numeric,4,да,1,да,206,30,33,16.0,46,22.3,816,3.96,24.7,17.7,0,0,0,0,0.0,0.0,0,,,7 из 11,0.94
bzcasino.team,team,2026-09-17,4,16,12-17,content-2026-09-16-7str,content-дата,7,,Theme1,casino_infix,8,нет,2,да,206,25,33,16.0,35,17.0,1496,7.26,45.3,37.0,0,0,0,0,0.0,0.0,0,,,11 из 42,1.53
8736.team,team,2026-09-17,4,4,00-05,nabory-591-600,nabory,,,Theme1,numeric,4,нет,2,да,206,27,33,16.0,36,17.5,1270,6.17,38.5,34.6,0,0,0,0,0.0,0.0,0,,,1 из 10,2.0
0291.lol,lol,2026-09-16,3,7,06-11,content-2026-09-14b-7str-oform-2,content-дата,7,оформлено,Theme1,numeric,4,нет,2,да,206,26,33,16.0,35,17.0,917,4.45,27.8,31.2,0,0,0,0,0.0,0.0,0,,,19 из 51,1.22
50casino.team,team,2026-09-15,2,14,12-17,content-2026-09-14c-7str-oform-2,content-дата,7,оформлено,Theme1,casino_infix,8,нет,2,да,206,28,33,16.0,36,17.5,807,3.92,24.5,41.1,0,0,0,0,0.0,0.0,0,,,31 из 44,0.85
274casino.team,team,2026-09-06,7,19,18-23,nabory400410_styled_img,nabory,,styled_img,Theme1,casino_infix,9,да,1,да,206,32,33,16.0,39,18.9,523,2.54,15.8,36.8,0,0,0,0,0.0,0.0,0,,,1 из 11,2.19
8928.team,team,2026-09-08,2,6,06-11,clean7_part1_50оформлено,clean,,оформлено,Theme1,numeric,4,да,1,да,206,33,33,16.0,33,16.0,491,2.38,14.9,22.0,0,0,0,0,0.0,0.0,0,,,8 из 50,1.79
5653.lol,lol,2026-09-16,3,8,06-11,nabory-555-564_styled_img,nabory,,styled_img,Theme1,numeric,4,нет,2,да,206,30,33,16.0,38,18.4,411,2.0,12.5,53.1,0,0,0,0,0.0,0.0,0,,,5 из 10,1.03
k1y.team,team,2026-09-07,1,18,18-23,NEW20_4_7pages_nodate,NEW,7,без оформления,Theme1,alpha_other,3,да,1,да,206,31,33,16.0,42,20.4,280,1.36,8.5,38.3,0,0,0,0,0.0,0.0,0,,,1 из 5,2.35
6399.team,team,2026-09-17,4,1,00-05,nabory-581-590,nabory,,,Theme1,numeric,4,да,1,да,206,28,33,16.0,39,18.9,422,2.05,12.8,67.0,0,0,0,0,0.0,0.0,0,,,1 из 10,1.84
5027.lol,lol,2026-09-17,4,10,06-11,content-2026-09-14b-7str-oform-2,content-дата,7,оформлено,Theme1,numeric,4,нет,2,да,206,30,33,16.0,35,17.0,341,1.66,10.3,64.4,0,0,0,0,0.0,0.0,0,,,20 из 51,1.22
y3z5.team,team,2026-09-17,4,20,18-23,content-2026-09-16-7str,content-дата,7,,Theme1,alpha_other,4,нет,2,да,206,28,33,16.0,34,16.5,338,1.64,10.2,60.0,0,0,0,0,0.0,0.0,0,,,12 из 42,1.53
casinojdj.lol,lol,2026-09-10,4,17,12-17,archive37строформленоv2часть1,archive,7,оформлено,Theme1,casino_prefix,9,да,1,да,206,27,33,16.0,39,18.9,264,1.28,8.0,44.0,0,0,0,0,0.0,0.0,0,,,3 из 45,3.27
jwjcasino.team,team,2026-09-07,1,18,18-23,NEW20_4_7pages_withdate,NEW,7,без оформления,Theme1,casino_infix,9,да,1,да,206,31,33,16.0,40,19.4,229,1.11,6.9,51.0,0,0,0,0,0.0,0.0,0,,,1 из 5,1.27
y6o.lol,lol,2026-09-15,2,16,12-17,content-2026-09-14c-7str-oform-2,content-дата,7,оформлено,Theme1,alpha_other,3,нет,3,да,206,22,33,16.0,33,16.0,236,1.15,7.2,57.1,0,0,0,0,0.0,0.0,0,,,32 из 44,0.85
2593.lol,lol,2026-09-15,2,18,18-23,content-2026-09-14c-7str-oform-1,content-дата,7,оформлено,Theme1,numeric,4,нет,3,да,206,20,33,16.0,36,17.5,245,1.19,7.4,62.0,0,0,0,0,0.0,0.0,0,,,37 из 45,0.77
dak.casino,casino,2026-09-12,6,21,18-23,nabory-490-494_styled_img,nabory,,styled_img,Theme1,alpha_other,3,да,1,да,206,27,33,16.0,51,24.8,189,0.92,5.7,66.5,0,0,0,0,0.0,0.0,0,,,1 из 5,3.27
casinorty.lol,lol,2026-09-15,2,2,00-05,content-2026-09-14-7str-oform-1,content-дата,7,оформлено,Theme1,casino_prefix,9,нет,2,да,206,22,33,16.0,39,18.9,197,0.96,6.0,59.5,0,0,0,0,0.0,0.0,0,,,1 из 9,3.27
wbji.casino,casino,2026-09-09,3,17,12-17,nabory461463_styled_img,nabory,,styled_img,Theme1,alpha_other,4,да,1,да,182,26,29,15.9,33,18.1,1074,5.9,37.0,28.9,1,0,1,0,0.549,9.3,1,2,Fraga (1),3 из 3,0.94
939casino.lol,lol,2026-09-06,7,21,18-23,nabory421425_styled_img,nabory,,styled_img,Theme1,casino_infix,9,да,1,да,205,27,32,15.6,34,16.6,520,2.54,16.2,37.7,0,0,0,0,0.0,0.0,0,,,3 из 5,1.0
3237.lol,lol,2026-09-08,2,10,06-11,Content_script_12page_08.09,script,12,,Theme1,numeric,4,да,1,да,206,30,32,15.5,42,20.4,7018,34.07,219.3,6.2,3,0,3,0,1.456,4.3,3,1,"Kush (1), Cactus (1), Like (1)",4 из 11,1.18
6874.team,team,2026-09-16,3,20,18-23,content-2026-09-15-7str-oform-2,content-дата,7,оформлено,Theme1,numeric,4,нет,2,да,206,25,32,15.5,33,16.0,3639,17.67,113.7,15.9,1,1,1,1,0.485,2.7,1,3,Pinco (2),15 из 50,1.21
4236.lol,lol,2026-09-09,3,18,18-23,archive47_unique119оформленочасть1,archive,,оформлено,Theme1,numeric,4,да,1,да,206,28,32,15.5,46,22.3,1402,6.81,43.8,62.7,1,1,1,1,0.485,7.1,1,1,Bounty (2),5 из 40,2.46
9942.team,team,2026-09-10,4,16,12-17,archive37строформленоv2часть1,archive,7,оформлено,Theme1,numeric,4,да,1,да,206,30,32,15.5,38,18.4,1388,6.74,43.4,7.6,0,0,1,0,0.0,0.0,1,5,Epicstar (1),4 из 45,3.16
9574.team,team,2026-09-06,7,9,06-11,Generator_392396_styled_img,Generator,,styled_img,Theme1,numeric,4,да,1,да,206,31,32,15.5,36,17.5,4728,22.95,147.8,4.1,0,0,0,0,0.0,0.0,0,,,1 из 5,1.99
wgcasino.team,team,2026-09-15,2,10,06-11,content-2026-09-14c-12str-oform,content-дата,12,оформлено,Theme1,casino_infix,8,нет,2,да,206,22,32,15.5,36,17.5,2382,11.56,74.4,17.5,0,0,0,0,0.0,0.0,0,,,4 из 4,0.47
1009g.casino,casino,2026-09-11,4,0,00-05,script_yandex_12page,script,12,,Theme1,alpha_other,5,да,1,да,206,32,32,15.5,47,22.8,1101,5.34,34.4,10.9,0,0,0,0,0.0,0.0,0,,,4 из 21,1.68
5826.lol,lol,2026-09-08,2,10,06-11,Content_script_12page_08.09,script,12,,Theme1,numeric,4,да,1,да,206,31,32,15.5,44,21.4,1182,5.74,36.9,25.8,0,0,0,0,0.0,0.0,0,,,5 из 11,1.18
6860.team,team,2026-09-03,4,20,18-23,NEW50_3_7pages_nodate_styled,NEW,7,без оформления,Theme1,numeric,4,да,1,да,206,28,32,15.5,33,16.0,1173,5.69,36.7,29.6,0,0,0,0,0.0,0.0,0,,,3 из 13,1.45
opue.team,team,2026-09-17,4,20,18-23,content-2026-09-16-7str,content-дата,7,,Theme1,alpha_other,4,нет,2,да,206,23,32,15.5,33,16.0,992,4.82,31.0,39.1,0,0,0,0,0.0,0.0,0,,,13 из 42,1.48
07casino.buzz,buzz,2026-09-08,2,20,18-23,nabory447451_styled_img,nabory,,styled_img,Theme1,casino_infix,8,да,1,да,206,30,32,15.5,35,17.0,763,3.7,23.8,19.6,0,0,0,0,0.0,0.0,0,,,1 из 5,2.12
rwjd.team,team,2026-09-06,7,9,06-11,Generator_392396_styled_img,Generator,,styled_img,Theme1,alpha_other,4,да,1,да,206,30,32,15.5,43,20.9,502,2.44,15.7,28.9,0,0,0,0,0.0,0.0,0,,,2 из 5,1.99
xwmcasino.team,team,2026-09-16,3,4,00-05,content-2026-09-14c-7str-oform-1,content-дата,7,оформлено,Theme1,casino_infix,9,нет,2,да,206,29,32,15.5,33,16.0,713,3.46,22.3,28.7,0,0,0,0,0.0,0.0,0,,,38 из 45,0.74
ngxo.team,team,2026-09-15,2,16,12-17,content-2026-09-14c-7str-oform-2,content-дата,7,оформлено,Theme1,alpha_other,4,нет,3,да,206,19,32,15.5,35,17.0,555,2.69,17.3,47.7,0,0,0,0,0.0,0.0,0,,,33 из 44,0.82
casinofgp.lol,lol,2026-09-15,2,5,00-05,content-2026-09-14-7str-oform-8,content-дата,7,оформлено,Theme1,casino_prefix,9,нет,2,да,206,23,32,15.5,37,18.0,544,2.64,17.0,41.0,0,0,0,0,0.0,0.0,0,,,2 из 25,1.99
g3q3.buzz,buzz,2026-09-09,3,12,12-17,archive412_unique12оформлено,archive,,оформлено,Theme1,alpha_other,4,да,1,да,206,32,32,15.5,49,23.8,481,2.33,15.0,66.2,0,0,0,0,0.0,0.0,0,,,10 из 12,0.68
zyok.lol,lol,2026-09-04,5,11,06-11,nabory274283,nabory,,,Theme1,alpha_other,4,да,1,да,206,31,32,15.5,39,18.9,489,2.37,15.3,34.6,0,0,0,0,0.0,0.0,0,,,4 из 10,1.38
bacasino.lol,lol,2026-09-07,1,20,18-23,NEW20_12pages_nodate_оформлено,NEW,12,оформлено,Theme1,casino_infix,8,да,1,да,206,29,32,15.5,39,18.9,308,1.5,9.6,50.6,0,0,0,0,0.0,0.0,0,,,4 из 6,0.91
5628.team,team,2026-09-17,4,21,18-23,content-2026-09-14b-7str-oform-1,content-дата,7,оформлено,Theme1,numeric,4,нет,2,да,206,19,32,15.5,33,16.0,361,1.75,11.3,42.1,0,0,0,0,0.0,0.0,0,,,5 из 22,1.82
slkz.team,team,2026-09-11,5,2,00-05,clean7_part1_50оформлено,clean,,оформлено,Theme1,alpha_other,4,да,1,да,206,26,32,15.5,41,19.9,192,0.93,6.0,49.8,0,0,0,0,0.0,0.0,0,,,9 из 50,1.73
jnpz.lol,lol,2026-09-17,4,12,12-17,content-2026-09-14b-7str-oform-1,content-дата,7,оформлено,Theme1,alpha_other,4,нет,2,да,206,22,32,15.5,33,16.0,321,1.56,10.0,68.4,0,0,0,0,0.0,0.0,0,,,6 из 22,1.82
5609.team,team,2026-09-11,5,8,06-11,clean7_part1_50оформлено,clean,,оформлено,Theme1,numeric,4,да,1,да,206,25,32,15.5,43,20.9,247,1.2,7.7,27.4,0,0,0,0,0.0,0.0,0,,,10 из 50,1.73
7888.team,team,2026-09-16,3,5,00-05,nabory-535-544_styled_img,nabory,,styled_img,Theme1,numeric,4,нет,2,да,206,25,32,15.5,34,16.5,264,1.28,8.2,50.1,0,0,0,0,0.0,0.0,0,,,5 из 10,1.03
7213.lol,lol,2026-09-18,5,21,18-23,content-2026-09-17b-7str-oform,content-дата,7,оформлено,Theme1,numeric,4,нет,2,да,206,20,32,15.5,32,15.5,278,1.35,8.7,60.9,0,0,0,0,0.0,0.0,0,,,13 из 21,0.75
1818.team,team,2026-09-05,6,23,18-23,tesemochnaya1,прочее,,,Theme1,numeric,4,да,1,да,206,27,32,15.5,35,17.0,221,1.07,6.9,40.9,0,0,0,0,0.0,0.0,0,,,1 из 1,1.0
7817.team,team,2026-09-17,4,14,12-17,content-2026-09-16-7str,content-дата,7,,Theme1,numeric,4,нет,2,да,206,23,32,15.5,32,15.5,141,0.68,4.4,85.7,0,0,0,0,0.0,0.0,0,,,14 из 42,1.48
7574.lol,lol,2026-09-16,3,11,06-11,nabory-565-580,nabory,,,Theme1,numeric,4,нет,2,да,206,26,32,15.5,33,16.0,120,0.58,3.8,84.4,0,0,0,0,0.0,0.0,0,,,5 из 16,1.16
casinozr.lol,lol,2026-09-18,4,0,00-05,content-2026-09-14b-7str-oform-1,content-дата,7,оформлено,Theme1,casino_prefix,8,нет,2,да,150,16,23,15.3,23,15.3,535,3.57,23.3,40.3,0,0,0,0,0.0,0.0,0,,,7 из 22,1.8
2669.lol,lol,2026-09-18,5,2,00-05,content-2026-09-17-7str-oform-2,content-дата,7,оформлено,Theme1,numeric,4,нет,2,да,150,23,23,15.3,23,15.3,167,1.11,7.3,73.1,0,0,0,0,0.0,0.0,0,,,12 из 36,1.44
casino66.team,team,2026-09-11,5,21,18-23,КОНТЕНТ НЕ ЗАПИСАН,не записан,,,Theme1,casino_prefix,8,да,1,да,205,27,31,15.1,39,19.0,789,3.85,25.5,21.5,0,0,0,0,0.0,0.0,0,,,13 из 71,2.07
939casino.team,team,2026-09-07,1,16,12-17,NEW20_4_12pages_nodate,NEW,12,без оформления,Theme1,casino_infix,9,да,1,да,206,28,31,15.0,37,18.0,357,1.73,11.5,39.8,1,1,1,1,0.485,28.0,1,0,Martin (2),4 из 6,0.91
5226casino.lol,lol,2026-09-16,3,8,06-11,nabory-555-564_styled_img,nabory,,styled_img,Theme1,casino_infix,10,нет,2,да,206,30,31,15.0,36,17.5,1526,7.41,49.2,22.9,1,0,1,0,0.485,6.6,1,3,Money X (1),6 из 10,0.97
7978.lol,lol,2026-09-07,1,17,12-17,NEW20_4_12pages_nodate,NEW,12,без оформления,Theme1,numeric,4,да,1,да,206,25,31,15.0,40,19.4,588,2.85,19.0,30.4,1,0,1,0,0.485,17.0,1,2,Riobet (1),5 из 6,0.91
1209r.casino,casino,2026-09-12,6,19,18-23,script_yandex_12page,script,12,,Theme1,alpha_other,5,да,1,да,206,28,31,15.0,41,19.9,319,1.55,10.3,37.6,0,0,1,0,0.0,0.0,1,5,Winline (1),5 из 21,1.63
8648.lol,lol,2026-09-16,3,11,06-11,content-2026-09-15-7str-oform-2,content-дата,7,оформлено,Theme1,numeric,4,нет,2,да,206,27,31,15.0,36,17.5,4006,19.45,129.2,22.0,0,0,0,0,0.0,0.0,0,,,16 из 50,1.17
3129.team,team,2026-09-17,4,3,00-05,nabory-591-600,nabory,,,Theme1,numeric,4,нет,2,да,206,26,31,15.0,32,15.5,2945,14.3,95.0,25.3,0,0,0,0,0.0,0.0,0,,,2 из 10,1.88
9442.team,team,2026-09-11,5,19,18-23,script_yandex_12page,script,12,,Theme1,numeric,4,да,1,да,206,28,31,15.0,45,21.8,2053,9.97,66.2,11.4,0,0,0,0,0.0,0.0,0,,,6 из 21,1.63
8334.lol,lol,2026-09-15,2,22,18-23,content-2026-09-14c-7str-oform-2,content-дата,7,оформлено,Theme1,numeric,4,нет,2,да,206,19,31,15.0,32,15.5,1756,8.52,56.6,20.0,0,0,0,0,0.0,0.0,0,,,34 из 44,0.79
1009hd.casino,casino,2026-09-10,4,11,06-11,archive47_unique119оформленочасть1,archive,,оформлено,Theme1,alpha_other,6,да,1,да,206,28,31,15.0,44,21.4,908,4.41,29.3,16.7,0,0,0,0,0.0,0.0,0,,,6 из 40,2.38
37casino.lol,lol,2026-09-16,3,10,06-11,content-2026-09-15-7str-oform-2,content-дата,7,оформлено,Theme1,casino_infix,8,нет,2,да,206,28,31,15.0,32,15.5,1317,6.39,42.5,46.1,0,0,0,0,0.0,0.0,0,,,17 из 50,1.17
5335.team,team,2026-09-03,4,19,18-23,NEW50_3_12pages_nodate_styled,NEW,12,без оформления,Theme1,numeric,4,да,1,да,206,28,31,15.0,35,17.0,992,4.82,32.0,33.8,0,0,0,0,0.0,0.0,0,,,6 из 11,1.0
8908.lol,lol,2026-09-07,1,19,18-23,NEW20_12pages_withdate_оформлено,NEW,12,оформлено,Theme1,numeric,4,да,1,да,206,31,31,15.0,34,16.5,958,4.65,30.9,28.3,0,0,0,0,0.0,0.0,0,,,2 из 4,1.11
moqcasino.lol,lol,2026-09-16,3,17,12-17,content-2026-09-15-7str-oform-2,content-дата,7,оформлено,Theme1,casino_infix,9,нет,2,да,206,27,31,15.0,31,15.0,703,3.41,22.7,41.2,0,0,0,0,0.0,0.0,0,,,18 из 50,1.17
713casino.team,team,2026-09-16,3,15,12-17,content-2026-09-15-7str-oform-2,content-дата,7,оформлено,Theme1,casino_infix,9,нет,2,да,206,26,31,15.0,35,17.0,625,3.03,20.2,53.9,0,0,0,0,0.0,0.0,0,,,19 из 50,1.17
pbfj.team,team,2026-09-02,3,0,00-05,NEW50_7pages_withdate_01.09,NEW,7,без оформления,Theme1,alpha_other,4,да,1,да,206,31,31,15.0,32,15.5,394,1.91,12.7,57.1,0,0,0,0,0.0,0.0,0,,,8 из 11,0.88
3789.team,team,2026-09-15,2,1,00-05,content-2026-09-14-7str-oform-9,content-дата,7,оформлено,Theme1,numeric,4,да,1,да,206,22,31,15.0,34,16.5,466,2.26,15.0,59.9,0,0,0,0,0.0,0.0,0,,,8 из 29,1.63
lbpy.team,team,2026-09-14,1,19,18-23,content-2026-09-14-12str-oform,content-дата,12,оформлено,Theme1,alpha_other,4,да,1,да,206,24,31,15.0,33,16.0,297,1.44,9.6,57.4,0,0,0,0,0.0,0.0,0,,,8 из 16,1.05
1936.team,team,2026-09-06,7,12,12-17,bortnichiydvor1,прочее,,,Theme1,numeric,4,да,1,да,206,30,31,15.0,35,17.0,368,1.79,11.9,51.3,0,0,0,0,0.0,0.0,0,,,1 из 1,1.0
684casino.lol,lol,2026-09-16,3,5,00-05,nabory-545-554_styled_img,nabory,,styled_img,Theme1,casino_infix,9,нет,2,да,206,27,31,15.0,37,18.0,345,1.67,11.1,42.8,0,0,0,0,0.0,0.0,0,,,4 из 10,1.12
kztt.lol,lol,2026-09-15,2,15,12-17,content-2026-09-14c-7str-oform-2,content-дата,7,оформлено,Theme1,alpha_other,4,нет,2,да,206,25,31,15.0,34,16.5,165,0.8,5.3,70.6,0,0,0,0,0.0,0.0,0,,,35 из 44,0.79
3349.lol,lol,2026-09-03,4,18,18-23,NEW50_3_7pages_withdate_styled,NEW,7,без оформления,Theme1,numeric,4,да,1,да,206,23,31,15.0,35,17.0,149,0.72,4.8,74.5,0,0,0,0,0.0,0.0,0,,,5 из 12,1.15
casinoaa.lol,lol,2026-09-18,5,12,12-17,content-2026-09-17-7str-oform-2,content-дата,7,оформлено,Theme1,casino_prefix,8,нет,2,да,150,16,22,14.7,22,14.7,78,0.52,3.5,78.8,0,0,0,0,0.0,0.0,0,,,13 из 36,1.38
9124.lol,lol,2026-09-04,5,14,12-17,КОНТЕНТ НЕ ЗАПИСАН,не записан,,,Theme1,numeric,4,да,1,да,206,25,30,14.6,32,15.5,783,3.8,26.1,36.6,3,0,3,0,1.456,38.3,3,1,"Onion (1), Lucky Bird (1), Spinto (1)",14 из 71,2.0
5406.lol,lol,2026-09-08,2,10,06-11,clean7_part1_50оформлено,clean,,оформлено,Theme1,numeric,4,да,1,да,206,29,30,14.6,40,19.4,1011,4.91,33.7,23.8,1,0,2,0,0.485,9.9,2,2,"Goodwin (1), Селектор (1)",11 из 50,1.63
a1f9.lol,lol,2026-09-09,3,21,18-23,archive47_unique119оформленочасть1,archive,,оформлено,Theme1,alpha_other,4,да,1,да,206,28,30,14.6,45,21.8,478,2.32,15.9,71.0,1,0,2,0,0.485,20.9,2,1,"AUF (1), Slotoro (1)",7 из 40,2.32
casino122.team,team,2026-09-13,7,15,12-17,content-2026-09-12-7str-oform-3,content-дата,7,оформлено,Theme1,casino_prefix,9,да,1,да,206,26,30,14.6,37,18.0,3302,16.03,110.1,5.6,1,0,1,0,0.485,3.0,1,2,Фреш (1),2 из 39,3.74
rdpo.lol,lol,2026-09-16,3,7,06-11,nabory-535-544_styled_img,nabory,,styled_img,Theme1,alpha_other,4,нет,2,да,206,26,30,14.6,34,16.5,222,1.08,7.4,59.3,1,0,1,0,0.485,45.0,1,0,Lucky Bird (1),6 из 10,0.97
psbl.lol,lol,2026-09-09,3,17,12-17,archive47_unique119оформленочасть1,archive,,оформлено,Theme1,alpha_other,4,да,1,да,206,24,30,14.6,39,18.9,268,1.3,8.9,73.8,0,0,1,0,0.0,0.0,1,4,Luckybear (1),8 из 40,2.32
2018.team,team,2026-09-03,4,18,18-23,NEW50_3_12pages_withdate_styled,NEW,12,без оформления,Theme1,numeric,4,да,1,да,206,21,30,14.6,31,15.0,2454,11.91,81.8,24.6,0,0,0,0,0.0,0.0,0,,,11 из 14,0.68
1556.lol,lol,2026-09-08,2,6,06-11,clean7_part1_50оформлено,clean,,оформлено,Theme1,numeric,4,да,1,да,206,29,30,14.6,34,16.5,1372,6.66,45.7,11.6,0,0,0,0,0.0,0.0,0,,,12 из 50,1.63
1734.lol,lol,2026-09-16,3,4,00-05,nabory-535-544_styled_img,nabory,,styled_img,Theme1,numeric,4,нет,2,да,206,27,30,14.6,36,17.5,1057,5.13,35.2,30.1,0,0,0,0,0.0,0.0,0,,,7 из 10,0.97
3902.team,team,2026-09-07,1,16,12-17,nabory431435_styled_img,nabory,,styled_img,Theme1,numeric,4,да,1,да,206,29,30,14.6,34,16.5,846,4.11,28.2,25.1,0,0,0,0,0.0,0.0,0,,,2 из 5,1.11
7612.lol,lol,2026-09-03,4,20,18-23,NEW50_3_12pages_nodate_styled,NEW,12,без оформления,Theme1,numeric,4,да,1,да,206,25,30,14.6,33,16.0,708,3.44,23.6,48.6,0,0,0,0,0.0,0.0,0,,,7 из 11,0.97
fuen.team,team,2026-09-07,1,20,18-23,NEW20_7pages_nodate_оформлено,NEW,7,оформлено,Theme1,alpha_other,4,да,1,да,206,28,30,14.6,38,18.4,619,3.0,20.6,23.9,0,0,0,0,0.0,0.0,0,,,1 из 5,2.15
casinoar.team,team,2026-09-12,6,20,18-23,content-2026-09-12-7str-oform-2,content-дата,7,оформлено,Theme1,casino_prefix,8,да,1,да,206,26,30,14.6,41,19.9,505,2.45,16.8,36.0,0,0,0,0,0.0,0.0,0,,,4 из 41,2.75
0409h.casino,casino,2026-09-04,5,19,18-23,NEW20_12pages_nodate_styled_img,NEW,12,styled_img,Theme1,alpha_other,5,да,1,да,206,24,30,14.6,34,16.5,621,3.01,20.7,40.5,0,0,0,0,0.0,0.0,0,,,4 из 4,0.85
casino624.lol,lol,2026-09-16,3,12,12-17,nabory-565-580,nabory,,,Theme1,casino_prefix,9,нет,2,да,206,23,30,14.6,33,16.0,753,3.66,25.1,54.3,0,0,0,0,0.0,0.0,0,,,6 из 16,1.09
8730.team,team,2026-09-02,3,20,18-23,NEW50_2_7pages_withdate,NEW,7,без оформления,Theme1,numeric,4,да,1,да,206,28,30,14.6,37,18.0,570,2.77,19.0,47.0,0,0,0,0,0.0,0.0,0,,,6 из 6,0.69
casino3704.lol,lol,2026-09-06,7,17,12-17,NEW20_3_12pages_withdate_styled_img,NEW,12,styled_img,Theme1,casino_prefix,10,да,1,да,206,24,30,14.6,38,18.4,397,1.93,13.2,37.2,0,0,0,0,0.0,0.0,0,,,5 из 5,0.79
4287.lol,lol,2026-09-07,1,9,06-11,Выдача_06.09_12стр,прочее,12,,Theme1,numeric,4,да,1,да,206,29,30,14.6,35,17.0,535,2.6,17.8,38.9,0,0,0,0,0.0,0.0,0,,,4 из 8,1.09
5347.lol,lol,2026-09-17,4,13,12-17,content-2026-09-16-12str,content-дата,12,,Theme1,numeric,4,нет,2,да,206,25,30,14.6,31,15.0,451,2.19,15.0,62.8,0,0,0,0,0.0,0.0,0,,,2 из 6,1.31
w0w3.casino,casino,2026-09-01,2,17,12-17,NEW50_12pages_withdate_01.09,NEW,12,без оформления,Theme1,alpha_other,4,да,1,да,206,22,30,14.6,30,14.6,425,2.06,14.2,78.7,0,0,0,0,0.0,0.0,0,,,15 из 17,0.7
jfgcasino.team,team,2026-09-16,3,13,12-17,nabory-565-580,nabory,,,Theme1,casino_infix,9,нет,2,да,206,26,30,14.6,33,16.0,407,1.98,13.6,71.9,0,0,0,0,0.0,0.0,0,,,7 из 16,1.09
0346.lol,lol,2026-09-17,4,5,00-05,content-2026-09-15-7str-oform-1,content-дата,7,оформлено,Theme1,numeric,4,нет,2,да,206,25,30,14.6,32,15.5,237,1.15,7.9,70.8,0,0,0,0,0.0,0.0,0,,,7 из 50,2.0
lmnp.lol,lol,2026-09-07,1,18,18-23,NEW20_4_7pages_withdate,NEW,7,без оформления,Theme1,alpha_other,4,да,1,да,206,27,30,14.6,38,18.4,221,1.07,7.4,52.0,0,0,0,0,0.0,0.0,0,,,2 из 5,1.16
lcdj.team,team,2026-09-05,6,20,18-23,NEW21_7pages_nodate_styled_img,NEW,7,styled_img,Theme1,alpha_other,4,да,1,да,206,24,30,14.6,31,15.0,147,0.71,4.9,49.8,0,0,0,0,0.0,0.0,0,,,2 из 6,1.54
iqcasino.team,team,2026-09-16,3,3,00-05,content-2026-09-14c-7str-oform-1,content-дата,7,оформлено,Theme1,casino_infix,8,нет,2,да,206,28,30,14.6,31,15.0,192,0.93,6.4,65.1,0,0,0,0,0.0,0.0,0,,,39 из 45,0.7
8508.team,team,2026-09-07,1,19,18-23,NEW20_7pages_withdate_оформлено,NEW,7,оформлено,Theme1,numeric,4,да,1,да,206,26,30,14.6,37,18.0,122,0.59,4.1,51.0,0,0,0,0,0.0,0.0,0,,,1 из 5,1.36
7790.team,team,2026-09-15,2,4,00-05,content-2026-09-14-7str-oform-9,content-дата,7,оформлено,Theme1,numeric,4,нет,2,да,206,22,30,14.6,30,14.6,118,0.57,3.9,70.4,0,0,0,0,0.0,0.0,0,,,9 из 29,1.59
casinob3.lol,lol,2026-09-12,6,20,18-23,content-2026-09-12-7str-oform-1,content-дата,7,оформлено,Theme1,casino_prefix,8,да,1,да,206,17,29,14.1,37,18.0,533,2.59,18.4,27.7,2,0,2,0,0.971,37.5,2,1,"Turbo (1), Мелбет (1)",2 из 41,2.66
4316.lol,lol,2026-09-10,4,16,12-17,archive37строформленоv2часть1,archive,7,оформлено,Theme1,numeric,4,да,1,да,206,26,29,14.1,40,19.4,1334,6.48,46.0,17.3,0,0,0,0,0.0,0.0,0,,,5 из 45,2.88
2853.lol,lol,2026-09-03,4,2,00-05,КОНТЕНТ НЕ ЗАПИСАН,не записан,,,Theme1,numeric,4,да,1,да,206,25,29,14.1,34,16.5,1327,6.44,45.8,33.3,0,0,0,0,0.0,0.0,0,,,15 из 71,1.93
7371.lol,lol,2026-09-16,3,8,06-11,content-2026-09-14b-7str-oform-2,content-дата,7,оформлено,Theme1,numeric,4,нет,2,да,206,24,29,14.1,32,15.5,1229,5.97,42.4,29.8,0,0,0,0,0.0,0.0,0,,,21 из 51,1.08
lwqm.team,team,2026-09-15,2,8,06-11,content-2026-09-14b-7str-oform-2,content-дата,7,оформлено,Theme1,alpha_other,4,нет,2,да,206,20,29,14.1,33,16.0,754,3.66,26.0,32.9,0,0,0,0,0.0,0.0,0,,,22 из 51,1.08
7590.lol,lol,2026-09-02,3,21,18-23,nabory274283,nabory,,,Theme1,numeric,4,да,1,да,206,28,29,14.1,30,14.6,726,3.52,25.0,45.3,0,0,0,0,0.0,0.0,0,,,5 из 10,1.26
3520.team,team,2026-09-16,3,10,06-11,nabory-565-580,nabory,,,Theme1,numeric,4,нет,2,да,206,29,29,14.1,35,17.0,529,2.57,18.2,64.8,0,0,0,0,0.0,0.0,0,,,8 из 16,1.06
casino1109.casino,casino,2026-09-11,5,12,12-17,NEW102оформленосдатой,NEW,,оформлено,Theme1,casino_prefix,10,да,1,да,206,25,29,14.1,35,17.0,449,2.18,15.5,7.9,0,0,0,0,0.0,0.0,0,,,8 из 18,1.04
4151.lol,lol,2026-09-03,4,19,18-23,NEW50_3_12pages_nodate_styled,NEW,12,без оформления,Theme1,numeric,4,да,1,да,206,21,29,14.1,35,17.0,412,2.0,14.2,54.5,0,0,0,0,0.0,0.0,0,,,8 из 11,0.94
gdpu.buzz,buzz,2026-09-09,3,12,12-17,archive412_unique12оформлено,archive,,оформлено,Theme1,alpha_other,4,да,1,да,206,24,29,14.1,45,21.8,435,2.11,15.0,70.9,0,0,0,0,0.0,0.0,0,,,11 из 12,0.62
3675.lol,lol,2026-09-03,4,18,18-23,NEW50_3_7pages_withdate_styled,NEW,7,без оформления,Theme1,numeric,4,да,1,да,206,20,29,14.1,34,16.5,354,1.72,12.2,64.1,0,0,0,0,0.0,0.0,0,,,6 из 12,1.08
zlxm.team,team,2026-09-15,2,2,00-05,content-2026-09-14-7str-oform-9,content-дата,7,оформлено,Theme1,alpha_other,4,нет,2,да,206,14,29,14.1,34,16.5,393,1.91,13.6,47.9,0,0,0,0,0.0,0.0,0,,,10 из 29,1.53
pdmw.lol,lol,2026-09-09,3,17,12-17,archive47_unique119оформленочасть2,archive,,оформлено,Theme1,alpha_other,4,да,1,да,206,27,29,14.1,43,20.9,210,1.02,7.2,73.8,0,0,0,0,0.0,0.0,0,,,1 из 24,2.66
3774.team,team,2026-09-16,3,15,12-17,content-2026-09-15-7str-oform-2,content-дата,7,оформлено,Theme1,numeric,4,нет,2,да,206,25,29,14.1,30,14.6,300,1.46,10.3,59.0,0,0,0,0,0.0,0.0,0,,,20 из 50,1.1
3211.team,team,2026-09-06,7,18,18-23,NEW20_3_7pages_nodate_styled_img,NEW,7,styled_img,Theme1,numeric,4,да,1,да,206,27,29,14.1,35,17.0,236,1.15,8.1,38.8,0,0,0,0,0.0,0.0,0,,,4 из 6,0.67
5580.lol,lol,2026-09-03,4,19,18-23,NEW50_3_7pages_nodate_styled,NEW,7,без оформления,Theme1,numeric,4,да,1,да,206,23,29,14.1,33,16.0,213,1.03,7.3,63.9,0,0,0,0,0.0,0.0,0,,,4 из 13,1.32
qmpl.lol,lol,2026-09-03,4,0,00-05,КОНТЕНТ НЕ ЗАПИСАН,не записан,,,Theme1,alpha_other,4,да,1,да,206,28,29,14.1,33,16.0,206,1.0,7.1,83.7,0,0,0,0,0.0,0.0,0,,,16 из 71,1.93
566casino.team,team,2026-09-15,2,6,06-11,content-2026-09-14b-7str-oform-2,content-дата,7,оформлено,Theme1,casino_infix,9,нет,2,да,206,16,29,14.1,35,17.0,161,0.78,5.6,59.4,0,0,0,0,0.0,0.0,0,,,23 из 51,1.08
9825.lol,lol,2026-09-16,3,15,12-17,content-2026-09-15-7str-oform-2,content-дата,7,оформлено,Theme1,numeric,4,нет,2,да,206,26,29,14.1,29,14.1,190,0.92,6.6,66.8,0,0,0,0,0.0,0.0,0,,,21 из 50,1.1
4954.team,team,2026-09-15,2,11,06-11,content-2026-09-14b-7str-oform-2,content-дата,7,оформлено,Theme1,numeric,4,нет,2,да,206,22,29,14.1,32,15.5,109,0.53,3.8,67.6,0,0,0,0,0.0,0.0,0,,,24 из 51,1.08
casinoun.lol,lol,2026-09-18,5,12,12-17,content-2026-09-17-7str-oform-2,content-дата,7,оформлено,Theme1,casino_prefix,8,нет,2,да,150,20,21,14.0,21,14.0,366,2.44,17.4,61.7,0,0,0,0,0.0,0.0,0,,,14 из 36,1.31
tbvi.lol,lol,2026-09-18,5,16,12-17,content-2026-09-17b-7str-oform,content-дата,7,оформлено,Theme1,alpha_other,4,нет,2,да,150,20,21,14.0,21,14.0,73,0.49,3.5,80.3,0,0,0,0,0.0,0.0,0,,,14 из 21,0.68
1025.team,team,2026-09-11,5,3,00-05,clean7_part1_50оформлено,clean,,оформлено,Theme1,numeric,4,да,1,да,206,23,28,13.6,33,16.0,309,1.5,11.0,32.6,2,0,2,0,0.971,64.7,2,0,"1xbet (1), Marathon (1)",13 из 50,1.52
6418.team,team,2026-09-03,4,2,00-05,КОНТЕНТ НЕ ЗАПИСАН,не записан,,,Theme1,numeric,4,да,1,да,206,26,28,13.6,33,16.0,283,1.37,10.1,64.2,1,1,1,1,0.485,35.3,1,0,R7 (2),17 из 71,1.86
2853.team,team,2026-09-03,4,18,18-23,NEW50_3_7pages_nodate_styled,NEW,7,без оформления,Theme1,numeric,4,да,1,да,206,23,28,13.6,44,21.4,379,1.84,13.5,68.9,1,0,1,0,0.485,26.4,1,1,Dragon Money (1),5 из 13,1.27
2801.team,team,2026-09-02,3,18,18-23,NEW50_2_12pages_withdate_02.09,NEW,12,без оформления,Theme1,numeric,4,да,1,да,206,25,28,13.6,31,15.0,1557,7.56,55.6,23.4,0,0,0,0,0.0,0.0,0,,,16 из 17,0.52
0783.lol,lol,2026-09-14,1,16,12-17,content-2026-09-14-12str-oform,content-дата,12,оформлено,Theme1,numeric,4,да,1,да,206,18,28,13.6,29,14.1,669,3.25,23.9,49.3,0,0,0,0,0.0,0.0,0,,,9 из 16,0.95
0311.team,team,2026-09-07,1,18,18-23,nabory436440_styled_img,nabory,,styled_img,Theme1,numeric,4,да,1,да,206,27,28,13.6,35,17.0,589,2.86,21.0,31.2,0,0,0,0,0.0,0.0,0,,,1 из 5,1.27
1523.lol,lol,2026-09-15,2,17,12-17,content-2026-09-14c-7str-oform-1,content-дата,7,оформлено,Theme1,numeric,4,нет,3,да,206,16,28,13.6,31,15.0,614,2.98,21.9,39.6,0,0,0,0,0.0,0.0,0,,,40 из 45,0.65
5067.lol,lol,2026-09-09,3,18,18-23,archive47_unique119оформленочасть1,archive,,оформлено,Theme1,numeric,4,да,1,да,206,27,28,13.6,45,21.8,528,2.56,18.9,77.4,0,0,0,0,0.0,0.0,0,,,9 из 40,2.16
w9i2.lol,lol,2026-09-16,3,7,06-11,nabory-545-554_styled_img,nabory,,styled_img,Theme1,alpha_other,4,нет,2,да,206,27,28,13.6,32,15.5,803,3.9,28.7,33.8,0,0,0,0,0.0,0.0,0,,,5 из 10,1.02
o3d.team,team,2026-09-15,2,2,00-05,content-2026-09-14-7str-oform-9,content-дата,7,оформлено,Theme1,alpha_other,3,нет,2,да,206,17,28,13.6,32,15.5,714,3.47,25.5,34.9,0,0,0,0,0.0,0.0,0,,,11 из 29,1.48
5230.team,team,2026-09-02,3,18,18-23,NEW50_2_12pages_withdate_02.09,NEW,12,без оформления,Theme1,numeric,4,да,1,да,206,27,28,13.6,39,18.9,451,2.19,16.1,47.9,0,0,0,0,0.0,0.0,0,,,17 из 17,0.52
1109h.casino,casino,2026-09-11,5,0,00-05,NEW102оформленосдатой,NEW,,оформлено,Theme1,alpha_other,5,да,1,да,206,26,28,13.6,45,21.8,394,1.91,14.1,13.2,0,0,0,0,0.0,0.0,0,,,9 из 18,1.0
5255.lol,lol,2026-09-17,4,13,12-17,content-2026-09-16-7str,content-дата,7,,Theme1,numeric,4,нет,2,да,206,25,28,13.6,29,14.1,579,2.81,20.7,60.3,0,0,0,0,0.0,0.0,0,,,15 из 42,1.3
0318.team,team,2026-09-16,3,17,12-17,content-2026-09-15-7str-oform-2,content-дата,7,оформлено,Theme1,numeric,4,нет,2,да,206,23,28,13.6,30,14.6,406,1.97,14.5,66.6,0,0,0,0,0.0,0.0,0,,,22 из 50,1.06
sclw.lol,lol,2026-09-15,2,16,12-17,content-2026-09-14c-7str-oform-2,content-дата,7,оформлено,Theme1,alpha_other,4,нет,3,да,206,18,28,13.6,30,14.6,419,2.03,15.0,50.1,0,0,0,0,0.0,0.0,0,,,36 из 44,0.72
casino00.team,team,2026-09-15,2,2,00-05,content-2026-09-14-7str-oform-1,content-дата,7,оформлено,Theme1,casino_prefix,8,нет,2,да,206,19,28,13.6,30,14.6,404,1.96,14.4,40.2,0,0,0,0,0.0,0.0,0,,,2 из 9,2.78
1009casino.casino,casino,2026-09-10,4,23,18-23,NEW102оформленосдатой,NEW,,оформлено,Theme1,casino_infix,10,да,1,да,206,24,28,13.6,40,19.4,271,1.32,9.7,29.5,0,0,0,0,0.0,0.0,0,,,10 из 18,1.0
6834.lol,lol,2026-09-15,2,21,18-23,content-2026-09-14c-7str-oform-2,content-дата,7,оформлено,Theme1,numeric,4,нет,2,да,206,15,28,13.6,29,14.1,316,1.53,11.3,57.7,0,0,0,0,0.0,0.0,0,,,37 из 44,0.72
2063.team,team,2026-09-16,3,17,12-17,content-2026-09-15-7str-oform-2,content-дата,7,оформлено,Theme1,numeric,4,нет,2,да,206,26,28,13.6,29,14.1,340,1.65,12.1,62.3,0,0,0,0,0.0,0.0,0,,,23 из 50,1.06
3081.team,team,2026-09-15,2,6,06-11,content-2026-09-14b-7str-oform-2,content-дата,7,оформлено,Theme1,numeric,4,нет,2,да,206,20,28,13.6,34,16.5,255,1.24,9.1,48.8,0,0,0,0,0.0,0.0,0,,,25 из 51,1.04
76casino.team,team,2026-09-14,1,23,18-23,content-2026-09-14-7str-oform-8,content-дата,7,оформлено,Theme1,casino_infix,8,да,1,да,206,13,28,13.6,33,16.0,152,0.74,5.4,67.5,0,0,0,0,0.0,0.0,0,,,3 из 25,1.74
7662.team,team,2026-09-03,4,20,18-23,NEW50_3_12pages_withdate_styled,NEW,12,без оформления,Theme1,numeric,4,да,1,да,206,26,28,13.6,33,16.0,172,0.83,6.1,67.7,0,0,0,0,0.0,0.0,0,,,12 из 14,0.63
z2u7.team,team,2026-09-03,4,18,18-23,NEW50_3_12pages_nodate_styled,NEW,12,без оформления,Theme1,alpha_other,4,да,1,да,206,27,28,13.6,33,16.0,146,0.71,5.2,70.8,0,0,0,0,0.0,0.0,0,,,9 из 11,0.91
xlod.team,team,2026-09-10,4,14,12-17,archive37строформленоv2часть1,archive,7,оформлено,Theme1,alpha_other,4,да,1,да,206,26,28,13.6,34,16.5,145,0.7,5.2,53.3,0,0,0,0,0.0,0.0,0,,,6 из 45,2.78
f8t4.team,team,2026-09-14,1,23,18-23,content-2026-09-14-7str-oform-8,content-дата,7,оформлено,Theme1,alpha_other,4,да,1,да,206,15,28,13.6,28,13.6,79,0.38,2.8,85.8,0,0,0,0,0.0,0.0,0,,,4 из 25,1.74
0343.lol,lol,2026-09-15,2,13,12-17,content-2026-09-14c-7str-oform-2,content-дата,7,оформлено,Theme1,numeric,4,нет,2,да,206,18,28,13.6,29,14.1,98,0.48,3.5,66.9,0,0,0,0,0.0,0.0,0,,,38 из 44,0.72
5652.team,team,2026-09-14,1,22,18-23,content-2026-09-14-7str-oform-8,content-дата,7,оформлено,Theme1,numeric,4,да,1,да,206,17,28,13.6,31,15.0,90,0.44,3.2,74.0,0,0,0,0,0.0,0.0,0,,,5 из 25,1.74
bacasino.team,team,2026-09-08,2,8,06-11,Content_script_12page_08.09,script,12,,Theme1,casino_infix,8,да,1,да,206,26,27,13.1,39,18.9,1338,6.5,49.6,20.6,1,0,1,0,0.485,7.5,1,2,Lucky Bird (1),6 из 11,1.0
qbkn.team,team,2026-09-04,5,16,12-17,КОНТЕНТ НЕ ЗАПИСАН,не записан,,,Theme1,alpha_other,4,да,1,да,206,25,27,13.1,28,13.6,305,1.48,11.3,54.4,1,0,1,0,0.485,32.8,1,2,GetX (1),18 из 71,1.79
t8s4.lol,lol,2026-09-12,6,22,18-23,content-2026-09-12-7str-oform-2,content-дата,7,оформлено,Theme1,alpha_other,4,да,1,да,206,20,27,13.1,40,19.4,181,0.88,6.7,54.3,1,0,1,0,0.485,55.2,1,2,Flagman (1),5 из 41,2.47
d6t5.team,team,2026-09-10,4,17,12-17,nabory470472_styled_img,nabory,,styled_img,Theme1,alpha_other,4,да,1,да,206,26,27,13.1,38,18.4,85,0.41,3.1,45.9,1,0,1,0,0.485,117.6,1,1,Izzi (1),2 из 3,1.0
0509dd.casino,casino,2026-09-05,6,18,18-23,NEW21_7pages_withdate_styled_img,NEW,7,styled_img,Theme1,alpha_other,6,да,1,да,206,25,27,13.1,27,13.1,2040,9.9,75.6,11.0,0,0,0,0,0.0,0.0,0,,,1 из 5,1.35
3869.lol,lol,2026-09-07,1,16,12-17,nabory431435_styled_img,nabory,,styled_img,Theme1,numeric,4,да,1,да,206,24,27,13.1,32,15.5,1631,7.92,60.4,18.2,0,0,0,0,0.0,0.0,0,,,3 из 5,1.0
oxin.lol,lol,2026-09-15,1,0,00-05,content-2026-09-14-7str-oform-8,content-дата,7,оформлено,Theme1,alpha_other,4,да,1,да,206,17,27,13.1,31,15.0,1006,4.88,37.3,32.9,0,0,0,0,0.0,0.0,0,,,6 из 25,1.68
zgin.team,team,2026-09-12,6,13,12-17,content-2026-09-12-7str-oform-2,content-дата,7,оформлено,Theme1,alpha_other,4,да,1,да,206,23,27,13.1,35,17.0,603,2.93,22.3,29.6,0,0,0,0,0.0,0.0,0,,,6 из 41,2.47
4558.lol,lol,2026-09-09,3,20,18-23,archive47_unique119оформленочасть1,archive,,оформлено,Theme1,numeric,4,да,1,да,206,23,27,13.1,42,20.4,602,2.92,22.3,58.9,0,0,0,0,0.0,0.0,0,,,10 из 40,2.08
casinozfa.lol,lol,2026-09-04,5,3,00-05,nabory294303,nabory,,,Theme1,casino_prefix,9,да,1,да,206,25,27,13.1,32,15.5,513,2.49,19.0,32.3,0,0,0,0,0.0,0.0,0,,,4 из 10,1.42
5772.team,team,2026-09-17,4,13,12-17,content-2026-09-16-12str,content-дата,12,,Theme1,numeric,4,нет,2,да,206,22,27,13.1,29,14.1,461,2.24,17.1,63.2,0,0,0,0,0.0,0.0,0,,,3 из 6,1.17
4110.team,team,2026-09-15,2,14,12-17,content-2026-09-14c-7str-oform-2,content-дата,7,оформлено,Theme1,numeric,4,нет,2,да,206,15,27,13.1,27,13.1,379,1.84,14.0,49.6,0,0,0,0,0.0,0.0,0,,,39 из 44,0.69
yxuk.team,team,2026-09-12,6,22,18-23,content-2026-09-12-7str-oform-1,content-дата,7,оформлено,Theme1,alpha_other,4,да,1,да,206,23,27,13.1,39,18.9,281,1.36,10.4,35.1,0,0,0,0,0.0,0.0,0,,,3 из 41,2.47
0509g.casino,casino,2026-09-05,6,18,18-23,NEW21_7pages_withdate_styled_img,NEW,7,styled_img,Theme1,alpha_other,5,да,1,да,206,27,27,13.1,29,14.1,389,1.89,14.4,31.1,0,0,0,0,0.0,0.0,0,,,2 из 5,1.35
casino1535.lol,lol,2026-09-11,5,10,06-11,NEW102оформленобездаты,NEW,,оформлено,Theme1,casino_prefix,10,да,1,да,206,26,27,13.1,36,17.5,313,1.52,11.6,25.9,0,0,0,0,0.0,0.0,0,,,13 из 42,1.17
n7k.team,team,2026-09-04,5,16,12-17,КОНТЕНТ НЕ ЗАПИСАН,не записан,,,Theme1,alpha_other,3,да,1,да,206,27,27,13.1,34,16.5,306,1.49,11.3,79.6,0,0,0,0,0.0,0.0,0,,,19 из 71,1.79
0079.lol,lol,2026-09-17,4,5,00-05,nabory-601-610,nabory,,,Theme1,numeric,4,нет,2,да,206,19,27,13.1,29,14.1,361,1.75,13.4,60.6,0,0,0,0,0.0,0.0,0,,,1 из 10,1.58
s7w.lol,lol,2026-09-16,3,7,06-11,nabory-545-554_styled_img,nabory,,styled_img,Theme1,alpha_other,3,нет,2,да,206,22,27,13.1,35,17.0,321,1.56,11.9,58.1,0,0,0,0,0.0,0.0,0,,,6 из 10,0.98
wxvb.team,team,2026-09-16,3,22,18-23,content-2026-09-15-7str-oform-2,content-дата,7,оформлено,Theme1,alpha_other,4,нет,2,да,206,17,27,13.1,27,13.1,323,1.57,12.0,69.5,0,0,0,0,0.0,0.0,0,,,24 из 50,1.02
qlcasino.team,team,2026-09-05,6,20,18-23,NEW21_7pages_nodate_styled_img,NEW,7,styled_img,Theme1,casino_infix,8,да,1,да,206,24,27,13.1,30,14.6,328,1.59,12.1,30.9,0,0,0,0,0.0,0.0,0,,,3 из 6,1.39
1812.lol,lol,2026-09-06,7,18,18-23,nabory400410_styled_img,nabory,,styled_img,Theme1,numeric,4,да,1,да,206,23,27,13.1,28,13.6,318,1.54,11.8,45.9,0,0,0,0,0.0,0.0,0,,,2 из 11,1.79
8095.team,team,2026-09-16,3,15,12-17,content-2026-09-15-7str-oform-2,content-дата,7,оформлено,Theme1,numeric,4,нет,2,да,206,20,27,13.1,28,13.6,277,1.34,10.3,63.2,0,0,0,0,0.0,0.0,0,,,25 из 50,1.02
casinole.lol,lol,2026-09-17,4,23,18-23,nabory-611-620,nabory,,,Theme1,casino_prefix,8,нет,2,да,206,19,27,13.1,27,13.1,294,1.43,10.9,61.8,0,0,0,0,0.0,0.0,0,,,1 из 10,2.15
5831.lol,lol,2026-09-13,7,12,12-17,content-2026-09-12-7str-oform-3,content-дата,7,оформлено,Theme1,numeric,4,да,1,да,206,27,27,13.1,35,17.0,230,1.12,8.5,46.8,0,0,0,0,0.0,0.0,0,,,3 из 39,3.36
dpcasino.team,team,2026-09-04,5,15,12-17,КОНТЕНТ НЕ ЗАПИСАН,не записан,,,Theme1,casino_infix,8,да,1,да,206,20,27,13.1,32,15.5,216,1.05,8.0,68.6,0,0,0,0,0.0,0.0,0,,,20 из 71,1.79
0332casino.team,team,2026-09-16,3,8,06-11,nabory-555-564_styled_img,nabory,,styled_img,Theme1,casino_infix,10,нет,2,да,206,25,27,13.1,29,14.1,238,1.16,8.8,56.6,0,0,0,0,0.0,0.0,0,,,7 из 10,0.85
oznv.team,team,2026-09-04,5,17,12-17,Generator_346353_styled_img,Generator,,styled_img,Theme1,alpha_other,4,да,1,да,206,23,27,13.1,36,17.5,184,0.89,6.8,76.9,0,0,0,0,0.0,0.0,0,,,3 из 8,1.28
2404.lol,lol,2026-09-15,2,10,06-11,content-2026-09-14b-7str-oform-2,content-дата,7,оформлено,Theme1,numeric,4,нет,2,да,206,16,27,13.1,33,16.0,177,0.86,6.6,64.3,0,0,0,0,0.0,0.0,0,,,26 из 51,1.0
1009r.casino,casino,2026-09-10,4,23,18-23,NEW102оформленобездаты,NEW,,оформлено,Theme1,alpha_other,5,да,1,да,206,24,27,13.1,32,15.5,181,0.88,6.7,35.4,0,0,0,0,0.0,0.0,0,,,14 из 42,1.17
decasino.team,team,2026-09-04,5,17,12-17,Generator_346353_styled_img,Generator,,styled_img,Theme1,casino_infix,8,да,1,да,206,24,26,12.6,30,14.6,488,2.37,18.8,63.2,2,0,2,0,0.971,41.0,2,1,"Betera (1), Winline (1)",4 из 8,1.24
9480.team,team,2026-09-07,1,16,12-17,NEW20_4_7pages_withdate,NEW,7,без оформления,Theme1,numeric,4,да,1,да,206,24,26,12.6,30,14.6,181,0.88,7.0,53.3,1,1,1,1,0.485,55.2,1,2,Mellstroy (2),3 из 5,1.0
casinos9.team,team,2026-09-15,2,3,00-05,nabory-515-524_styled_img,nabory,,styled_img,Theme1,casino_prefix,8,нет,2,да,206,18,26,12.6,34,16.5,628,3.05,24.2,36.8,0,0,0,0,0.0,0.0,0,,,1 из 10,1.79
1109g.casino,casino,2026-09-11,5,5,00-05,NEW102оформленобездаты,NEW,,оформлено,Theme1,alpha_other,5,да,1,да,206,24,26,12.6,40,19.4,1385,6.72,53.3,5.8,0,0,0,0,0.0,0.0,0,,,15 из 42,1.12
casino862.lol,lol,2026-09-16,3,13,12-17,nabory-565-580,nabory,,,Theme1,casino_prefix,9,нет,2,да,206,22,26,12.6,29,14.1,1463,7.1,56.3,33.2,0,0,0,0,0.0,0.0,0,,,9 из 16,0.94
6100.lol,lol,2026-09-17,4,22,18-23,content-2026-09-16-7str,content-дата,7,,Theme1,numeric,4,нет,2,да,206,21,26,12.6,26,12.6,1428,6.93,54.9,26.3,0,0,0,0,0.0,0.0,0,,,16 из 42,1.21
bwzs.casino,casino,2026-09-11,5,4,00-05,NEW102оформленосдатой,NEW,,оформлено,Theme1,alpha_other,4,да,1,да,206,23,26,12.6,41,19.9,598,2.9,23.0,18.9,0,0,0,0,0.0,0.0,0,,,11 из 18,0.93
k6r.team,team,2026-09-16,3,21,18-23,content-2026-09-15-7str-oform-2,content-дата,7,оформлено,Theme1,alpha_other,3,нет,2,да,206,19,26,12.6,27,13.1,364,1.77,14.0,63.9,0,0,0,0,0.0,0.0,0,,,26 из 50,0.98
xvcasino.buzz,buzz,2026-09-08,2,16,12-17,archive37строформленоv2часть2,archive,7,оформлено,Theme1,casino_infix,8,да,1,да,206,22,26,12.6,27,13.1,434,2.11,16.7,33.3,0,0,0,0,0.0,0.0,0,,,3 из 45,3.71
9124.team,team,2026-09-04,5,21,18-23,Generator_368369_styled_img,Generator,,styled_img,Theme1,numeric,4,да,1,да,206,23,26,12.6,29,14.1,427,2.07,16.4,40.6,0,0,0,0,0.0,0.0,0,,,1 из 2,2.0
411casino.team,team,2026-09-07,1,16,12-17,NEW20_4_12pages_nodate,NEW,12,без оформления,Theme1,casino_infix,9,да,1,да,206,24,26,12.6,29,14.1,396,1.92,15.2,36.1,0,0,0,0,0.0,0.0,0,,,6 из 6,0.76
499casino.team,team,2026-09-16,3,15,12-17,content-2026-09-15-7str-oform-2,content-дата,7,оформлено,Theme1,casino_infix,9,нет,2,да,206,18,26,12.6,28,13.6,377,1.83,14.5,61.5,0,0,0,0,0.0,0.0,0,,,27 из 50,0.98
8391.team,team,2026-09-17,4,4,00-05,nabory-591-600,nabory,,,Theme1,numeric,4,нет,2,да,206,18,26,12.6,33,16.0,370,1.8,14.2,61.1,0,0,0,0,0.0,0.0,0,,,3 из 10,1.57
casinodxp.team,team,2026-09-06,7,18,18-23,struktura8x7,прочее,,,Theme1,casino_prefix,9,да,1,да,206,26,26,12.6,33,16.0,306,1.49,11.8,52.6,0,0,0,0,0.0,0.0,0,,,5 из 8,0.82
3654.team,team,2026-09-03,4,6,06-11,NEW50_7pages_nodate_01.09,NEW,7,без оформления,Theme1,numeric,4,да,1,да,206,25,26,12.6,33,16.0,261,1.27,10.0,30.5,0,0,0,0,0.0,0.0,0,,,11 из 14,0.57
fjuw.lol,lol,2026-09-15,2,5,00-05,content-2026-09-14-7str-oform-9,content-дата,7,оформлено,Theme1,alpha_other,4,нет,2,да,206,18,26,12.6,28,13.6,227,1.1,8.7,43.5,0,0,0,0,0.0,0.0,0,,,12 из 29,1.37
8763.lol,lol,2026-09-17,4,1,00-05,content-2026-09-15-7str-oform-1,content-дата,7,оформлено,Theme1,numeric,4,нет,2,да,206,22,26,12.6,29,14.1,229,1.11,8.8,67.5,0,0,0,0,0.0,0.0,0,,,8 из 50,1.73
1543.lol,lol,2026-09-16,3,4,00-05,nabory-545-554_styled_img,nabory,,styled_img,Theme1,numeric,4,нет,2,да,206,25,26,12.6,29,14.1,220,1.07,8.5,56.4,0,0,0,0,0.0,0.0,0,,,7 из 10,0.94
lvcasino.lol,lol,2026-09-17,4,17,12-17,content-2026-09-16-7str,content-дата,7,,Theme1,casino_infix,8,нет,2,да,206,16,26,12.6,27,13.1,205,1.0,7.9,75.3,0,0,0,0,0.0,0.0,0,,,17 из 42,1.21
casino72.team,team,2026-09-16,3,9,06-11,content-2026-09-14c-7str-oform-1,content-дата,7,оформлено,Theme1,casino_prefix,8,нет,2,да,206,24,26,12.6,27,13.1,180,0.87,6.9,71.1,0,0,0,0,0.0,0.0,0,,,41 из 45,0.6
ykvm.team,team,2026-09-14,1,20,18-23,content-2026-09-14-12str-oform,content-дата,12,оформлено,Theme1,alpha_other,4,да,1,да,206,19,26,12.6,30,14.6,149,0.72,5.7,71.4,0,0,0,0,0.0,0.0,0,,,10 из 16,0.88
yciu.lol,lol,2026-09-17,4,21,18-23,content-2026-09-16-7str,content-дата,7,,Theme1,alpha_other,4,нет,2,да,206,20,26,12.6,27,13.1,165,0.8,6.3,67.4,0,0,0,0,0.0,0.0,0,,,18 из 42,1.21
casinowm.lol,lol,2026-09-11,5,9,06-11,clean7_part1_50оформлено,clean,,оформлено,Theme1,casino_prefix,8,да,1,да,206,24,26,12.6,36,17.5,113,0.55,4.3,51.5,0,0,0,0,0.0,0.0,0,,,14 из 50,1.41
qpbcasino.lol,lol,2026-09-09,3,21,18-23,archive47_unique119оформленочасть1,archive,,оформлено,Theme1,casino_infix,9,да,1,да,206,12,26,12.6,35,17.0,102,0.5,3.9,87.9,0,0,0,0,0.0,0.0,0,,,11 из 40,2.0
7316.team,team,2026-09-17,4,22,18-23,nabory-611-620,nabory,,,Theme1,numeric,4,нет,2,да,206,23,26,12.6,27,13.1,130,0.63,5.0,70.6,0,0,0,0,0.0,0.0,0,,,2 из 10,2.07
9131.lol,lol,2026-09-15,2,2,00-05,content-2026-09-14-7str-oform-1,content-дата,7,оформлено,Theme1,numeric,4,да,1,да,206,14,26,12.6,29,14.1,75,0.36,2.9,75.6,0,0,0,0,0.0,0.0,0,,,3 из 9,2.57
m3o.team,team,2026-09-17,4,10,06-11,content-2026-09-15-12str-oform,content-дата,12,оформлено,Theme1,alpha_other,3,нет,2,да,206,14,26,12.6,28,13.6,100,0.49,3.8,79.8,0,0,0,0,0.0,0.0,0,,,1 из 3,2.57
y0v.team,team,2026-09-12,6,0,00-05,NEW102оформленобездаты,NEW,,оформлено,Theme1,alpha_other,3,да,1,да,206,22,25,12.1,40,19.4,1463,7.1,58.5,36.3,1,1,1,1,0.485,6.8,1,1,Unlim Casino (2),16 из 42,1.08
9413.lol,lol,2026-09-07,1,15,12-17,NEW20_4_12pages_withdate,NEW,12,без оформления,Theme1,numeric,4,да,1,да,206,25,25,12.1,35,17.0,517,2.51,20.7,36.4,1,0,1,0,0.485,19.3,1,1,Lucky Bird (1),2 из 3,1.0
9799.team,team,2026-09-11,5,8,06-11,clean7_part1_50оформлено,clean,,оформлено,Theme1,numeric,4,да,1,да,206,23,25,12.1,38,18.4,975,4.73,39.0,10.6,1,0,1,0,0.485,10.3,1,0,Leebet (1),15 из 50,1.35
5512.team,team,2026-09-11,5,19,18-23,script_yandex_12page,script,12,,Theme1,numeric,4,да,1,да,206,21,25,12.1,35,17.0,96,0.47,3.8,50.9,1,0,1,0,0.485,104.2,1,2,Goodwin (1),7 из 21,1.32
5298.team,team,2026-09-05,6,12,12-17,trikomplektaB,прочее,,,Theme1,numeric,4,да,1,да,206,25,25,12.1,30,14.6,113,0.55,4.5,53.0,0,0,1,1,0.0,0.0,1,14,Martin (2),1 из 3,1.19
2726.lol,lol,2026-09-08,2,8,06-11,Content_script_12page_08.09,script,12,,Theme1,numeric,4,да,1,да,206,22,25,12.1,37,18.0,2602,12.63,104.1,10.4,0,0,0,0,0.0,0.0,0,,,7 из 11,0.92
8640.team,team,2026-09-03,4,9,06-11,NEW50_7pages_nodate_01.09,NEW,7,без оформления,Theme1,numeric,4,да,1,да,206,22,25,12.1,34,16.5,1185,5.75,47.4,10.2,0,0,0,0,0.0,0.0,0,,,12 из 14,0.55
casino86.buzz,buzz,2026-09-08,2,15,12-17,archive37строформленоv2часть2,archive,7,оформлено,Theme1,casino_prefix,8,да,1,да,206,23,25,12.1,35,17.0,824,4.0,33.0,15.8,0,0,0,0,0.0,0.0,0,,,4 из 45,3.56
5751.lol,lol,2026-09-16,3,11,06-11,nabory-565-580,nabory,,,Theme1,numeric,4,нет,2,да,206,20,25,12.1,29,14.1,873,4.24,34.9,59.0,0,0,0,0,0.0,0.0,0,,,10 из 16,0.91
7978.team,team,2026-09-06,7,20,18-23,troykaC,прочее,,,Theme1,numeric,4,да,1,да,206,22,25,12.1,27,13.1,667,3.24,26.7,25.6,0,0,0,0,0.0,0.0,0,,,1 из 3,1.19
casinosw.team,team,2026-09-17,4,2,00-05,content-2026-09-15-7str-oform-1,content-дата,7,оформлено,Theme1,casino_prefix,8,нет,2,да,206,18,25,12.1,26,12.6,747,3.63,29.9,51.2,0,0,0,0,0.0,0.0,0,,,9 из 50,1.66
casino351.team,team,2026-09-11,5,16,12-17,NEW102оформленобездаты,NEW,,оформлено,Theme1,casino_prefix,9,да,1,да,206,22,25,12.1,34,16.5,350,1.7,14.0,30.6,0,0,0,0,0.0,0.0,0,,,17 из 42,1.08
casinob4.team,team,2026-09-16,3,9,06-11,content-2026-09-14b-7str-oform-2,content-дата,7,оформлено,Theme1,casino_prefix,8,нет,2,да,206,21,25,12.1,25,12.1,548,2.66,21.9,66.8,0,0,0,0,0.0,0.0,0,,,27 из 51,0.92
1018.lol,lol,2026-09-17,4,8,06-11,content-2026-09-15-7str-oform-1,content-дата,7,оформлено,Theme1,numeric,4,нет,2,да,206,20,25,12.1,25,12.1,561,2.72,22.4,50.4,0,0,0,0,0.0,0.0,0,,,10 из 50,1.66
0509t.casino,casino,2026-09-05,6,17,12-17,NEW21_12pages_nodate_styled_img,NEW,12,styled_img,Theme1,alpha_other,5,да,1,да,206,22,25,12.1,29,14.1,317,1.54,12.7,38.5,0,0,0,0,0.0,0.0,0,,,4 из 6,0.83
9012.team,team,2026-09-02,3,20,18-23,NEW50_7pages_nodate_01.09,NEW,7,без оформления,Theme1,numeric,4,да,1,да,206,22,25,12.1,28,13.6,243,1.18,9.7,59.3,0,0,0,0,0.0,0.0,0,,,13 из 14,0.55
z2u7.lol,lol,2026-09-03,4,18,18-23,NEW50_3_7pages_withdate_styled,NEW,7,без оформления,Theme1,alpha_other,4,да,1,да,206,18,25,12.1,36,17.5,325,1.58,13.0,66.2,0,0,0,0,0.0,0.0,0,,,7 из 12,0.92
casinoni.lol,lol,2026-09-17,4,11,06-11,content-2026-09-14b-7str-oform-1,content-дата,7,оформлено,Theme1,casino_prefix,8,нет,2,да,206,18,25,12.1,28,13.6,487,2.36,19.5,52.1,0,0,0,0,0.0,0.0,0,,,8 из 22,1.42
kzgq.team,team,2026-09-03,4,9,06-11,NEW50_12pages_withdate_01.09,NEW,12,без оформления,Theme1,alpha_other,4,да,1,да,206,20,25,12.1,30,14.6,336,1.63,13.4,47.2,0,0,0,0,0.0,0.0,0,,,16 из 17,0.58
8061.lol,lol,2026-09-07,1,10,06-11,Выдача_06.09_12стр,прочее,12,,Theme1,numeric,4,да,1,да,206,20,25,12.1,28,13.6,418,2.03,16.7,45.0,0,0,0,0,0.0,0.0,0,,,5 из 8,0.91
h3f0.lol,lol,2026-09-09,3,21,18-23,archive47_unique119оформленочасть1,archive,,оформлено,Theme1,alpha_other,4,да,1,да,206,22,25,12.1,41,19.9,329,1.6,13.2,77.2,0,0,0,0,0.0,0.0,0,,,12 из 40,1.92
0509mg.casino,casino,2026-09-05,6,17,12-17,NEW21_12pages_nodate_styled_img,NEW,12,styled_img,Theme1,alpha_other,6,да,1,да,206,19,25,12.1,28,13.6,317,1.54,12.7,37.6,0,0,0,0,0.0,0.0,0,,,5 из 6,0.83
casinohjk.lol,lol,2026-09-07,1,20,18-23,NEW20_12pages_withdate_оформлено,NEW,12,оформлено,Theme1,casino_prefix,9,да,1,да,206,21,25,12.1,32,15.5,295,1.43,11.8,52.7,0,0,0,0,0.0,0.0,0,,,3 из 4,0.89
j4l8.team,team,2026-09-11,5,15,12-17,clean7_part1_50оформлено,clean,,оформлено,Theme1,alpha_other,4,да,1,да,206,23,25,12.1,30,14.6,300,1.46,12.0,44.0,0,0,0,0,0.0,0.0,0,,,16 из 50,1.35
gvgcasino.team,team,2026-09-16,3,21,18-23,content-2026-09-15-7str-oform-2,content-дата,7,оформлено,Theme1,casino_infix,9,нет,2,да,206,20,25,12.1,25,12.1,339,1.65,13.6,61.7,0,0,0,0,0.0,0.0,0,,,28 из 50,0.94
c2u3.lol,lol,2026-09-04,5,14,12-17,КОНТЕНТ НЕ ЗАПИСАН,не записан,,,Theme1,alpha_other,4,да,1,да,206,23,25,12.1,30,14.6,308,1.5,12.3,55.4,0,0,0,0,0.0,0.0,0,,,21 из 71,1.66
casino61.lol,lol,2026-09-08,2,15,12-17,archive37строформленоv2часть2,archive,7,оформлено,Theme1,casino_prefix,8,да,1,да,206,16,25,12.1,37,18.0,219,1.06,8.8,49.5,0,0,0,0,0.0,0.0,0,,,5 из 45,3.56
3343.lol,lol,2026-09-15,2,14,12-17,content-2026-09-14c-7str-oform-2,content-дата,7,оформлено,Theme1,numeric,4,нет,2,да,206,15,25,12.1,29,14.1,235,1.14,9.4,54.8,0,0,0,0,0.0,0.0,0,,,40 из 44,0.64
1938.team,team,2026-09-11,5,22,18-23,nabory481483_styled_img_dark,nabory,,styled_img,Theme1,numeric,4,да,1,да,206,19,25,12.1,33,16.0,183,0.89,7.3,42.8,0,0,0,0,0.0,0.0,0,,,2 из 3,1.0
3191.lol,lol,2026-09-03,4,18,18-23,NEW50_3_7pages_withdate_styled,NEW,7,без оформления,Theme1,numeric,4,да,1,да,206,17,25,12.1,28,13.6,155,0.75,6.2,80.3,0,0,0,0,0.0,0.0,0,,,8 из 12,0.92
k3b5.team,team,2026-09-15,2,8,06-11,content-2026-09-14b-7str-oform-2,content-дата,7,оформлено,Theme1,alpha_other,4,нет,2,да,206,16,25,12.1,30,14.6,113,0.55,4.5,68.7,0,0,0,0,0.0,0.0,0,,,28 из 51,0.92
casino160.lol,lol,2026-09-14,1,23,18-23,content-2026-09-14-7str-oform-8,content-дата,7,оформлено,Theme1,casino_prefix,9,да,1,да,206,10,25,12.1,27,13.1,98,0.48,3.9,67.5,0,0,0,0,0.0,0.0,0,,,7 из 25,1.55
1186.lol,lol,2026-09-17,4,21,18-23,nabory-611-620,nabory,,,Theme1,numeric,4,нет,2,да,206,18,25,12.1,25,12.1,138,0.67,5.5,71.3,0,0,0,0,0.0,0.0,0,,,3 из 10,1.98
5472.lol,lol,2026-09-03,4,2,00-05,КОНТЕНТ НЕ ЗАПИСАН,не записан,,,Theme1,numeric,4,да,1,да,206,25,25,12.1,32,15.5,113,0.55,4.5,80.4,0,0,0,0,0.0,0.0,0,,,22 из 71,1.66
pjxu.team,team,2026-09-04,5,20,18-23,NEW20_7pages_nodate_styled_img,NEW,7,styled_img,Theme1,alpha_other,4,да,1,да,206,23,25,12.1,27,13.1,95,0.46,3.8,68.2,0,0,0,0,0.0,0.0,0,,,2 из 6,1.32
casinojq.team,team,2026-09-14,1,23,18-23,content-2026-09-14-7str-oform-8,content-дата,7,оформлено,Theme1,casino_prefix,8,да,1,да,206,14,25,12.1,26,12.6,81,0.39,3.2,82.4,0,0,0,0,0.0,0.0,0,,,8 из 25,1.55
casinoxn.lol,lol,2026-09-18,5,12,12-17,content-2026-09-17-7str-oform-2,content-дата,7,оформлено,Theme1,casino_prefix,8,нет,2,да,150,17,18,12.0,18,12.0,91,0.61,5.1,78.6,0,0,0,0,0.0,0.0,0,,,15 из 36,1.13
3523.lol,lol,2026-09-18,5,3,00-05,content-2026-09-17-7str-oform-2,content-дата,7,оформлено,Theme1,numeric,4,нет,2,да,150,17,18,12.0,18,12.0,49,0.33,2.7,87.1,0,0,0,0,0.0,0.0,0,,,16 из 36,1.13
casino5615.lol,lol,2026-09-09,3,16,12-17,archive47_unique119оформленочасть1,archive,,оформлено,Theme1,casino_prefix,10,да,1,да,206,20,24,11.7,28,13.6,728,3.53,30.3,38.2,1,1,1,1,0.485,13.7,1,1,Winline (2),13 из 40,1.86
3087.team,team,2026-09-17,4,6,06-11,nabory-601-610,nabory,,,Theme1,numeric,4,нет,2,да,206,19,24,11.7,26,12.6,806,3.91,33.6,43.2,1,1,1,1,0.485,12.4,1,1,Shuffle (2),2 из 10,1.41
7907.team,team,2026-09-16,3,8,06-11,nabory-555-564_styled_img,nabory,,styled_img,Theme1,numeric,4,нет,2,да,206,22,24,11.7,28,13.6,132,0.64,5.5,75.8,1,0,1,0,0.485,75.8,1,0,Olympus-play (1),8 из 10,0.75
669casino.lol,lol,2026-09-16,3,20,18-23,content-2026-09-15-7str-oform-2,content-дата,7,оформлено,Theme1,casino_infix,9,нет,2,да,206,22,24,11.7,24,11.7,2762,13.41,115.1,17.3,0,0,0,0,0.0,0.0,0,,,29 из 50,0.91
1109tt.casino,casino,2026-09-11,5,14,12-17,NEW102оформленобездаты,NEW,,оформлено,Theme1,alpha_other,6,да,1,да,206,20,24,11.7,41,19.9,882,4.28,36.8,18.1,0,0,0,0,0.0,0.0,0,,,18 из 42,1.04
casino61.buzz,buzz,2026-09-08,2,15,12-17,archive37строформленоv2часть2,archive,7,оформлено,Theme1,casino_prefix,8,да,1,да,206,17,24,11.7,35,17.0,352,1.71,14.7,32.5,0,0,0,0,0.0,0.0,0,,,6 из 45,3.44
c8j9.casino,casino,2026-09-12,6,19,18-23,NEW102оформленобездаты,NEW,,оформлено,Theme1,alpha_other,4,да,1,да,206,21,24,11.7,32,15.5,1075,5.22,44.8,18.9,0,0,0,0,0.0,0.0,0,,,19 из 42,1.04
casinog1.team,team,2026-09-11,5,14,12-17,clean7_part1_50оформлено,clean,,оформлено,Theme1,casino_prefix,8,да,1,да,206,22,24,11.7,30,14.6,488,2.37,20.3,28.8,0,0,0,0,0.0,0.0,0,,,17 из 50,1.31
casino9923.team,team,2026-09-16,3,1,00-05,content-2026-09-14c-7str-oform-1,content-дата,7,оформлено,Theme1,casino_prefix,10,нет,2,да,206,17,24,11.7,24,11.7,664,3.22,27.7,44.8,0,0,0,0,0.0,0.0,0,,,42 из 45,0.56
5153.lol,lol,2026-09-07,1,15,12-17,NEW20_4_12pages_withdate,NEW,12,без оформления,Theme1,numeric,4,да,1,да,206,23,24,11.7,29,14.1,563,2.73,23.5,38.8,0,0,0,0,0.0,0.0,0,,,3 из 3,0.97
wssi.team,team,2026-09-12,6,13,12-17,content-2026-09-12-7str-oform-1,content-дата,7,оформлено,Theme1,alpha_other,4,да,1,да,206,22,24,11.7,34,16.5,203,0.99,8.5,50.0,0,0,0,0,0.0,0.0,0,,,4 из 41,2.21
casinov6.lol,lol,2026-09-16,3,6,06-11,nabory-545-554_styled_img,nabory,,styled_img,Theme1,casino_prefix,8,нет,2,да,94,11,11,11.7,11,11.7,388,4.13,35.3,23.2,0,0,0,0,0.0,0.0,0,,,8 из 10,0.88
ujvcasino.team,team,2026-09-17,4,2,00-05,content-2026-09-15-7str-oform-1,content-дата,7,оформлено,Theme1,casino_infix,9,нет,2,да,206,18,24,11.7,25,12.1,368,1.79,15.3,61.8,0,0,0,0,0.0,0.0,0,,,11 из 50,1.6
xxhcasino.team,team,2026-09-15,2,8,06-11,content-2026-09-14b-7str-oform-2,content-дата,7,оформлено,Theme1,casino_infix,9,нет,2,да,206,18,24,11.7,25,12.1,307,1.49,12.8,61.3,0,0,0,0,0.0,0.0,0,,,29 из 51,0.89
5863.team,team,2026-09-17,4,13,12-17,content-2026-09-16-7str,content-дата,7,,Theme1,numeric,4,нет,2,да,206,13,24,11.7,24,11.7,305,1.48,12.7,72.7,0,0,0,0,0.0,0.0,0,,,19 из 42,1.12
r4p4.team,team,2026-09-11,5,21,18-23,КОНТЕНТ НЕ ЗАПИСАН,не записан,,,Theme1,alpha_other,4,да,1,да,206,19,24,11.7,34,16.5,206,1.0,8.6,41.5,0,0,0,0,0.0,0.0,0,,,23 из 71,1.6
zkmt.lol,lol,2026-09-17,4,5,00-05,content-2026-09-15-7str-oform-1,content-дата,7,оформлено,Theme1,alpha_other,4,нет,2,да,206,19,24,11.7,24,11.7,240,1.17,10.0,65.7,0,0,0,0,0.0,0.0,0,,,12 из 50,1.6
casino8509.lol,lol,2026-09-07,1,20,18-23,NEW20_12pages_nodate_оформлено,NEW,12,оформлено,Theme1,casino_prefix,10,да,1,да,206,20,24,11.7,26,12.6,222,1.08,9.2,43.1,0,0,0,0,0.0,0.0,0,,,5 из 6,0.69
casino4761.team,team,2026-09-17,4,4,00-05,content-2026-09-15-7str-oform-1,content-дата,7,оформлено,Theme1,casino_prefix,10,нет,2,да,205,16,24,11.7,27,13.2,202,0.99,8.4,67.6,0,0,0,0,0.0,0.0,0,,,13 из 50,1.6
casino63.team,team,2026-09-15,2,5,00-05,content-2026-09-14-7str-oform-9,content-дата,7,оформлено,Theme1,casino_prefix,8,нет,2,да,206,13,24,11.7,25,12.1,126,0.61,5.2,63.0,0,0,0,0,0.0,0.0,0,,,13 из 29,1.27
0196.team,team,2026-09-17,4,3,00-05,nabory-591-600,nabory,,,Theme1,numeric,4,нет,2,да,206,17,24,11.7,28,13.6,135,0.66,5.6,76.9,0,0,0,0,0.0,0.0,0,,,4 из 10,1.46
8995.team,team,2026-09-14,1,18,18-23,content-2026-09-14-12str-oform,content-дата,12,оформлено,Theme1,numeric,4,да,1,да,206,15,24,11.7,24,11.7,80,0.39,3.3,73.5,0,0,0,0,0.0,0.0,0,,,11 из 16,0.82
y6u3.lol,lol,2026-09-16,3,23,18-23,content-2026-09-15-7str-oform-2,content-дата,7,оформлено,Theme1,alpha_other,4,нет,2,да,206,18,24,11.7,24,11.7,69,0.33,2.9,80.0,0,0,0,0,0.0,0.0,0,,,30 из 50,0.91
6806.lol,lol,2026-09-18,5,3,00-05,content-2026-09-17-7str-oform-2,content-дата,7,оформлено,Theme1,numeric,4,нет,2,да,150,17,17,11.3,17,11.3,1344,8.96,79.1,30.9,0,0,0,0,0.0,0.0,0,,,17 из 36,1.06
hlfa.lol,lol,2026-09-18,5,0,00-05,content-2026-09-16-7str,content-дата,7,,Theme1,alpha_other,4,нет,2,да,150,15,17,11.3,17,11.3,439,2.93,25.8,64.0,0,0,0,0,0.0,0.0,0,,,20 из 42,1.08
dbcasino.lol,lol,2026-09-18,5,13,12-17,content-2026-09-17-7str-oform-2,content-дата,7,оформлено,Theme1,casino_infix,8,нет,2,да,150,14,17,11.3,17,11.3,124,0.83,7.3,78.5,0,0,0,0,0.0,0.0,0,,,18 из 36,1.06
2837.team,team,2026-09-15,2,6,06-11,content-2026-09-14b-7str-oform-2,content-дата,7,оформлено,Theme1,numeric,4,нет,2,да,206,9,23,11.2,24,11.7,583,2.83,25.3,34.0,1,1,1,1,0.485,17.2,1,1,Leon (2),30 из 51,0.85
jgcasino.team,team,2026-09-11,5,23,18-23,archive37строформленоv2часть1,archive,7,оформлено,Theme1,casino_infix,8,да,1,да,206,18,23,11.2,28,13.6,333,1.62,14.5,31.2,1,1,1,1,0.485,30.0,1,2,Eva (2),7 из 45,2.29
514casino.team,team,2026-09-17,4,6,06-11,nabory-601-610,nabory,,,Theme1,casino_infix,9,нет,3,да,206,18,23,11.2,24,11.7,1971,9.57,85.7,27.3,1,0,1,0,0.485,5.1,1,1,Why (1),3 из 10,1.35
261casino.lol,lol,2026-09-07,1,19,18-23,NEW20_7pages_withdate_оформлено,NEW,7,оформлено,Theme1,casino_infix,9,да,1,да,206,22,23,11.2,24,11.7,163,0.79,7.1,56.5,1,0,1,0,0.485,61.3,1,1,Bitz (1),2 из 5,1.05
q7g3.team,team,2026-09-06,7,18,18-23,struktura8x7,прочее,,,Theme1,alpha_other,4,да,1,да,206,22,23,11.2,28,13.6,2175,10.56,94.6,13.8,0,0,0,0,0.0,0.0,0,,,6 из 8,0.73
1109ss.casino,casino,2026-09-11,5,4,00-05,NEW102оформленобездаты,NEW,,оформлено,Theme1,alpha_other,6,да,1,да,206,19,23,11.2,41,19.9,1141,5.54,49.6,6.7,0,0,0,0,0.0,0.0,0,,,20 из 42,1.0
casinoaun.lol,lol,2026-09-16,3,9,06-11,nabory-555-564_styled_img,nabory,,styled_img,Theme1,casino_prefix,9,нет,2,да,206,21,23,11.2,26,12.6,1044,5.07,45.4,44.6,0,0,0,0,0.0,0.0,0,,,9 из 10,0.72
1009t.casino,casino,2026-09-10,4,11,06-11,archive47_unique119оформленочасть1,archive,,оформлено,Theme1,alpha_other,5,да,1,да,206,20,23,11.2,34,16.5,616,2.99,26.8,15.6,0,0,0,0,0.0,0.0,0,,,14 из 40,1.78
16casino.lol,lol,2026-09-08,2,14,12-17,archive37строформленоv2часть2,archive,7,оформлено,Theme1,casino_infix,8,да,1,да,206,21,23,11.2,30,14.6,856,4.16,37.2,27.2,0,0,0,0,0.0,0.0,0,,,7 из 45,3.29
cxqj.team,team,2026-09-13,7,15,12-17,content-2026-09-12-7str-oform-3,content-дата,7,оформлено,Theme1,alpha_other,4,да,1,да,206,23,23,11.2,28,13.6,800,3.88,34.8,21.9,0,0,0,0,0.0,0.0,0,,,4 из 39,2.87
ccrcasino.lol,lol,2026-09-16,3,21,18-23,content-2026-09-15-7str-oform-2,content-дата,7,оформлено,Theme1,casino_infix,9,нет,2,да,206,18,23,11.2,23,11.2,648,3.15,28.2,51.4,0,0,0,0,0.0,0.0,0,,,31 из 50,0.87
1500.lol,lol,2026-09-08,2,20,18-23,archive37строформленоv2часть3,archive,7,оформлено,Theme1,numeric,4,да,1,да,206,17,23,11.2,30,14.6,350,1.7,15.2,41.2,0,0,0,0,0.0,0.0,0,,,5 из 45,1.93
6691.lol,lol,2026-09-17,4,9,06-11,content-2026-09-15-7str-oform-1,content-дата,7,оформлено,Theme1,numeric,4,нет,2,да,206,17,23,11.2,23,11.2,595,2.89,25.9,42.7,0,0,0,0,0.0,0.0,0,,,14 из 50,1.53
sdyv.team,team,2026-09-12,6,8,06-11,NEW102оформленобездаты,NEW,,оформлено,Theme1,alpha_other,4,да,1,да,206,21,23,11.2,31,15.0,569,2.76,24.7,33.3,0,0,0,0,0.0,0.0,0,,,21 из 42,1.0
3902.lol,lol,2026-09-08,2,6,06-11,clean7_part1_50оформлено,clean,,оформлено,Theme1,numeric,4,да,1,да,206,23,23,11.2,27,13.1,582,2.83,25.3,23.9,0,0,0,0,0.0,0.0,0,,,18 из 50,1.25
yjim.team,team,2026-09-17,4,12,12-17,content-2026-09-14b-7str-oform-1,content-дата,7,оформлено,Theme1,alpha_other,4,нет,2,да,206,18,23,11.2,24,11.7,600,2.91,26.1,51.5,0,0,0,0,0.0,0.0,0,,,9 из 22,1.32
cgxs.casino,casino,2026-09-11,5,20,18-23,script_yandex_12page,script,12,,Theme1,alpha_other,4,да,1,да,206,20,23,11.2,33,16.0,336,1.63,14.6,38.7,0,0,0,0,0.0,0.0,0,,,8 из 21,1.22
3472.team,team,2026-09-16,3,20,18-23,content-2026-09-15-7str-oform-2,content-дата,7,оформлено,Theme1,numeric,4,нет,2,да,206,16,23,11.2,23,11.2,438,2.13,19.0,56.6,0,0,0,0,0.0,0.0,0,,,32 из 50,0.87
7925.lol,lol,2026-09-03,4,20,18-23,NEW50_3_12pages_nodate_styled,NEW,12,без оформления,Theme1,numeric,4,да,1,да,206,21,23,11.2,26,12.6,461,2.24,20.0,48.9,0,0,0,0,0.0,0.0,0,,,10 из 11,0.75
4502.team,team,2026-09-02,3,20,18-23,NEW50_7pages_nodate_01.09,NEW,7,без оформления,Theme1,numeric,4,да,1,да,206,14,23,11.2,26,12.6,245,1.19,10.7,54.4,0,0,0,0,0.0,0.0,0,,,14 из 14,0.51
bepcasino.team,team,2026-09-17,4,2,00-05,nabory-581-590,nabory,,,Theme1,casino_infix,9,нет,2,да,206,18,23,11.2,29,14.1,441,2.14,19.2,60.5,0,0,0,0,0.0,0.0,0,,,2 из 10,1.29
2473.lol,lol,2026-09-16,3,15,12-17,content-2026-09-15-7str-oform-2,content-дата,7,оформлено,Theme1,numeric,4,нет,2,да,206,17,23,11.2,24,11.7,365,1.77,15.9,62.2,0,0,0,0,0.0,0.0,0,,,33 из 50,0.87
casinoebt.team,team,2026-09-10,4,17,12-17,archive37строформленоv2часть1,archive,7,оформлено,Theme1,casino_prefix,9,да,1,да,206,23,23,11.2,28,13.6,397,1.93,17.3,24.3,0,0,0,0,0.0,0.0,0,,,8 из 45,2.29
kvbcasino.lol,lol,2026-09-07,1,20,18-23,NEW20_12pages_nodate_оформлено,NEW,12,оформлено,Theme1,casino_infix,9,да,1,да,206,20,23,11.2,32,15.5,138,0.67,6.0,64.8,0,0,0,0,0.0,0.0,0,,,6 из 6,0.66
casinofg.team,team,2026-09-17,4,23,18-23,content-2026-09-14b-7str-oform-1,content-дата,7,оформлено,Theme1,casino_prefix,8,нет,2,да,206,13,23,11.2,23,11.2,388,1.88,16.9,48.3,0,0,0,0,0.0,0.0,0,,,10 из 22,1.32
1009ds.casino,casino,2026-09-10,4,23,18-23,NEW102оформленобездаты,NEW,,оформлено,Theme1,alpha_other,6,да,1,да,206,19,23,11.2,28,13.6,284,1.38,12.3,31.3,0,0,0,0,0.0,0.0,0,,,22 из 42,1.0
5406.team,team,2026-09-07,1,18,18-23,nabory436440_styled_img,nabory,,styled_img,Theme1,numeric,4,да,1,да,206,22,23,11.2,26,12.6,238,1.16,10.3,43.9,0,0,0,0,0.0,0.0,0,,,2 из 5,1.05
6390.lol,lol,2026-09-14,1,22,18-23,content-2026-09-14-7str-oform-8,content-дата,7,оформлено,Theme1,numeric,4,да,1,да,206,14,23,11.2,24,11.7,153,0.74,6.7,63.9,0,0,0,0,0.0,0.0,0,,,9 из 25,1.44
casinoozz.lol,lol,2026-09-11,5,17,12-17,NEW102оформленобездаты,NEW,,оформлено,Theme1,casino_prefix,9,да,1,да,206,22,23,11.2,34,16.5,259,1.26,11.3,36.8,0,0,0,0,0.0,0.0,0,,,23 из 42,1.0
5228.lol,lol,2026-09-17,4,6,06-11,nabory-601-610,nabory,,,Theme1,numeric,4,нет,3,да,206,18,23,11.2,24,11.7,309,1.5,13.4,57.1,0,0,0,0,0.0,0.0,0,,,4 из 10,1.35
s8e.lol,lol,2026-09-17,4,8,06-11,content-2026-09-15-7str-oform-1,content-дата,7,оформлено,Theme1,alpha_other,3,нет,2,да,206,18,23,11.2,25,12.1,190,0.92,8.3,70.3,0,0,0,0,0.0,0.0,0,,,15 из 50,1.53
casino0509g.casino,casino,2026-09-04,5,20,18-23,NEW20_7pages_withdate_styled_img,NEW,7,styled_img,Theme1,casino_prefix,11,да,1,да,206,17,23,11.2,29,14.1,155,0.75,6.7,61.8,0,0,0,0,0.0,0.0,0,,,1 из 3,3.29
casinoc8.team,team,2026-09-16,3,21,18-23,content-2026-09-15-7str-oform-2,content-дата,7,оформлено,Theme1,casino_prefix,8,нет,2,да,206,13,23,11.2,23,11.2,165,0.8,7.2,77.1,0,0,0,0,0.0,0.0,0,,,34 из 50,0.87
izlx.lol,lol,2026-09-03,4,0,00-05,КОНТЕНТ НЕ ЗАПИСАН,не записан,,,Theme1,alpha_other,4,да,1,да,206,22,23,11.2,29,14.1,136,0.66,5.9,85.3,0,0,0,0,0.0,0.0,0,,,24 из 71,1.53
7874.team,team,2026-09-03,4,20,18-23,NEW50_3_7pages_nodate_styled,NEW,7,без оформления,Theme1,numeric,4,да,1,да,206,20,23,11.2,24,11.7,103,0.5,4.5,77.3,0,0,0,0,0.0,0.0,0,,,6 из 13,1.05
q7a.lol,lol,2026-09-02,3,0,00-05,NEW50_7pages_withdate_01.09,NEW,7,без оформления,Theme1,alpha_other,3,да,1,да,206,22,23,11.2,31,15.0,114,0.55,5.0,88.8,0,0,0,0,0.0,0.0,0,,,9 из 11,0.66
4982.team,team,2026-09-14,1,17,12-17,content-2026-09-14-12str-oform,content-дата,12,оформлено,Theme1,numeric,4,да,1,да,206,13,22,10.7,28,13.6,151,0.73,6.9,66.5,1,0,1,0,0.485,66.2,1,2,Вулкан Россия (1),12 из 16,0.75
6715.team,team,2026-09-15,2,7,06-11,content-2026-09-14b-7str-oform-2,content-дата,7,оформлено,Theme1,numeric,4,нет,2,да,206,15,22,10.7,23,11.2,62,0.3,2.8,75.0,1,0,1,0,0.485,161.3,1,1,Platinum (1),31 из 51,0.82
jbrh.casino,casino,2026-09-09,3,20,18-23,archive47_unique119оформленочасть2,archive,,оформлено,Theme1,alpha_other,4,да,1,да,206,17,22,10.7,33,16.0,673,3.27,30.6,52.6,0,0,1,0,0.0,0.0,1,4,Why (1),2 из 24,2.02
7497.team,team,2026-09-15,2,11,06-11,content-2026-09-14b-7str-oform-2,content-дата,7,оформлено,Theme1,numeric,4,нет,2,да,206,16,22,10.7,24,11.7,2695,13.08,122.5,18.4,0,0,0,0,0.0,0.0,0,,,32 из 51,0.82
0572.team,team,2026-09-10,4,23,18-23,NEW102оформленосдатой,NEW,,оформлено,Theme1,numeric,4,да,1,да,206,20,22,10.7,35,17.0,1835,8.91,83.4,12.2,0,0,0,0,0.0,0.0,0,,,12 из 18,0.79
casino1009.casino,casino,2026-09-11,5,23,18-23,NEW102оформленобездаты,NEW,,оформлено,Theme1,casino_prefix,10,да,1,да,206,22,22,10.7,28,13.6,1032,5.01,46.9,12.3,0,0,0,0,0.0,0.0,0,,,24 из 42,0.96
casinoubf.buzz,buzz,2026-09-08,2,15,12-17,archive37строформленоv2часть1,archive,7,оформлено,Theme1,casino_prefix,9,да,1,да,206,18,22,10.7,32,15.5,843,4.09,38.3,25.0,0,0,0,0,0.0,0.0,0,,,9 из 45,2.18
9421.team,team,2026-09-07,1,16,12-17,nabory431435_styled_img,nabory,,styled_img,Theme1,numeric,4,да,1,да,206,22,22,10.7,29,14.1,1083,5.26,49.2,22.1,0,0,0,0,0.0,0.0,0,,,4 из 5,0.82
6027.lol,lol,2026-09-07,1,16,12-17,NEW20_4_7pages_withdate,NEW,7,без оформления,Theme1,numeric,4,да,1,да,206,19,22,10.7,31,15.0,464,2.25,21.1,32.2,0,0,0,0,0.0,0.0,0,,,4 из 5,0.85
5648.lol,lol,2026-09-11,5,18,18-23,clean7_part1_50оформлено,clean,,оформлено,Theme1,numeric,4,да,1,да,206,21,22,10.7,28,13.6,478,2.32,21.7,24.1,0,0,0,0,0.0,0.0,0,,,19 из 50,1.2
e4h1.casino,casino,2026-09-11,5,15,12-17,clean7_part1_50оформлено,clean,,оформлено,Theme1,alpha_other,4,да,1,да,206,20,22,10.7,31,15.0,637,3.09,29.0,30.4,0,0,0,0,0.0,0.0,0,,,20 из 50,1.2
3745.team,team,2026-09-11,5,0,00-05,NEW102оформленосдатой,NEW,,оформлено,Theme1,numeric,4,да,1,да,206,19,22,10.7,36,17.5,554,2.69,25.2,17.7,0,0,0,0,0.0,0.0,0,,,13 из 18,0.79
0328.team,team,2026-09-12,6,13,12-17,content-2026-09-12-7str-oform-1,content-дата,7,оформлено,Theme1,numeric,4,да,1,да,206,16,22,10.7,34,16.5,363,1.76,16.5,35.1,0,0,0,0,0.0,0.0,0,,,5 из 41,2.02
4313.team,team,2026-09-07,1,9,06-11,Выдача_06.09_12стр,прочее,12,,Theme1,numeric,4,да,1,да,206,22,22,10.7,35,17.0,452,2.19,20.5,40.6,0,0,0,0,0.0,0.0,0,,,6 из 8,0.8
4421.lol,lol,2026-09-17,3,0,00-05,nabory-581-590,nabory,,,Theme1,numeric,4,нет,2,да,150,12,16,10.7,16,10.7,600,4.0,37.5,71.7,0,0,0,0,0.0,0.0,0,,,3 из 10,1.23
casinomw.team,team,2026-09-07,1,18,18-23,nabory436440_styled_img,nabory,,styled_img,Theme1,casino_prefix,8,да,1,да,206,22,22,10.7,27,13.1,522,2.53,23.7,36.2,0,0,0,0,0.0,0.0,0,,,3 из 5,1.0
2760.team,team,2026-09-03,4,18,18-23,NEW50_3_7pages_nodate_styled,NEW,7,без оформления,Theme1,numeric,4,да,1,да,206,16,22,10.7,29,14.1,415,2.01,18.9,62.7,0,0,0,0,0.0,0.0,0,,,7 из 13,1.0
dkwq.team,team,2026-09-15,2,15,12-17,content-2026-09-14c-7str-oform-2,content-дата,7,оформлено,Theme1,alpha_other,4,нет,2,да,206,15,22,10.7,22,10.7,335,1.63,15.2,52.2,0,0,0,0,0.0,0.0,0,,,41 из 44,0.57
0417.team,team,2026-09-12,6,13,12-17,content-2026-09-12-7str-oform-1,content-дата,7,оформлено,Theme1,numeric,4,да,1,да,206,16,22,10.7,36,17.5,308,1.5,14.0,34.4,0,0,0,0,0.0,0.0,0,,,6 из 41,2.02
casinoj1.team,team,2026-09-05,6,15,12-17,Generator_385390_styled_img,Generator,,styled_img,Theme1,casino_prefix,8,да,1,да,206,20,22,10.7,27,13.1,252,1.22,11.5,33.1,0,0,0,0,0.0,0.0,0,,,1 из 6,3.4
4321.team,team,2026-09-07,1,19,18-23,NEW20_7pages_withdate_оформлено,NEW,7,оформлено,Theme1,numeric,4,да,1,да,206,21,22,10.7,28,13.6,332,1.61,15.1,37.2,0,0,0,0,0.0,0.0,0,,,3 из 5,1.0
8625.team,team,2026-09-16,3,15,12-17,content-2026-09-15-7str-oform-2,content-дата,7,оформлено,Theme1,numeric,4,нет,2,да,206,19,22,10.7,22,10.7,274,1.33,12.5,56.7,0,0,0,0,0.0,0.0,0,,,35 из 50,0.83
1209ss.casino,casino,2026-09-12,6,15,12-17,content-2026-09-12-7str-oform-1,content-дата,7,оформлено,Theme1,alpha_other,6,да,1,да,206,18,22,10.7,35,17.0,143,0.69,6.5,50.6,0,0,0,0,0.0,0.0,0,,,7 из 41,2.02
dckd.casino,casino,2026-09-11,5,10,06-11,NEW102оформленобездаты,NEW,,оформлено,Theme1,alpha_other,4,да,1,да,206,20,22,10.7,32,15.5,171,0.83,7.8,50.6,0,0,0,0,0.0,0.0,0,,,25 из 42,0.96
casino6809.lol,lol,2026-09-09,3,18,18-23,archive47_unique119оформленочасть1,archive,,оформлено,Theme1,casino_prefix,10,да,1,да,206,14,22,10.7,27,13.1,180,0.87,8.2,80.9,0,0,0,0,0.0,0.0,0,,,15 из 40,1.7
3318.team,team,2026-09-15,2,9,06-11,nabory-525-534_styled_img,nabory,,styled_img,Theme1,numeric,4,нет,2,да,206,11,22,10.7,28,13.6,101,0.49,4.6,74.7,0,0,0,0,0.0,0.0,0,,,1 из 10,2.43
3533.team,team,2026-09-16,3,23,18-23,nabory-581-590,nabory,,,Theme1,numeric,4,нет,2,да,206,17,22,10.7,22,10.7,124,0.6,5.6,87.6,0,0,0,0,0.0,0.0,0,,,4 из 10,1.23
d4n.lol,lol,2026-09-16,3,9,06-11,content-2026-09-14b-7str-oform-2,content-дата,7,оформлено,Theme1,alpha_other,3,нет,2,да,206,21,22,10.7,23,11.2,69,0.33,3.1,84.2,0,0,0,0,0.0,0.0,0,,,33 из 51,0.82
9747.team,team,2026-09-17,4,15,12-17,content-2026-09-16-7str,content-дата,7,,Theme1,numeric,4,нет,2,да,206,12,22,10.7,23,11.2,67,0.33,3.0,89.2,0,0,0,0,0.0,0.0,0,,,21 из 42,1.02
8739.lol,lol,2026-09-10,4,10,06-11,archive37строформленоv2часть3,archive,7,оформлено,Theme1,numeric,4,да,1,да,206,21,21,10.2,27,13.1,1304,6.33,62.1,7.6,1,0,1,0,0.485,7.7,1,0,Casino7 (1),6 из 45,1.76
brlu.team,team,2026-09-12,6,18,18-23,content-2026-09-12-7str-oform-1,content-дата,7,оформлено,Theme1,alpha_other,4,да,1,да,206,17,21,10.2,26,12.6,348,1.69,16.6,28.2,1,0,1,0,0.485,28.7,1,2,1win (1),8 из 41,1.92
6480.lol,lol,2026-09-09,3,16,12-17,archive47_unique119оформленочасть2,archive,,оформлено,Theme1,numeric,4,да,1,да,206,19,21,10.2,34,16.5,208,1.01,9.9,82.1,1,0,1,0,0.485,48.1,1,1,Cactus (1),3 из 24,1.92
0040.team,team,2026-09-03,4,6,06-11,NEW50_7pages_withdate_01.09,NEW,7,без оформления,Theme1,numeric,4,да,1,да,206,19,21,10.2,27,13.1,1973,9.58,94.0,10.0,0,0,0,0,0.0,0.0,0,,,10 из 11,0.6
casinozzx.team,team,2026-09-15,2,3,00-05,nabory-515-524_styled_img,nabory,,styled_img,Theme1,casino_prefix,9,нет,5,да,206,14,21,10.2,25,12.1,903,4.38,43.0,27.4,0,0,0,0,0.0,0.0,0,,,2 из 10,1.45
8077.team,team,2026-09-17,4,23,18-23,content-2026-09-14b-7str-oform-1,content-дата,7,оформлено,Theme1,numeric,4,нет,2,да,206,10,21,10.2,22,10.7,769,3.73,36.6,32.2,0,0,0,0,0.0,0.0,0,,,11 из 22,1.2
8414.team,team,2026-09-15,2,14,12-17,content-2026-09-14c-7str-oform-2,content-дата,7,оформлено,Theme1,numeric,4,нет,2,да,206,16,21,10.2,21,10.2,503,2.44,24.0,42.7,0,0,0,0,0.0,0.0,0,,,42 из 44,0.54
kzgq.lol,lol,2026-09-03,4,0,00-05,КОНТЕНТ НЕ ЗАПИСАН,не записан,,,Theme1,alpha_other,4,да,1,да,206,21,21,10.2,24,11.7,392,1.9,18.7,65.1,0,0,0,0,0.0,0.0,0,,,25 из 71,1.4
2930.team,team,2026-09-11,5,6,06-11,clean7_part1_50оформлено,clean,,оформлено,Theme1,numeric,4,да,1,да,206,6,21,10.2,25,12.1,547,2.66,26.0,8.9,0,0,0,0,0.0,0.0,0,,,21 из 50,1.14
casinonck.lol,lol,2026-09-04,5,3,00-05,nabory284293,nabory,,,Theme1,casino_prefix,9,да,1,да,206,20,21,10.2,25,12.1,384,1.86,18.3,38.0,0,0,0,0,0.0,0.0,0,,,1 из 10,1.5
nztj.team,team,2026-09-17,4,19,18-23,content-2026-09-16-7str,content-дата,7,,Theme1,alpha_other,4,нет,2,да,206,18,21,10.2,21,10.2,356,1.73,17.0,69.3,0,0,0,0,0.0,0.0,0,,,22 из 42,0.98
4854.lol,lol,2026-09-03,4,19,18-23,NEW50_3_12pages_withdate_styled,NEW,12,без оформления,Theme1,numeric,4,да,1,да,206,21,21,10.2,24,11.7,282,1.37,13.4,66.1,0,0,0,0,0.0,0.0,0,,,13 из 14,0.47
casinolg.team,team,2026-09-13,7,16,12-17,content-2026-09-12-7str-oform-3,content-дата,7,оформлено,Theme1,casino_prefix,8,да,1,да,206,20,21,10.2,26,12.6,282,1.37,13.4,28.6,0,0,0,0,0.0,0.0,0,,,5 из 39,2.62
casinomol.lol,lol,2026-09-17,4,9,06-11,content-2026-09-15-7str-oform-1,content-дата,7,оформлено,Theme1,casino_prefix,9,нет,2,да,206,17,21,10.2,22,10.7,276,1.34,13.1,60.9,0,0,0,0,0.0,0.0,0,,,16 из 50,1.4
d1c3.team,team,2026-09-11,5,9,06-11,clean7_part1_50оформлено,clean,,оформлено,Theme1,alpha_other,4,да,1,да,206,18,21,10.2,36,17.5,144,0.7,6.9,48.6,0,0,0,0,0.0,0.0,0,,,22 из 50,1.14
vafe.team,team,2026-09-17,4,12,12-17,content-2026-09-14b-7str-oform-2,content-дата,7,оформлено,Theme1,alpha_other,4,нет,2,да,206,16,21,10.2,23,11.2,219,1.06,10.4,75.3,0,0,0,0,0.0,0.0,0,,,34 из 51,0.78
xjl.lol,lol,2026-09-03,4,0,00-05,КОНТЕНТ НЕ ЗАПИСАН,не записан,,,Theme1,alpha_other,3,да,1,да,206,21,21,10.2,26,12.6,217,1.05,10.3,79.3,0,0,0,0,0.0,0.0,0,,,26 из 71,1.4
4781.team,team,2026-09-13,7,12,12-17,nabory-495-499_styled_img,nabory,,styled_img,Theme1,numeric,4,да,1,да,206,17,21,10.2,26,12.6,109,0.53,5.2,52.4,0,0,0,0,0.0,0.0,0,,,1 из 5,2.32
9814.team,team,2026-09-15,2,7,06-11,content-2026-09-14b-7str-oform-2,content-дата,7,оформлено,Theme1,numeric,4,нет,2,да,206,15,21,10.2,24,11.7,186,0.9,8.9,58.8,0,0,0,0,0.0,0.0,0,,,35 из 51,0.78
hhsw.team,team,2026-09-16,3,3,00-05,content-2026-09-14c-7str-oform-1,content-дата,7,оформлено,Theme1,alpha_other,4,нет,2,да,206,20,21,10.2,23,11.2,193,0.94,9.2,58.8,0,0,0,0,0.0,0.0,0,,,43 из 45,0.49
9525casino.team,team,2026-09-10,4,16,12-17,archive37строформленоv2часть3,archive,7,оформлено,Theme1,casino_infix,10,да,1,да,206,15,21,10.2,31,15.0,94,0.46,4.5,44.0,0,0,0,0,0.0,0.0,0,,,7 из 45,1.76
d8y5.lol,lol,2026-09-09,3,17,12-17,archive47_unique119оформленочасть2,archive,,оформлено,Theme1,alpha_other,4,да,1,да,206,20,21,10.2,31,15.0,178,0.86,8.5,83.9,0,0,0,0,0.0,0.0,0,,,4 из 24,1.92
z1n9.team,team,2026-09-11,5,21,18-23,nabory484486_styled_img,nabory,,styled_img,Theme1,alpha_other,4,да,1,да,206,19,21,10.2,24,11.7,134,0.65,6.4,48.0,0,0,0,0,0.0,0.0,0,,,1 из 3,1.05
8975.team,team,2026-09-11,5,8,06-11,clean7_part1_50оформлено,clean,,оформлено,Theme1,numeric,4,да,1,да,206,17,21,10.2,28,13.6,108,0.52,5.1,47.0,0,0,0,0,0.0,0.0,0,,,23 из 50,1.14
m3e.lol,lol,2026-09-15,2,5,00-05,content-2026-09-14-7str-oform-8,content-дата,7,оформлено,Theme1,alpha_other,3,нет,2,да,206,13,21,10.2,25,12.1,127,0.62,6.0,65.7,0,0,0,0,0.0,0.0,0,,,10 из 25,1.31
hkcasino.lol,lol,2026-09-05,6,15,12-17,trikomplektaB,прочее,,,Theme1,casino_infix,8,да,1,да,206,20,21,10.2,23,11.2,127,0.62,6.0,49.6,0,0,0,0,0.0,0.0,0,,,2 из 3,1.0
2233.team,team,2026-09-14,1,21,18-23,nabory-515-524_styled_img,nabory,,styled_img,Theme1,numeric,4,нет,2,да,206,11,21,10.2,21,10.2,95,0.46,4.5,65.5,0,0,0,0,0.0,0.0,0,,,3 из 10,1.45
u3i.team,team,2026-09-06,7,20,18-23,troykaC,прочее,,,Theme1,alpha_other,3,да,1,да,206,18,21,10.2,25,12.1,83,0.4,4.0,65.9,0,0,0,0,0.0,0.0,0,,,2 из 3,1.0
9058.team,team,2026-09-17,4,15,12-17,content-2026-09-16-7str,content-дата,7,,Theme1,numeric,4,нет,2,да,206,15,21,10.2,21,10.2,86,0.42,4.1,89.2,0,0,0,0,0.0,0.0,0,,,23 из 42,0.98
casinobqy.team,team,2026-09-15,2,3,00-05,nabory-515-524_styled_img,nabory,,styled_img,Theme1,casino_prefix,9,нет,2,да,206,6,21,10.2,23,11.2,63,0.31,3.0,76.8,0,0,0,0,0.0,0.0,0,,,4 из 10,1.45
tzeq.lol,lol,2026-09-17,4,5,00-05,content-2026-09-15-7str-oform-1,content-дата,7,оформлено,Theme1,alpha_other,4,нет,2,да,206,16,21,10.2,21,10.2,70,0.34,3.3,80.5,0,0,0,0,0.0,0.0,0,,,17 из 50,1.4
0876.team,team,2026-09-07,1,19,18-23,NEW20_12pages_withdate_оформлено,NEW,12,оформлено,Theme1,numeric,4,да,1,да,206,19,21,10.2,27,13.1,43,0.21,2.0,74.0,0,0,0,0,0.0,0.0,0,,,4 из 4,0.75
3064.lol,lol,2026-09-02,3,21,18-23,nabory294303,nabory,,,Theme1,numeric,4,да,1,да,206,19,21,10.2,21,10.2,43,0.21,2.0,82.5,0,0,0,0,0.0,0.0,0,,,5 из 10,1.1
t8z9.lol,lol,2026-09-18,5,15,12-17,content-2026-09-17-7str-oform-2,content-дата,7,оформлено,Theme1,alpha_other,4,нет,2,да,150,12,15,10.0,15,10.0,24,0.16,1.6,92.2,0,0,0,0,0.0,0.0,0,,,19 из 36,0.94
5256.lol,lol,2026-09-06,7,19,18-23,NEW20_3_7pages_nodate_styled_img,NEW,7,styled_img,Theme1,numeric,4,да,1,да,205,18,20,9.8,24,11.7,823,4.01,41.1,20.1,0,0,0,0,0.0,0.0,0,,,5 из 6,0.47
1209s.casino,casino,2026-09-12,6,0,00-05,script_yandex_12page,script,12,,Theme1,alpha_other,5,да,1,да,206,15,20,9.7,33,16.0,362,1.76,18.1,64.9,0,0,1,0,0.0,0.0,1,0,Iris (1),9 из 21,1.05
h1p5.team,team,2026-09-11,5,22,18-23,nabory481483_styled_img_dark,nabory,,styled_img,Theme1,alpha_other,4,да,1,да,206,17,20,9.7,30,14.6,1422,6.9,71.1,19.6,0,0,0,0,0.0,0.0,0,,,3 из 3,0.8
7188.lol,lol,2026-09-11,5,5,00-05,archive37строформленоv2часть1,archive,7,оформлено,Theme1,numeric,4,да,1,да,206,20,20,9.7,27,13.1,1421,6.9,71.0,8.1,0,0,0,0,0.0,0.0,0,,,10 из 45,1.98
6804.team,team,2026-09-16,3,11,06-11,nabory-565-580,nabory,,,Theme1,numeric,4,нет,2,да,206,17,20,9.7,21,10.2,1348,6.54,67.4,48.7,0,0,0,0,0.0,0.0,0,,,11 из 16,0.73
4160.lol,lol,2026-09-11,5,5,00-05,archive37строформленоv2часть1,archive,7,оформлено,Theme1,numeric,4,да,1,да,206,16,20,9.7,31,15.0,560,2.72,28.0,21.9,0,0,0,0,0.0,0.0,0,,,11 из 45,1.98
e1h3.team,team,2026-09-15,2,15,12-17,content-2026-09-14c-7str-oform-2,content-дата,7,оформлено,Theme1,alpha_other,4,нет,2,да,206,11,20,9.7,22,10.7,793,3.85,39.6,42.3,0,0,0,0,0.0,0.0,0,,,43 из 44,0.51
274casino.lol,lol,2026-09-06,7,18,18-23,nabory411420_styled_img,nabory,,styled_img,Theme1,casino_infix,9,да,1,да,206,17,20,9.7,23,11.2,795,3.86,39.8,29.8,0,0,0,0,0.0,0.0,0,,,3 из 10,1.14
3176.team,team,2026-09-13,7,12,12-17,content-2026-09-12-7str-oform-3,content-дата,7,оформлено,Theme1,numeric,4,да,1,да,206,20,20,9.7,24,11.7,590,2.86,29.5,15.1,0,0,0,0,0.0,0.0,0,,,6 из 39,2.49
1209casino.casino,casino,2026-09-12,6,0,00-05,script_yandex_12page,script,12,,Theme1,casino_infix,10,да,1,да,206,16,20,9.7,31,15.0,579,2.81,28.9,52.2,0,0,0,0,0.0,0.0,0,,,10 из 21,1.05
qqwd.buzz,buzz,2026-09-08,2,19,18-23,nabory447451_styled_img,nabory,,styled_img,Theme1,alpha_other,4,да,1,да,206,20,20,9.7,24,11.7,547,2.66,27.4,23.5,0,0,0,0,0.0,0.0,0,,,2 из 5,1.33
6419.lol,lol,2026-09-11,5,14,12-17,NEW102оформленобездаты,NEW,,оформлено,Theme1,numeric,4,да,1,да,206,15,20,9.7,29,14.1,255,1.24,12.8,48.3,0,0,0,0,0.0,0.0,0,,,26 из 42,0.87
casinoja.team,team,2026-09-16,3,16,12-17,content-2026-09-15-7str-oform-2,content-дата,7,оформлено,Theme1,casino_prefix,8,нет,2,да,206,15,20,9.7,24,11.7,292,1.42,14.6,46.9,0,0,0,0,0.0,0.0,0,,,36 из 50,0.75
tshz.team,team,2026-09-10,4,14,12-17,archive37строформленоv2часть1,archive,7,оформлено,Theme1,alpha_other,4,да,1,да,206,19,20,9.7,29,14.1,416,2.02,20.8,28.1,0,0,0,0,0.0,0.0,0,,,12 из 45,1.98
7969.team,team,2026-09-12,6,16,12-17,content-2026-09-12-7str-oform-1,content-дата,7,оформлено,Theme1,numeric,4,да,1,да,206,15,20,9.7,34,16.5,371,1.8,18.6,33.7,0,0,0,0,0.0,0.0,0,,,9 из 41,1.83
pqow.team,team,2026-09-04,5,21,18-23,trikomplekta,прочее,,,Theme1,alpha_other,4,да,1,да,206,19,20,9.7,23,11.2,387,1.88,19.4,38.6,0,0,0,0,0.0,0.0,0,,,3 из 3,0.54
0403.lol,lol,2026-09-01,2,22,18-23,NEW50_12pages_withdate_01.09,NEW,12,без оформления,Theme1,numeric,4,да,1,да,206,10,20,9.7,22,10.7,134,0.65,6.7,85.0,0,0,0,0,0.0,0.0,0,,,17 из 17,0.46
u1y1.team,team,2026-09-10,4,14,12-17,nabory470472_styled_img,nabory,,styled_img,Theme1,alpha_other,4,да,1,да,206,20,20,9.7,36,17.5,282,1.37,14.1,23.0,0,0,0,0,0.0,0.0,0,,,3 из 3,0.74
p3y3.team,team,2026-09-04,5,20,18-23,NEW20_7pages_nodate_styled_img,NEW,7,styled_img,Theme1,alpha_other,4,да,1,да,206,18,20,9.7,21,10.2,202,0.98,10.1,64.2,0,0,0,0,0.0,0.0,0,,,3 из 6,1.05
5600.team,team,2026-09-11,5,21,18-23,nabory484486_styled_img,nabory,,styled_img,Theme1,numeric,4,да,1,да,206,18,20,9.7,32,15.5,150,0.73,7.5,47.4,0,0,0,0,0.0,0.0,0,,,2 из 3,1.0
casino0509s.casino,casino,2026-09-05,6,18,18-23,NEW21_7pages_withdate_styled_img,NEW,7,styled_img,Theme1,casino_prefix,11,да,1,да,206,20,20,9.7,25,12.1,157,0.76,7.8,34.7,0,0,0,0,0.0,0.0,0,,,3 из 5,1.0
2279.team,team,2026-09-10,3,19,18-23,КОНТЕНТ НЕ ЗАПИСАН,не записан,,,Theme1,numeric,4,да,1,да,206,19,20,9.7,21,10.2,138,0.67,6.9,16.9,0,0,0,0,0.0,0.0,0,,,27 из 71,1.33
5335.lol,lol,2026-09-03,4,19,18-23,NEW50_3_12pages_nodate_styled,NEW,12,без оформления,Theme1,numeric,4,да,1,да,206,14,20,9.7,23,11.2,122,0.59,6.1,74.6,0,0,0,0,0.0,0.0,0,,,11 из 11,0.65
qlhc.lol,lol,2026-09-15,2,16,12-17,content-2026-09-14c-7str-oform-2,content-дата,7,оформлено,Theme1,alpha_other,4,нет,3,да,206,14,20,9.7,21,10.2,116,0.56,5.8,68.7,0,0,0,0,0.0,0.0,0,,,44 из 44,0.51
7119.team,team,2026-09-03,4,20,18-23,NEW50_3_7pages_nodate_styled,NEW,7,без оформления,Theme1,numeric,4,да,1,да,206,15,20,9.7,25,12.1,88,0.43,4.4,79.0,0,0,0,0,0.0,0.0,0,,,8 из 13,0.91
7190.team,team,2026-09-05,6,12,12-17,trikomplektaB,прочее,,,Theme1,numeric,4,да,1,да,206,20,20,9.7,21,10.2,124,0.6,6.2,49.6,0,0,0,0,0.0,0.0,0,,,3 из 3,0.95
8489.lol,lol,2026-09-09,3,16,12-17,archive47_unique119оформленочасть1,archive,,оформлено,Theme1,numeric,4,да,1,да,206,18,20,9.7,35,17.0,65,0.32,3.2,91.9,0,0,0,0,0.0,0.0,0,,,16 из 40,1.54
4705.lol,lol,2026-09-18,5,3,00-05,content-2026-09-17-7str-oform-2,content-дата,7,оформлено,Theme1,numeric,4,нет,2,да,150,13,14,9.3,14,9.3,177,1.18,12.6,65.8,0,0,0,0,0.0,0.0,0,,,20 из 36,0.87
3134.team,team,2026-09-16,3,23,18-23,content-2026-09-15-7str-oform-1,content-дата,7,оформлено,Theme1,numeric,4,нет,2,да,206,15,19,9.2,19,9.2,2103,10.21,110.7,29.2,1,1,1,1,0.485,4.8,1,1,Kush (2),18 из 50,1.26
casino534.lol,lol,2026-09-11,5,16,12-17,NEW102оформленобездаты,NEW,,оформлено,Theme1,casino_prefix,9,да,1,да,206,18,19,9.2,30,14.6,324,1.57,17.1,27.9,1,0,1,0,0.485,30.9,1,0,Atom (1),27 из 42,0.82
8773.team,team,2026-09-08,2,8,06-11,Content_script_12page_08.09,script,12,,Theme1,numeric,4,да,1,да,206,19,19,9.2,22,10.7,2271,11.02,119.5,10.4,0,0,0,0,0.0,0.0,0,,,8 из 11,0.7
6800.lol,lol,2026-09-13,7,15,12-17,content-2026-09-12-7str-oform-3,content-дата,7,оформлено,Theme1,numeric,4,да,1,да,206,18,19,9.2,27,13.1,1539,7.47,81.0,19.2,0,0,0,0,0.0,0.0,0,,,7 из 39,2.36
diou.lol,lol,2026-09-13,7,15,12-17,content-2026-09-12-7str-oform-3,content-дата,7,оформлено,Theme1,alpha_other,4,да,1,да,206,15,19,9.2,28,13.6,1185,5.75,62.4,20.5,0,0,0,0,0.0,0.0,0,,,8 из 39,2.36
yaid.team,team,2026-09-17,4,5,00-05,content-2026-09-15-7str-oform-1,content-дата,7,оформлено,Theme1,alpha_other,4,нет,2,да,206,14,19,9.2,20,9.7,826,4.01,43.5,42.1,0,0,0,0,0.0,0.0,0,,,19 из 50,1.26
2429.lol,lol,2026-09-17,4,3,00-05,nabory-591-600,nabory,,,Theme1,numeric,4,нет,2,да,206,15,19,9.2,20,9.7,550,2.67,28.9,56.0,0,0,0,0,0.0,0.0,0,,,5 из 10,1.15
casinojxu.team,team,2026-09-11,5,9,06-11,clean7_part1_50оформлено,clean,,оформлено,Theme1,casino_prefix,9,да,1,да,206,16,19,9.2,25,12.1,268,1.3,14.1,26.0,0,0,0,0,0.0,0.0,0,,,24 из 50,1.03
2882.team,team,2026-09-03,4,2,00-05,КОНТЕНТ НЕ ЗАПИСАН,не записан,,,Theme1,numeric,4,да,1,да,206,17,19,9.2,20,9.7,422,2.05,22.2,37.9,0,0,0,0,0.0,0.0,0,,,28 из 71,1.26
yadn.lol,lol,2026-09-15,2,6,06-11,content-2026-09-14-7str-oform-9,content-дата,7,оформлено,Theme1,alpha_other,4,нет,2,да,206,12,19,9.2,22,10.7,323,1.57,17.0,55.8,0,0,0,0,0.0,0.0,0,,,14 из 29,1.0
casino705.lol,lol,2026-09-16,3,6,06-11,nabory-545-554_styled_img,nabory,,styled_img,Theme1,casino_prefix,9,нет,2,да,206,18,19,9.2,22,10.7,320,1.55,16.8,38.6,0,0,0,0,0.0,0.0,0,,,9 из 10,0.69
casino1430.lol,lol,2026-09-04,5,15,12-17,КОНТЕНТ НЕ ЗАПИСАН,не записан,,,Theme1,casino_prefix,10,да,1,да,206,13,19,9.2,23,11.2,230,1.12,12.1,50.8,0,0,0,0,0.0,0.0,0,,,29 из 71,1.26
7415.buzz,buzz,2026-09-08,2,16,12-17,archive37строформленоv2часть2,archive,7,оформлено,Theme1,numeric,4,да,1,да,206,16,19,9.2,23,11.2,194,0.94,10.2,52.2,0,0,0,0,0.0,0.0,0,,,8 из 45,2.71
casino8915.lol,lol,2026-09-12,6,20,18-23,content-2026-09-12-7str-oform-2,content-дата,7,оформлено,Theme1,casino_prefix,10,да,1,да,206,17,19,9.2,24,11.7,218,1.06,11.5,37.3,0,0,0,0,0.0,0.0,0,,,7 из 41,1.74
casinodp.team,team,2026-09-11,5,16,12-17,NEW102оформленобездаты,NEW,,оформлено,Theme1,casino_prefix,8,да,1,да,206,19,19,9.2,35,17.0,115,0.56,6.1,50.4,0,0,0,0,0.0,0.0,0,,,28 из 42,0.82
854casino.team,team,2026-09-11,5,8,06-11,clean7_part1_50оформлено,clean,,оформлено,Theme1,casino_infix,9,да,1,да,206,14,19,9.2,26,12.6,112,0.54,5.9,41.6,0,0,0,0,0.0,0.0,0,,,25 из 50,1.03
6808.team,team,2026-09-06,7,18,18-23,NEW20_3_7pages_nodate_styled_img,NEW,7,styled_img,Theme1,numeric,4,да,1,да,206,17,19,9.2,22,10.7,155,0.75,8.2,39.6,0,0,0,0,0.0,0.0,0,,,6 из 6,0.44
1209hh.casino,casino,2026-09-12,6,8,06-11,script_yandex_12page,script,12,,Theme1,alpha_other,6,да,1,да,206,15,19,9.2,29,14.1,101,0.49,5.3,60.3,0,0,0,0,0.0,0.0,0,,,11 из 21,1.0
nywv.lol,lol,2026-09-16,3,22,18-23,content-2026-09-15-7str-oform-2,content-дата,7,оформлено,Theme1,alpha_other,4,нет,2,да,206,16,19,9.2,19,9.2,86,0.42,4.5,84.4,0,0,0,0,0.0,0.0,0,,,37 из 50,0.72
6294.lol,lol,2026-09-06,7,17,12-17,nabory400410_styled_img,nabory,,styled_img,Theme1,numeric,4,да,1,да,206,19,19,9.2,25,12.1,126,0.61,6.6,62.6,0,0,0,0,0.0,0.0,0,,,3 из 11,1.26
casinoph.lol,lol,2026-09-16,3,6,06-11,nabory-545-554_styled_img,nabory,,styled_img,Theme1,casino_prefix,8,нет,2,да,206,16,19,9.2,22,10.7,108,0.52,5.7,65.0,0,0,0,0,0.0,0.0,0,,,10 из 10,0.69
kfrcasino.lol,lol,2026-09-17,4,10,06-11,content-2026-09-15-7str-oform-1,content-дата,7,оформлено,Theme1,casino_infix,9,нет,2,да,206,14,19,9.2,19,9.2,121,0.59,6.4,77.5,0,0,0,0,0.0,0.0,0,,,20 из 50,1.26
3744.team,team,2026-09-15,2,4,00-05,content-2026-09-14-7str-oform-9,content-дата,7,оформлено,Theme1,numeric,4,нет,2,да,206,10,19,9.2,21,10.2,56,0.27,2.9,73.3,0,0,0,0,0.0,0.0,0,,,15 из 29,1.0
389casino.buzz,buzz,2026-09-08,2,14,12-17,archive37строформленоv2часть2,archive,7,оформлено,Theme1,casino_infix,9,да,1,да,206,18,19,9.2,28,13.6,52,0.25,2.7,74.7,0,0,0,0,0.0,0.0,0,,,9 из 45,2.71
p2v.team,team,2026-09-01,2,20,18-23,nabory264268_01.09,nabory,,,Theme1,alpha_other,3,да,1,да,206,18,19,9.2,19,9.2,77,0.37,4.1,82.2,0,0,0,0,0.0,0.0,0,,,2 из 4,1.19
zxcasino.team,team,2026-09-17,4,21,18-23,content-2026-09-16-12str,content-дата,12,,Theme1,casino_infix,8,нет,2,да,206,15,19,9.2,19,9.2,65,0.32,3.4,79.8,0,0,0,0,0.0,0.0,0,,,4 из 6,0.83
z1o4.team,team,2026-09-11,5,21,18-23,КОНТЕНТ НЕ ЗАПИСАН,не записан,,,Theme1,alpha_other,4,да,1,да,206,17,19,9.2,28,13.6,37,0.18,1.9,61.1,0,0,0,0,0.0,0.0,0,,,30 из 71,1.26
1494.lol,lol,2026-09-14,1,21,18-23,content-2026-09-14-7str-oform-8,content-дата,7,оформлено,Theme1,numeric,4,да,1,да,206,9,19,9.2,19,9.2,32,0.16,1.7,85.8,0,0,0,0,0.0,0.0,0,,,11 из 25,1.18
7816.lol,lol,2026-09-07,1,20,18-23,clean12_unique11оформлено,clean,,оформлено,Theme1,numeric,4,да,1,да,206,17,18,8.7,23,11.2,69,0.33,3.8,69.1,1,1,1,1,0.485,144.9,1,2,Money X (2),10 из 11,0.37
1109m.casino,casino,2026-09-11,5,13,12-17,NEW102оформленобездаты,NEW,,оформлено,Theme1,alpha_other,5,да,1,да,206,14,18,8.7,28,13.6,3762,18.26,209.0,6.6,1,0,1,0,0.485,2.7,1,0,Avocado (1),29 из 42,0.78
5191.lol,lol,2026-09-08,2,18,18-23,archive37строформленоv2часть2,archive,7,оформлено,Theme1,numeric,4,да,1,да,206,18,18,8.7,20,9.7,469,2.28,26.1,34.7,1,0,1,0,0.485,21.3,1,1,Casino7 (1),10 из 45,2.56
casino69.team,team,2026-09-13,7,15,12-17,content-2026-09-12-7str-oform-3,content-дата,7,оформлено,Theme1,casino_prefix,8,да,1,да,206,16,18,8.7,22,10.7,1920,9.32,106.7,11.4,0,0,0,0,0.0,0.0,0,,,9 из 39,2.23
mhob.team,team,2026-09-10,3,19,18-23,nabory464466,nabory,,,Theme1,alpha_other,4,да,1,да,206,18,18,8.7,24,11.7,1426,6.92,79.2,11.9,0,0,0,0,0.0,0.0,0,,,1 из 3,1.64
casino378.lol,lol,2026-09-12,6,16,12-17,content-2026-09-12-7str-oform-1,content-дата,7,оформлено,Theme1,casino_prefix,9,да,1,да,206,15,18,8.7,26,12.6,994,4.83,55.2,15.0,0,0,0,0,0.0,0.0,0,,,10 из 41,1.64
casinodh.lol,lol,2026-09-17,4,16,12-17,content-2026-09-16-7str,content-дата,7,,Theme1,casino_prefix,8,нет,2,да,206,14,18,8.7,20,9.7,1370,6.65,76.1,34.5,0,0,0,0,0.0,0.0,0,,,24 из 42,0.83
67casino.buzz,buzz,2026-09-08,2,14,12-17,archive37строформленоv2часть2,archive,7,оформлено,Theme1,casino_infix,8,да,1,да,206,17,18,8.7,25,12.1,324,1.57,18.0,39.0,0,0,0,0,0.0,0.0,0,,,11 из 45,2.56
5329.team,team,2026-09-03,4,2,00-05,КОНТЕНТ НЕ ЗАПИСАН,не записан,,,Theme1,numeric,4,да,1,да,206,17,18,8.7,26,12.6,1036,5.03,57.6,38.4,0,0,0,0,0.0,0.0,0,,,31 из 71,1.19
casino62.lol,lol,2026-09-11,5,14,12-17,clean7_part1_50оформлено,clean,,оформлено,Theme1,casino_prefix,8,да,1,да,206,16,18,8.7,32,15.5,744,3.61,41.3,18.8,0,0,0,0,0.0,0.0,0,,,26 из 50,0.97
n2m.team,team,2026-09-17,4,17,12-17,content-2026-09-16-7str,content-дата,7,,Theme1,alpha_other,3,нет,2,да,206,14,18,8.7,18,8.7,764,3.71,42.4,48.2,0,0,0,0,0.0,0.0,0,,,25 из 42,0.83
7960.lol,lol,2026-09-06,7,17,12-17,nabory400410_styled_img,nabory,,styled_img,Theme1,numeric,4,да,1,да,206,18,18,8.7,22,10.7,689,3.34,38.3,24.1,0,0,0,0,0.0,0.0,0,,,4 из 11,1.19
casino82.team,team,2026-09-11,5,7,06-11,NEW102оформленосдатой,NEW,,оформлено,Theme1,casino_prefix,8,да,1,да,206,16,18,8.7,32,15.5,567,2.75,31.5,11.8,0,0,0,0,0.0,0.0,0,,,14 из 18,0.64
ejucasino.lol,lol,2026-09-14,1,3,00-05,content-2026-09-12-7str-oform-3,content-дата,7,оформлено,Theme1,casino_infix,9,да,1,да,206,15,18,8.7,20,9.7,448,2.17,24.9,22.0,0,0,0,0,0.0,0.0,0,,,10 из 39,2.23
9383.team,team,2026-09-10,3,19,18-23,archive47_unique119оформленочасть2,archive,,оформлено,Theme1,numeric,4,да,1,да,206,13,18,8.7,23,11.2,509,2.47,28.3,7.8,0,0,0,0,0.0,0.0,0,,,5 из 24,1.64
casinod1.lol,lol,2026-09-11,5,16,12-17,NEW102оформленобездаты,NEW,,оформлено,Theme1,casino_prefix,8,да,1,да,206,12,18,8.7,25,12.1,345,1.67,19.2,43.0,0,0,0,0,0.0,0.0,0,,,30 из 42,0.78
2250.team,team,2026-09-12,6,14,12-17,content-2026-09-12-7str-oform-1,content-дата,7,оформлено,Theme1,numeric,4,да,1,да,206,15,18,8.7,36,17.5,325,1.58,18.1,35.0,0,0,0,0,0.0,0.0,0,,,11 из 41,1.64
4313.lol,lol,2026-09-06,7,18,18-23,nabory411420_styled_img,nabory,,styled_img,Theme1,numeric,4,да,1,да,206,17,18,8.7,20,9.7,425,2.06,23.6,38.6,0,0,0,0,0.0,0.0,0,,,4 из 10,1.02
6912.lol,lol,2026-09-09,3,16,12-17,archive47_unique119оформленочасть1,archive,,оформлено,Theme1,numeric,4,да,1,да,206,16,18,8.7,24,11.7,220,1.07,12.2,69.8,0,0,0,0,0.0,0.0,0,,,17 из 40,1.38
42casino.lol,lol,2026-09-12,6,15,12-17,content-2026-09-12-7str-oform-1,content-дата,7,оформлено,Theme1,casino_infix,8,да,1,да,206,13,18,8.7,25,12.1,128,0.62,7.1,54.1,0,0,0,0,0.0,0.0,0,,,12 из 41,1.64
s3q.lol,lol,2026-09-10,4,14,12-17,archive37строформленоv2часть3,archive,7,оформлено,Theme1,alpha_other,3,да,1,да,206,16,18,8.7,25,12.1,256,1.24,14.2,32.4,0,0,0,0,0.0,0.0,0,,,8 из 45,1.5
2363.lol,lol,2026-09-17,4,10,06-11,content-2026-09-14b-7str-oform-2,content-дата,7,оформлено,Theme1,numeric,4,нет,2,да,206,16,18,8.7,19,9.2,329,1.6,18.3,59.8,0,0,0,0,0.0,0.0,0,,,36 из 51,0.66
qdcasino.team,team,2026-09-04,5,20,18-23,NEW20_7pages_nodate_styled_img,NEW,7,styled_img,Theme1,casino_infix,8,да,1,да,206,16,18,8.7,20,9.7,282,1.37,15.7,55.0,0,0,0,0,0.0,0.0,0,,,4 из 6,0.95
n9t.team,team,2026-09-12,6,21,18-23,content-2026-09-12-7str-oform-1,content-дата,7,оформлено,Theme1,alpha_other,3,да,1,да,206,16,18,8.7,31,15.0,208,1.01,11.6,44.9,0,0,0,0,0.0,0.0,0,,,13 из 41,1.64
8271.lol,lol,2026-09-16,3,5,00-05,nabory-535-544_styled_img,nabory,,styled_img,Theme1,numeric,4,нет,2,да,206,17,18,8.7,18,8.7,250,1.21,13.9,53.0,0,0,0,0,0.0,0.0,0,,,8 из 10,0.58
g3p0.lol,lol,2026-09-12,6,17,12-17,content-2026-09-12-7str-oform-2,content-дата,7,оформлено,Theme1,alpha_other,4,да,1,да,206,16,18,8.7,27,13.1,187,0.91,10.4,50.0,0,0,0,0,0.0,0.0,0,,,8 из 41,1.64
4591.lol,lol,2026-09-13,7,12,12-17,content-2026-09-12-7str-oform-3,content-дата,7,оформлено,Theme1,numeric,4,да,1,да,206,16,18,8.7,25,12.1,156,0.76,8.7,61.4,0,0,0,0,0.0,0.0,0,,,11 из 39,2.23
7119.lol,lol,2026-09-02,3,21,18-23,nabory284293,nabory,,,Theme1,numeric,4,да,1,да,206,17,18,8.7,20,9.7,149,0.72,8.3,72.1,0,0,0,0,0.0,0.0,0,,,2 из 10,1.28
7529.lol,lol,2026-09-08,2,15,12-17,archive37строформленоv2часть1,archive,7,оформлено,Theme1,numeric,4,да,1,да,206,18,18,8.7,23,11.2,151,0.73,8.4,65.5,0,0,0,0,0.0,0.0,0,,,13 из 45,1.78
6134.lol,lol,2026-09-09,3,21,18-23,archive47_unique119оформленочасть1,archive,,оформлено,Theme1,numeric,4,да,1,да,206,15,18,8.7,30,14.6,136,0.66,7.6,87.1,0,0,0,0,0.0,0.0,0,,,18 из 40,1.38
7283.lol,lol,2026-09-10,4,11,06-11,archive37строформленоv2часть3,archive,7,оформлено,Theme1,numeric,4,да,1,да,206,18,18,8.7,25,12.1,136,0.66,7.6,45.5,0,0,0,0,0.0,0.0,0,,,9 из 45,1.5
0305.lol,lol,2026-09-16,3,17,12-17,content-2026-09-15-7str-oform-1,content-дата,7,оформлено,Theme1,numeric,4,нет,2,да,206,15,18,8.7,20,9.7,148,0.72,8.2,70.4,0,0,0,0,0.0,0.0,0,,,21 из 50,1.19
7827.team,team,2026-09-06,7,20,18-23,nabory411420_styled_img,nabory,,styled_img,Theme1,numeric,4,да,1,да,206,16,18,8.7,18,8.7,144,0.7,8.0,57.9,0,0,0,0,0.0,0.0,0,,,5 из 10,1.02
94casino.lol,lol,2026-09-10,4,11,06-11,archive37строформленоv2часть3,archive,7,оформлено,Theme1,casino_infix,8,да,1,да,206,11,18,8.7,32,15.5,49,0.24,2.7,60.6,0,0,0,0,0.0,0.0,0,,,10 из 45,1.5
hmdcasino.lol,lol,2026-09-16,3,6,06-11,content-2026-09-14c-7str-oform-1,content-дата,7,оформлено,Theme1,casino_infix,9,нет,2,да,206,18,18,8.7,20,9.7,122,0.59,6.8,67.7,0,0,0,0,0.0,0.0,0,,,44 из 45,0.42
8275.team,team,2026-09-17,4,1,00-05,nabory-581-590,nabory,,,Theme1,numeric,4,нет,2,да,206,15,18,8.7,22,10.7,99,0.48,5.5,75.1,0,0,0,0,0.0,0.0,0,,,5 из 10,1.0
1959.team,team,2026-09-14,1,21,18-23,content-2026-09-14-7str-oform-8,content-дата,7,оформлено,Theme1,numeric,4,да,1,да,206,13,18,8.7,19,9.2,71,0.34,3.9,72.5,0,0,0,0,0.0,0.0,0,,,12 из 25,1.12
7473.lol,lol,2026-09-17,4,1,00-05,nabory-581-590,nabory,,,Theme1,numeric,4,нет,2,да,206,15,18,8.7,21,10.2,88,0.43,4.9,84.5,0,0,0,0,0.0,0.0,0,,,6 из 10,1.0
7847.team,team,2026-09-15,2,7,06-11,content-2026-09-14b-7str-oform-2,content-дата,7,оформлено,Theme1,numeric,4,нет,2,да,206,13,18,8.7,20,9.7,80,0.39,4.4,73.1,0,0,0,0,0.0,0.0,0,,,37 из 51,0.66
casinoyso.team,team,2026-09-07,1,19,18-23,nabory441443_styled_img,nabory,,styled_img,Theme1,casino_prefix,9,да,1,да,206,15,18,8.7,21,10.2,78,0.38,4.3,67.4,0,0,0,0,0.0,0.0,0,,,1 из 3,1.5
x5j.lol,lol,2026-09-17,4,20,18-23,content-2026-09-16-7str,content-дата,7,,Theme1,alpha_other,3,нет,2,да,206,10,18,8.7,18,8.7,65,0.32,3.6,82.9,0,0,0,0,0.0,0.0,0,,,26 из 42,0.83
5295.lol,lol,2026-09-17,4,9,06-11,content-2026-09-15-7str-oform-1,content-дата,7,оформлено,Theme1,numeric,4,нет,2,да,206,13,18,8.7,19,9.2,61,0.3,3.4,76.9,0,0,0,0,0.0,0.0,0,,,22 из 50,1.19
0908.lol,lol,2026-09-18,5,2,00-05,content-2026-09-17-7str-oform-2,content-дата,7,оформлено,Theme1,numeric,4,нет,2,да,150,10,13,8.7,13,8.7,37,0.25,2.8,80.2,0,0,0,0,0.0,0.0,0,,,21 из 36,0.82
casino4244.buzz,buzz,2026-09-08,2,16,12-17,archive37строформленоv2часть2,archive,7,оформлено,Theme1,casino_prefix,10,да,1,да,206,13,17,8.3,21,10.2,144,0.7,8.5,42.9,1,1,1,1,0.485,69.4,1,1,Leon (2),12 из 45,2.44
xqzs.team,team,2026-09-11,5,2,00-05,clean7_part1_50оформлено,clean,,оформлено,Theme1,alpha_other,4,да,1,да,206,15,17,8.3,25,12.1,379,1.84,22.3,21.8,1,0,1,0,0.485,26.4,1,1,Mellstroy (1),27 из 50,0.93
9485.lol,lol,2026-09-03,4,21,18-23,NEW50_3_7pages_withdate_styled,NEW,7,без оформления,Theme1,numeric,4,да,1,да,206,12,17,8.3,23,11.2,718,3.49,42.2,34.5,0,0,0,0,0.0,0.0,0,,,9 из 12,0.63
j5h6.lol,lol,2026-09-09,3,20,18-23,archive47_unique119оформленочасть1,archive,,оформлено,Theme1,alpha_other,4,да,1,да,206,16,17,8.3,29,14.1,209,1.01,12.3,82.0,0,0,0,0,0.0,0.0,0,,,19 из 40,1.32
3002.lol,lol,2026-09-12,6,13,12-17,content-2026-09-12-7str-oform-2,content-дата,7,оформлено,Theme1,numeric,4,да,1,да,206,15,17,8.3,28,13.6,488,2.37,28.7,30.9,0,0,0,0,0.0,0.0,0,,,9 из 41,1.57
xoacasino.lol,lol,2026-09-04,5,9,06-11,nabory284293,nabory,,,Theme1,casino_infix,9,да,1,да,206,16,17,8.3,23,11.2,461,2.24,27.1,47.1,0,0,0,0,0.0,0.0,0,,,3 из 10,1.22
b1l2.team,team,2026-09-15,2,11,06-11,content-2026-09-14b-7str-oform-2,content-дата,7,оформлено,Theme1,alpha_other,4,нет,2,да,206,11,17,8.3,19,9.2,396,1.92,23.3,57.5,0,0,0,0,0.0,0.0,0,,,38 из 51,0.63
0040.lol,lol,2026-09-02,3,21,18-23,nabory274283,nabory,,,Theme1,numeric,4,да,1,да,206,16,17,8.3,18,8.7,224,1.09,13.2,69.9,0,0,0,0,0.0,0.0,0,,,6 из 10,0.74
casinojih.lol,lol,2026-09-12,6,14,12-17,content-2026-09-12-7str-oform-2,content-дата,7,оформлено,Theme1,casino_prefix,9,да,1,да,206,16,17,8.3,25,12.1,295,1.43,17.4,42.0,0,0,0,0,0.0,0.0,0,,,10 из 41,1.57
164casino.team,team,2026-09-11,5,19,18-23,script_yandex_12page,script,12,,Theme1,casino_infix,9,да,1,да,206,13,17,8.3,28,13.6,305,1.48,17.9,45.9,0,0,0,0,0.0,0.0,0,,,12 из 21,0.9
3352.lol,lol,2026-09-10,4,10,06-11,archive37строформленоv2часть3,archive,7,оформлено,Theme1,numeric,4,да,1,да,206,13,17,8.3,25,12.1,269,1.31,15.8,29.0,0,0,0,0,0.0,0.0,0,,,11 из 45,1.43
7827.lol,lol,2026-09-06,7,20,18-23,nabory411420_styled_img,nabory,,styled_img,Theme1,numeric,4,да,1,да,206,17,17,8.3,17,8.3,303,1.47,17.8,51.4,0,0,0,0,0.0,0.0,0,,,6 из 10,0.98
gmcasino.lol,lol,2026-09-14,1,9,06-11,content-2026-09-12-7str-oform-3,content-дата,7,оформлено,Theme1,casino_infix,8,да,1,да,206,11,17,8.3,22,10.7,241,1.17,14.2,52.0,0,0,0,0,0.0,0.0,0,,,12 из 39,2.13
casinoz1.lol,lol,2026-09-16,3,9,06-11,nabory-555-564_styled_img,nabory,,styled_img,Theme1,casino_prefix,8,нет,2,да,206,15,17,8.3,19,9.2,270,1.31,15.9,75.4,0,0,0,0,0.0,0.0,0,,,10 из 10,0.54
n7t0.team,team,2026-09-17,4,8,06-11,nabory-601-610,nabory,,,Theme1,alpha_other,4,нет,2,да,206,11,17,8.3,19,9.2,258,1.25,15.2,69.9,0,0,0,0,0.0,0.0,0,,,5 из 10,1.0
9365.team,team,2026-09-04,5,18,18-23,Generator_354359_styled_img,Generator,,styled_img,Theme1,numeric,4,да,1,да,205,15,17,8.3,24,11.7,217,1.06,12.8,75.6,0,0,0,0,0.0,0.0,0,,,1 из 6,1.55
0248.lol,lol,2026-09-16,3,14,12-17,content-2026-09-15-7str-oform-2,content-дата,7,оформлено,Theme1,numeric,4,нет,2,да,206,12,17,8.3,23,11.2,217,1.05,12.8,81.3,0,0,0,0,0.0,0.0,0,,,38 из 50,0.65
emnc.lol,lol,2026-09-04,5,3,00-05,nabory294303,nabory,,,Theme1,alpha_other,4,да,1,да,206,16,17,8.3,24,11.7,176,0.85,10.4,57.2,0,0,0,0,0.0,0.0,0,,,6 из 10,0.9
0338.team,team,2026-09-12,6,21,18-23,nabory-490-494_styled_img,nabory,,styled_img,Theme1,numeric,4,да,1,да,206,12,17,8.3,37,18.0,168,0.82,9.9,56.2,0,0,0,0,0.0,0.0,0,,,2 из 5,1.69
4809.team,team,2026-09-06,7,18,18-23,struktura8x7,прочее,,,Theme1,numeric,4,да,1,да,206,17,17,8.3,19,9.2,198,0.96,11.6,50.5,0,0,0,0,0.0,0.0,0,,,7 из 8,0.54
v2b.team,team,2026-09-12,6,22,18-23,content-2026-09-12-7str-oform-2,content-дата,7,оформлено,Theme1,alpha_other,3,да,1,да,206,17,17,8.3,30,14.6,139,0.67,8.2,64.5,0,0,0,0,0.0,0.0,0,,,11 из 41,1.57
5368casino.team,team,2026-09-17,4,13,12-17,content-2026-09-16-7str,content-дата,7,,Theme1,casino_infix,10,нет,2,да,206,9,17,8.3,17,8.3,183,0.89,10.8,79.0,0,0,0,0,0.0,0.0,0,,,27 из 42,0.79
0503.team,team,2026-09-17,4,5,00-05,nabory-601-610,nabory,,,Theme1,numeric,4,нет,2,да,206,11,17,8.3,20,9.7,172,0.83,10.1,74.4,0,0,0,0,0.0,0.0,0,,,6 из 10,1.0
1779.lol,lol,2026-09-17,4,5,00-05,nabory-601-610,nabory,,,Theme1,numeric,4,нет,2,да,206,13,17,8.3,17,8.3,186,0.9,10.9,80.6,0,0,0,0,0.0,0.0,0,,,7 из 10,1.0
dqdv.team,team,2026-09-07,1,18,18-23,NEW20_4_7pages_nodate,NEW,7,без оформления,Theme1,alpha_other,4,да,1,да,206,15,17,8.3,27,13.1,134,0.65,7.9,56.6,0,0,0,0,0.0,0.0,0,,,2 из 5,1.22
kura.team,team,2026-09-11,5,21,18-23,nabory484486_styled_img,nabory,,styled_img,Theme1,alpha_other,4,да,1,да,206,16,17,8.3,27,13.1,115,0.56,6.8,47.4,0,0,0,0,0.0,0.0,0,,,3 из 3,0.86
0574.team,team,2026-09-12,6,13,12-17,content-2026-09-12-7str-oform-1,content-дата,7,оформлено,Theme1,numeric,4,да,1,да,206,16,17,8.3,27,13.1,62,0.3,3.6,62.1,0,0,0,0,0.0,0.0,0,,,14 из 41,1.57
v9g.lol,lol,2026-09-03,4,21,18-23,NEW50_3_7pages_nodate_styled,NEW,7,без оформления,Theme1,alpha_other,3,да,1,да,206,14,17,8.3,20,9.7,117,0.57,6.9,75.8,0,0,0,0,0.0,0.0,0,,,9 из 13,0.78
h8v.team,team,2026-09-12,6,17,12-17,content-2026-09-12-7str-oform-2,content-дата,7,оформлено,Theme1,alpha_other,3,да,1,да,206,15,17,8.3,29,14.1,82,0.4,4.8,67.1,0,0,0,0,0.0,0.0,0,,,12 из 41,1.57
btj.lol,lol,2026-09-10,4,16,12-17,archive37строформленоv2часть3,archive,7,оформлено,Theme1,alpha_other,3,да,1,да,206,15,17,8.3,23,11.2,95,0.46,5.6,55.6,0,0,0,0,0.0,0.0,0,,,12 из 45,1.43
9243.team,team,2026-09-17,4,1,00-05,nabory-581-590,nabory,,,Theme1,numeric,4,нет,2,да,206,14,17,8.3,20,9.7,122,0.59,7.2,77.7,0,0,0,0,0.0,0.0,0,,,7 из 10,0.95
3613.team,team,2026-09-14,1,21,18-23,nabory-515-524_styled_img,nabory,,styled_img,Theme1,numeric,4,нет,2,да,206,9,17,8.3,19,9.2,69,0.33,4.1,72.9,0,0,0,0,0.0,0.0,0,,,5 из 10,1.18
8723.team,team,2026-09-16,3,15,12-17,content-2026-09-15-7str-oform-2,content-дата,7,оформлено,Theme1,numeric,4,нет,2,да,206,10,17,8.3,17,8.3,65,0.32,3.8,78.1,0,0,0,0,0.0,0.0,0,,,39 из 50,0.65
xwo.lol,lol,2026-09-16,3,14,12-17,nabory-565-580,nabory,,,Theme1,alpha_other,3,нет,2,да,206,14,17,8.3,18,8.7,57,0.28,3.4,87.5,0,0,0,0,0.0,0.0,0,,,12 из 16,0.62
0409gd.casino,casino,2026-09-04,5,19,18-23,NEW20_7pages_nodate_styled_img,NEW,7,styled_img,Theme1,alpha_other,6,да,1,да,206,15,17,8.3,18,8.7,59,0.29,3.5,77.2,0,0,0,0,0.0,0.0,0,,,5 из 6,0.9
1414.lol,lol,2026-09-03,4,2,00-05,КОНТЕНТ НЕ ЗАПИСАН,не записан,,,Theme1,numeric,4,да,1,да,206,17,17,8.3,23,11.2,44,0.21,2.6,88.5,0,0,0,0,0.0,0.0,0,,,32 из 71,1.14
emot.team,team,2026-09-17,4,16,12-17,content-2026-09-16-7str,content-дата,7,,Theme1,alpha_other,4,нет,2,да,206,12,17,8.3,18,8.7,51,0.25,3.0,87.2,0,0,0,0,0.0,0.0,0,,,28 из 42,0.79
8474.team,team,2026-09-03,4,20,18-23,NEW50_3_7pages_nodate_styled,NEW,7,без оформления,Theme1,numeric,4,да,1,да,206,13,17,8.3,19,9.2,45,0.22,2.6,81.5,0,0,0,0,0.0,0.0,0,,,10 из 13,0.78
6099.team,team,2026-09-18,5,3,00-05,content-2026-09-17-7str-oform-2,content-дата,7,оформлено,Theme1,numeric,4,нет,2,да,150,12,12,8.0,12,8.0,52,0.35,4.3,83.2,1,0,1,0,0.667,192.3,1,1,Money X (1),22 из 36,0.75
8208.lol,lol,2026-09-18,5,12,12-17,content-2026-09-17-7str-oform-2,content-дата,7,оформлено,Theme1,numeric,4,нет,2,да,150,12,12,8.0,12,8.0,37,0.25,3.1,88.0,0,0,0,0,0.0,0.0,0,,,23 из 36,0.75
fks.lol,lol,2026-09-06,7,21,18-23,nabory421425_styled_img,nabory,,styled_img,Theme1,alpha_other,3,да,1,да,206,16,16,7.8,16,7.8,234,1.14,14.6,55.7,1,0,1,0,0.485,42.7,1,1,Мелбет (1),4 из 5,0.5
4809.lol,lol,2026-09-07,1,10,06-11,Выдача_06.09_12стр,прочее,12,,Theme1,numeric,4,да,1,да,206,15,16,7.8,22,10.7,149,0.72,9.3,69.7,1,0,1,0,0.485,67.1,1,2,Kent (1),7 из 8,0.58
nmle.team,team,2026-09-13,7,16,12-17,content-2026-09-12-7str-oform-3,content-дата,7,оформлено,Theme1,alpha_other,4,да,1,да,206,14,16,7.8,20,9.7,1971,9.57,123.2,6.4,0,0,0,0,0.0,0.0,0,,,13 из 39,2.0
2384.lol,lol,2026-09-11,5,6,06-11,clean7_part1_50оформлено,clean,,оформлено,Theme1,numeric,4,да,1,да,206,16,16,7.8,23,11.2,1470,7.14,91.9,12.7,0,0,0,0,0.0,0.0,0,,,28 из 50,0.87
3885casino.team,team,2026-09-12,6,15,12-17,content-2026-09-12-7str-oform-1,content-дата,7,оформлено,Theme1,casino_infix,10,да,1,да,206,13,16,7.8,28,13.6,414,2.01,25.9,32.4,0,0,0,0,0.0,0.0,0,,,15 из 41,1.47
m9h6.team,team,2026-09-16,3,22,18-23,content-2026-09-15-7str-oform-2,content-дата,7,оформлено,Theme1,alpha_other,4,нет,2,да,206,12,16,7.8,17,8.3,565,2.74,35.3,58.8,0,0,0,0,0.0,0.0,0,,,40 из 50,0.61
2225.team,team,2026-09-06,7,9,06-11,Generator_392396_styled_img,Generator,,styled_img,Theme1,numeric,4,да,1,да,206,14,16,7.8,19,9.2,594,2.88,37.1,27.0,0,0,0,0,0.0,0.0,0,,,3 из 5,1.0
8374.lol,lol,2026-09-17,4,15,12-17,content-2026-09-16-12str,content-дата,12,,Theme1,numeric,4,нет,2,да,206,12,16,7.8,17,8.3,516,2.5,32.2,65.4,0,0,0,0,0.0,0.0,0,,,5 из 6,0.7
0946.team,team,2026-09-11,5,13,12-17,NEW102оформленобездаты,NEW,,оформлено,Theme1,numeric,4,да,1,да,206,14,16,7.8,29,14.1,235,1.14,14.7,42.0,0,0,0,0,0.0,0.0,0,,,31 из 42,0.7
6965.team,team,2026-09-15,2,7,06-11,content-2026-09-14b-7str-oform-2,content-дата,7,оформлено,Theme1,numeric,4,нет,2,да,206,7,16,7.8,17,8.3,141,0.68,8.8,58.8,0,0,0,0,0.0,0.0,0,,,39 из 51,0.6
21casino.team,team,2026-09-12,6,13,12-17,content-2026-09-12-7str-oform-2,content-дата,7,оформлено,Theme1,casino_infix,8,да,1,да,206,13,16,7.8,23,11.2,156,0.76,9.8,53.9,0,0,0,0,0.0,0.0,0,,,13 из 41,1.47
zimy.lol,lol,2026-09-13,7,16,12-17,content-2026-09-12-7str-oform-3,content-дата,7,оформлено,Theme1,alpha_other,4,да,1,да,206,12,16,7.8,20,9.7,135,0.66,8.4,41.6,0,0,0,0,0.0,0.0,0,,,14 из 39,2.0
t1o.team,team,2026-09-04,5,16,12-17,КОНТЕНТ НЕ ЗАПИСАН,не записан,,,Theme1,alpha_other,3,да,1,да,206,16,16,7.8,22,10.7,150,0.73,9.4,78.4,0,0,0,0,0.0,0.0,0,,,33 из 71,1.07
4502.lol,lol,2026-09-03,4,19,18-23,NEW50_3_7pages_nodate_styled,NEW,7,без оформления,Theme1,numeric,4,да,1,да,206,16,16,7.8,18,8.7,272,1.32,17.0,65.9,0,0,0,0,0.0,0.0,0,,,11 из 13,0.73
casinoxm.team,team,2026-09-15,2,2,00-05,content-2026-09-14-7str-oform-9,content-дата,7,оформлено,Theme1,casino_prefix,8,нет,2,да,206,8,16,7.8,19,9.2,125,0.61,7.8,69.8,0,0,0,0,0.0,0.0,0,,,16 из 29,0.85
casinoq4.lol,lol,2026-09-10,4,11,06-11,archive37строформленоv2часть3,archive,7,оформлено,Theme1,casino_prefix,8,да,1,да,206,14,16,7.8,23,11.2,174,0.84,10.9,41.2,0,0,0,0,0.0,0.0,0,,,13 из 45,1.34
1209dd.casino,casino,2026-09-12,6,14,12-17,content-2026-09-12-7str-oform-1,content-дата,7,оформлено,Theme1,alpha_other,6,да,1,да,206,15,16,7.8,21,10.2,190,0.92,11.9,45.7,0,0,0,0,0.0,0.0,0,,,16 из 41,1.47
xsjb.team,team,2026-09-14,1,20,18-23,content-2026-09-14-12str-oform,content-дата,12,оформлено,Theme1,alpha_other,4,да,1,да,206,10,16,7.8,20,9.7,185,0.9,11.6,69.8,0,0,0,0,0.0,0.0,0,,,13 из 16,0.55
9341.lol,lol,2026-09-14,1,23,18-23,content-2026-09-14-7str-oform-8,content-дата,7,оформлено,Theme1,numeric,4,да,1,да,206,10,16,7.8,22,10.7,103,0.5,6.4,64.6,0,0,0,0,0.0,0.0,0,,,13 из 25,1.0
6775casino.team,team,2026-09-15,2,4,00-05,content-2026-09-14-7str-oform-9,content-дата,7,оформлено,Theme1,casino_infix,10,нет,2,да,206,11,16,7.8,19,9.2,116,0.56,7.2,66.1,0,0,0,0,0.0,0.0,0,,,17 из 29,0.85
i6w9.casino,casino,2026-09-11,5,17,12-17,NEW102оформленобездаты,NEW,,оформлено,Theme1,alpha_other,4,да,1,да,206,14,16,7.8,22,10.7,128,0.62,8.0,47.8,0,0,0,0,0.0,0.0,0,,,32 из 42,0.7
9859casino.team,team,2026-09-06,7,18,18-23,struktura8x7,прочее,,,Theme1,casino_infix,10,да,1,да,206,14,16,7.8,17,8.3,136,0.66,8.5,62.7,0,0,0,0,0.0,0.0,0,,,8 из 8,0.51
1276.team,team,2026-09-04,5,17,12-17,Generator_346353_styled_img,Generator,,styled_img,Theme1,numeric,4,да,1,да,206,15,16,7.8,27,13.1,106,0.51,6.6,77.9,0,0,0,0,0.0,0.0,0,,,5 из 8,0.76
jrcg.team,team,2026-09-06,7,9,06-11,Generator_392396_styled_img,Generator,,styled_img,Theme1,alpha_other,4,да,1,да,206,14,16,7.8,20,9.7,126,0.61,7.9,60.1,0,0,0,0,0.0,0.0,0,,,4 из 5,1.0
tyfh.lol,lol,2026-09-15,2,10,06-11,nabory-525-534_styled_img,nabory,,styled_img,Theme1,alpha_other,4,нет,2,да,206,8,16,7.8,18,8.7,108,0.52,6.8,67.8,0,0,0,0,0.0,0.0,0,,,2 из 10,1.77
3416.team,team,2026-09-10,3,19,18-23,КОНТЕНТ НЕ ЗАПИСАН,не записан,,,Theme1,numeric,4,да,1,да,206,12,16,7.8,17,8.3,95,0.46,5.9,31.2,0,0,0,0,0.0,0.0,0,,,34 из 71,1.07
2120.team,team,2026-09-12,6,13,12-17,content-2026-09-12-7str-oform-2,content-дата,7,оформлено,Theme1,numeric,4,да,1,да,206,14,16,7.8,34,16.5,68,0.33,4.2,55.4,0,0,0,0,0.0,0.0,0,,,14 из 41,1.47
casino1543.lol,lol,2026-09-15,2,9,06-11,nabory-525-534_styled_img,nabory,,styled_img,Theme1,casino_prefix,10,нет,2,да,206,7,16,7.8,16,7.8,88,0.43,5.5,61.4,0,0,0,0,0.0,0.0,0,,,3 из 10,1.77
nkrh.team,team,2026-09-17,4,18,18-23,content-2026-09-16-7str,content-дата,7,,Theme1,alpha_other,4,нет,2,да,206,14,16,7.8,16,7.8,92,0.45,5.8,83.4,0,0,0,0,0.0,0.0,0,,,29 из 42,0.75
7180.lol,lol,2026-09-02,3,21,18-23,nabory294303,nabory,,,Theme1,numeric,4,да,1,да,206,14,16,7.8,17,8.3,75,0.36,4.7,79.0,0,0,0,0,0.0,0.0,0,,,7 из 10,0.84
9263casino.team,team,2026-09-12,6,17,12-17,content-2026-09-12-7str-oform-2,content-дата,7,оформлено,Theme1,casino_infix,10,да,1,да,206,14,16,7.8,22,10.7,68,0.33,4.2,68.1,0,0,0,0,0.0,0.0,0,,,15 из 41,1.47
0431.team,team,2026-09-15,2,3,00-05,content-2026-09-14-7str-oform-9,content-дата,7,оформлено,Theme1,numeric,4,нет,3,да,206,8,16,7.8,16,7.8,63,0.31,3.9,69.9,0,0,0,0,0.0,0.0,0,,,18 из 29,0.85
4893.lol,lol,2026-09-06,7,17,12-17,nabory400410_styled_img,nabory,,styled_img,Theme1,numeric,4,да,1,да,206,15,16,7.8,17,8.3,69,0.33,4.3,66.7,0,0,0,0,0.0,0.0,0,,,5 из 11,1.07
0472.lol,lol,2026-09-16,3,10,06-11,nabory-565-580,nabory,,,Theme1,numeric,4,нет,2,да,206,12,16,7.8,17,8.3,66,0.32,4.1,83.2,0,0,0,0,0.0,0.0,0,,,13 из 16,0.58
fwl.lol,lol,2026-09-17,4,10,06-11,content-2026-09-15-7str-oform-1,content-дата,7,оформлено,Theme1,alpha_other,3,нет,2,да,206,10,16,7.8,17,8.3,59,0.29,3.7,80.7,0,0,0,0,0.0,0.0,0,,,23 из 50,1.07
d8c3.team,team,2026-09-17,4,16,12-17,content-2026-09-16-7str,content-дата,7,,Theme1,alpha_other,4,нет,2,да,206,10,16,7.8,16,7.8,56,0.27,3.5,87.0,0,0,0,0,0.0,0.0,0,,,30 из 42,0.75
4885.lol,lol,2026-09-14,1,21,18-23,content-2026-09-14-7str-oform-8,content-дата,7,оформлено,Theme1,numeric,4,да,1,да,206,7,16,7.8,16,7.8,30,0.15,1.9,77.8,0,0,0,0,0.0,0.0,0,,,14 из 25,1.0
0699.lol,lol,2026-09-15,2,9,06-11,nabory-525-534_styled_img,nabory,,styled_img,Theme1,numeric,4,нет,2,да,206,13,16,7.8,18,8.7,42,0.2,2.6,79.9,0,0,0,0,0.0,0.0,0,,,4 из 10,1.77
casinoopk.lol,lol,2026-09-04,5,3,00-05,nabory284293,nabory,,,Theme1,casino_prefix,9,да,1,да,206,15,16,7.8,17,8.3,48,0.23,3.0,64.1,0,0,0,0,0.0,0.0,0,,,4 из 10,1.15
f3a.lol,lol,2026-09-14,1,23,18-23,content-2026-09-14-7str-oform-8,content-дата,7,оформлено,Theme1,alpha_other,3,да,1,да,206,9,16,7.8,20,9.7,34,0.17,2.1,84.2,0,0,0,0,0.0,0.0,0,,,15 из 25,1.0
hmhh.team,team,2026-09-15,2,7,06-11,content-2026-09-14b-7str-oform-2,content-дата,7,оформлено,Theme1,alpha_other,4,нет,2,да,206,10,16,7.8,16,7.8,35,0.17,2.2,82.0,0,0,0,0,0.0,0.0,0,,,40 из 51,0.6
e5m9.lol,lol,2026-09-17,4,5,00-05,content-2026-09-15-7str-oform-1,content-дата,7,оформлено,Theme1,alpha_other,4,нет,2,да,206,13,16,7.8,16,7.8,32,0.16,2.0,85.6,0,0,0,0,0.0,0.0,0,,,24 из 50,1.07
pjxu.lol,lol,2026-09-04,5,11,06-11,nabory274283,nabory,,,Theme1,alpha_other,4,да,1,да,206,14,15,7.3,16,7.8,50,0.24,3.3,72.0,1,0,1,0,0.485,200.0,1,0,Maxline (1),7 из 10,0.65
4497.lol,lol,2026-09-18,5,18,18-23,nabory-631-640,nabory,,,Theme1,numeric,4,нет,2,да,150,9,11,7.3,11,7.3,41,0.27,3.7,85.2,1,0,1,0,0.667,243.9,1,1,Селектор (1),2 из 2,0.38
casino1596.team,team,2026-09-16,3,6,06-11,nabory-535-544_styled_img,nabory,,styled_img,Theme1,casino_prefix,10,нет,2,да,206,14,15,7.3,19,9.2,887,4.31,59.1,24.5,0,0,0,0,0.0,0.0,0,,,9 из 10,0.49
3970.lol,lol,2026-09-08,2,6,06-11,clean7_part1_50оформлено,clean,,оформлено,Theme1,numeric,4,да,1,да,206,15,15,7.3,17,8.3,745,3.62,49.7,19.6,0,0,0,0,0.0,0.0,0,,,29 из 50,0.82
kjrcasino.team,team,2026-09-15,2,5,00-05,content-2026-09-14-7str-oform-9,content-дата,7,оформлено,Theme1,casino_infix,9,нет,2,да,206,11,15,7.3,20,9.7,526,2.55,35.1,43.3,0,0,0,0,0.0,0.0,0,,,19 из 29,0.79
casinoerr.team,team,2026-09-10,3,19,18-23,КОНТЕНТ НЕ ЗАПИСАН,не записан,,,Theme1,casino_prefix,9,да,1,да,206,12,15,7.3,22,10.7,390,1.89,26.0,12.5,0,0,0,0,0.0,0.0,0,,,35 из 71,1.0
npj.lol,lol,2026-09-12,6,21,18-23,content-2026-09-12-7str-oform-2,content-дата,7,оформлено,Theme1,alpha_other,3,да,1,да,206,13,15,7.3,23,11.2,425,2.06,28.3,36.1,0,0,0,0,0.0,0.0,0,,,16 из 41,1.38
t8n2.lol,lol,2026-09-03,4,0,00-05,КОНТЕНТ НЕ ЗАПИСАН,не записан,,,Theme1,alpha_other,4,да,1,да,206,15,15,7.3,20,9.7,333,1.62,22.2,72.5,0,0,0,0,0.0,0.0,0,,,36 из 71,1.0
qtbh.team,team,2026-09-10,4,17,12-17,archive37строформленоv2часть3,archive,7,оформлено,Theme1,alpha_other,4,да,1,да,206,15,15,7.3,25,12.1,486,2.36,32.4,21.0,0,0,0,0,0.0,0.0,0,,,14 из 45,1.26
fdls.lol,lol,2026-09-10,4,9,06-11,archive37строформленоv2часть3,archive,7,оформлено,Theme1,alpha_other,4,да,1,да,206,15,15,7.3,29,14.1,323,1.57,21.5,34.0,0,0,0,0,0.0,0.0,0,,,15 из 45,1.26
3855.lol,lol,2026-09-08,2,17,12-17,archive37строформленоv2часть2,archive,7,оформлено,Theme1,numeric,4,да,1,да,206,15,15,7.3,25,12.1,230,1.12,15.3,52.0,0,0,0,0,0.0,0.0,0,,,13 из 45,2.15
1820casino.team,team,2026-09-15,2,3,00-05,content-2026-09-14-7str-oform-9,content-дата,7,оформлено,Theme1,casino_infix,10,нет,2,да,206,10,15,7.3,15,7.3,415,2.01,27.7,42.0,0,0,0,0,0.0,0.0,0,,,20 из 29,0.79
1040.team,team,2026-09-11,5,13,12-17,NEW102оформленобездаты,NEW,,оформлено,Theme1,numeric,4,да,1,да,206,13,15,7.3,21,10.2,356,1.73,23.7,36.5,0,0,0,0,0.0,0.0,0,,,33 из 42,0.65
2298.team,team,2026-09-10,3,21,18-23,КОНТЕНТ НЕ ЗАПИСАН,не записан,,,Theme1,numeric,4,да,1,да,206,15,15,7.3,18,8.7,374,1.82,24.9,12.0,0,0,0,0,0.0,0.0,0,,,37 из 71,1.0
8200.team,team,2026-09-11,5,5,00-05,archive37строформленоv2часть1,archive,7,оформлено,Theme1,numeric,4,да,1,да,206,14,15,7.3,21,10.2,359,1.74,23.9,24.5,0,0,0,0,0.0,0.0,0,,,14 из 45,1.49
wzna.team,team,2026-09-05,6,8,06-11,Generator_370382_styled_img,Generator,,styled_img,Theme1,alpha_other,4,да,1,да,206,13,15,7.3,20,9.7,255,1.24,17.0,47.6,0,0,0,0,0.0,0.0,0,,,1 из 13,3.84
casino4552.team,team,2026-09-11,5,18,18-23,clean7_part1_50оформлено,clean,,оформлено,Theme1,casino_prefix,10,да,1,да,206,13,15,7.3,25,12.1,195,0.95,13.0,32.4,0,0,0,0,0.0,0.0,0,,,30 из 50,0.82
4967.team,team,2026-09-03,4,6,06-11,NEW50_7pages_withdate_01.09,NEW,7,без оформления,Theme1,numeric,4,да,1,да,206,15,15,7.3,17,8.3,250,1.21,16.7,46.9,0,0,0,0,0.0,0.0,0,,,11 из 11,0.43
1009d.casino,casino,2026-09-10,4,23,18-23,NEW102оформленобездаты,NEW,,оформлено,Theme1,alpha_other,5,да,1,да,206,11,15,7.3,20,9.7,207,1.0,13.8,30.9,0,0,0,0,0.0,0.0,0,,,34 из 42,0.65
4212.team,team,2026-09-13,7,14,12-17,content-2026-09-12-7str-oform-3,content-дата,7,оформлено,Theme1,numeric,4,да,1,да,206,10,15,7.3,17,8.3,241,1.17,16.1,42.4,0,0,0,0,0.0,0.0,0,,,15 из 39,1.87
1668.team,team,2026-09-11,5,23,18-23,archive37строформленоv2часть1,archive,7,оформлено,Theme1,numeric,4,да,1,да,206,11,15,7.3,18,8.7,180,0.87,12.0,38.5,0,0,0,0,0.0,0.0,0,,,15 из 45,1.49
xwbw.team,team,2026-09-12,6,13,12-17,content-2026-09-12-7str-oform-2,content-дата,7,оформлено,Theme1,alpha_other,4,да,1,да,206,14,15,7.3,25,12.1,168,0.82,11.2,48.5,0,0,0,0,0.0,0.0,0,,,17 из 41,1.38
uphv.team,team,2026-09-06,7,20,18-23,troykaC,прочее,,,Theme1,alpha_other,4,да,1,да,206,15,15,7.3,18,8.7,222,1.08,14.8,46.3,0,0,0,0,0.0,0.0,0,,,3 из 3,0.72
8616casino.lol,lol,2026-09-09,3,20,18-23,archive47_unique119оформленочасть1,archive,,оформлено,Theme1,casino_infix,10,да,1,да,206,13,15,7.3,25,12.1,118,0.57,7.9,80.0,0,0,0,0,0.0,0.0,0,,,20 из 40,1.16
5974casino.lol,lol,2026-09-08,2,21,18-23,archive37строформленоv2часть3,archive,7,оформлено,Theme1,casino_infix,10,да,1,да,206,8,15,7.3,20,9.7,96,0.47,6.4,50.6,0,0,0,0,0.0,0.0,0,,,16 из 45,1.26
0697.lol,lol,2026-09-08,2,10,06-11,Content_script_12page_08.09,script,12,,Theme1,numeric,4,да,1,да,206,14,15,7.3,20,9.7,115,0.56,7.7,69.2,0,0,0,0,0.0,0.0,0,,,9 из 11,0.56
1697casino.lol,lol,2026-09-17,4,3,00-05,content-2026-09-15-7str-oform-1,content-дата,7,оформлено,Theme1,casino_infix,10,нет,2,да,206,11,15,7.3,15,7.3,135,0.66,9.0,82.4,0,0,0,0,0.0,0.0,0,,,25 из 50,1.0
ryqcasino.buzz,buzz,2026-09-08,2,20,18-23,archive37строформленоv2часть3,archive,7,оформлено,Theme1,casino_infix,9,да,1,да,206,13,15,7.3,18,8.7,108,0.52,7.2,47.2,0,0,0,0,0.0,0.0,0,,,17 из 45,1.26
9316.buzz,buzz,2026-09-08,2,19,18-23,nabory447451_styled_img,nabory,,styled_img,Theme1,numeric,4,да,1,да,206,14,15,7.3,19,9.2,95,0.46,6.3,48.0,0,0,0,0,0.0,0.0,0,,,3 из 5,1.0
casinonz.team,team,2026-09-18,5,1,00-05,nabory-611-620,nabory,,,Theme1,casino_prefix,8,нет,2,да,150,10,11,7.3,11,7.3,124,0.83,11.3,69.6,0,0,0,0,0.0,0.0,0,,,4 из 10,1.2
q8k0.team,team,2026-09-15,2,8,06-11,content-2026-09-14b-7str-oform-2,content-дата,7,оформлено,Theme1,alpha_other,4,нет,2,да,206,8,15,7.3,15,7.3,68,0.33,4.5,75.8,0,0,0,0,0.0,0.0,0,,,41 из 51,0.56
1287.lol,lol,2026-09-15,2,0,00-05,content-2026-09-14-7str-oform-1,content-дата,7,оформлено,Theme1,numeric,4,да,1,да,206,8,15,7.3,16,7.8,88,0.43,5.9,89.5,0,0,0,0,0.0,0.0,0,,,4 из 9,1.49
0148.team,team,2026-09-12,6,13,12-17,content-2026-09-12-7str-oform-2,content-дата,7,оформлено,Theme1,numeric,4,да,1,да,206,13,15,7.3,31,15.0,40,0.19,2.7,72.7,0,0,0,0,0.0,0.0,0,,,18 из 41,1.38
casino8768.lol,lol,2026-09-17,4,4,00-05,content-2026-09-15-7str-oform-1,content-дата,7,оформлено,Theme1,casino_prefix,10,нет,2,да,206,10,15,7.3,15,7.3,100,0.49,6.7,74.9,0,0,0,0,0.0,0.0,0,,,26 из 50,1.0
8618.team,team,2026-09-16,3,15,12-17,content-2026-09-15-7str-oform-2,content-дата,7,оформлено,Theme1,numeric,4,нет,2,да,206,13,15,7.3,16,7.8,96,0.47,6.4,75.5,0,0,0,0,0.0,0.0,0,,,41 из 50,0.57
8908.team,team,2026-09-07,1,19,18-23,NEW20_7pages_nodate_оформлено,NEW,7,оформлено,Theme1,numeric,4,да,1,да,206,14,15,7.3,19,9.2,60,0.29,4.0,60.8,0,0,0,0,0.0,0.0,0,,,2 из 5,1.07
p9y.casino,casino,2026-09-12,6,19,18-23,script_yandex_12page,script,12,,Theme1,alpha_other,3,да,1,да,206,12,15,7.3,21,10.2,55,0.27,3.7,66.4,0,0,0,0,0.0,0.0,0,,,13 из 21,0.79
0649.lol,lol,2026-09-17,4,3,00-05,content-2026-09-15-7str-oform-1,content-дата,7,оформлено,Theme1,numeric,4,нет,2,да,206,13,15,7.3,17,8.3,66,0.32,4.4,82.6,0,0,0,0,0.0,0.0,0,,,27 из 50,1.0
0269.lol,lol,2026-09-18,5,13,12-17,content-2026-09-17b-7str-oform,content-дата,7,оформлено,Theme1,numeric,4,нет,2,да,150,11,11,7.3,11,7.3,52,0.35,4.7,92.6,0,0,0,0,0.0,0.0,0,,,15 из 21,0.35
casinoh2.team,team,2026-09-06,7,20,18-23,nabory400410_styled_img,nabory,,styled_img,Theme1,casino_prefix,8,да,1,да,206,14,15,7.3,15,7.3,34,0.17,2.3,78.9,0,0,0,0,0.0,0.0,0,,,6 из 11,1.0
65casino.lol,lol,2026-09-06,7,12,12-17,drobilnyydvor1,прочее,,,Theme1,casino_infix,8,да,1,да,206,12,15,7.3,19,9.2,24,0.12,1.6,82.5,0,0,0,0,0.0,0.0,0,,,1 из 1,1.0
4457.lol,lol,2026-09-17,4,13,12-17,content-2026-09-16-7str,content-дата,7,,Theme1,numeric,4,нет,2,да,206,10,15,7.3,15,7.3,27,0.13,1.8,91.0,0,0,0,0,0.0,0.0,0,,,31 из 42,0.7
casinou0.team,team,2026-09-17,4,23,18-23,nabory-611-620,nabory,,,Theme1,casino_prefix,8,нет,2,да,204,8,14,6.9,14,6.9,449,2.2,32.1,53.1,0,0,0,0,0.0,0.0,0,,,5 из 10,1.13
411casino.lol,lol,2026-09-06,7,18,18-23,nabory411420_styled_img,nabory,,styled_img,Theme1,casino_infix,9,да,1,да,206,12,14,6.8,16,7.8,310,1.5,22.1,47.6,1,1,1,1,0.485,32.3,1,1,Kraken (2),7 из 10,0.8
4330.team,team,2026-09-03,4,19,18-23,NEW50_3_12pages_withdate_styled,NEW,12,без оформления,Theme1,numeric,4,да,1,да,206,12,14,6.8,18,8.7,607,2.95,43.4,40.2,1,0,1,0,0.485,16.5,1,1,Slotgames (1),14 из 14,0.31
9903.team,team,2026-09-11,5,4,00-05,NEW102оформленосдатой,NEW,,оформлено,Theme1,numeric,4,да,1,да,206,13,14,6.8,24,11.7,1148,5.57,82.0,6.0,0,0,0,0,0.0,0.0,0,,,15 из 18,0.5
0299.team,team,2026-09-10,3,19,18-23,archive47_unique119оформленочасть2,archive,,оформлено,Theme1,numeric,4,да,1,да,206,11,14,6.8,15,7.3,849,4.12,60.6,7.2,0,0,0,0,0.0,0.0,0,,,6 из 24,1.28
31casino.team,team,2026-09-07,1,16,12-17,NEW20_4_7pages_nodate,NEW,7,без оформления,Theme1,casino_infix,8,да,1,да,206,12,14,6.8,20,9.7,732,3.55,52.3,30.7,0,0,0,0,0.0,0.0,0,,,3 из 5,1.0
casinoqr.team,team,2026-09-15,2,2,00-05,content-2026-09-14-7str-oform-9,content-дата,7,оформлено,Theme1,casino_prefix,8,нет,2,да,206,9,14,6.8,15,7.3,459,2.23,32.8,51.3,0,0,0,0,0.0,0.0,0,,,21 из 29,0.74
oijl.buzz,buzz,2026-09-08,2,17,12-17,archive37строформленоv2часть1,archive,7,оформлено,Theme1,alpha_other,4,да,1,да,206,14,14,6.8,20,9.7,527,2.56,37.6,30.5,0,0,0,0,0.0,0.0,0,,,16 из 45,1.39
ovucasino.team,team,2026-09-12,6,21,18-23,content-2026-09-12-7str-oform-1,content-дата,7,оформлено,Theme1,casino_infix,9,да,1,да,206,8,14,6.8,22,10.7,220,1.07,15.7,43.1,0,0,0,0,0.0,0.0,0,,,17 из 41,1.28
9126.team,team,2026-09-10,3,21,18-23,archive47_unique119оформленочасть2,archive,,оформлено,Theme1,numeric,4,да,1,да,206,11,14,6.8,18,8.7,343,1.67,24.5,8.9,0,0,0,0,0.0,0.0,0,,,7 из 24,1.28
casinoj1.lol,lol,2026-09-04,5,15,12-17,КОНТЕНТ НЕ ЗАПИСАН,не записан,,,Theme1,casino_prefix,8,да,1,да,206,10,14,6.8,17,8.3,217,1.05,15.5,51.8,0,0,0,0,0.0,0.0,0,,,38 из 71,0.93
0728.lol,lol,2026-09-02,3,21,18-23,nabory284293,nabory,,,Theme1,numeric,4,да,1,да,206,13,14,6.8,16,7.8,245,1.19,17.5,54.4,0,0,0,0,0.0,0.0,0,,,5 из 10,1.0
9940.team,team,2026-09-10,3,19,18-23,КОНТЕНТ НЕ ЗАПИСАН,не записан,,,Theme1,numeric,4,да,1,да,206,13,14,6.8,18,8.7,165,0.8,11.8,15.3,0,0,0,0,0.0,0.0,0,,,39 из 71,0.93
casino5450.buzz,buzz,2026-09-08,2,16,12-17,archive37строформленоv2часть2,archive,7,оформлено,Theme1,casino_prefix,10,да,1,да,206,13,14,6.8,19,9.2,213,1.03,15.2,47.3,0,0,0,0,0.0,0.0,0,,,14 из 45,2.0
6465.team,team,2026-09-17,4,7,06-11,content-2026-09-15-7str-oform-1,content-дата,7,оформлено,Theme1,numeric,4,нет,3,да,206,9,14,6.8,14,6.8,197,0.96,14.1,66.6,0,0,0,0,0.0,0.0,0,,,28 из 50,0.93
0409casino.casino,casino,2026-09-04,5,19,18-23,NEW20_7pages_nodate_styled_img,NEW,7,styled_img,Theme1,casino_infix,10,да,1,да,206,14,14,6.8,14,6.8,172,0.83,12.3,63.7,0,0,0,0,0.0,0.0,0,,,6 из 6,0.74
0108.team,team,2026-09-13,7,14,12-17,nabory-495-499_styled_img,nabory,,styled_img,Theme1,numeric,4,да,1,да,206,10,14,6.8,19,9.2,89,0.43,6.4,70.3,0,0,0,0,0.0,0.0,0,,,2 из 5,1.55
6433.team,team,2026-09-07,1,19,18-23,NEW20_7pages_nodate_оформлено,NEW,7,оформлено,Theme1,numeric,4,да,1,да,206,14,14,6.8,16,7.8,134,0.65,9.6,56.0,0,0,0,0,0.0,0.0,0,,,3 из 5,1.0
4797.lol,lol,2026-09-11,5,3,00-05,clean7_part1_50оформлено,clean,,оформлено,Theme1,numeric,4,да,1,да,206,11,14,6.8,19,9.2,118,0.57,8.4,57.5,0,0,0,0,0.0,0.0,0,,,31 из 50,0.76
7163.lol,lol,2026-09-17,4,14,12-17,content-2026-09-16-7str,content-дата,7,,Theme1,numeric,4,нет,2,да,206,9,14,6.8,14,6.8,118,0.57,8.4,86.5,0,0,0,0,0.0,0.0,0,,,32 из 42,0.65
0615.lol,lol,2026-09-11,5,13,12-17,NEW102оформленобездаты,NEW,,оформлено,Theme1,numeric,4,да,1,да,206,11,14,6.8,22,10.7,57,0.28,4.1,67.3,0,0,0,0,0.0,0.0,0,,,35 из 42,0.61
l6j.lol,lol,2026-09-08,2,17,12-17,archive37строформленоv2часть2,archive,7,оформлено,Theme1,alpha_other,3,да,1,да,206,13,14,6.8,19,9.2,80,0.39,5.7,67.0,0,0,0,0,0.0,0.0,0,,,15 из 45,2.0
cnlu.lol,lol,2026-09-17,4,10,06-11,content-2026-09-15-7str-oform-1,content-дата,7,оформлено,Theme1,alpha_other,4,нет,2,да,206,8,14,6.8,16,7.8,85,0.41,6.1,77.5,0,0,0,0,0.0,0.0,0,,,29 из 50,0.93
9866.team,team,2026-09-05,6,23,18-23,shponnayarezka1,прочее,,,Theme1,numeric,4,да,1,да,206,12,14,6.8,19,9.2,58,0.28,4.1,59.0,0,0,0,0,0.0,0.0,0,,,1 из 1,1.0
5403.team,team,2026-09-17,4,10,06-11,content-2026-09-14b-7str-oform-1,content-дата,7,оформлено,Theme1,numeric,4,нет,2,да,206,9,14,6.8,14,6.8,68,0.33,4.9,86.1,0,0,0,0,0.0,0.0,0,,,12 из 22,0.8
nidcasino.lol,lol,2026-09-17,4,17,12-17,content-2026-09-16-7str,content-дата,7,,Theme1,casino_infix,9,нет,2,да,206,9,14,6.8,14,6.8,70,0.34,5.0,88.3,0,0,0,0,0.0,0.0,0,,,33 из 42,0.65
9061.lol,lol,2026-09-02,3,21,18-23,nabory284293,nabory,,,Theme1,numeric,4,да,1,да,206,11,14,6.8,15,7.3,61,0.3,4.4,72.8,0,0,0,0,0.0,0.0,0,,,6 из 10,1.0
39casino.lol,lol,2026-09-15,2,4,00-05,content-2026-09-14-7str-oform-9,content-дата,7,оформлено,Theme1,casino_infix,8,нет,2,да,206,10,14,6.8,14,6.8,60,0.29,4.3,76.4,0,0,0,0,0.0,0.0,0,,,22 из 29,0.74
f4w.lol,lol,2026-09-02,3,21,18-23,nabory294303,nabory,,,Theme1,alpha_other,3,да,1,да,206,12,14,6.8,16,7.8,52,0.25,3.7,78.2,0,0,0,0,0.0,0.0,0,,,8 из 10,0.74
6709.team,team,2026-09-17,4,13,12-17,content-2026-09-16-7str,content-дата,7,,Theme1,numeric,4,нет,2,да,206,10,14,6.8,15,7.3,52,0.25,3.7,89.3,0,0,0,0,0.0,0.0,0,,,34 из 42,0.65
0400.lol,lol,2026-09-16,3,10,06-11,nabory-565-580,nabory,,,Theme1,numeric,4,нет,2,да,206,12,14,6.8,16,7.8,47,0.23,3.4,87.2,0,0,0,0,0.0,0.0,0,,,14 из 16,0.51
6277.team,team,2026-09-15,2,4,00-05,content-2026-09-14-7str-oform-9,content-дата,7,оформлено,Theme1,numeric,4,нет,2,да,206,9,14,6.8,16,7.8,34,0.17,2.4,80.5,0,0,0,0,0.0,0.0,0,,,23 из 29,0.74
gwrt.team,team,2026-09-16,3,21,18-23,content-2026-09-15-7str-oform-2,content-дата,7,оформлено,Theme1,alpha_other,4,нет,2,да,206,10,14,6.8,14,6.8,44,0.21,3.1,88.6,0,0,0,0,0.0,0.0,0,,,42 из 50,0.53
nfdh.team,team,2026-09-15,2,6,06-11,content-2026-09-14-7str-oform-9,content-дата,7,оформлено,Theme1,alpha_other,4,нет,2,да,206,5,14,6.8,16,7.8,16,0.08,1.1,82.7,0,0,0,0,0.0,0.0,0,,,24 из 29,0.74
6856casino.team,team,2026-09-17,4,4,00-05,nabory-591-600,nabory,,,Theme1,casino_infix,10,нет,2,да,206,11,14,6.8,15,7.3,23,0.11,1.6,81.4,0,0,0,0,0.0,0.0,0,,,6 из 10,0.85
jgd.lol,lol,2026-09-18,5,1,00-05,content-2026-09-14b-7str-oform-1,content-дата,7,оформлено,Theme1,alpha_other,3,нет,2,да,150,9,10,6.7,10,6.7,193,1.29,19.3,75.2,0,0,0,0,0.0,0.0,0,,,13 из 22,0.79
33casino.lol,lol,2026-09-18,5,3,00-05,content-2026-09-17-7str-oform-2,content-дата,7,оформлено,Theme1,casino_infix,8,нет,2,да,150,9,10,6.7,10,6.7,106,0.71,10.6,79.1,0,0,0,0,0.0,0.0,0,,,24 из 36,0.63
7859.team,team,2026-09-15,2,4,00-05,content-2026-09-14-7str-oform-9,content-дата,7,оформлено,Theme1,numeric,4,нет,2,да,206,7,13,6.3,13,6.3,1124,5.46,86.5,27.5,0,0,0,0,0.0,0.0,0,,,25 из 29,0.68
682casino.team,team,2026-09-15,2,4,00-05,content-2026-09-14-7str-oform-9,content-дата,7,оформлено,Theme1,casino_infix,9,нет,2,да,206,7,13,6.3,14,6.8,367,1.78,28.2,38.7,0,0,0,0,0.0,0.0,0,,,26 из 29,0.68
0273.team,team,2026-09-10,3,21,18-23,archive47_unique119оформленочасть2,archive,,оформлено,Theme1,numeric,4,да,1,да,206,12,13,6.3,16,7.8,448,2.17,34.5,8.6,0,0,0,0,0.0,0.0,0,,,8 из 24,1.19
tqwy.buzz,buzz,2026-09-08,2,16,12-17,archive37строформленоv2часть2,archive,7,оформлено,Theme1,alpha_other,4,да,1,да,206,12,13,6.3,18,8.7,349,1.69,26.8,39.8,0,0,0,0,0.0,0.0,0,,,16 из 45,1.85
ybcc.lol,lol,2026-09-11,5,2,00-05,clean7_part1_50оформлено,clean,,оформлено,Theme1,alpha_other,4,да,1,да,206,13,13,6.3,16,7.8,380,1.84,29.2,29.7,0,0,0,0,0.0,0.0,0,,,32 из 50,0.7
4100.team,team,2026-09-11,5,3,00-05,clean7_part1_50оформлено,clean,,оформлено,Theme1,numeric,4,да,1,да,206,10,13,6.3,17,8.3,171,0.83,13.2,39.8,0,0,0,0,0.0,0.0,0,,,33 из 50,0.7
3411.lol,lol,2026-09-11,5,8,06-11,clean7_part1_50оформлено,clean,,оформлено,Theme1,numeric,4,да,1,да,206,13,13,6.3,22,10.7,257,1.25,19.8,31.6,0,0,0,0,0.0,0.0,0,,,34 из 50,0.7
casinofnl.buzz,buzz,2026-09-08,2,16,12-17,archive37строформленоv2часть2,archive,7,оформлено,Theme1,casino_prefix,9,да,1,да,206,13,13,6.3,17,8.3,234,1.14,18.0,25.5,0,0,0,0,0.0,0.0,0,,,17 из 45,1.85
butcasino.team,team,2026-09-11,5,18,18-23,clean7_part1_50оформлено,clean,,оформлено,Theme1,casino_infix,9,да,1,да,206,12,13,6.3,19,9.2,183,0.89,14.1,37.2,0,0,0,0,0.0,0.0,0,,,35 из 50,0.7
casino97.lol,lol,2026-09-17,4,9,06-11,content-2026-09-15-7str-oform-1,content-дата,7,оформлено,Theme1,casino_prefix,8,нет,2,да,206,11,13,6.3,13,6.3,237,1.15,18.2,66.4,0,0,0,0,0.0,0.0,0,,,30 из 50,0.86
plol.lol,lol,2026-09-17,4,10,06-11,content-2026-09-15-7str-oform-1,content-дата,7,оформлено,Theme1,alpha_other,4,нет,2,да,206,8,13,6.3,13,6.3,220,1.07,16.9,66.1,0,0,0,0,0.0,0.0,0,,,31 из 50,0.86
1209k.casino,casino,2026-09-12,6,8,06-11,script_yandex_12page,script,12,,Theme1,alpha_other,5,да,1,да,206,11,13,6.3,20,9.7,154,0.75,11.8,54.2,0,0,0,0,0.0,0.0,0,,,14 из 21,0.68
yqzcasino.team,team,2026-09-17,4,8,06-11,content-2026-09-15-7str-oform-1,content-дата,7,оформлено,Theme1,casino_infix,9,нет,2,да,206,11,13,6.3,13,6.3,160,0.78,12.3,71.0,0,0,0,0,0.0,0.0,0,,,32 из 50,0.86
858casino.buzz,buzz,2026-09-08,2,21,18-23,archive37строформленоv2часть3,archive,7,оформлено,Theme1,casino_infix,9,да,1,да,206,8,13,6.3,15,7.3,85,0.41,6.5,46.6,0,0,0,0,0.0,0.0,0,,,18 из 45,1.09
1916.team,team,2026-09-17,4,3,00-05,nabory-591-600,nabory,,,Theme1,numeric,4,нет,2,да,206,10,13,6.3,14,6.8,134,0.65,10.3,75.9,0,0,0,0,0.0,0.0,0,,,7 из 10,0.79
615casino.team,team,2026-09-12,6,16,12-17,content-2026-09-12-7str-oform-2,content-дата,7,оформлено,Theme1,casino_infix,9,да,1,да,206,10,13,6.3,23,11.2,111,0.54,8.5,56.6,0,0,0,0,0.0,0.0,0,,,19 из 41,1.19
watc.team,team,2026-09-12,6,13,12-17,content-2026-09-12-7str-oform-1,content-дата,7,оформлено,Theme1,alpha_other,4,да,1,да,206,12,13,6.3,26,12.6,66,0.32,5.1,56.7,0,0,0,0,0.0,0.0,0,,,18 из 41,1.19
ssycasino.team,team,2026-09-07,1,20,18-23,NEW20_7pages_nodate_оформлено,NEW,7,оформлено,Theme1,casino_infix,9,да,1,да,206,12,13,6.3,16,7.8,73,0.35,5.6,69.4,0,0,0,0,0.0,0.0,0,,,4 из 5,0.93
ufdb.buzz,buzz,2026-09-08,2,16,12-17,archive37строформленоv2часть2,archive,7,оформлено,Theme1,alpha_other,4,да,1,да,206,10,13,6.3,19,9.2,66,0.32,5.1,71.1,0,0,0,0,0.0,0.0,0,,,18 из 45,1.85
7653.team,team,2026-09-03,4,4,00-05,КОНТЕНТ НЕ ЗАПИСАН,не записан,,,Theme1,numeric,4,да,1,да,206,13,13,6.3,17,8.3,74,0.36,5.7,76.8,0,0,0,0,0.0,0.0,0,,,40 из 71,0.86
h9y9.lol,lol,2026-09-14,1,0,00-05,content-2026-09-14-7str-oform-8,content-дата,7,оформлено,Theme1,alpha_other,4,да,1,да,206,6,13,6.3,18,8.7,57,0.28,4.4,82.7,0,0,0,0,0.0,0.0,0,,,16 из 25,0.81
vlg.lol,lol,2026-09-08,2,22,18-23,archive37строформленоv2часть3,archive,7,оформлено,Theme1,alpha_other,3,да,1,да,206,13,13,6.3,20,9.7,43,0.21,3.3,62.6,0,0,0,0,0.0,0.0,0,,,19 из 45,1.09
u4f5.lol,lol,2026-09-04,5,11,06-11,nabory284293,nabory,,,Theme1,alpha_other,4,да,1,да,206,13,13,6.3,15,7.3,69,0.33,5.3,65.6,0,0,0,0,0.0,0.0,0,,,7 из 10,0.93
casino60.team,team,2026-09-17,4,16,12-17,content-2026-09-16-7str,content-дата,7,,Theme1,casino_prefix,8,нет,2,да,206,7,13,6.3,13,6.3,72,0.35,5.5,83.1,0,0,0,0,0.0,0.0,0,,,35 из 42,0.6
2242.team,team,2026-09-13,7,14,12-17,content-2026-09-12-7str-oform-3,content-дата,7,оформлено,Theme1,numeric,4,да,1,да,206,12,13,6.3,18,8.7,30,0.15,2.3,88.0,0,0,0,0,0.0,0.0,0,,,16 из 39,1.62
v3w0.team,team,2026-09-07,1,18,18-23,nabory436440_styled_img,nabory,,styled_img,Theme1,alpha_other,4,да,1,да,206,11,13,6.3,17,8.3,35,0.17,2.7,72.1,0,0,0,0,0.0,0.0,0,,,4 из 5,0.59
5730.lol,lol,2026-09-08,2,14,12-17,archive37строформленоv2часть2,archive,7,оформлено,Theme1,numeric,4,да,1,да,206,13,13,6.3,18,8.7,51,0.25,3.9,79.7,0,0,0,0,0.0,0.0,0,,,19 из 45,1.85
casino50.team,team,2026-09-17,4,16,12-17,content-2026-09-16-7str,content-дата,7,,Theme1,casino_prefix,8,нет,2,да,206,8,13,6.3,13,6.3,59,0.29,4.5,87.7,0,0,0,0,0.0,0.0,0,,,36 из 42,0.6
4970.team,team,2026-09-14,1,22,18-23,content-2026-09-14-7str-oform-8,content-дата,7,оформлено,Theme1,numeric,4,да,1,да,206,8,13,6.3,13,6.3,48,0.23,3.7,81.0,0,0,0,0,0.0,0.0,0,,,17 из 25,0.81
m8t.team,team,2026-09-01,2,20,18-23,nabory264268_01.09,nabory,,,Theme1,alpha_other,3,да,1,да,206,13,13,6.3,20,9.7,36,0.17,2.8,83.7,0,0,0,0,0.0,0.0,0,,,3 из 4,0.81
3372.lol,lol,2026-09-08,2,15,12-17,archive37строформленоv2часть1,archive,7,оформлено,Theme1,numeric,4,да,1,да,206,10,13,6.3,21,10.2,24,0.12,1.8,85.6,0,0,0,0,0.0,0.0,0,,,17 из 45,1.29
4283.team,team,2026-09-04,5,22,18-23,Generator_B_novyy_bez_img,Generator,,,Theme1,numeric,4,да,1,да,206,12,13,6.3,15,7.3,40,0.19,3.1,64.7,0,0,0,0,0.0,0.0,0,,,1 из 2,1.3
4468.team,team,2026-09-16,3,11,06-11,nabory-565-580,nabory,,,Theme1,numeric,4,нет,2,да,206,12,13,6.3,13,6.3,33,0.16,2.5,87.7,0,0,0,0,0.0,0.0,0,,,15 из 16,0.47
0722.team,team,2026-09-05,6,0,00-05,Generator_370382_styled_img,Generator,,styled_img,Theme1,numeric,4,да,1,да,206,13,13,6.3,19,9.2,31,0.15,2.4,85.5,0,0,0,0,0.0,0.0,0,,,2 из 13,3.32
8069casino.lol,lol,2026-09-18,5,14,12-17,content-2026-09-17b-7str-oform,content-дата,7,оформлено,Theme1,casino_infix,10,нет,2,да,150,7,9,6.0,9,6.0,436,2.91,48.4,61.7,0,0,0,0,0.0,0.0,0,,,16 из 21,0.29
6015casino.lol,lol,2026-09-18,5,18,18-23,content-2026-09-17b-7str-oform,content-дата,7,оформлено,Theme1,casino_infix,10,нет,2,да,150,4,9,6.0,9,6.0,23,0.15,2.6,88.5,0,0,0,0,0.0,0.0,0,,,17 из 21,0.29
7829.lol,lol,2026-09-18,5,14,12-17,content-2026-09-17b-7str-oform,content-дата,7,оформлено,Theme1,numeric,4,нет,2,да,150,7,9,6.0,9,6.0,14,0.09,1.6,95.0,0,0,0,0,0.0,0.0,0,,,18 из 21,0.29
n4h1.lol,lol,2026-09-08,2,21,18-23,archive37строформленоv2часть3,archive,7,оформлено,Theme1,alpha_other,4,да,1,да,206,11,12,5.8,15,7.3,205,1.0,17.1,49.7,1,0,1,0,0.485,48.8,1,1,Goodwin (1),20 из 45,1.0
casinoanb.buzz,buzz,2026-09-08,2,20,18-23,archive37строформленоv2часть3,archive,7,оформлено,Theme1,casino_prefix,9,да,1,да,206,9,12,5.8,14,6.8,42,0.2,3.5,36.1,1,0,1,0,0.485,238.1,1,1,Ezcash (1),21 из 45,1.0
casinoj3.lol,lol,2026-09-11,5,7,06-11,NEW102оформленосдатой,NEW,,оформлено,Theme1,casino_prefix,8,да,1,да,206,11,12,5.8,19,9.2,2291,11.12,190.9,7.0,0,0,0,0,0.0,0.0,0,,,16 из 18,0.43
0717.team,team,2026-09-16,3,23,18-23,content-2026-09-15-7str-oform-1,content-дата,7,оформлено,Theme1,numeric,4,нет,2,да,206,11,12,5.8,12,5.8,1113,5.4,92.8,45.4,0,0,0,0,0.0,0.0,0,,,33 из 50,0.79
5659.team,team,2026-09-11,5,6,06-11,clean7_part1_50оформлено,clean,,оформлено,Theme1,numeric,4,да,1,да,206,12,12,5.8,20,9.7,276,1.34,23.0,25.1,0,0,0,0,0.0,0.0,0,,,36 из 50,0.65
2557.team,team,2026-09-16,3,17,12-17,content-2026-09-15-7str-oform-1,content-дата,7,оформлено,Theme1,numeric,4,нет,2,да,206,11,12,5.8,13,6.3,514,2.5,42.8,61.8,0,0,0,0,0.0,0.0,0,,,34 из 50,0.79
3743.lol,lol,2026-09-08,2,15,12-17,archive37строформленоv2часть1,archive,7,оформлено,Theme1,numeric,4,да,1,да,206,8,12,5.8,19,9.2,178,0.86,14.8,61.5,0,0,0,0,0.0,0.0,0,,,18 из 45,1.18
8927casino.team,team,2026-09-04,5,18,18-23,Generator_354359_styled_img,Generator,,styled_img,Theme1,casino_infix,10,да,1,да,206,12,12,5.8,12,5.8,352,1.71,29.3,55.2,0,0,0,0,0.0,0.0,0,,,2 из 6,1.08
pfoi.team,team,2026-09-10,3,19,18-23,archive47_unique119оформленочасть2,archive,,оформлено,Theme1,alpha_other,4,да,1,да,206,11,12,5.8,15,7.3,168,0.82,14.0,28.9,0,0,0,0,0.0,0.0,0,,,9 из 24,1.09
6973.team,team,2026-09-10,3,19,18-23,archive47_unique119оформленочасть2,archive,,оформлено,Theme1,numeric,4,да,1,да,206,10,12,5.8,16,7.8,232,1.13,19.3,10.3,0,0,0,0,0.0,0.0,0,,,10 из 24,1.09
8057.team,team,2026-09-16,3,20,18-23,content-2026-09-15-7str-oform-2,content-дата,7,оформлено,Theme1,numeric,4,нет,2,да,206,11,12,5.8,12,5.8,239,1.16,19.9,67.0,0,0,0,0,0.0,0.0,0,,,43 из 50,0.45
casino922.lol,lol,2026-09-04,5,3,00-05,nabory274283,nabory,,,Theme1,casino_prefix,9,да,1,да,206,10,12,5.8,19,9.2,194,0.94,16.2,56.3,0,0,0,0,0.0,0.0,0,,,8 из 10,0.52
4330.lol,lol,2026-09-03,4,19,18-23,NEW50_3_7pages_withdate_styled,NEW,7,без оформления,Theme1,numeric,4,да,1,да,206,11,12,5.8,13,6.3,219,1.06,18.2,57.9,0,0,0,0,0.0,0.0,0,,,10 из 12,0.44
0626.team,team,2026-09-07,1,21,18-23,clean12_unique11оформлено,clean,,оформлено,Theme1,numeric,4,да,1,да,206,11,12,5.8,13,6.3,218,1.06,18.2,50.3,0,0,0,0,0.0,0.0,0,,,11 из 11,0.25
5793.lol,lol,2026-09-08,2,15,12-17,archive37строформленоv2часть1,archive,7,оформлено,Theme1,numeric,4,да,1,да,206,12,12,5.8,21,10.2,174,0.84,14.5,59.7,0,0,0,0,0.0,0.0,0,,,19 из 45,1.18
tsnb.team,team,2026-09-07,1,19,18-23,nabory441443_styled_img,nabory,,styled_img,Theme1,alpha_other,4,да,1,да,206,10,12,5.8,17,8.3,184,0.89,15.3,56.0,0,0,0,0,0.0,0.0,0,,,2 из 3,1.0
8848.lol,lol,2026-09-13,7,15,12-17,content-2026-09-12-7str-oform-3,content-дата,7,оформлено,Theme1,numeric,4,да,1,да,206,10,12,5.8,13,6.3,165,0.8,13.8,61.0,0,0,0,0,0.0,0.0,0,,,17 из 39,1.49
o0n4.lol,lol,2026-09-12,6,22,18-23,content-2026-09-12-7str-oform-1,content-дата,7,оформлено,Theme1,alpha_other,4,да,1,да,206,11,12,5.8,15,7.3,126,0.61,10.5,50.4,0,0,0,0,0.0,0.0,0,,,19 из 41,1.09
y4s.lol,lol,2026-09-08,2,20,18-23,archive37строформленоv2часть3,archive,7,оформлено,Theme1,alpha_other,3,да,1,да,206,11,12,5.8,21,10.2,119,0.58,9.9,62.7,0,0,0,0,0.0,0.0,0,,,22 из 45,1.0
3553.lol,lol,2026-09-08,2,15,12-17,archive37строформленоv2часть1,archive,7,оформлено,Theme1,numeric,4,да,1,да,206,11,12,5.8,20,9.7,83,0.4,6.9,73.6,0,0,0,0,0.0,0.0,0,,,20 из 45,1.18
5153.team,team,2026-09-06,7,21,18-23,nabory421425_styled_img,nabory,,styled_img,Theme1,numeric,4,да,1,да,206,12,12,5.8,14,6.8,110,0.53,9.2,62.7,0,0,0,0,0.0,0.0,0,,,5 из 5,0.37
casinoe8.lol,lol,2026-09-16,3,6,06-11,nabory-535-544_styled_img,nabory,,styled_img,Theme1,casino_prefix,8,нет,2,да,206,11,12,5.8,13,6.3,83,0.4,6.9,56.7,0,0,0,0,0.0,0.0,0,,,10 из 10,0.39
qdcasino.lol,lol,2026-09-05,6,20,18-23,NEW21_7pages_nodate_styled_img,NEW,7,styled_img,Theme1,casino_infix,8,да,1,да,206,10,12,5.8,15,7.3,75,0.36,6.2,61.3,0,0,0,0,0.0,0.0,0,,,4 из 6,0.61
4358.team,team,2026-09-05,6,0,00-05,Generator_370382_styled_img,Generator,,styled_img,Theme1,numeric,4,да,1,да,206,12,12,5.8,15,7.3,79,0.38,6.6,82.5,0,0,0,0,0.0,0.0,0,,,3 из 13,3.05
0697.team,team,2026-09-06,7,19,18-23,nabory400410_styled_img,nabory,,styled_img,Theme1,numeric,4,да,1,да,206,11,12,5.8,15,7.3,68,0.33,5.7,61.0,0,0,0,0,0.0,0.0,0,,,7 из 11,0.79
788casino.lol,lol,2026-09-17,4,11,06-11,content-2026-09-14b-7str-oform-2,content-дата,7,оформлено,Theme1,casino_infix,9,нет,2,да,206,10,12,5.8,12,5.8,74,0.36,6.2,86.7,0,0,0,0,0.0,0.0,0,,,42 из 51,0.44
w7k4.lol,lol,2026-09-10,4,14,12-17,archive37строформленоv2часть3,archive,7,оформлено,Theme1,alpha_other,4,да,1,да,206,9,12,5.8,16,7.8,35,0.17,2.9,65.7,0,0,0,0,0.0,0.0,0,,,23 из 45,1.0
u9i.team,team,2026-09-04,5,18,18-23,Generator_354359_styled_img,Generator,,styled_img,Theme1,alpha_other,3,да,1,да,206,11,12,5.8,15,7.3,36,0.17,3.0,84.6,0,0,0,0,0.0,0.0,0,,,3 из 6,1.08
vdvg.lol,lol,2026-09-16,3,10,06-11,content-2026-09-14b-7str-oform-2,content-дата,7,оформлено,Theme1,alpha_other,4,нет,2,да,206,9,12,5.8,12,5.8,34,0.17,2.8,89.8,0,0,0,0,0.0,0.0,0,,,43 из 51,0.44
0778.lol,lol,2026-09-06,7,15,12-17,nabory400410_styled_img,nabory,,styled_img,Theme1,numeric,4,да,1,да,206,12,12,5.8,14,6.8,29,0.14,2.4,63.6,0,0,0,0,0.0,0.0,0,,,8 из 11,0.79
584casino.team,team,2026-09-14,1,21,18-23,nabory-515-524_styled_img,nabory,,styled_img,Theme1,casino_infix,9,нет,2,да,206,8,12,5.8,13,6.3,26,0.13,2.2,82.9,0,0,0,0,0.0,0.0,0,,,6 из 10,0.82
0336.lol,lol,2026-09-08,2,22,18-23,archive37строформленоv2часть3,archive,7,оформлено,Theme1,numeric,4,да,1,да,206,10,11,5.3,16,7.8,1665,8.08,151.4,12.8,0,0,0,0,0.0,0.0,0,,,24 из 45,0.91
4994.team,team,2026-09-06,7,19,18-23,nabory400410_styled_img,nabory,,styled_img,Theme1,numeric,4,да,1,да,206,11,11,5.3,14,6.8,856,4.16,77.8,18.6,0,0,0,0,0.0,0.0,0,,,9 из 11,0.73
9413.team,team,2026-09-06,7,20,18-23,nabory411420_styled_img,nabory,,styled_img,Theme1,numeric,4,да,1,да,206,11,11,5.3,11,5.3,763,3.7,69.4,23.9,0,0,0,0,0.0,0.0,0,,,8 из 10,0.62
elzn.buzz,buzz,2026-09-09,3,12,12-17,archive412_unique12оформлено,archive,,оформлено,Theme1,alpha_other,4,да,1,да,206,10,11,5.3,26,12.6,515,2.5,46.8,52.0,0,0,0,0,0.0,0.0,0,,,12 из 12,0.23
casinos7.team,team,2026-09-13,7,17,12-17,content-2026-09-12-7str-oform-3,content-дата,7,оформлено,Theme1,casino_prefix,8,да,1,да,206,10,11,5.3,12,5.8,428,2.08,38.9,19.2,0,0,0,0,0.0,0.0,0,,,18 из 39,1.36
2801.lol,lol,2026-09-03,4,18,18-23,NEW50_3_7pages_withdate_styled,NEW,7,без оформления,Theme1,numeric,4,да,1,да,206,9,11,5.3,15,7.3,306,1.49,27.8,54.2,0,0,0,0,0.0,0.0,0,,,11 из 12,0.4
tuoa.team,team,2026-09-12,6,22,18-23,content-2026-09-12-7str-oform-1,content-дата,7,оформлено,Theme1,alpha_other,4,да,1,да,206,9,11,5.3,21,10.2,321,1.56,29.2,33.3,0,0,0,0,0.0,0.0,0,,,20 из 41,1.0
369casino.team,team,2026-09-10,3,19,18-23,archive47_unique119оформленочасть1,archive,,оформлено,Theme1,casino_infix,9,да,1,да,206,11,11,5.3,14,6.8,237,1.15,21.5,22.0,0,0,0,0,0.0,0.0,0,,,21 из 40,0.84
casinok4.team,team,2026-09-07,1,20,18-23,NEW20_7pages_nodate_оформлено,NEW,7,оформлено,Theme1,casino_prefix,8,да,1,да,206,10,11,5.3,14,6.8,335,1.63,30.5,33.3,0,0,0,0,0.0,0.0,0,,,5 из 5,0.78
5962.lol,lol,2026-09-11,5,14,12-17,NEW102оформленобездаты,NEW,,оформлено,Theme1,numeric,4,да,1,да,206,10,11,5.3,19,9.2,200,0.97,18.2,46.2,0,0,0,0,0.0,0.0,0,,,36 из 42,0.47
7728.team,team,2026-09-12,6,16,12-17,content-2026-09-12-7str-oform-1,content-дата,7,оформлено,Theme1,numeric,4,да,1,да,206,11,11,5.3,20,9.7,186,0.9,16.9,42.1,0,0,0,0,0.0,0.0,0,,,21 из 41,1.0
khev.lol,lol,2026-09-12,6,14,12-17,content-2026-09-12-7str-oform-2,content-дата,7,оформлено,Theme1,alpha_other,4,да,1,да,206,9,11,5.3,20,9.7,193,0.94,17.5,48.1,0,0,0,0,0.0,0.0,0,,,20 из 41,1.0
2116.team,team,2026-09-04,5,17,12-17,Generator_346353_styled_img,Generator,,styled_img,Theme1,numeric,4,да,1,да,206,9,11,5.3,20,9.7,224,1.09,20.4,77.5,0,0,0,0,0.0,0.0,0,,,6 из 8,0.52
2518.team,team,2026-09-10,3,21,18-23,archive47_unique119оформленочасть2,archive,,оформлено,Theme1,numeric,4,да,1,да,206,10,11,5.3,12,5.8,156,0.76,14.2,32.4,0,0,0,0,0.0,0.0,0,,,11 из 24,1.0
ubgh.lol,lol,2026-09-04,5,9,06-11,nabory294303,nabory,,,Theme1,alpha_other,4,да,1,да,206,10,11,5.3,12,5.8,168,0.82,15.3,67.6,0,0,0,0,0.0,0.0,0,,,9 из 10,0.57
casino8189.lol,lol,2026-09-11,5,14,12-17,clean7_part1_50оформлено,clean,,оформлено,Theme1,casino_prefix,10,да,1,да,206,9,11,5.3,18,8.7,175,0.85,15.9,39.1,0,0,0,0,0.0,0.0,0,,,37 из 50,0.59
d7w5.lol,lol,2026-09-15,2,5,00-05,content-2026-09-14-7str-oform-8,content-дата,7,оформлено,Theme1,alpha_other,4,нет,2,да,206,7,11,5.3,12,5.8,152,0.74,13.8,59.3,0,0,0,0,0.0,0.0,0,,,18 из 25,0.68
casino6206.team,team,2026-09-10,3,20,18-23,archive47_unique119оформленочасть2,archive,,оформлено,Theme1,casino_prefix,10,да,1,да,206,10,11,5.3,15,7.3,82,0.4,7.5,4.1,0,0,0,0,0.0,0.0,0,,,12 из 24,1.0
casinogh.lol,lol,2026-09-04,5,15,12-17,КОНТЕНТ НЕ ЗАПИСАН,не записан,,,Theme1,casino_prefix,8,да,1,да,206,11,11,5.3,16,7.8,147,0.71,13.4,70.9,0,0,0,0,0.0,0.0,0,,,41 из 71,0.73
9147.team,team,2026-09-10,3,20,18-23,nabory464466,nabory,,,Theme1,numeric,4,да,1,да,206,11,11,5.3,13,6.3,122,0.59,11.1,18.1,0,0,0,0,0.0,0.0,0,,,2 из 3,1.0
5740.team,team,2026-09-12,6,16,12-17,content-2026-09-12-7str-oform-2,content-дата,7,оформлено,Theme1,numeric,4,да,1,да,206,9,11,5.3,20,9.7,87,0.42,7.9,55.6,0,0,0,0,0.0,0.0,0,,,21 из 41,1.0
6524.lol,lol,2026-09-11,5,14,12-17,NEW102оформленобездаты,NEW,,оформлено,Theme1,numeric,4,да,1,да,206,7,11,5.3,21,10.2,102,0.5,9.3,50.1,0,0,0,0,0.0,0.0,0,,,37 из 42,0.47
0147.team,team,2026-09-07,1,19,18-23,NEW20_7pages_withdate_оформлено,NEW,7,оформлено,Theme1,numeric,4,да,1,да,206,10,11,5.3,17,8.3,117,0.57,10.6,59.0,0,0,0,0,0.0,0.0,0,,,4 из 5,0.5
6725.team,team,2026-09-04,5,22,18-23,Generator_A_staryy_stil,Generator,,,Theme1,numeric,4,да,1,да,206,10,11,5.3,14,6.8,90,0.44,8.2,63.5,0,0,0,0,0.0,0.0,0,,,1 из 2,1.04
casino876.team,team,2026-09-04,5,15,12-17,КОНТЕНТ НЕ ЗАПИСАН,не записан,,,Theme1,casino_prefix,9,да,1,да,206,9,11,5.3,19,9.2,78,0.38,7.1,65.8,0,0,0,0,0.0,0.0,0,,,42 из 71,0.73
casino1109g.casino,casino,2026-09-11,5,10,06-11,script_yandex_12page,script,12,,Theme1,casino_prefix,11,да,1,да,206,10,11,5.3,16,7.8,35,0.17,3.2,60.7,0,0,0,0,0.0,0.0,0,,,15 из 21,0.58
j9s2.buzz,buzz,2026-09-08,2,15,12-17,archive37строформленоv2часть1,archive,7,оформлено,Theme1,alpha_other,4,да,1,да,206,11,11,5.3,21,10.2,44,0.21,4.0,77.6,0,0,0,0,0.0,0.0,0,,,21 из 45,1.08
1490.team,team,2026-09-18,5,2,00-05,content-2026-09-17-7str-oform-2,content-дата,7,оформлено,Theme1,numeric,4,нет,2,да,150,8,8,5.3,8,5.3,79,0.53,9.9,77.6,0,0,0,0,0.0,0.0,0,,,25 из 36,0.5
6907.team,team,2026-09-15,2,1,00-05,content-2026-09-14-7str-oform-9,content-дата,7,оформлено,Theme1,numeric,4,да,1,да,206,6,11,5.3,11,5.3,66,0.32,6.0,84.5,0,0,0,0,0.0,0.0,0,,,27 из 29,0.58
casinofdv.lol,lol,2026-09-17,4,9,06-11,content-2026-09-15-7str-oform-1,content-дата,7,оформлено,Theme1,casino_prefix,9,нет,2,да,206,6,11,5.3,12,5.8,70,0.34,6.4,85.5,0,0,0,0,0.0,0.0,0,,,35 из 50,0.73
kohi.team,team,2026-09-10,4,17,12-17,archive37строформленоv2часть1,archive,7,оформлено,Theme1,alpha_other,4,да,1,да,206,10,11,5.3,18,8.7,42,0.2,3.8,58.8,0,0,0,0,0.0,0.0,0,,,22 из 45,1.08
3089.team,team,2026-09-18,5,2,00-05,content-2026-09-17-7str-oform-2,content-дата,7,оформлено,Theme1,numeric,4,нет,2,да,150,7,8,5.3,8,5.3,51,0.34,6.4,81.5,0,0,0,0,0.0,0.0,0,,,26 из 36,0.5
casino2861.team,team,2026-09-17,4,2,00-05,nabory-581-590,nabory,,,Theme1,casino_prefix,10,нет,2,да,206,8,11,5.3,13,6.3,43,0.21,3.9,79.4,0,0,0,0,0.0,0.0,0,,,8 из 10,0.61
oxbh.team,team,2026-09-10,3,22,18-23,archive47_unique119оформленочасть2,archive,,оформлено,Theme1,alpha_other,4,да,1,да,206,8,11,5.3,16,7.8,31,0.15,2.8,47.6,0,0,0,0,0.0,0.0,0,,,13 из 24,1.0
7841casino.team,team,2026-09-14,1,21,18-23,nabory-515-524_styled_img,nabory,,styled_img,Theme1,casino_infix,10,нет,2,да,206,5,11,5.3,12,5.8,18,0.09,1.6,84.2,0,0,0,0,0.0,0.0,0,,,7 из 10,0.75
z1y.buzz,buzz,2026-09-08,2,20,18-23,archive37строформленоv2часть3,archive,7,оформлено,Theme1,alpha_other,3,да,1,да,206,11,11,5.3,15,7.3,25,0.12,2.3,77.0,0,0,0,0,0.0,0.0,0,,,25 из 45,0.91
74casino.lol,lol,2026-09-16,3,20,18-23,content-2026-09-15-7str-oform-2,content-дата,7,оформлено,Theme1,casino_infix,8,нет,3,да,206,6,11,5.3,11,5.3,35,0.17,3.2,86.8,0,0,0,0,0.0,0.0,0,,,44 из 50,0.41
0934.lol,lol,2026-09-06,7,18,18-23,nabory400410_styled_img,nabory,,styled_img,Theme1,numeric,4,да,1,да,206,9,11,5.3,14,6.8,20,0.1,1.8,82.6,0,0,0,0,0.0,0.0,0,,,10 из 11,0.73
ktto.lol,lol,2026-09-17,4,2,00-05,content-2026-09-15-7str-oform-1,content-дата,7,оформлено,Theme1,alpha_other,4,нет,2,да,206,8,11,5.3,12,5.8,24,0.12,2.2,89.8,0,0,0,0,0.0,0.0,0,,,36 из 50,0.73
2753casino.lol,lol,2026-09-18,5,2,00-05,content-2026-09-17-7str-oform-2,content-дата,7,оформлено,Theme1,casino_infix,10,нет,2,да,150,6,8,5.3,8,5.3,14,0.09,1.8,84.9,0,0,0,0,0.0,0.0,0,,,27 из 36,0.5
3829.lol,lol,2026-09-18,5,1,00-05,nabory-611-620,nabory,,,Theme1,numeric,4,нет,2,да,150,7,8,5.3,8,5.3,12,0.08,1.5,86.1,0,0,0,0,0.0,0.0,0,,,6 из 10,0.87
x2v4.lol,lol,2026-09-14,1,12,12-17,content-2026-09-12-7str-oform-3,content-дата,7,оформлено,Theme1,alpha_other,4,да,1,да,206,8,10,4.9,10,4.9,22,0.11,2.2,86.7,1,0,1,0,0.485,454.5,1,1,Money X (1),19 из 39,1.26
6764.lol,lol,2026-09-11,5,16,12-17,NEW102оформленобездаты,NEW,,оформлено,Theme1,numeric,4,да,1,да,206,10,10,4.9,25,12.1,998,4.84,99.8,20.6,0,0,0,0,0.0,0.0,0,,,38 из 42,0.44
1053.team,team,2026-09-10,3,19,18-23,archive47_unique119оформленочасть1,archive,,оформлено,Theme1,numeric,4,да,1,да,206,10,10,4.9,13,6.3,580,2.82,58.0,18.2,0,0,0,0,0.0,0.0,0,,,22 из 40,0.78
k9v.team,team,2026-09-10,3,21,18-23,archive47_unique119оформленочасть2,archive,,оформлено,Theme1,alpha_other,3,да,1,да,206,10,10,4.9,14,6.8,368,1.79,36.8,17.3,0,0,0,0,0.0,0.0,0,,,14 из 24,0.92
casinoli.team,team,2026-09-06,7,20,18-23,nabory411420_styled_img,nabory,,styled_img,Theme1,casino_prefix,8,да,1,да,206,10,10,4.9,13,6.3,547,2.66,54.7,32.3,0,0,0,0,0.0,0.0,0,,,9 из 10,0.58
744casino.buzz,buzz,2026-09-08,2,19,18-23,archive37строформленоv2часть3,archive,7,оформлено,Theme1,casino_infix,9,да,1,да,206,9,10,4.9,13,6.3,201,0.98,20.1,26.8,0,0,0,0,0.0,0.0,0,,,26 из 45,0.84
lwcasino.lol,lol,2026-09-04,5,9,06-11,nabory294303,nabory,,,Theme1,casino_infix,8,да,1,да,206,10,10,4.9,13,6.3,352,1.71,35.2,53.5,0,0,0,0,0.0,0.0,0,,,10 из 10,0.53
casino5829.team,team,2026-09-12,6,18,18-23,content-2026-09-12-7str-oform-1,content-дата,7,оформлено,Theme1,casino_prefix,10,да,1,да,206,10,10,4.9,12,5.8,335,1.63,33.5,17.9,0,0,0,0,0.0,0.0,0,,,22 из 41,0.92
casinoc9.team,team,2026-09-17,4,11,06-11,content-2026-09-14b-7str-oform-2,content-дата,7,оформлено,Theme1,casino_prefix,8,нет,2,да,206,5,10,4.9,10,4.9,303,1.47,30.3,73.5,0,0,0,0,0.0,0.0,0,,,44 из 51,0.37
9882.team,team,2026-09-15,2,5,00-05,content-2026-09-14-7str-oform-9,content-дата,7,оформлено,Theme1,numeric,4,нет,2,да,206,7,10,4.9,11,5.3,233,1.13,23.3,55.1,0,0,0,0,0.0,0.0,0,,,28 из 29,0.53
f4w.team,team,2026-09-03,4,4,00-05,КОНТЕНТ НЕ ЗАПИСАН,не записан,,,Theme1,alpha_other,3,да,1,да,206,10,10,4.9,16,7.8,67,0.33,6.7,69.0,0,0,0,0,0.0,0.0,0,,,43 из 71,0.67
5030.team,team,2026-09-10,3,19,18-23,archive47_unique119оформленочасть2,archive,,оформлено,Theme1,numeric,4,да,1,да,206,10,10,4.9,15,7.3,141,0.68,14.1,15.5,0,0,0,0,0.0,0.0,0,,,15 из 24,0.92
0409gg.casino,casino,2026-09-04,5,19,18-23,NEW20_12pages_withdate_styled_img,NEW,12,styled_img,Theme1,alpha_other,6,да,1,да,206,10,10,4.9,12,5.8,112,0.54,11.2,65.4,0,0,0,0,0.0,0.0,0,,,6 из 6,0.26
8491.team,team,2026-09-12,6,17,12-17,content-2026-09-12-7str-oform-2,content-дата,7,оформлено,Theme1,numeric,4,да,1,да,206,10,10,4.9,17,8.3,98,0.48,9.8,64.2,0,0,0,0,0.0,0.0,0,,,22 из 41,0.92
casinoqw.lol,lol,2026-09-16,3,2,00-05,content-2026-09-14c-7str-oform-1,content-дата,7,оформлено,Theme1,casino_prefix,8,нет,2,да,206,8,10,4.9,11,5.3,74,0.36,7.4,77.2,0,0,0,0,0.0,0.0,0,,,45 из 45,0.23
casinow2.team,team,2026-09-10,3,21,18-23,КОНТЕНТ НЕ ЗАПИСАН,не записан,,,Theme1,casino_prefix,8,да,1,да,206,8,10,4.9,11,5.3,79,0.38,7.9,46.9,0,0,0,0,0.0,0.0,0,,,44 из 71,0.67
8831.team,team,2026-09-17,4,9,06-11,content-2026-09-15-12str-oform,content-дата,12,оформлено,Theme1,numeric,4,нет,2,да,206,7,10,4.9,10,4.9,103,0.5,10.3,74.9,0,0,0,0,0.0,0.0,0,,,2 из 3,1.0
c4e8.team,team,2026-09-10,3,19,18-23,archive47_unique119оформленочасть1,archive,,оформлено,Theme1,alpha_other,4,да,1,да,206,9,10,4.9,13,6.3,98,0.48,9.8,29.2,0,0,0,0,0.0,0.0,0,,,23 из 40,0.78
5523.lol,lol,2026-09-11,5,8,06-11,clean7_part1_50оформлено,clean,,оформлено,Theme1,numeric,4,да,1,да,206,9,10,4.9,13,6.3,50,0.24,5.0,61.9,0,0,0,0,0.0,0.0,0,,,38 из 50,0.55
0765.team,team,2026-09-07,1,18,18-23,nabory436440_styled_img,nabory,,styled_img,Theme1,numeric,4,да,1,да,206,10,10,4.9,13,6.3,88,0.43,8.8,61.1,0,0,0,0,0.0,0.0,0,,,5 из 5,0.46
uzgcasino.team,team,2026-09-10,3,22,18-23,archive47_unique119оформленочасть2,archive,,оформлено,Theme1,casino_infix,9,да,1,да,205,9,10,4.9,11,5.4,95,0.46,9.5,21.4,0,0,0,0,0.0,0.0,0,,,16 из 24,0.92
1514.lol,lol,2026-09-08,2,19,18-23,nabory447451_styled_img,nabory,,styled_img,Theme1,numeric,4,да,1,да,206,10,10,4.9,12,5.8,98,0.48,9.8,58.5,0,0,0,0,0.0,0.0,0,,,4 из 5,0.67
z6z.lol,lol,2026-09-04,5,11,06-11,nabory274283,nabory,,,Theme1,alpha_other,3,да,1,да,206,9,10,4.9,17,8.3,85,0.41,8.5,64.3,0,0,0,0,0.0,0.0,0,,,9 из 10,0.44
0509mm.casino,casino,2026-09-05,6,18,18-23,NEW21_7pages_withdate_styled_img,NEW,7,styled_img,Theme1,alpha_other,6,да,1,да,206,7,10,4.9,19,9.2,62,0.3,6.2,69.5,0,0,0,0,0.0,0.0,0,,,4 из 5,0.51
8687.lol,lol,2026-09-08,2,19,18-23,archive37строформленоv2часть1,archive,7,оформлено,Theme1,numeric,4,да,1,да,206,6,10,4.9,17,8.3,76,0.37,7.6,64.7,0,0,0,0,0.0,0.0,0,,,23 из 45,1.0
5046.team,team,2026-09-12,6,15,12-17,content-2026-09-12-7str-oform-2,content-дата,7,оформлено,Theme1,numeric,4,да,1,да,206,8,10,4.9,20,9.7,21,0.1,2.1,70.3,0,0,0,0,0.0,0.0,0,,,23 из 41,0.92
81casino.team,team,2026-09-05,6,0,00-05,Generator_370382_styled_img,Generator,,styled_img,Theme1,casino_infix,8,да,1,да,206,9,10,4.9,15,7.3,77,0.37,7.7,80.7,0,0,0,0,0.0,0.0,0,,,4 из 13,2.58
3001.lol,lol,2026-09-12,6,15,12-17,content-2026-09-12-7str-oform-2,content-дата,7,оформлено,Theme1,numeric,4,да,1,да,206,10,10,4.9,14,6.8,57,0.28,5.7,71.8,0,0,0,0,0.0,0.0,0,,,24 из 41,0.92
9722.team,team,2026-09-05,6,8,06-11,Generator_370382_styled_img,Generator,,styled_img,Theme1,numeric,4,да,1,да,206,8,10,4.9,14,6.8,43,0.21,4.3,61.9,0,0,0,0,0.0,0.0,0,,,5 из 13,2.58
nyfj.team,team,2026-09-04,5,18,18-23,Generator_354359_styled_img,Generator,,styled_img,Theme1,alpha_other,4,да,1,да,206,8,10,4.9,12,5.8,66,0.32,6.6,79.7,0,0,0,0,0.0,0.0,0,,,4 из 6,0.92
anpl.lol,lol,2026-09-17,4,15,12-17,content-2026-09-16-7str,content-дата,7,,Theme1,alpha_other,4,нет,2,да,206,7,10,4.9,10,4.9,70,0.34,7.0,88.4,0,0,0,0,0.0,0.0,0,,,37 из 42,0.47
7491.lol,lol,2026-09-08,2,15,12-17,archive37строформленоv2часть1,archive,7,оформлено,Theme1,numeric,4,да,1,да,206,10,10,4.9,14,6.8,52,0.25,5.2,78.3,0,0,0,0,0.0,0.0,0,,,24 из 45,1.0
casino5457.team,team,2026-09-12,6,21,18-23,nabory-490-494_styled_img,nabory,,styled_img,Theme1,casino_prefix,10,да,1,да,206,8,10,4.9,22,10.7,28,0.14,2.8,67.5,0,0,0,0,0.0,0.0,0,,,3 из 5,1.0
8864casino.team,team,2026-09-06,7,9,06-11,Generator_392396_styled_img,Generator,,styled_img,Theme1,casino_infix,10,да,1,да,206,10,10,4.9,11,5.3,53,0.26,5.3,68.8,0,0,0,0,0.0,0.0,0,,,5 из 5,0.63
0815.lol,lol,2026-09-08,2,22,18-23,archive37строформленоv2часть3,archive,7,оформлено,Theme1,numeric,4,да,1,да,206,9,10,4.9,17,8.3,42,0.2,4.2,67.7,0,0,0,0,0.0,0.0,0,,,27 из 45,0.84
l9z.lol,lol,2026-09-08,2,6,06-11,clean7_part1_50оформлено,clean,,оформлено,Theme1,alpha_other,3,да,1,да,206,10,10,4.9,18,8.7,27,0.13,2.7,79.4,0,0,0,0,0.0,0.0,0,,,39 из 50,0.55
vjkd.lol,lol,2026-09-06,7,16,12-17,nabory400410_styled_img,nabory,,styled_img,Theme1,alpha_other,4,да,1,да,206,10,10,4.9,12,5.8,42,0.2,4.2,66.2,0,0,0,0,0.0,0.0,0,,,11 из 11,0.67
8514.lol,lol,2026-09-17,4,11,06-11,content-2026-09-14b-7str-oform-1,content-дата,7,оформлено,Theme1,numeric,4,нет,2,да,206,7,10,4.9,10,4.9,43,0.21,4.3,88.5,0,0,0,0,0.0,0.0,0,,,14 из 22,0.58
5597.lol,lol,2026-09-08,2,20,18-23,archive37строформленоv2часть3,archive,7,оформлено,Theme1,numeric,4,да,1,да,206,8,10,4.9,13,6.3,17,0.08,1.7,76.8,0,0,0,0,0.0,0.0,0,,,28 из 45,0.84
0416.team,team,2026-09-15,2,6,06-11,content-2026-09-14b-7str-oform-2,content-дата,7,оформлено,Theme1,numeric,4,нет,2,да,206,8,10,4.9,12,5.8,26,0.13,2.6,81.2,0,0,0,0,0.0,0.0,0,,,45 из 51,0.37
4355.team,team,2026-09-04,5,22,18-23,Generator_A_staryy_stil,Generator,,,Theme1,numeric,4,да,1,да,206,9,10,4.9,14,6.8,27,0.13,2.7,73.0,0,0,0,0,0.0,0.0,0,,,2 из 2,0.96
bvve.team,team,2026-09-05,6,12,12-17,Generator_385390_styled_img,Generator,,styled_img,Theme1,alpha_other,4,да,1,да,206,10,10,4.9,11,5.3,31,0.15,3.1,66.6,0,0,0,0,0.0,0.0,0,,,2 из 6,1.56
6420.team,team,2026-09-03,4,20,18-23,NEW50_3_7pages_nodate_styled,NEW,7,без оформления,Theme1,numeric,4,да,1,да,206,8,10,4.9,15,7.3,20,0.1,2.0,87.7,0,0,0,0,0.0,0.0,0,,,12 из 13,0.46
1061.lol,lol,2026-09-14,1,20,18-23,content-2026-09-14-7str-oform-8,content-дата,7,оформлено,Theme1,numeric,4,да,1,да,206,6,10,4.9,12,5.8,12,0.06,1.2,89.5,0,0,0,0,0.0,0.0,0,,,19 из 25,0.63
5954.lol,lol,2026-09-07,1,16,12-17,nabory431435_styled_img,nabory,,styled_img,Theme1,numeric,4,да,1,да,206,9,10,4.9,12,5.8,12,0.06,1.2,71.1,0,0,0,0,0.0,0.0,0,,,5 из 5,0.37
662casino.lol,lol,2026-09-15,2,1,00-05,content-2026-09-14-7str-oform-1,content-дата,7,оформлено,Theme1,casino_infix,9,да,1,да,206,5,10,4.9,10,4.9,16,0.08,1.6,93.8,0,0,0,0,0.0,0.0,0,,,5 из 9,1.0
v5w.lol,lol,2026-09-16,3,14,12-17,nabory-565-580,nabory,,,Theme1,alpha_other,3,нет,2,да,206,8,10,4.9,11,5.3,17,0.08,1.7,86.3,0,0,0,0,0.0,0.0,0,,,16 из 16,0.37
4572.lol,lol,2026-09-18,5,1,00-05,nabory-611-620,nabory,,,Theme1,numeric,4,нет,2,да,150,7,7,4.7,7,4.7,14,0.09,2.0,83.7,0,0,0,0,0.0,0.0,0,,,7 из 10,0.77
t1g7.lol,lol,2026-09-18,5,15,12-17,content-2026-09-17b-7str-oform,content-дата,7,оформлено,Theme1,alpha_other,4,нет,2,да,150,5,7,4.7,7,4.7,12,0.08,1.7,92.3,0,0,0,0,0.0,0.0,0,,,19 из 21,0.23
q8l4.lol,lol,2026-09-15,2,6,06-11,content-2026-09-14-7str-oform-8,content-дата,7,оформлено,Theme1,alpha_other,4,нет,2,да,206,5,9,4.4,9,4.4,675,3.28,75.0,36.4,0,0,0,0,0.0,0.0,0,,,20 из 25,0.56
0739.team,team,2026-09-10,3,22,18-23,КОНТЕНТ НЕ ЗАПИСАН,не записан,,,Theme1,numeric,4,да,1,да,206,9,9,4.4,14,6.8,452,2.19,50.2,10.4,0,0,0,0,0.0,0.0,0,,,45 из 71,0.6
537casino.team,team,2026-09-04,5,18,18-23,Generator_354359_styled_img,Generator,,styled_img,Theme1,casino_infix,9,да,1,да,206,9,9,4.4,12,5.8,384,1.86,42.7,66.5,0,0,0,0,0.0,0.0,0,,,5 из 6,0.82
casino0509m.casino,casino,2026-09-05,6,18,18-23,NEW21_12pages_nodate_styled_img,NEW,12,styled_img,Theme1,casino_prefix,11,да,1,да,206,8,9,4.4,17,8.3,314,1.52,34.9,31.8,0,0,0,0,0.0,0.0,0,,,6 из 6,0.3
6996.team,team,2026-09-14,1,21,18-23,nabory-515-524_styled_img,nabory,,styled_img,Theme1,numeric,4,нет,2,да,206,6,9,4.4,9,4.4,456,2.21,50.7,40.0,0,0,0,0,0.0,0.0,0,,,8 из 10,0.62
casino2552.team,team,2026-09-10,3,19,18-23,КОНТЕНТ НЕ ЗАПИСАН,не записан,,,Theme1,casino_prefix,10,да,1,да,206,8,9,4.4,10,4.9,218,1.06,24.2,12.1,0,0,0,0,0.0,0.0,0,,,46 из 71,0.6
0403.team,team,2026-09-03,4,18,18-23,NEW50_3_7pages_nodate_styled,NEW,7,без оформления,Theme1,numeric,4,да,1,да,206,9,9,4.4,11,5.3,190,0.92,21.1,68.8,0,0,0,0,0.0,0.0,0,,,13 из 13,0.41
casinosdc.team,team,2026-09-10,3,19,18-23,КОНТЕНТ НЕ ЗАПИСАН,не записан,,,Theme1,casino_prefix,9,да,1,да,206,9,9,4.4,11,5.3,88,0.43,9.8,31.2,0,0,0,0,0.0,0.0,0,,,47 из 71,0.6
e8k.lol,lol,2026-09-08,2,18,18-23,archive37строформленоv2часть1,archive,7,оформлено,Theme1,alpha_other,3,да,1,да,206,5,9,4.4,12,5.8,96,0.47,10.7,70.5,0,0,0,0,0.0,0.0,0,,,25 из 45,0.9
67casino.lol,lol,2026-09-08,2,17,12-17,archive37строформленоv2часть2,archive,7,оформлено,Theme1,casino_infix,8,да,1,да,206,8,9,4.4,16,7.8,99,0.48,11.0,68.9,0,0,0,0,0.0,0.0,0,,,20 из 45,1.29
90casino.lol,lol,2026-09-15,2,9,06-11,nabory-525-534_styled_img,nabory,,styled_img,Theme1,casino_infix,8,нет,2,да,206,7,9,4.4,14,6.8,97,0.47,10.8,67.6,0,0,0,0,0.0,0.0,0,,,5 из 10,1.0
5932.lol,lol,2026-09-08,2,20,18-23,archive37строформленоv2часть3,archive,7,оформлено,Theme1,numeric,4,да,1,да,206,9,9,4.4,11,5.3,114,0.55,12.7,47.1,0,0,0,0,0.0,0.0,0,,,29 из 45,0.76
casinottb.team,team,2026-09-10,3,19,18-23,archive47_unique119оформленочасть2,archive,,оформлено,Theme1,casino_prefix,9,да,1,да,206,6,9,4.4,14,6.8,31,0.15,3.4,40.0,0,0,0,0,0.0,0.0,0,,,17 из 24,0.83
6375.team,team,2026-09-17,4,4,00-05,nabory-591-600,nabory,,,Theme1,numeric,4,нет,2,да,206,9,9,4.4,10,4.9,85,0.41,9.4,73.8,0,0,0,0,0.0,0.0,0,,,8 из 10,0.55
0779.team,team,2026-09-10,3,21,18-23,КОНТЕНТ НЕ ЗАПИСАН,не записан,,,Theme1,numeric,4,да,1,да,206,6,9,4.4,11,5.3,61,0.3,6.8,43.3,0,0,0,0,0.0,0.0,0,,,48 из 71,0.6
casinoj5.lol,lol,2026-09-13,7,16,12-17,nabory-495-499_styled_img,nabory,,styled_img,Theme1,casino_prefix,8,да,1,да,206,6,9,4.4,14,6.8,14,0.07,1.6,71.1,0,0,0,0,0.0,0.0,0,,,3 из 5,1.0
8436casino.lol,lol,2026-09-12,6,16,12-17,content-2026-09-12-7str-oform-2,content-дата,7,оформлено,Theme1,casino_infix,10,да,1,да,206,7,9,4.4,16,7.8,45,0.22,5.0,61.4,0,0,0,0,0.0,0.0,0,,,25 из 41,0.83
1163.team,team,2026-09-14,1,15,12-17,nabory-500-509_styled_img,nabory,,styled_img,Theme1,numeric,4,да,1,да,206,7,9,4.4,9,4.4,47,0.23,5.2,75.4,0,0,0,0,0.0,0.0,0,,,1 из 10,4.4
oqnd.lol,lol,2026-09-15,2,10,06-11,nabory-525-534_styled_img,nabory,,styled_img,Theme1,alpha_other,4,нет,2,да,206,7,9,4.4,10,4.9,40,0.19,4.4,80.5,0,0,0,0,0.0,0.0,0,,,6 из 10,1.0
8159.lol,lol,2026-09-15,2,4,00-05,content-2026-09-14-7str-oform-8,content-дата,7,оформлено,Theme1,numeric,4,нет,2,да,206,4,9,4.4,10,4.9,33,0.16,3.7,81.1,0,0,0,0,0.0,0.0,0,,,21 из 25,0.56
3508.lol,lol,2026-09-12,6,13,12-17,content-2026-09-12-7str-oform-1,content-дата,7,оформлено,Theme1,numeric,4,да,1,да,206,7,9,4.4,16,7.8,27,0.13,3.0,70.2,0,0,0,0,0.0,0.0,0,,,23 из 41,0.83
6749.lol,lol,2026-09-17,4,7,06-11,content-2026-09-15-7str-oform-1,content-дата,7,оформлено,Theme1,numeric,4,нет,3,да,206,6,9,4.4,9,4.4,42,0.2,4.7,82.9,0,0,0,0,0.0,0.0,0,,,37 из 50,0.6
emnc.team,team,2026-09-04,5,16,12-17,КОНТЕНТ НЕ ЗАПИСАН,не записан,,,Theme1,alpha_other,4,да,1,да,206,8,9,4.4,17,8.3,26,0.13,2.9,87.4,0,0,0,0,0.0,0.0,0,,,49 из 71,0.6
6408.team,team,2026-09-16,3,20,18-23,content-2026-09-15-7str-oform-2,content-дата,7,оформлено,Theme1,numeric,4,нет,2,да,206,8,9,4.4,9,4.4,34,0.17,3.8,89.2,0,0,0,0,0.0,0.0,0,,,45 из 50,0.34
651casino.lol,lol,2026-09-17,4,11,06-11,content-2026-09-14b-7str-oform-2,content-дата,7,оформлено,Theme1,casino_infix,9,нет,2,да,206,9,9,4.4,10,4.9,32,0.16,3.6,90.6,0,0,0,0,0.0,0.0,0,,,46 из 51,0.34
32gf.team,team,2026-09-01,2,20,18-23,nabory264268_01.09,nabory,,,Theme1,alpha_other,4,да,1,да,206,8,9,4.4,9,4.4,27,0.13,3.0,89.3,0,0,0,0,0.0,0.0,0,,,4 из 4,0.57
26casino.lol,lol,2026-09-08,2,14,12-17,archive37строформленоv2часть2,archive,7,оформлено,Theme1,casino_infix,8,да,1,да,206,5,9,4.4,13,6.3,16,0.08,1.8,88.2,0,0,0,0,0.0,0.0,0,,,21 из 45,1.29
bxgi.lol,lol,2026-09-07,1,17,12-17,NEW20_4_7pages_withdate,NEW,7,без оформления,Theme1,alpha_other,4,да,1,да,206,8,9,4.4,12,5.8,16,0.08,1.8,66.4,0,0,0,0,0.0,0.0,0,,,5 из 5,0.35
qwsc.lol,lol,2026-09-08,2,8,06-11,Content_script_12page_08.09,script,12,,Theme1,alpha_other,4,да,1,да,206,9,9,4.4,9,4.4,11,0.05,1.2,79.4,0,0,0,0,0.0,0.0,0,,,10 из 11,0.34
casino0752.team,team,2026-09-18,5,1,00-05,nabory-611-620,nabory,,,Theme1,casino_prefix,10,нет,2,да,150,6,6,4.0,6,4.0,159,1.06,26.5,56.7,0,0,0,0,0.0,0.0,0,,,8 из 10,0.66
casinov7.lol,lol,2026-09-18,5,12,12-17,content-2026-09-17-7str-oform-2,content-дата,7,оформлено,Theme1,casino_prefix,8,нет,2,да,150,5,6,4.0,6,4.0,53,0.35,8.8,82.5,0,0,0,0,0.0,0.0,0,,,28 из 36,0.38
1153.team,team,2026-09-18,5,2,00-05,content-2026-09-17-7str-oform-2,content-дата,7,оформлено,Theme1,numeric,4,нет,2,да,150,6,6,4.0,6,4.0,30,0.2,5.0,86.2,0,0,0,0,0.0,0.0,0,,,29 из 36,0.38
8083.team,team,2026-09-15,2,1,00-05,content-2026-09-14-7str-oform-1,content-дата,7,оформлено,Theme1,numeric,4,да,1,да,206,6,8,3.9,8,3.9,463,2.25,57.9,46.1,1,0,1,0,0.485,21.6,1,1,UP-X (1),6 из 9,0.8
1293.team,team,2026-09-10,3,21,18-23,КОНТЕНТ НЕ ЗАПИСАН,не записан,,,Theme1,numeric,4,да,1,да,206,7,8,3.9,14,6.8,556,2.7,69.5,6.6,0,0,1,0,0.0,0.0,1,9,Goodwin (1),50 из 71,0.53
9511.team,team,2026-09-07,1,19,18-23,nabory441443_styled_img,nabory,,styled_img,Theme1,numeric,4,да,1,да,206,8,8,3.9,8,3.9,912,4.43,114.0,18.7,0,0,0,0,0.0,0.0,0,,,3 из 3,0.67
casino42.lol,lol,2026-09-17,4,4,00-05,nabory-591-600,nabory,,,Theme1,casino_prefix,8,нет,2,да,206,8,8,3.9,14,6.8,578,2.81,72.2,49.9,0,0,0,0,0.0,0.0,0,,,9 из 10,0.49
2771.lol,lol,2026-09-11,5,6,06-11,clean7_part1_50оформлено,clean,,оформлено,Theme1,numeric,4,да,1,да,206,8,8,3.9,20,9.7,312,1.51,39.0,31.8,0,0,0,0,0.0,0.0,0,,,40 из 50,0.44
casino5675.team,team,2026-09-10,3,19,18-23,archive47_unique119оформленочасть1,archive,,оформлено,Theme1,casino_prefix,10,да,1,да,206,3,8,3.9,15,7.3,191,0.93,23.9,12.1,0,0,0,0,0.0,0.0,0,,,24 из 40,0.62
casino84.team,team,2026-09-10,3,22,18-23,archive47_unique119оформленочасть1,archive,,оформлено,Theme1,casino_prefix,8,да,1,да,206,6,8,3.9,8,3.9,52,0.25,6.5,49.6,0,0,0,0,0.0,0.0,0,,,25 из 40,0.62
0831.lol,lol,2026-09-11,5,3,00-05,clean7_part1_50оформлено,clean,,оформлено,Theme1,numeric,4,да,1,да,206,8,8,3.9,14,6.8,224,1.09,28.0,39.7,0,0,0,0,0.0,0.0,0,,,41 из 50,0.44
casino7274.team,team,2026-09-10,3,20,18-23,archive47_unique119оформленочасть1,archive,,оформлено,Theme1,casino_prefix,10,да,1,да,206,7,8,3.9,14,6.8,131,0.64,16.4,9.9,0,0,0,0,0.0,0.0,0,,,26 из 40,0.62
casino1209s.casino,casino,2026-09-12,6,18,18-23,content-2026-09-12-7str-oform-1,content-дата,7,оформлено,Theme1,casino_prefix,11,да,1,да,206,7,8,3.9,14,6.8,160,0.78,20.0,46.3,0,0,0,0,0.0,0.0,0,,,24 из 41,0.74
9765.team,team,2026-09-13,7,15,12-17,content-2026-09-12-7str-oform-3,content-дата,7,оформлено,Theme1,numeric,4,да,1,да,206,7,8,3.9,9,4.4,255,1.24,31.9,45.3,0,0,0,0,0.0,0.0,0,,,20 из 39,1.0
6808.lol,lol,2026-09-06,7,19,18-23,nabory411420_styled_img,nabory,,styled_img,Theme1,numeric,4,да,1,да,206,8,8,3.9,8,3.9,221,1.07,27.6,45.0,0,0,0,0,0.0,0.0,0,,,10 из 10,0.46
casinoy1.team,team,2026-09-16,3,16,12-17,content-2026-09-15-7str-oform-2,content-дата,7,оформлено,Theme1,casino_prefix,8,да,1,да,206,4,8,3.9,12,5.8,148,0.72,18.5,41.1,0,0,0,0,0.0,0.0,0,,,46 из 50,0.3
hhfp.team,team,2026-09-10,3,22,18-23,КОНТЕНТ НЕ ЗАПИСАН,не записан,,,Theme1,alpha_other,4,да,1,да,206,7,8,3.9,13,6.3,36,0.17,4.5,42.1,0,0,0,0,0.0,0.0,0,,,51 из 71,0.53
awzt.team,team,2026-09-17,4,2,00-05,nabory-581-590,nabory,,,Theme1,alpha_other,4,нет,2,да,206,7,8,3.9,10,4.9,196,0.95,24.5,69.2,0,0,0,0,0.0,0.0,0,,,9 из 10,0.45
9090.team,team,2026-09-05,6,18,18-23,NEW21_7pages_nodate_styled_img,NEW,7,styled_img,Theme1,numeric,4,да,1,да,206,8,8,3.9,10,4.9,180,0.87,22.5,40.4,0,0,0,0,0.0,0.0,0,,,5 из 6,0.41
casinohy.team,team,2026-09-16,3,16,12-17,content-2026-09-15-7str-oform-2,content-дата,7,оформлено,Theme1,casino_prefix,8,нет,2,да,206,8,8,3.9,12,5.8,131,0.64,16.4,57.3,0,0,0,0,0.0,0.0,0,,,47 из 50,0.3
u2b7.team,team,2026-09-07,1,20,18-23,NEW20_7pages_withdate_оформлено,NEW,7,оформлено,Theme1,alpha_other,4,да,1,да,206,8,8,3.9,9,4.4,155,0.75,19.4,57.9,0,0,0,0,0.0,0.0,0,,,5 из 5,0.36
7410.team,team,2026-09-12,6,16,12-17,content-2026-09-12-7str-oform-2,content-дата,7,оформлено,Theme1,numeric,4,да,1,да,206,6,8,3.9,18,8.7,53,0.26,6.6,62.7,0,0,0,0,0.0,0.0,0,,,26 из 41,0.74
rmpd.buzz,buzz,2026-09-08,2,21,18-23,archive37строформленоv2часть3,archive,7,оформлено,Theme1,alpha_other,4,да,1,да,206,6,8,3.9,9,4.4,139,0.67,17.4,39.9,0,0,0,0,0.0,0.0,0,,,30 из 45,0.67
lkcasino.lol,lol,2026-09-17,4,17,12-17,content-2026-09-16-7str,content-дата,7,,Theme1,casino_infix,8,нет,2,да,206,7,8,3.9,8,3.9,146,0.71,18.2,60.7,0,0,0,0,0.0,0.0,0,,,38 из 42,0.37
843casino.team,team,2026-09-11,5,7,06-11,archive37строформленоv2часть1,archive,7,оформлено,Theme1,casino_infix,9,да,1,да,206,7,8,3.9,10,4.9,74,0.36,9.2,31.4,0,0,0,0,0.0,0.0,0,,,26 из 45,0.8
hfhf.team,team,2026-09-12,6,14,12-17,content-2026-09-12-7str-oform-1,content-дата,7,оформлено,Theme1,alpha_other,4,да,1,да,206,8,8,3.9,18,8.7,46,0.22,5.8,67.8,0,0,0,0,0.0,0.0,0,,,25 из 41,0.74
casinot0.lol,lol,2026-09-14,1,12,12-17,content-2026-09-12-7str-oform-3,content-дата,7,оформлено,Theme1,casino_prefix,8,да,1,да,206,4,8,3.9,8,3.9,57,0.28,7.1,83.7,0,0,0,0,0.0,0.0,0,,,21 из 39,1.0
casino5308.team,team,2026-09-17,4,11,06-11,content-2026-09-14b-7str-oform-2,content-дата,7,оформлено,Theme1,casino_prefix,10,нет,2,да,206,6,8,3.9,9,4.4,60,0.29,7.5,86.9,0,0,0,0,0.0,0.0,0,,,47 из 51,0.3
8730.lol,lol,2026-09-02,3,21,18-23,nabory274283,nabory,,,Theme1,numeric,4,да,1,да,206,8,8,3.9,9,4.4,28,0.14,3.5,85.4,0,0,0,0,0.0,0.0,0,,,10 из 10,0.35
5076.team,team,2026-09-08,2,8,06-11,Content_script_12page_08.09,script,12,,Theme1,numeric,4,да,1,да,206,8,8,3.9,11,5.3,38,0.18,4.8,68.1,0,0,0,0,0.0,0.0,0,,,11 из 11,0.3
5494.team,team,2026-09-14,1,21,18-23,nabory-515-524_styled_img,nabory,,styled_img,Theme1,numeric,4,нет,2,да,206,5,8,3.9,13,6.3,21,0.1,2.6,83.3,0,0,0,0,0.0,0.0,0,,,9 из 10,0.55
1054.lol,lol,2026-09-14,1,20,18-23,content-2026-09-14-7str-oform-8,content-дата,7,оформлено,Theme1,numeric,4,да,1,да,206,3,8,3.9,10,4.9,31,0.15,3.9,86.8,0,0,0,0,0.0,0.0,0,,,22 из 25,0.5
htqr.team,team,2026-09-12,6,0,00-05,NEW102оформленобездаты,NEW,,оформлено,Theme1,alpha_other,4,да,1,да,206,8,8,3.9,12,5.8,24,0.12,3.0,84.1,0,0,0,0,0.0,0.0,0,,,39 из 42,0.35
mscasino.lol,lol,2026-09-11,5,9,06-11,clean7_part1_50оформлено,clean,,оформлено,Theme1,casino_infix,8,да,1,да,206,8,8,3.9,13,6.3,32,0.16,4.0,76.8,0,0,0,0,0.0,0.0,0,,,42 из 50,0.44
u4f5.team,team,2026-09-05,6,15,12-17,degtyarnya,прочее,,,Theme1,alpha_other,4,да,1,да,206,7,8,3.9,14,6.8,15,0.07,1.9,71.0,0,0,0,0,0.0,0.0,0,,,1 из 1,1.0
casino04.team,team,2026-09-17,4,9,06-11,content-2026-09-15-7str-oform-1,content-дата,7,оформлено,Theme1,casino_prefix,8,нет,2,да,206,6,8,3.9,8,3.9,33,0.16,4.1,88.7,0,0,0,0,0.0,0.0,0,,,38 из 50,0.53
5307.lol,lol,2026-09-08,2,10,06-11,clean7_part1_50оформлено,clean,,оформлено,Theme1,numeric,4,да,1,да,206,6,8,3.9,15,7.3,16,0.08,2.0,86.7,0,0,0,0,0.0,0.0,0,,,43 из 50,0.44
3945.lol,lol,2026-09-08,2,19,18-23,archive37строформленоv2часть1,archive,7,оформлено,Theme1,numeric,4,да,1,да,206,8,8,3.9,11,5.3,18,0.09,2.2,83.4,0,0,0,0,0.0,0.0,0,,,27 из 45,0.8
5638casino.lol,lol,2026-09-15,2,9,06-11,nabory-525-534_styled_img,nabory,,styled_img,Theme1,casino_infix,10,нет,2,да,206,5,8,3.9,9,4.4,18,0.09,2.2,78.6,0,0,0,0,0.0,0.0,0,,,7 из 10,0.89
vngr.team,team,2026-09-12,6,22,18-23,content-2026-09-12-7str-oform-2,content-дата,7,оформлено,Theme1,alpha_other,4,да,1,да,206,5,8,3.9,9,4.4,16,0.08,2.0,70.4,0,0,0,0,0.0,0.0,0,,,27 из 41,0.74
hhal.lol,lol,2026-09-17,4,10,06-11,content-2026-09-15-7str-oform-1,content-дата,7,оформлено,Theme1,alpha_other,4,нет,2,да,206,7,8,3.9,8,3.9,19,0.09,2.4,83.1,0,0,0,0,0.0,0.0,0,,,39 из 50,0.53
2894.team,team,2026-09-10,3,19,18-23,archive47_unique119оформленочасть1,archive,,оформлено,Theme1,numeric,4,да,1,да,206,6,8,3.9,10,4.9,12,0.06,1.5,54.0,0,0,0,0,0.0,0.0,0,,,27 из 40,0.62
8325.lol,lol,2026-09-15,2,2,00-05,content-2026-09-14-7str-oform-1,content-дата,7,оформлено,Theme1,numeric,4,да,1,да,206,3,8,3.9,8,3.9,16,0.08,2.0,85.5,0,0,0,0,0.0,0.0,0,,,7 из 9,0.8
kdjm.lol,lol,2026-09-17,4,5,00-05,nabory-591-600,nabory,,,Theme1,alpha_other,4,нет,2,да,206,8,8,3.9,8,3.9,16,0.08,2.0,82.6,0,0,0,0,0.0,0.0,0,,,10 из 10,0.49
378casino.team,team,2026-09-12,6,15,12-17,content-2026-09-12-7str-oform-2,content-дата,7,оформлено,Theme1,casino_infix,9,да,1,да,206,6,7,3.4,16,7.8,830,4.03,118.6,14.6,0,0,0,0,0.0,0.0,0,,,28 из 41,0.64
9726.team,team,2026-09-11,5,4,00-05,archive37строформленоv2часть1,archive,7,оформлено,Theme1,numeric,4,да,1,да,206,7,7,3.4,11,5.3,601,2.92,85.9,13.6,0,0,0,0,0.0,0.0,0,,,28 из 45,0.69
tccasino.team,team,2026-09-13,7,17,12-17,nabory-495-499_styled_img,nabory,,styled_img,Theme1,casino_infix,8,да,1,да,206,6,7,3.4,10,4.9,351,1.7,50.1,63.3,0,0,0,0,0.0,0.0,0,,,4 из 5,0.77
8988.team,team,2026-09-10,3,21,18-23,КОНТЕНТ НЕ ЗАПИСАН,не записан,,,Theme1,numeric,4,да,1,да,206,7,7,3.4,11,5.3,281,1.36,40.1,14.2,0,0,0,0,0.0,0.0,0,,,52 из 71,0.47
casinor7.team,team,2026-09-11,5,23,18-23,archive37строформленоv2часть1,archive,7,оформлено,Theme1,casino_prefix,8,да,1,да,206,7,7,3.4,11,5.3,234,1.14,33.4,30.9,0,0,0,0,0.0,0.0,0,,,29 из 45,0.69
3284.lol,lol,2026-09-05,6,12,12-17,Generator_385390_styled_img,Generator,,styled_img,Theme1,numeric,4,да,1,да,206,7,7,3.4,7,3.4,224,1.09,32.0,49.1,0,0,0,0,0.0,0.0,0,,,3 из 6,1.08
tiff.team,team,2026-09-12,6,14,12-17,content-2026-09-12-7str-oform-1,content-дата,7,оформлено,Theme1,alpha_other,4,да,1,да,206,7,7,3.4,12,5.8,165,0.8,23.6,53.5,0,0,0,0,0.0,0.0,0,,,26 из 41,0.64
casinoqqo.team,team,2026-09-13,7,16,12-17,content-2026-09-12-7str-oform-3,content-дата,7,оформлено,Theme1,casino_prefix,9,да,1,да,206,5,7,3.4,10,4.9,115,0.56,16.4,43.0,0,0,0,0,0.0,0.0,0,,,22 из 39,0.87
casinoq6.team,team,2026-09-10,3,19,18-23,archive47_unique119оформленочасть2,archive,,оформлено,Theme1,casino_prefix,8,да,1,да,206,5,7,3.4,9,4.4,69,0.33,9.9,32.8,0,0,0,0,0.0,0.0,0,,,18 из 24,0.64
casinopo.team,team,2026-09-10,3,19,18-23,archive47_unique119оформленочасть2,archive,,оформлено,Theme1,casino_prefix,8,да,1,да,206,6,7,3.4,10,4.9,28,0.14,4.0,46.7,0,0,0,0,0.0,0.0,0,,,19 из 24,0.64
u5k4.team,team,2026-09-12,6,22,18-23,content-2026-09-12-7str-oform-1,content-дата,7,оформлено,Theme1,alpha_other,4,да,1,да,206,5,7,3.4,13,6.3,40,0.19,5.7,59.9,0,0,0,0,0.0,0.0,0,,,27 из 41,0.64
ptcasino.buzz,buzz,2026-09-08,2,22,18-23,archive37строформленоv2часть3,archive,7,оформлено,Theme1,casino_infix,8,да,1,да,206,5,7,3.4,9,4.4,59,0.29,8.4,44.9,0,0,0,0,0.0,0.0,0,,,31 из 45,0.59
bvve.lol,lol,2026-09-04,5,14,12-17,КОНТЕНТ НЕ ЗАПИСАН,не записан,,,Theme1,alpha_other,4,да,1,да,206,4,7,3.4,10,4.9,32,0.16,4.6,75.6,0,0,0,0,0.0,0.0,0,,,53 из 71,0.47
kpkl.casino,casino,2026-09-11,5,14,12-17,clean7_part1_50оформлено,clean,,оформлено,Theme1,alpha_other,4,да,1,да,206,5,7,3.4,13,6.3,38,0.18,5.4,76.2,0,0,0,0,0.0,0.0,0,,,44 из 50,0.38
arhd.buzz,buzz,2026-09-08,2,15,12-17,archive37строформленоv2часть2,archive,7,оформлено,Theme1,alpha_other,4,да,1,да,206,7,7,3.4,9,4.4,41,0.2,5.9,78.3,0,0,0,0,0.0,0.0,0,,,22 из 45,1.0
6985.team,team,2026-09-10,3,19,18-23,archive47_unique119оформленочасть1,archive,,оформлено,Theme1,numeric,4,да,1,да,206,7,7,3.4,11,5.3,35,0.17,5.0,12.8,0,0,0,0,0.0,0.0,0,,,28 из 40,0.54
casino814.team,team,2026-09-04,5,21,18-23,Generator_B_novyy_bez_img,Generator,,,Theme1,casino_prefix,9,да,1,да,206,6,7,3.4,11,5.3,38,0.18,5.4,72.3,0,0,0,0,0.0,0.0,0,,,2 из 2,0.7
ixkf.lol,lol,2026-09-07,1,10,06-11,Выдача_06.09_12стр,прочее,12,,Theme1,alpha_other,4,да,1,да,206,5,7,3.4,7,3.4,41,0.2,5.9,81.8,0,0,0,0,0.0,0.0,0,,,8 из 8,0.25
26casino.buzz,buzz,2026-09-08,2,16,12-17,archive37строформленоv2часть2,archive,7,оформлено,Theme1,casino_infix,8,да,1,да,206,5,7,3.4,9,4.4,40,0.19,5.7,70.1,0,0,0,0,0.0,0.0,0,,,23 из 45,1.0
1413.team,team,2026-09-10,3,19,18-23,archive47_unique119оформленочасть1,archive,,оформлено,Theme1,numeric,4,да,1,да,206,7,7,3.4,13,6.3,25,0.12,3.6,50.0,0,0,0,0,0.0,0.0,0,,,29 из 40,0.54
hfkg.team,team,2026-09-10,3,19,18-23,КОНТЕНТ НЕ ЗАПИСАН,не записан,,,Theme1,alpha_other,4,да,1,да,206,6,7,3.4,9,4.4,27,0.13,3.9,55.0,0,0,0,0,0.0,0.0,0,,,54 из 71,0.47
3093casino.lol,lol,2026-09-17,4,3,00-05,content-2026-09-15-7str-oform-1,content-дата,7,оформлено,Theme1,casino_infix,10,нет,3,да,206,7,7,3.4,7,3.4,41,0.2,5.9,86.3,0,0,0,0,0.0,0.0,0,,,40 из 50,0.47
1970.team,team,2026-09-12,6,14,12-17,content-2026-09-12-7str-oform-1,content-дата,7,оформлено,Theme1,numeric,4,да,1,да,206,7,7,3.4,12,5.8,28,0.14,4.0,74.9,0,0,0,0,0.0,0.0,0,,,28 из 41,0.64
5562.team,team,2026-09-12,6,21,18-23,nabory-490-494_styled_img,nabory,,styled_img,Theme1,numeric,4,да,1,да,206,7,7,3.4,13,6.3,18,0.09,2.6,72.8,0,0,0,0,0.0,0.0,0,,,4 из 5,0.69
pkbh.team,team,2026-09-17,4,12,12-17,content-2026-09-14b-7str-oform-2,content-дата,7,оформлено,Theme1,alpha_other,4,нет,2,да,206,6,7,3.4,7,3.4,34,0.17,4.9,91.9,0,0,0,0,0.0,0.0,0,,,48 из 51,0.26
hhfr.team,team,2026-09-14,1,15,12-17,nabory-500-509_styled_img,nabory,,styled_img,Theme1,alpha_other,4,да,1,да,206,4,7,3.4,9,4.4,26,0.13,3.7,79.8,0,0,0,0,0.0,0.0,0,,,2 из 10,3.4
8380.team,team,2026-09-15,2,2,00-05,content-2026-09-14-7str-oform-1,content-дата,7,оформлено,Theme1,numeric,4,да,1,да,206,6,7,3.4,13,6.3,20,0.1,2.9,86.0,0,0,0,0,0.0,0.0,0,,,8 из 9,0.69
8405.team,team,2026-09-12,6,18,18-23,КОНТЕНТ НЕ ЗАПИСАН,не записан,,,Theme1,numeric,4,да,1,да,206,6,7,3.4,9,4.4,11,0.05,1.6,79.9,0,0,0,0,0.0,0.0,0,,,55 из 71,0.47
xoys.buzz,buzz,2026-09-08,2,22,18-23,archive37строформленоv2часть3,archive,7,оформлено,Theme1,alpha_other,4,да,1,да,206,6,7,3.4,10,4.9,19,0.09,2.7,76.6,0,0,0,0,0.0,0.0,0,,,32 из 45,0.59
3989.team,team,2026-09-15,2,1,00-05,content-2026-09-14-7str-oform-1,content-дата,7,оформлено,Theme1,numeric,4,да,1,да,206,4,7,3.4,7,3.4,24,0.12,3.4,91.8,0,0,0,0,0.0,0.0,0,,,9 из 9,0.69
6297.lol,lol,2026-09-17,4,7,06-11,content-2026-09-15-7str-oform-1,content-дата,7,оформлено,Theme1,numeric,4,нет,3,да,206,6,7,3.4,9,4.4,24,0.12,3.4,76.1,0,0,0,0,0.0,0.0,0,,,41 из 50,0.47
ldwg.buzz,buzz,2026-09-08,2,18,18-23,archive37строформленоv2часть1,archive,7,оформлено,Theme1,alpha_other,4,да,1,да,206,5,7,3.4,10,4.9,19,0.09,2.7,79.5,0,0,0,0,0.0,0.0,0,,,30 из 45,0.69
0409hh.casino,casino,2026-09-04,5,19,18-23,NEW20_7pages_withdate_styled_img,NEW,7,styled_img,Theme1,alpha_other,6,да,1,да,206,7,7,3.4,9,4.4,18,0.09,2.6,85.5,0,0,0,0,0.0,0.0,0,,,2 из 3,1.0
0652.team,team,2026-09-15,2,9,06-11,nabory-525-534_styled_img,nabory,,styled_img,Theme1,numeric,4,нет,2,да,206,6,7,3.4,8,3.9,16,0.08,2.3,81.5,0,0,0,0,0.0,0.0,0,,,8 из 10,0.77
1191.team,team,2026-09-04,5,17,12-17,Generator_346353_styled_img,Generator,,styled_img,Theme1,numeric,4,да,1,да,206,5,7,3.4,13,6.3,10,0.05,1.4,89.6,0,0,0,0,0.0,0.0,0,,,7 из 8,0.33
2352.team,team,2026-09-05,6,0,00-05,Generator_370382_styled_img,Generator,,styled_img,Theme1,numeric,4,да,1,да,206,6,7,3.4,11,5.3,12,0.06,1.7,82.3,0,0,0,0,0.0,0.0,0,,,6 из 13,1.79
casinoa9.buzz,buzz,2026-09-08,2,15,12-17,archive37строформленоv2часть2,archive,7,оформлено,Theme1,casino_prefix,8,да,1,да,206,7,7,3.4,10,4.9,9,0.04,1.3,90.7,0,0,0,0,0.0,0.0,0,,,24 из 45,1.0
3655.lol,lol,2026-09-17,4,21,18-23,nabory-611-620,nabory,,,Theme1,numeric,4,нет,2,да,206,3,7,3.4,7,3.4,9,0.04,1.3,82.3,0,0,0,0,0.0,0.0,0,,,9 из 10,0.56
casinoiho.lol,lol,2026-09-18,5,12,12-17,content-2026-09-17-7str-oform-2,content-дата,7,оформлено,Theme1,casino_prefix,9,нет,2,да,150,4,5,3.3,5,3.3,58,0.39,11.6,86.1,0,0,0,0,0.0,0.0,0,,,30 из 36,0.31
zodd.lol,lol,2026-09-18,5,1,00-05,content-2026-09-14b-7str-oform-1,content-дата,7,оформлено,Theme1,alpha_other,4,нет,2,да,150,5,5,3.3,5,3.3,22,0.15,4.4,83.4,0,0,0,0,0.0,0.0,0,,,15 из 22,0.39
qwzn.lol,lol,2026-09-18,5,1,00-05,content-2026-09-16-7str,content-дата,7,,Theme1,alpha_other,4,нет,2,да,150,5,5,3.3,5,3.3,11,0.07,2.2,89.5,0,0,0,0,0.0,0.0,0,,,39 из 42,0.32
casino604.team,team,2026-09-11,5,12,12-17,NEW102оформленосдатой,NEW,,оформлено,Theme1,casino_prefix,9,да,1,да,206,6,6,2.9,14,6.8,936,4.54,156.0,3.9,0,0,0,0,0.0,0.0,0,,,17 из 18,0.21
gngv.lol,lol,2026-09-11,5,23,18-23,archive37строформленоv2часть1,archive,7,оформлено,Theme1,alpha_other,4,да,1,да,206,4,6,2.9,13,6.3,253,1.23,42.2,56.6,0,0,0,0,0.0,0.0,0,,,31 из 45,0.59
casinou1.team,team,2026-09-13,7,17,12-17,content-2026-09-12-7str-oform-3,content-дата,7,оформлено,Theme1,casino_prefix,8,да,1,да,206,5,6,2.9,6,2.9,293,1.42,48.8,25.5,0,0,0,0,0.0,0.0,0,,,23 из 39,0.74
casino4614.team,team,2026-09-12,6,18,18-23,content-2026-09-12-7str-oform-2,content-дата,7,оформлено,Theme1,casino_prefix,10,да,1,да,206,3,6,2.9,13,6.3,100,0.49,16.7,54.3,0,0,0,0,0.0,0.0,0,,,29 из 41,0.55
casino2049.lol,lol,2026-09-11,5,16,12-17,NEW102оформленобездаты,NEW,,оформлено,Theme1,casino_prefix,10,да,1,да,206,6,6,2.9,14,6.8,149,0.72,24.8,42.8,0,0,0,0,0.0,0.0,0,,,40 из 42,0.26
casino072.lol,lol,2026-09-07,1,17,12-17,NEW20_4_7pages_nodate,NEW,7,без оформления,Theme1,casino_prefix,9,да,1,да,206,6,6,2.9,7,3.4,177,0.86,29.5,32.5,0,0,0,0,0.0,0.0,0,,,4 из 5,0.43
1373.lol,lol,2026-09-12,6,15,12-17,content-2026-09-12-7str-oform-1,content-дата,7,оформлено,Theme1,numeric,4,да,1,да,206,4,6,2.9,18,8.7,99,0.48,16.5,58.3,0,0,0,0,0.0,0.0,0,,,29 из 41,0.55
1038.team,team,2026-09-10,3,20,18-23,archive47_unique119оформленочасть1,archive,,оформлено,Theme1,numeric,4,да,1,да,206,5,6,2.9,14,6.8,61,0.3,10.2,30.5,0,0,0,0,0.0,0.0,0,,,30 из 40,0.46
casino01.team,team,2026-09-04,5,14,12-17,КОНТЕНТ НЕ ЗАПИСАН,не записан,,,Theme1,casino_prefix,8,да,1,да,206,5,6,2.9,8,3.9,124,0.6,20.7,64.1,0,0,0,0,0.0,0.0,0,,,56 из 71,0.4
qlcasino.lol,lol,2026-09-04,5,16,12-17,КОНТЕНТ НЕ ЗАПИСАН,не записан,,,Theme1,casino_infix,8,да,1,да,206,6,6,2.9,8,3.9,117,0.57,19.5,77.8,0,0,0,0,0.0,0.0,0,,,57 из 71,0.4
9426.team,team,2026-09-17,4,1,00-05,nabory-581-590,nabory,,,Theme1,numeric,4,нет,2,да,206,5,6,2.9,9,4.4,98,0.48,16.3,76.5,0,0,0,0,0.0,0.0,0,,,10 из 10,0.33
hjpi.team,team,2026-09-10,3,21,18-23,archive47_unique119оформленочасть2,archive,,оформлено,Theme1,alpha_other,4,да,1,да,206,5,6,2.9,10,4.9,52,0.25,8.7,14.6,0,0,0,0,0.0,0.0,0,,,20 из 24,0.55
gqfw.lol,lol,2026-09-13,7,14,12-17,content-2026-09-12-7str-oform-3,content-дата,7,оформлено,Theme1,alpha_other,4,да,1,да,206,3,6,2.9,7,3.4,27,0.13,4.5,66.1,0,0,0,0,0.0,0.0,0,,,24 из 39,0.74
022casino.team,team,2026-09-12,6,13,12-17,content-2026-09-12-7str-oform-2,content-дата,7,оформлено,Theme1,casino_infix,9,да,1,да,206,5,6,2.9,11,5.3,63,0.31,10.5,63.6,0,0,0,0,0.0,0.0,0,,,30 из 41,0.55
gsbe.lol,lol,2026-09-08,2,21,18-23,archive37строформленоv2часть3,archive,7,оформлено,Theme1,alpha_other,4,да,1,да,206,6,6,2.9,15,7.3,49,0.24,8.2,66.1,0,0,0,0,0.0,0.0,0,,,33 из 45,0.5
8292.team,team,2026-09-10,3,19,18-23,archive47_unique119оформленочасть1,archive,,оформлено,Theme1,numeric,4,да,1,да,206,6,6,2.9,8,3.9,29,0.14,4.8,33.9,0,0,0,0,0.0,0.0,0,,,31 из 40,0.46
casino29.team,team,2026-09-10,3,19,18-23,archive47_unique119оформленочасть1,archive,,оформлено,Theme1,casino_prefix,8,да,1,да,206,6,6,2.9,8,3.9,41,0.2,6.8,48.2,0,0,0,0,0.0,0.0,0,,,32 из 40,0.46
4944.lol,lol,2026-09-08,2,18,18-23,archive37строформленоv2часть1,archive,7,оформлено,Theme1,numeric,4,да,1,да,206,4,6,2.9,7,3.4,33,0.16,5.5,75.7,0,0,0,0,0.0,0.0,0,,,32 из 45,0.59
lwta.buzz,buzz,2026-09-08,2,15,12-17,archive37строформленоv2часть1,archive,7,оформлено,Theme1,alpha_other,4,да,1,да,206,6,6,2.9,10,4.9,39,0.19,6.5,82.4,0,0,0,0,0.0,0.0,0,,,33 из 45,0.59
6581casino.team,team,2026-09-12,6,15,12-17,content-2026-09-12-7str-oform-2,content-дата,7,оформлено,Theme1,casino_infix,10,да,1,да,206,3,6,2.9,13,6.3,27,0.13,4.5,70.7,0,0,0,0,0.0,0.0,0,,,31 из 41,0.55
dpcasino.lol,lol,2026-09-04,5,3,00-05,nabory284293,nabory,,,Theme1,casino_infix,8,да,1,да,206,6,6,2.9,8,3.9,41,0.2,6.8,57.8,0,0,0,0,0.0,0.0,0,,,8 из 10,0.43
p7x7.team,team,2026-09-13,7,16,12-17,content-2026-09-12-7str-oform-3,content-дата,7,оформлено,Theme1,alpha_other,4,да,1,да,206,6,6,2.9,9,4.4,40,0.19,6.7,69.3,0,0,0,0,0.0,0.0,0,,,25 из 39,0.74
casinobo.buzz,buzz,2026-09-08,2,21,18-23,archive37строформленоv2часть3,archive,7,оформлено,Theme1,casino_prefix,8,да,1,да,206,6,6,2.9,9,4.4,12,0.06,2.0,76.0,0,0,0,0,0.0,0.0,0,,,34 из 45,0.5
casinoz2.buzz,buzz,2026-09-08,2,15,12-17,archive37строформленоv2часть2,archive,7,оформлено,Theme1,casino_prefix,8,да,1,да,206,2,6,2.9,12,5.8,12,0.06,2.0,87.8,0,0,0,0,0.0,0.0,0,,,25 из 45,0.85
1209m.casino,casino,2026-09-12,6,15,12-17,КОНТЕНТ НЕ ЗАПИСАН,не записан,,,Theme1,alpha_other,5,да,1,да,206,6,6,2.9,15,7.3,19,0.09,3.2,77.9,0,0,0,0,0.0,0.0,0,,,58 из 71,0.4
casinoa9.lol,lol,2026-09-08,2,19,18-23,archive37строформленоv2часть1,archive,7,оформлено,Theme1,casino_prefix,8,да,1,да,206,5,6,2.9,6,2.9,32,0.16,5.3,57.5,0,0,0,0,0.0,0.0,0,,,34 из 45,0.59
4693.team,team,2026-09-05,6,23,18-23,nabor391,nabory,,,Theme1,numeric,4,да,1,да,206,6,6,2.9,8,3.9,20,0.1,3.3,66.9,0,0,0,0,0.0,0.0,0,,,1 из 1,1.0
y1n.lol,lol,2026-09-11,5,2,00-05,clean7_part1_50оформлено,clean,,оформлено,Theme1,alpha_other,3,да,1,да,206,4,6,2.9,11,5.3,20,0.1,3.3,47.9,0,0,0,0,0.0,0.0,0,,,45 из 50,0.32
5126.buzz,buzz,2026-09-08,2,14,12-17,archive37строформленоv2часть2,archive,7,оформлено,Theme1,numeric,4,да,1,да,206,6,6,2.9,16,7.8,14,0.07,2.3,87.4,0,0,0,0,0.0,0.0,0,,,26 из 45,0.85
lcdj.lol,lol,2026-09-04,5,9,06-11,nabory284293,nabory,,,Theme1,alpha_other,4,да,1,да,206,6,6,2.9,8,3.9,29,0.14,4.8,79.1,0,0,0,0,0.0,0.0,0,,,9 из 10,0.43
casinoprb.team,team,2026-09-04,5,16,12-17,КОНТЕНТ НЕ ЗАПИСАН,не записан,,,Theme1,casino_prefix,9,да,1,да,206,4,6,2.9,8,3.9,31,0.15,5.2,89.7,0,0,0,0,0.0,0.0,0,,,59 из 71,0.4
casino91.lol,lol,2026-09-09,3,10,06-11,nabory455457_styled_img,nabory,,styled_img,Theme1,casino_prefix,8,да,1,да,206,3,6,2.9,9,4.4,18,0.09,3.0,96.1,0,0,0,0,0.0,0.0,0,,,1 из 3,1.21
7412.team,team,2026-09-14,1,22,18-23,content-2026-09-14-7str-oform-8,content-дата,7,оформлено,Theme1,numeric,4,да,1,да,206,3,6,2.9,8,3.9,17,0.08,2.8,87.7,0,0,0,0,0.0,0.0,0,,,23 из 25,0.37
d3x2.lol,lol,2026-09-08,2,17,12-17,archive37строформленоv2часть2,archive,7,оформлено,Theme1,alpha_other,4,да,1,да,206,6,6,2.9,7,3.4,18,0.09,3.0,77.2,0,0,0,0,0.0,0.0,0,,,27 из 45,0.85
lvqv.team,team,2026-09-05,6,20,18-23,NEW21_7pages_nodate_styled_img,NEW,7,styled_img,Theme1,alpha_other,4,да,1,да,206,5,6,2.9,11,5.3,13,0.06,2.2,80.9,0,0,0,0,0.0,0.0,0,,,6 из 6,0.31
oopf.team,team,2026-09-12,6,21,18-23,content-2026-09-12-7str-oform-2,content-дата,7,оформлено,Theme1,alpha_other,4,да,1,да,206,4,6,2.9,9,4.4,7,0.03,1.2,71.1,0,0,0,0,0.0,0.0,0,,,32 из 41,0.55
casino5463.team,team,2026-09-12,6,21,18-23,nabory-490-494_styled_img,nabory,,styled_img,Theme1,casino_prefix,10,да,1,да,206,5,6,2.9,10,4.9,17,0.08,2.8,71.8,0,0,0,0,0.0,0.0,0,,,5 из 5,0.59
1819.lol,lol,2026-09-11,5,3,00-05,clean7_part1_50оформлено,clean,,оформлено,Theme1,numeric,4,да,1,да,206,6,6,2.9,8,3.9,17,0.08,2.8,70.9,0,0,0,0,0.0,0.0,0,,,46 из 50,0.32
ozts.lol,lol,2026-09-16,3,22,18-23,content-2026-09-15-7str-oform-2,content-дата,7,оформлено,Theme1,alpha_other,4,нет,2,да,206,4,6,2.9,6,2.9,24,0.12,4.0,88.1,0,0,0,0,0.0,0.0,0,,,48 из 50,0.23
casinoqu.buzz,buzz,2026-09-08,2,16,12-17,archive37строформленоv2часть2,archive,7,оформлено,Theme1,casino_prefix,8,да,1,да,206,4,6,2.9,10,4.9,11,0.05,1.8,88.9,0,0,0,0,0.0,0.0,0,,,28 из 45,0.85
casinoycm.team,team,2026-09-11,5,9,06-11,clean7_part1_50оформлено,clean,,оформлено,Theme1,casino_prefix,9,да,1,да,206,3,6,2.9,7,3.4,10,0.05,1.7,83.7,0,0,0,0,0.0,0.0,0,,,47 из 50,0.32
rplcasino.lol,lol,2026-09-12,6,22,18-23,content-2026-09-12-7str-oform-2,content-дата,7,оформлено,Theme1,casino_infix,9,да,1,да,206,6,6,2.9,13,6.3,8,0.04,1.3,82.0,0,0,0,0,0.0,0.0,0,,,33 из 41,0.55
lvma.lol,lol,2026-09-17,4,7,06-11,nabory-601-610,nabory,,,Theme1,alpha_other,4,нет,2,да,206,5,6,2.9,6,2.9,22,0.11,3.7,82.0,0,0,0,0,0.0,0.0,0,,,8 из 10,0.35
9055.team,team,2026-09-05,6,12,12-17,Generator_385390_styled_img,Generator,,styled_img,Theme1,numeric,4,да,1,да,206,6,6,2.9,9,4.4,17,0.08,2.8,67.8,0,0,0,0,0.0,0.0,0,,,4 из 6,0.92
casinow7.team,team,2026-09-17,4,7,06-11,nabory-601-610,nabory,,,Theme1,casino_prefix,8,нет,2,да,206,5,6,2.9,8,3.9,16,0.08,2.7,85.9,0,0,0,0,0.0,0.0,0,,,9 из 10,0.35
1368.team,team,2026-09-04,5,18,18-23,Generator_354359_styled_img,Generator,,styled_img,Theme1,numeric,4,да,1,да,206,3,6,2.9,12,5.8,9,0.04,1.5,88.7,0,0,0,0,0.0,0.0,0,,,6 из 6,0.54
tapz.casino,casino,2026-09-11,5,20,18-23,NEW102оформленобездаты,NEW,,оформлено,Theme1,alpha_other,4,да,1,да,206,2,6,2.9,9,4.4,9,0.04,1.5,72.6,0,0,0,0,0.0,0.0,0,,,41 из 42,0.26
casinoopk.team,team,2026-09-05,6,15,12-17,Generator_385390_styled_img,Generator,,styled_img,Theme1,casino_prefix,9,да,1,да,206,6,6,2.9,8,3.9,11,0.05,1.8,66.7,0,0,0,0,0.0,0.0,0,,,5 из 6,0.92
0427.lol,lol,2026-09-13,7,14,12-17,content-2026-09-12-7str-oform-3,content-дата,7,оформлено,Theme1,numeric,4,да,1,да,206,6,6,2.9,8,3.9,9,0.04,1.5,85.1,0,0,0,0,0.0,0.0,0,,,26 из 39,0.74
qwmt.lol,lol,2026-09-14,1,12,12-17,content-2026-09-12-12str-oform,content-дата,12,оформлено,Theme1,alpha_other,4,да,1,да,206,5,6,2.9,6,2.9,9,0.04,1.5,91.6,0,0,0,0,0.0,0.0,0,,,1 из 3,5.8
7383.lol,lol,2026-09-17,4,9,06-11,content-2026-09-15-7str-oform-1,content-дата,7,оформлено,Theme1,numeric,4,нет,2,да,206,4,6,2.9,7,3.4,7,0.03,1.2,90.5,0,0,0,0,0.0,0.0,0,,,42 из 50,0.4
0858.lol,lol,2026-09-18,5,13,12-17,content-2026-09-17b-7str-oform,content-дата,7,оформлено,Theme1,numeric,4,нет,2,да,150,3,4,2.7,4,2.7,167,1.11,41.8,84.0,0,0,0,0,0.0,0.0,0,,,20 из 21,0.13
casinoz3.lol,lol,2026-09-18,5,13,12-17,content-2026-09-17-7str-oform-2,content-дата,7,оформлено,Theme1,casino_prefix,8,нет,2,да,150,4,4,2.7,4,2.7,8,0.05,2.0,92.8,0,0,0,0,0.0,0.0,0,,,31 из 36,0.25
8959.lol,lol,2026-09-18,5,12,12-17,content-2026-09-17-7str-oform-2,content-дата,7,оформлено,Theme1,numeric,4,нет,2,да,150,1,4,2.7,4,2.7,5,0.03,1.2,92.9,0,0,0,0,0.0,0.0,0,,,32 из 36,0.25
6591.team,team,2026-09-10,3,19,18-23,nabory464466,nabory,,,Theme1,numeric,4,да,1,да,206,5,5,2.4,9,4.4,946,4.59,189.2,4.2,0,0,0,0,0.0,0.0,0,,,3 из 3,0.45
4945casino.lol,lol,2026-09-09,3,10,06-11,nabory455457_styled_img,nabory,,styled_img,Theme1,casino_infix,10,да,1,да,206,3,5,2.4,5,2.4,382,1.85,76.4,80.8,0,0,0,0,0.0,0.0,0,,,2 из 3,1.0
casinoprb.lol,lol,2026-09-04,5,16,12-17,КОНТЕНТ НЕ ЗАПИСАН,не записан,,,Theme1,casino_prefix,9,да,1,да,206,3,5,2.4,8,3.9,284,1.38,56.8,71.4,0,0,0,0,0.0,0.0,0,,,60 из 71,0.33
1109cas.casino,casino,2026-09-11,5,13,12-17,script_yandex_12page,script,12,,Theme1,alpha_other,7,да,1,да,206,3,5,2.4,8,3.9,249,1.21,49.8,46.3,0,0,0,0,0.0,0.0,0,,,16 из 21,0.26
casino0962.team,team,2026-09-06,7,17,12-17,NEW20_3_7pages_withdate_styled_img,NEW,7,styled_img,Theme1,casino_prefix,10,да,1,да,206,5,5,2.4,6,2.9,270,1.31,54.0,52.4,0,0,0,0,0.0,0.0,0,,,4 из 4,0.1
hdvg.casino,casino,2026-09-12,6,20,18-23,content-2026-09-12-7str-oform-1,content-дата,7,оформлено,Theme1,alpha_other,4,да,1,да,206,4,5,2.4,11,5.3,181,0.88,36.2,53.7,0,0,0,0,0.0,0.0,0,,,30 из 41,0.45
9085.team,team,2026-09-14,1,23,18-23,content-2026-09-14-7str-oform-8,content-дата,7,оформлено,Theme1,numeric,4,да,1,да,206,2,5,2.4,7,3.4,199,0.97,39.8,57.5,0,0,0,0,0.0,0.0,0,,,24 из 25,0.31
6839.lol,lol,2026-09-17,4,7,06-11,content-2026-09-15-7str-oform-1,content-дата,7,оформлено,Theme1,numeric,4,нет,2,да,206,5,5,2.4,5,2.4,168,0.82,33.6,73.9,0,0,0,0,0.0,0.0,0,,,43 из 50,0.33
casinowuf.team,team,2026-09-07,1,17,12-17,NEW20_4_7pages_nodate,NEW,7,без оформления,Theme1,casino_prefix,9,да,1,да,206,5,5,2.4,8,3.9,138,0.67,27.6,38.4,0,0,0,0,0.0,0.0,0,,,5 из 5,0.35
135casino.buzz,buzz,2026-09-08,2,14,12-17,archive37строформленоv2часть2,archive,7,оформлено,Theme1,casino_infix,9,да,1,да,206,4,5,2.4,6,2.9,151,0.73,30.2,57.6,0,0,0,0,0.0,0.0,0,,,29 из 45,0.71
5402.team,team,2026-09-10,3,19,18-23,archive47_unique119оформленочасть2,archive,,оформлено,Theme1,numeric,4,да,1,да,206,4,5,2.4,7,3.4,70,0.34,14.0,25.0,0,0,0,0,0.0,0.0,0,,,21 из 24,0.45
jbyp.team,team,2026-09-10,3,20,18-23,archive47_unique119оформленочасть1,archive,,оформлено,Theme1,alpha_other,4,да,1,да,206,5,5,2.4,8,3.9,89,0.43,17.8,35.0,0,0,0,0,0.0,0.0,0,,,33 из 40,0.38
evcasino.team,team,2026-09-12,6,17,12-17,content-2026-09-12-7str-oform-2,content-дата,7,оформлено,Theme1,casino_infix,8,да,1,да,206,4,5,2.4,7,3.4,51,0.25,10.2,72.7,0,0,0,0,0.0,0.0,0,,,34 из 41,0.45
vitt.lol,lol,2026-09-12,6,13,12-17,content-2026-09-12-7str-oform-2,content-дата,7,оформлено,Theme1,alpha_other,4,да,1,да,206,4,5,2.4,12,5.8,52,0.25,10.4,75.6,0,0,0,0,0.0,0.0,0,,,35 из 41,0.45
0409ss.casino,casino,2026-09-04,5,19,18-23,NEW20_7pages_withdate_styled_img,NEW,7,styled_img,Theme1,alpha_other,6,да,1,да,206,5,5,2.4,8,3.9,40,0.19,8.0,81.4,0,0,0,0,0.0,0.0,0,,,3 из 3,0.71
4489.lol,lol,2026-09-12,6,16,12-17,content-2026-09-12-7str-oform-2,content-дата,7,оформлено,Theme1,numeric,4,да,1,да,206,4,5,2.4,8,3.9,35,0.17,7.0,72.3,0,0,0,0,0.0,0.0,0,,,36 из 41,0.45
7114casino.lol,lol,2026-09-15,2,9,06-11,nabory-525-534_styled_img,nabory,,styled_img,Theme1,casino_infix,10,нет,2,да,206,2,5,2.4,8,3.9,26,0.13,5.2,80.8,0,0,0,0,0.0,0.0,0,,,9 из 10,0.55
9758.team,team,2026-09-17,4,1,00-05,content-2026-09-15-7str-oform-1,content-дата,7,оформлено,Theme1,numeric,4,нет,2,да,206,3,5,2.4,6,2.9,32,0.16,6.4,88.0,0,0,0,0,0.0,0.0,0,,,44 из 50,0.33
casinoqi.team,team,2026-09-11,5,20,18-23,NEW102оформленобездаты,NEW,,оформлено,Theme1,casino_prefix,8,да,1,да,206,4,5,2.4,9,4.4,11,0.05,2.2,72.0,0,0,0,0,0.0,0.0,0,,,42 из 42,0.21
5205.lol,lol,2026-09-08,2,19,18-23,archive37строформленоv2часть1,archive,7,оформлено,Theme1,numeric,4,да,1,да,205,5,5,2.4,9,4.4,22,0.11,4.4,80.0,0,0,0,0,0.0,0.0,0,,,35 из 45,0.49
luts.team,team,2026-09-10,3,19,18-23,archive47_unique119оформленочасть1,archive,,оформлено,Theme1,alpha_other,4,да,1,да,206,5,5,2.4,10,4.9,20,0.1,4.0,46.2,0,0,0,0,0.0,0.0,0,,,34 из 40,0.38
xret.lol,lol,2026-09-08,2,8,06-11,clean7_part1_50оформлено,clean,,оформлено,Theme1,alpha_other,4,да,1,да,206,4,5,2.4,10,4.9,8,0.04,1.6,88.4,0,0,0,0,0.0,0.0,0,,,48 из 50,0.27
2532.team,team,2026-09-12,6,13,12-17,content-2026-09-12-7str-oform-1,content-дата,7,оформлено,Theme1,numeric,4,да,1,да,206,4,5,2.4,9,4.4,16,0.08,3.2,78.6,0,0,0,0,0.0,0.0,0,,,31 из 41,0.45
t6n1.team,team,2026-09-13,7,16,12-17,content-2026-09-12-7str-oform-3,content-дата,7,оформлено,Theme1,alpha_other,4,да,1,да,206,4,5,2.4,7,3.4,18,0.09,3.6,69.1,0,0,0,0,0.0,0.0,0,,,27 из 39,0.62
9090.lol,lol,2026-09-04,5,14,12-17,КОНТЕНТ НЕ ЗАПИСАН,не записан,,,Theme1,numeric,4,да,1,да,206,5,5,2.4,8,3.9,15,0.07,3.0,86.4,0,0,0,0,0.0,0.0,0,,,61 из 71,0.33
0811.lol,lol,2026-09-08,2,16,12-17,archive37строформленоv2часть2,archive,7,оформлено,Theme1,numeric,4,да,1,да,206,5,5,2.4,8,3.9,8,0.04,1.6,91.1,0,0,0,0,0.0,0.0,0,,,30 из 45,0.71
ukfw.lol,lol,2026-09-04,5,9,06-11,nabory284293,nabory,,,Theme1,alpha_other,4,да,1,да,206,4,5,2.4,6,2.9,17,0.08,3.4,85.3,0,0,0,0,0.0,0.0,0,,,10 из 10,0.35
e6c.team,team,2026-09-13,7,17,12-17,content-2026-09-12-7str-oform-3,content-дата,7,оформлено,Theme1,alpha_other,3,да,1,да,206,4,5,2.4,10,4.9,6,0.03,1.2,59.5,0,0,0,0,0.0,0.0,0,,,28 из 39,0.62
5377.lol,lol,2026-09-14,1,11,06-11,content-2026-09-12-7str-oform-1,content-дата,7,оформлено,Theme1,numeric,4,да,1,да,206,1,5,2.4,6,2.9,12,0.06,2.4,75.9,0,0,0,0,0.0,0.0,0,,,32 из 41,0.45
m7s3.team,team,2026-09-04,5,16,12-17,КОНТЕНТ НЕ ЗАПИСАН,не записан,,,Theme1,alpha_other,4,да,1,да,206,4,5,2.4,9,4.4,6,0.03,1.2,92.6,0,0,0,0,0.0,0.0,0,,,62 из 71,0.33
l6j.buzz,buzz,2026-09-08,2,17,12-17,archive37строформленоv2часть1,archive,7,оформлено,Theme1,alpha_other,3,да,1,да,206,4,5,2.4,8,3.9,8,0.04,1.6,83.4,0,0,0,0,0.0,0.0,0,,,36 из 45,0.49
ywm.lol,lol,2026-09-11,5,12,12-17,NEW102оформленосдатой,NEW,,оформлено,Theme1,alpha_other,3,да,1,да,206,4,5,2.4,9,4.4,9,0.04,1.8,73.5,0,0,0,0,0.0,0.0,0,,,18 из 18,0.18
m0w5.team,team,2026-09-17,4,7,06-11,nabory-601-610,nabory,,,Theme1,alpha_other,4,нет,2,да,206,4,5,2.4,6,2.9,13,0.06,2.6,81.6,0,0,0,0,0.0,0.0,0,,,10 из 10,0.29
w8h.lol,lol,2026-09-08,2,21,18-23,nabory447451_styled_img,nabory,,styled_img,Theme1,alpha_other,3,да,1,да,206,5,5,2.4,7,3.4,8,0.04,1.6,78.1,0,0,0,0,0.0,0.0,0,,,5 из 5,0.33
uqg.lol,lol,2026-09-12,6,22,18-23,content-2026-09-12-7str-oform-1,content-дата,7,оформлено,Theme1,alpha_other,3,да,1,да,206,3,5,2.4,6,2.9,10,0.05,2.0,76.9,0,0,0,0,0.0,0.0,0,,,33 из 41,0.45
bkny.team,team,2026-09-17,4,7,06-11,content-2026-09-15-7str-oform-1,content-дата,7,оформлено,Theme1,alpha_other,4,нет,2,да,206,3,5,2.4,5,2.4,10,0.05,2.0,82.9,0,0,0,0,0.0,0.0,0,,,45 из 50,0.33
0592.team,team,2026-09-15,2,8,06-11,nabory-525-534_styled_img,nabory,,styled_img,Theme1,numeric,4,нет,2,да,206,2,5,2.4,5,2.4,6,0.03,1.2,87.6,0,0,0,0,0.0,0.0,0,,,10 из 10,0.55
0887.lol,lol,2026-09-17,4,21,18-23,content-2026-09-14b-7str-oform-1,content-дата,7,оформлено,Theme1,numeric,4,нет,2,да,206,1,5,2.4,5,2.4,6,0.03,1.2,92.3,0,0,0,0,0.0,0.0,0,,,16 из 22,0.28
2273.team,team,2026-09-12,6,15,12-17,content-2026-09-12-7str-oform-1,content-дата,7,оформлено,Theme1,numeric,4,да,1,да,205,4,4,2.0,11,5.4,13,0.06,3.2,71.9,0,0,0,0,0.0,0.0,0,,,34 из 41,0.38
7569.lol,lol,2026-09-18,5,3,00-05,content-2026-09-17-7str-oform-2,content-дата,7,оформлено,Theme1,numeric,4,нет,2,да,150,3,3,2.0,3,2.0,4,0.03,1.3,89.7,0,0,0,0,0.0,0.0,0,,,33 из 36,0.19
o6q.team,team,2026-09-10,3,22,18-23,archive47_unique119оформленочасть2,archive,,оформлено,Theme1,alpha_other,3,да,1,да,206,3,4,1.9,7,3.4,972,4.72,243.0,8.5,0,0,0,0,0.0,0.0,0,,,22 из 24,0.36
7342.lol,lol,2026-09-11,5,18,18-23,clean7_part1_50оформлено,clean,,оформлено,Theme1,numeric,4,да,1,да,206,4,4,1.9,5,2.4,195,0.95,48.8,38.1,0,0,0,0,0.0,0.0,0,,,49 из 50,0.21
8347.team,team,2026-09-12,6,16,12-17,content-2026-09-12-7str-oform-1,content-дата,7,оформлено,Theme1,numeric,4,да,1,да,206,4,4,1.9,11,5.3,183,0.89,45.8,45.5,0,0,0,0,0.0,0.0,0,,,35 из 41,0.36
casinoc7.team,team,2026-09-17,4,11,06-11,content-2026-09-14b-7str-oform-2,content-дата,7,оформлено,Theme1,casino_prefix,8,нет,2,да,206,4,4,1.9,4,1.9,192,0.93,48.0,79.8,0,0,0,0,0.0,0.0,0,,,49 из 51,0.15
casinocvq.team,team,2026-09-10,4,16,12-17,archive37строформленоv2часть3,archive,7,оформлено,Theme1,casino_prefix,9,да,1,да,206,3,4,1.9,8,3.9,151,0.73,37.8,2.5,0,0,0,0,0.0,0.0,0,,,35 из 45,0.33
7415.lol,lol,2026-09-08,2,19,18-23,archive37строформленоv2часть1,archive,7,оформлено,Theme1,numeric,4,да,1,да,206,3,4,1.9,8,3.9,111,0.54,27.8,58.8,0,0,0,0,0.0,0.0,0,,,37 из 45,0.39
xpph.team,team,2026-09-13,7,18,18-23,nabory-495-499_styled_img,nabory,,styled_img,Theme1,alpha_other,4,да,1,да,206,2,4,1.9,5,2.4,120,0.58,30.0,67.0,0,0,0,0,0.0,0.0,0,,,5 из 5,0.43
casino806.lol,lol,2026-09-12,6,18,18-23,content-2026-09-12-7str-oform-1,content-дата,7,оформлено,Theme1,casino_prefix,9,да,1,да,206,4,4,1.9,10,4.9,56,0.27,14.0,67.6,0,0,0,0,0.0,0.0,0,,,36 из 41,0.36
3155.team,team,2026-09-14,1,15,12-17,nabory-500-509_styled_img,nabory,,styled_img,Theme1,numeric,4,да,1,да,206,3,4,1.9,5,2.4,73,0.35,18.2,60.1,0,0,0,0,0.0,0.0,0,,,3 из 10,1.9
casino423.lol,lol,2026-09-17,4,23,18-23,content-2026-09-14b-7str-oform-1,content-дата,7,оформлено,Theme1,casino_prefix,9,нет,2,да,206,3,4,1.9,4,1.9,65,0.32,16.2,78.0,0,0,0,0,0.0,0.0,0,,,17 из 22,0.22
casinozfa.team,team,2026-09-05,6,15,12-17,Generator_385390_styled_img,Generator,,styled_img,Theme1,casino_prefix,9,да,1,да,206,3,4,1.9,8,3.9,66,0.32,16.5,48.5,0,0,0,0,0.0,0.0,0,,,6 из 6,0.6
casino79.team,team,2026-09-04,5,17,12-17,Generator_346353_styled_img,Generator,,styled_img,Theme1,casino_prefix,8,да,1,да,206,4,4,1.9,8,3.9,33,0.16,8.2,91.4,0,0,0,0,0.0,0.0,0,,,8 из 8,0.19
casinoq2.team,team,2026-09-10,3,19,18-23,КОНТЕНТ НЕ ЗАПИСАН,не записан,,,Theme1,casino_prefix,8,да,1,да,206,4,4,1.9,6,2.9,37,0.18,9.2,37.7,0,0,0,0,0.0,0.0,0,,,63 из 71,0.26
pocasino.team,team,2026-09-14,1,15,12-17,nabory-500-509_styled_img,nabory,,styled_img,Theme1,casino_infix,8,да,1,да,206,3,4,1.9,4,1.9,26,0.13,6.5,76.4,0,0,0,0,0.0,0.0,0,,,4 из 10,1.9
g7u.buzz,buzz,2026-09-08,2,16,12-17,archive37строформленоv2часть2,archive,7,оформлено,Theme1,alpha_other,3,да,1,да,206,4,4,1.9,9,4.4,16,0.08,4.0,84.4,0,0,0,0,0.0,0.0,0,,,31 из 45,0.56
casino0962.lol,lol,2026-09-04,5,14,12-17,КОНТЕНТ НЕ ЗАПИСАН,не записан,,,Theme1,casino_prefix,10,да,1,да,206,2,4,1.9,6,2.9,16,0.08,4.0,78.8,0,0,0,0,0.0,0.0,0,,,64 из 71,0.26
casinox5.lol,lol,2026-09-14,1,12,12-17,content-2026-09-12-7str-oform-3,content-дата,7,оформлено,Theme1,casino_prefix,8,да,1,да,206,2,4,1.9,6,2.9,14,0.07,3.5,87.7,0,0,0,0,0.0,0.0,0,,,29 из 39,0.49
epfy.team,team,2026-09-05,6,8,06-11,Generator_370382_styled_img,Generator,,styled_img,Theme1,alpha_other,4,да,1,да,206,4,4,1.9,4,1.9,11,0.05,2.8,64.2,0,0,0,0,0.0,0.0,0,,,7 из 13,1.0
d3x2.buzz,buzz,2026-09-08,2,16,12-17,archive37строформленоv2часть2,archive,7,оформлено,Theme1,alpha_other,4,да,1,да,206,3,4,1.9,6,2.9,5,0.02,1.2,87.9,0,0,0,0,0.0,0.0,0,,,32 из 45,0.56
casinof8.team,team,2026-09-15,2,3,00-05,nabory-515-524_styled_img,nabory,,styled_img,Theme1,casino_prefix,8,нет,2,да,206,2,4,1.9,4,1.9,14,0.07,3.5,83.5,0,0,0,0,0.0,0.0,0,,,10 из 10,0.27
1209sg.casino,casino,2026-09-12,6,19,18-23,script_yandex_12page,script,12,,Theme1,alpha_other,6,да,1,да,206,3,4,1.9,8,3.9,7,0.03,1.8,66.7,0,0,0,0,0.0,0.0,0,,,17 из 21,0.21
ukfw.team,team,2026-09-04,5,16,12-17,КОНТЕНТ НЕ ЗАПИСАН,не записан,,,Theme1,alpha_other,4,да,1,да,206,4,4,1.9,8,3.9,5,0.02,1.2,80.6,0,0,0,0,0.0,0.0,0,,,65 из 71,0.26
0496.lol,lol,2026-09-08,2,20,18-23,archive37строформленоv2часть3,archive,7,оформлено,Theme1,numeric,4,да,1,да,206,3,4,1.9,9,4.4,5,0.02,1.2,77.3,0,0,0,0,0.0,0.0,0,,,36 из 45,0.33
2138.team,team,2026-09-14,1,16,12-17,content-2026-09-14-12str-oform,content-дата,12,оформлено,Theme1,numeric,4,да,1,да,206,4,4,1.9,6,2.9,8,0.04,2.0,84.0,0,0,0,0,0.0,0.0,0,,,14 из 16,0.13
xycasino.lol,lol,2026-09-04,5,16,12-17,КОНТЕНТ НЕ ЗАПИСАН,не записан,,,Theme1,casino_infix,8,да,1,да,206,4,4,1.9,7,3.4,8,0.04,2.0,82.6,0,0,0,0,0.0,0.0,0,,,66 из 71,0.26
6393.team,team,2026-09-15,2,4,00-05,content-2026-09-14-7str-oform-9,content-дата,7,оформлено,Theme1,numeric,4,нет,2,да,206,4,4,1.9,6,2.9,10,0.05,2.5,88.5,0,0,0,0,0.0,0.0,0,,,29 из 29,0.21
8367.lol,lol,2026-09-11,5,19,18-23,script_yandex_12page,script,12,,Theme1,numeric,4,да,1,да,206,3,4,1.9,6,2.9,7,0.03,1.8,71.8,0,0,0,0,0.0,0.0,0,,,18 из 21,0.21
2494.lol,lol,2026-09-14,1,9,06-11,content-2026-09-12-7str-oform-3,content-дата,7,оформлено,Theme1,numeric,4,да,1,да,206,2,4,1.9,4,1.9,5,0.02,1.2,85.2,0,0,0,0,0.0,0.0,0,,,30 из 39,0.49
689casino.lol,lol,2026-09-14,1,22,18-23,content-2026-09-14-7str-oform-8,content-дата,7,оформлено,Theme1,casino_infix,9,да,1,да,206,3,4,1.9,4,1.9,5,0.02,1.2,89.9,0,0,0,0,0.0,0.0,0,,,25 из 25,0.24
casinorvx.team,team,2026-09-17,4,7,06-11,content-2026-09-15-7str-oform-1,content-дата,7,оформлено,Theme1,casino_prefix,9,нет,2,да,206,3,4,1.9,4,1.9,5,0.02,1.2,88.0,0,0,0,0,0.0,0.0,0,,,46 из 50,0.26
casinoybc.team,team,2026-09-10,3,19,18-23,КОНТЕНТ НЕ ЗАПИСАН,не записан,,,Theme1,casino_prefix,9,да,1,да,206,3,3,1.5,4,1.9,107,0.52,35.7,27.8,0,0,0,0,0.0,0.0,0,,,67 из 71,0.21
6249casino.lol,lol,2026-09-08,2,20,18-23,archive37строформленоv2часть3,archive,7,оформлено,Theme1,casino_infix,10,да,1,да,206,2,3,1.5,5,2.4,269,1.31,89.7,23.8,0,0,0,0,0.0,0.0,0,,,37 из 45,0.26
7740.team,team,2026-09-10,3,19,18-23,archive47_unique119оформленочасть2,archive,,оформлено,Theme1,numeric,4,да,1,да,206,3,3,1.5,7,3.4,87,0.42,29.0,16.5,0,0,0,0,0.0,0.0,0,,,23 из 24,0.28
npcasino.lol,lol,2026-09-11,5,12,12-17,archive37строформленоv2часть1,archive,7,оформлено,Theme1,casino_infix,8,да,1,да,206,3,3,1.5,6,2.9,66,0.32,22.0,13.8,0,0,0,0,0.0,0.0,0,,,38 из 45,0.31
5211.team,team,2026-09-15,2,6,06-11,content-2026-09-14b-7str-oform-2,content-дата,7,оформлено,Theme1,numeric,4,нет,2,да,206,2,3,1.5,6,2.9,82,0.4,27.3,78.1,0,0,0,0,0.0,0.0,0,,,50 из 51,0.11
mpnw.lol,lol,2026-09-08,2,21,18-23,archive37строформленоv2часть3,archive,7,оформлено,Theme1,alpha_other,4,да,1,да,206,3,3,1.5,6,2.9,82,0.4,27.3,11.2,0,0,0,0,0.0,0.0,0,,,38 из 45,0.26
lvqv.lol,lol,2026-09-04,5,16,12-17,КОНТЕНТ НЕ ЗАПИСАН,не записан,,,Theme1,alpha_other,4,да,1,да,206,3,3,1.5,3,1.5,71,0.34,23.7,78.2,0,0,0,0,0.0,0.0,0,,,68 из 71,0.21
4253.team,team,2026-09-12,6,15,12-17,content-2026-09-12-7str-oform-1,content-дата,7,оформлено,Theme1,numeric,4,да,1,да,206,2,3,1.5,10,4.9,22,0.11,7.3,61.7,0,0,0,0,0.0,0.0,0,,,37 из 41,0.28
4946.team,team,2026-09-10,4,20,18-23,archive37строформленоv2часть3,archive,7,оформлено,Theme1,numeric,4,да,1,да,206,3,3,1.5,7,3.4,10,0.05,3.3,45.0,0,0,0,0,0.0,0.0,0,,,39 из 45,0.26
xxlx.buzz,buzz,2026-09-08,2,16,12-17,archive37строформленоv2часть2,archive,7,оформлено,Theme1,alpha_other,4,да,1,да,206,2,3,1.5,6,2.9,52,0.25,17.3,57.5,0,0,0,0,0.0,0.0,0,,,33 из 45,0.44
6420.lol,lol,2026-09-03,4,20,18-23,NEW50_3_7pages_withdate_styled,NEW,7,без оформления,Theme1,numeric,4,да,1,да,206,3,3,1.5,6,2.9,46,0.22,15.3,82.5,0,0,0,0,0.0,0.0,0,,,12 из 12,0.11
0784.team,team,2026-09-12,6,14,12-17,content-2026-09-12-7str-oform-1,content-дата,7,оформлено,Theme1,numeric,4,да,1,да,206,3,3,1.5,5,2.4,3,0.01,1.0,80.5,0,0,0,0,0.0,0.0,0,,,38 из 41,0.28
casino6629.lol,lol,2026-09-09,3,10,06-11,nabory455457_styled_img,nabory,,styled_img,Theme1,casino_prefix,10,да,1,да,206,1,3,1.5,6,2.9,14,0.07,4.7,95.8,0,0,0,0,0.0,0.0,0,,,3 из 3,0.62
9699.team,team,2026-09-05,6,8,06-11,Generator_370382_styled_img,Generator,,styled_img,Theme1,numeric,4,да,1,да,206,3,3,1.5,7,3.4,27,0.13,9.0,63.3,0,0,0,0,0.0,0.0,0,,,8 из 13,0.79
tgga.team,team,2026-09-10,3,20,18-23,archive47_unique119оформленочасть1,archive,,оформлено,Theme1,alpha_other,4,да,1,да,206,3,3,1.5,7,3.4,30,0.15,10.0,50.8,0,0,0,0,0.0,0.0,0,,,35 из 40,0.24
casinostt.team,team,2026-09-14,1,19,18-23,nabory-510-514_styled_img,nabory,,styled_img,Theme1,casino_prefix,9,да,1,да,206,3,3,1.5,4,1.9,30,0.15,10.0,80.7,0,0,0,0,0.0,0.0,0,,,1 из 5,3.0
0509d.casino,casino,2026-09-05,6,18,18-23,NEW21_7pages_withdate_styled_img,NEW,7,styled_img,Theme1,alpha_other,5,да,1,да,206,3,3,1.5,11,5.3,10,0.05,3.3,79.2,0,0,0,0,0.0,0.0,0,,,5 из 5,0.15
casinoqu.lol,lol,2026-09-08,2,18,18-23,archive37строформленоv2часть1,archive,7,оформлено,Theme1,casino_prefix,8,да,1,да,206,3,3,1.5,9,4.4,7,0.03,2.3,84.1,0,0,0,0,0.0,0.0,0,,,39 из 45,0.31
vilx.team,team,2026-09-05,6,8,06-11,Generator_370382_styled_img,Generator,,styled_img,Theme1,alpha_other,4,да,1,да,206,3,3,1.5,6,2.9,9,0.04,3.0,65.7,0,0,0,0,0.0,0.0,0,,,9 из 13,0.79
0658.lol,lol,2026-09-08,2,17,12-17,archive37строформленоv2часть2,archive,7,оформлено,Theme1,numeric,4,да,1,да,206,2,3,1.5,7,3.4,6,0.03,2.0,84.8,0,0,0,0,0.0,0.0,0,,,34 из 45,0.44
6106.lol,lol,2026-09-17,4,13,12-17,content-2026-09-16-7str,content-дата,7,,Theme1,numeric,4,нет,2,да,206,1,3,1.5,3,1.5,14,0.07,4.7,92.9,0,0,0,0,0.0,0.0,0,,,40 из 42,0.14
5076casino.lol,lol,2026-09-12,6,15,12-17,content-2026-09-12-7str-oform-2,content-дата,7,оформлено,Theme1,casino_infix,10,да,1,да,206,3,3,1.5,7,3.4,6,0.03,2.0,78.2,0,0,0,0,0.0,0.0,0,,,37 из 41,0.28
casino4623.team,team,2026-09-05,6,8,06-11,Generator_370382_styled_img,Generator,,styled_img,Theme1,casino_prefix,10,да,1,да,206,3,3,1.5,3,1.5,12,0.06,4.0,65.0,0,0,0,0,0.0,0.0,0,,,10 из 13,0.79
0902.team,team,2026-09-12,6,18,18-23,КОНТЕНТ НЕ ЗАПИСАН,не записан,,,Theme1,numeric,4,да,1,да,206,3,3,1.5,6,2.9,6,0.03,2.0,79.2,0,0,0,0,0.0,0.0,0,,,69 из 71,0.21
63casino.team,team,2026-09-10,3,19,18-23,archive47_unique119оформленочасть1,archive,,оформлено,Theme1,casino_infix,8,да,1,да,206,3,3,1.5,5,2.4,6,0.03,2.0,81.9,0,0,0,0,0.0,0.0,0,,,36 из 40,0.24
8374casino.lol,lol,2026-09-12,6,16,12-17,content-2026-09-12-7str-oform-1,content-дата,7,оформлено,Theme1,casino_infix,10,да,1,да,206,3,3,1.5,6,2.9,4,0.02,1.3,77.2,0,0,0,0,0.0,0.0,0,,,39 из 41,0.28
9766.lol,lol,2026-09-14,1,12,12-17,content-2026-09-12-7str-oform-3,content-дата,7,оформлено,Theme1,numeric,4,да,1,да,206,2,3,1.5,3,1.5,7,0.03,2.3,91.1,0,0,0,0,0.0,0.0,0,,,31 из 39,0.38
9237.team,team,2026-09-14,1,18,18-23,content-2026-09-14-12str-oform,content-дата,12,оформлено,Theme1,numeric,4,да,1,да,206,2,3,1.5,4,1.9,5,0.02,1.7,81.3,0,0,0,0,0.0,0.0,0,,,15 из 16,0.1
vfra.lol,lol,2026-09-08,2,16,12-17,archive37строформленоv2часть2,archive,7,оформлено,Theme1,alpha_other,4,да,1,да,206,3,3,1.5,4,1.9,4,0.02,1.3,90.8,0,0,0,0,0.0,0.0,0,,,35 из 45,0.44
0491.team,team,2026-09-10,3,19,18-23,archive47_unique119оформленочасть1,archive,,оформлено,Theme1,numeric,4,да,1,да,206,2,3,1.5,3,1.5,5,0.02,1.7,64.0,0,0,0,0,0.0,0.0,0,,,37 из 40,0.24
0141.lol,lol,2026-09-16,3,23,18-23,content-2026-09-15-7str-oform-1,content-дата,7,оформлено,Theme1,numeric,4,нет,2,да,206,3,3,1.5,3,1.5,7,0.03,2.3,90.2,0,0,0,0,0.0,0.0,0,,,47 из 50,0.21
5894.team,team,2026-09-14,1,17,12-17,nabory-510-514_styled_img,nabory,,styled_img,Theme1,numeric,4,да,1,да,205,3,3,1.5,5,2.4,4,0.02,1.3,84.5,0,0,0,0,0.0,0.0,0,,,2 из 5,3.0
casino0469.lol,lol,2026-09-17,4,11,06-11,content-2026-09-14b-7str-oform-1,content-дата,7,оформлено,Theme1,casino_prefix,10,нет,2,да,206,2,3,1.5,3,1.5,5,0.02,1.7,93.6,0,0,0,0,0.0,0.0,0,,,18 из 22,0.18
nzbcasino.team,team,2026-09-17,4,19,18-23,content-2026-09-16-12str,content-дата,12,,Theme1,casino_infix,9,нет,2,да,206,2,3,1.5,3,1.5,4,0.02,1.3,89.2,0,0,0,0,0.0,0.0,0,,,6 из 6,0.13
7761.team,team,2026-09-10,3,19,18-23,archive47_unique119оформленочасть1,archive,,оформлено,Theme1,numeric,4,да,1,да,206,3,3,1.5,4,1.9,3,0.01,1.0,86.4,0,0,0,0,0.0,0.0,0,,,38 из 40,0.24
y0e7.lol,lol,2026-09-18,5,1,00-05,content-2026-09-16-7str,content-дата,7,,Theme1,alpha_other,4,нет,2,да,150,2,2,1.3,2,1.3,7,0.05,3.5,88.6,0,0,0,0,0.0,0.0,0,,,41 из 42,0.12
ihkx.lol,lol,2026-09-18,5,1,00-05,content-2026-09-16-7str,content-дата,7,,Theme1,alpha_other,4,нет,2,да,150,2,2,1.3,2,1.3,5,0.03,2.5,89.9,0,0,0,0,0.0,0.0,0,,,42 из 42,0.12
casinoydl.team,team,2026-09-18,5,1,00-05,nabory-611-620,nabory,,,Theme1,casino_prefix,9,нет,2,да,150,2,2,1.3,2,1.3,4,0.03,2.0,79.6,0,0,0,0,0.0,0.0,0,,,10 из 10,0.21
7694.team,team,2026-09-18,5,3,00-05,content-2026-09-17-7str-oform-2,content-дата,7,оформлено,Theme1,numeric,4,нет,2,да,150,2,2,1.3,2,1.3,4,0.03,2.0,87.5,0,0,0,0,0.0,0.0,0,,,34 из 36,0.12
uyqcasino.team,team,2026-09-11,5,2,00-05,clean7_part1_50оформлено,clean,,оформлено,Theme1,casino_infix,9,да,1,да,206,2,2,1.0,3,1.5,14,0.07,7.0,40.0,1,0,1,0,0.485,714.3,1,2,Brillx (1),50 из 50,0.11
d1n1.buzz,buzz,2026-09-08,2,16,12-17,archive37строформленоv2часть2,archive,7,оформлено,Theme1,alpha_other,4,да,1,да,206,2,2,1.0,6,2.9,269,1.31,134.5,39.7,0,0,0,0,0.0,0.0,0,,,36 из 45,0.29
sppj.lol,lol,2026-09-11,5,12,12-17,archive37строформленоv2часть1,archive,7,оформлено,Theme1,alpha_other,4,да,1,да,206,2,2,1.0,3,1.5,65,0.32,32.5,17.4,0,0,0,0,0.0,0.0,0,,,40 из 45,0.2
uakcasino.buzz,buzz,2026-09-08,2,16,12-17,archive37строформленоv2часть2,archive,7,оформлено,Theme1,casino_infix,9,да,1,да,206,0,2,1.0,7,3.4,3,0.01,1.5,94.7,0,0,0,0,0.0,0.0,0,,,37 из 45,0.29
casino8463.lol,lol,2026-09-08,2,21,18-23,archive37строформленоv2часть3,archive,7,оформлено,Theme1,casino_prefix,10,да,1,да,206,2,2,1.0,4,1.9,20,0.1,10.0,62.6,0,0,0,0,0.0,0.0,0,,,40 из 45,0.17
3744casino.team,team,2026-09-17,4,3,00-05,content-2026-09-15-7str-oform-1,content-дата,7,оформлено,Theme1,casino_infix,10,нет,2,да,206,2,2,1.0,2,1.0,47,0.23,23.5,80.9,0,0,0,0,0.0,0.0,0,,,48 из 50,0.14
g7u.lol,lol,2026-09-08,2,16,12-17,archive37строформленоv2часть2,archive,7,оформлено,Theme1,alpha_other,3,да,1,да,206,2,2,1.0,6,2.9,30,0.15,15.0,82.9,0,0,0,0,0.0,0.0,0,,,38 из 45,0.29
casinojj.team,team,2026-09-10,3,19,18-23,archive47_unique119оформленочасть1,archive,,оформлено,Theme1,casino_prefix,8,да,1,да,206,2,2,1.0,3,1.5,36,0.17,18.0,24.1,0,0,0,0,0.0,0.0,0,,,39 из 40,0.16
casinojr.team,team,2026-09-05,6,8,06-11,Generator_370382_styled_img,Generator,,styled_img,Theme1,casino_prefix,8,да,1,да,206,1,2,1.0,7,3.4,6,0.03,3.0,68.1,0,0,0,0,0.0,0.0,0,,,11 из 13,0.53
hhcasino.team,team,2026-09-10,4,20,18-23,archive37строформленоv2часть3,archive,7,оформлено,Theme1,casino_infix,8,да,1,да,206,2,2,1.0,3,1.5,20,0.1,10.0,49.5,0,0,0,0,0.0,0.0,0,,,41 из 45,0.17
98casino.buzz,buzz,2026-09-08,2,20,18-23,archive37строформленоv2часть3,archive,7,оформлено,Theme1,casino_infix,8,да,1,да,206,2,2,1.0,8,3.9,5,0.02,2.5,79.9,0,0,0,0,0.0,0.0,0,,,42 из 45,0.17
casino876.lol,lol,2026-09-04,5,15,12-17,КОНТЕНТ НЕ ЗАПИСАН,не записан,,,Theme1,casino_prefix,9,да,1,да,206,2,2,1.0,3,1.5,17,0.08,8.5,71.5,0,0,0,0,0.0,0.0,0,,,70 из 71,0.14
itrv.team,team,2026-09-12,6,14,12-17,content-2026-09-12-7str-oform-2,content-дата,7,оформлено,Theme1,alpha_other,4,да,1,да,206,2,2,1.0,4,1.9,6,0.03,3.0,72.3,0,0,0,0,0.0,0.0,0,,,38 из 41,0.19
lmlx.lol,lol,2026-09-16,3,22,18-23,content-2026-09-15-7str-oform-2,content-дата,7,оформлено,Theme1,alpha_other,4,нет,2,да,206,2,2,1.0,3,1.5,13,0.06,6.5,90.7,0,0,0,0,0.0,0.0,0,,,49 из 50,0.08
8081.team,team,2026-09-07,1,10,06-11,Выдача_06.09_7стр,прочее,7,,Theme1,numeric,4,да,1,да,206,2,2,1.0,3,1.5,5,0.02,2.5,89.9,0,0,0,0,0.0,0.0,0,,,2 из 2,0.11
8568.lol,lol,2026-09-08,2,18,18-23,archive37строформленоv2часть2,archive,7,оформлено,Theme1,numeric,4,да,1,да,206,1,2,1.0,5,2.4,2,0.01,1.0,89.1,0,0,0,0,0.0,0.0,0,,,39 из 45,0.29
61casino.lol,lol,2026-09-08,2,20,18-23,archive37строформленоv2часть3,archive,7,оформлено,Theme1,casino_infix,8,да,1,да,206,1,2,1.0,3,1.5,3,0.01,1.5,90.2,0,0,0,0,0.0,0.0,0,,,43 из 45,0.17
1009rr.casino,casino,2026-09-11,4,0,00-05,script_yandex_12page,script,12,,Theme1,alpha_other,6,да,1,да,206,2,2,1.0,3,1.5,6,0.03,3.0,60.0,0,0,0,0,0.0,0.0,0,,,19 из 21,0.11
0569.team,team,2026-09-14,1,15,12-17,nabory-500-509_styled_img,nabory,,styled_img,Theme1,numeric,4,да,1,да,206,1,2,1.0,3,1.5,3,0.01,1.5,80.7,0,0,0,0,0.0,0.0,0,,,5 из 10,1.0
oxvl.lol,lol,2026-09-04,5,16,12-17,КОНТЕНТ НЕ ЗАПИСАН,не записан,,,Theme1,alpha_other,4,да,1,да,206,2,2,1.0,2,1.0,5,0.02,2.5,84.8,0,0,0,0,0.0,0.0,0,,,71 из 71,0.14
qodu.team,team,2026-09-10,3,20,18-23,archive47_unique119оформленочасть1,archive,,оформлено,Theme1,alpha_other,4,да,1,да,206,2,2,1.0,3,1.5,4,0.02,2.0,69.8,0,0,0,0,0.0,0.0,0,,,40 из 40,0.16
9344casino.team,team,2026-09-05,6,0,00-05,Generator_370382_styled_img,Generator,,styled_img,Theme1,casino_infix,10,да,1,да,206,2,2,1.0,3,1.5,3,0.01,1.5,85.1,0,0,0,0,0.0,0.0,0,,,12 из 13,0.53
6606.lol,lol,2026-09-18,5,21,18-23,content-2026-09-17-7str-oform-2,content-дата,7,оформлено,Theme1,numeric,4,нет,2,да,206,2,2,1.0,2,1.0,4,0.02,2.0,85.2,0,0,0,0,0.0,0.0,0,,,35 из 36,0.09
1209dk.casino,casino,2026-09-12,6,8,06-11,script_yandex_12page,script,12,,Theme1,alpha_other,6,да,1,да,206,2,2,1.0,3,1.5,2,0.01,1.0,80.4,0,0,0,0,0.0,0.0,0,,,20 из 21,0.11
gvcasino.lol,lol,2026-09-17,4,10,06-11,content-2026-09-15-7str-oform-1,content-дата,7,оформлено,Theme1,casino_infix,8,нет,2,да,206,1,2,1.0,2,1.0,3,0.01,1.5,89.2,0,0,0,0,0.0,0.0,0,,,49 из 50,0.14
drdj.team,team,2026-09-14,1,15,12-17,nabory-500-509_styled_img,nabory,,styled_img,Theme1,alpha_other,4,да,1,да,206,2,2,1.0,2,1.0,2,0.01,1.0,84.3,0,0,0,0,0.0,0.0,0,,,6 из 10,1.0
1424.lol,lol,2026-09-17,4,9,06-11,content-2026-09-15-7str-oform-1,content-дата,7,оформлено,Theme1,numeric,4,нет,2,да,206,2,2,1.0,2,1.0,2,0.01,1.0,91.1,0,0,0,0,0.0,0.0,0,,,50 из 50,0.14
6258.team,team,2026-09-17,4,22,18-23,content-2026-09-14b-7str-oform-1,content-дата,7,оформлено,Theme1,numeric,4,нет,2,да,206,1,2,1.0,2,1.0,2,0.01,1.0,89.1,0,0,0,0,0.0,0.0,0,,,19 из 22,0.12
9614.lol,lol,2026-09-18,5,12,12-17,content-2026-09-17-7str-oform-2,content-дата,7,оформлено,Theme1,numeric,4,нет,2,да,150,1,1,0.7,1,0.7,1,0.01,1.0,94.5,0,0,0,0,0.0,0.0,0,,,36 из 36,0.07
9281.lol,lol,2026-09-08,2,18,18-23,archive37строформленоv2часть2,archive,7,оформлено,Theme1,numeric,4,да,1,да,206,1,1,0.5,10,4.9,2,0.01,2.0,52.9,0,0,0,0,0.0,0.0,0,,,40 из 45,0.15
casinou5.team,team,2026-09-15,2,7,06-11,content-2026-09-14b-7str-oform-2,content-дата,7,оформлено,Theme1,casino_prefix,8,нет,2,да,205,1,1,0.5,1,0.5,268,1.31,268.0,54.5,0,0,0,0,0.0,0.0,0,,,51 из 51,0.04
n5w2.buzz,buzz,2026-09-08,2,18,18-23,archive37строформленоv2часть1,archive,7,оформлено,Theme1,alpha_other,4,да,1,да,206,1,1,0.5,4,1.9,33,0.16,33.0,74.0,0,0,0,0,0.0,0.0,0,,,41 из 45,0.1
qcfi.team,team,2026-09-12,6,14,12-17,content-2026-09-12-7str-oform-2,content-дата,7,оформлено,Theme1,alpha_other,4,да,1,да,206,1,1,0.5,9,4.4,3,0.01,3.0,75.2,0,0,0,0,0.0,0.0,0,,,39 из 41,0.09
casino716.lol,lol,2026-09-16,3,21,18-23,content-2026-09-15-7str-oform-2,content-дата,7,оформлено,Theme1,casino_prefix,9,нет,2,да,206,1,1,0.5,2,1.0,14,0.07,14.0,89.1,0,0,0,0,0.0,0.0,0,,,50 из 50,0.04
0581.lol,lol,2026-09-17,4,21,18-23,content-2026-09-14b-7str-oform-1,content-дата,7,оформлено,Theme1,numeric,4,нет,2,да,206,1,1,0.5,1,0.5,11,0.05,11.0,89.4,0,0,0,0,0.0,0.0,0,,,20 из 22,0.06
1209cas.casino,casino,2026-09-12,6,0,00-05,script_yandex_12page,script,12,,Theme1,alpha_other,7,да,1,да,206,1,1,0.5,1,0.5,8,0.04,8.0,90.4,0,0,0,0,0.0,0.0,0,,,21 из 21,0.05
0313.lol,lol,2026-09-08,2,16,12-17,archive37строформленоv2часть2,archive,7,оформлено,Theme1,numeric,4,да,1,да,206,1,1,0.5,3,1.5,5,0.02,5.0,92.9,0,0,0,0,0.0,0.0,0,,,41 из 45,0.15
casinoubf.lol,lol,2026-09-08,2,17,12-17,archive37строформленоv2часть1,archive,7,оформлено,Theme1,casino_prefix,9,да,1,да,206,0,1,0.5,4,1.9,2,0.01,2.0,83.8,0,0,0,0,0.0,0.0,0,,,42 из 45,0.1
casino936.team,team,2026-09-14,1,15,12-17,nabory-500-509_styled_img,nabory,,styled_img,Theme1,casino_prefix,9,да,1,да,206,0,1,0.5,4,1.9,1,0.0,1.0,84.2,0,0,0,0,0.0,0.0,0,,,7 из 10,0.5
ustn.team,team,2026-09-14,1,20,18-23,nabory-510-514_styled_img,nabory,,styled_img,Theme1,alpha_other,4,да,1,да,206,1,1,0.5,1,0.5,6,0.03,6.0,92.4,0,0,0,0,0.0,0.0,0,,,3 из 5,1.0
p3p.team,team,2026-09-13,7,18,18-23,content-2026-09-12-7str-oform-3,content-дата,7,оформлено,Theme1,alpha_other,3,да,1,да,206,0,1,0.5,2,1.0,1,0.0,1.0,94.2,0,0,0,0,0.0,0.0,0,,,32 из 39,0.13
3121.team,team,2026-09-14,1,15,12-17,nabory-500-509_styled_img,nabory,,styled_img,Theme1,numeric,4,да,1,да,206,1,1,0.5,3,1.5,1,0.0,1.0,86.6,0,0,0,0,0.0,0.0,0,,,8 из 10,0.5
6477.team,team,2026-09-10,3,20,18-23,archive47_unique119оформленочасть2,archive,,оформлено,Theme1,numeric,4,да,1,да,206,0,1,0.5,2,1.0,1,0.0,1.0,77.5,0,0,0,0,0.0,0.0,0,,,24 из 24,0.09
0444.lol,lol,2026-09-14,1,9,06-11,nabory-500-509_styled_img,nabory,,styled_img,Theme1,numeric,4,да,1,да,206,1,1,0.5,1,0.5,2,0.01,2.0,90.8,0,0,0,0,0.0,0.0,0,,,9 из 10,0.5
0189.lol,lol,2026-09-14,1,3,00-05,content-2026-09-12-12str-oform,content-дата,12,оформлено,Theme1,numeric,4,да,1,да,206,1,1,0.5,2,1.0,1,0.0,1.0,91.9,0,0,0,0,0.0,0.0,0,,,2 из 3,1.0
casino307.lol,lol,2026-09-17,4,9,06-11,content-2026-09-15-12str-oform,content-дата,12,оформлено,Theme1,casino_prefix,9,нет,2,да,206,1,1,0.5,1,0.5,2,0.01,2.0,89.3,0,0,0,0,0.0,0.0,0,,,3 из 3,0.1
1322.lol,lol,2026-09-08,2,16,12-17,archive37строформленоv2часть2,archive,7,оформлено,Theme1,numeric,4,да,1,да,206,1,1,0.5,1,0.5,1,0.0,1.0,92.7,0,0,0,0,0.0,0.0,0,,,42 из 45,0.15
anxg.buzz,buzz,2026-09-08,2,20,18-23,archive37строформленоv2часть3,archive,7,оформлено,Theme1,alpha_other,4,да,1,да,206,0,0,0.0,3,1.5,0,0.0,0,73.9,0,0,0,0,0.0,,0,,,44 из 45,0.0
0036.lol,lol,2026-09-14,1,1,00-05,content-2026-09-12-7str-oform-1,content-дата,7,оформлено,Theme1,numeric,4,да,1,да,206,0,0,0.0,4,1.9,0,0.0,0,88.1,0,0,0,0,0.0,,0,,,40 из 41,0.0
llnh.team,team,2026-09-13,7,17,12-17,content-2026-09-12-7str-oform-3,content-дата,7,оформлено,Theme1,alpha_other,4,да,1,да,206,0,0,0.0,2,1.0,0,0.0,0,77.8,0,0,0,0,0.0,,0,,,33 из 39,0.0
casinorlj.team,team,2026-09-12,6,20,18-23,content-2026-09-12-7str-oform-2,content-дата,7,оформлено,Theme1,casino_prefix,9,да,1,да,206,0,0,0.0,3,1.5,0,0.0,0,82.6,0,0,0,0,0.0,,0,,,40 из 41,0.0
casino395.team,team,2026-09-14,1,19,18-23,content-2026-09-14-12str-oform,content-дата,12,оформлено,Theme1,casino_prefix,9,да,1,да,206,0,0,0.0,4,1.9,0,0.0,0,78.9,0,0,0,0,0.0,,0,,,16 из 16,0.0
e8k.buzz,buzz,2026-09-08,2,17,12-17,archive37строформленоv2часть2,archive,7,оформлено,Theme1,alpha_other,3,да,1,да,206,0,0,0.0,6,2.9,0,0.0,0,86.5,0,0,0,0,0.0,,0,,,43 из 45,0.0
8352.team,team,2026-09-17,4,11,06-11,content-2026-09-14b-7str-oform-1,content-дата,7,оформлено,Theme1,numeric,4,нет,2,да,206,0,0,0.0,1,0.5,6,0.03,0,94.7,0,0,0,0,0.0,0.0,0,,,21 из 22,0.0
kpscasino.buzz,buzz,2026-09-08,2,17,12-17,archive37строформленоv2часть2,archive,7,оформлено,Theme1,casino_infix,9,да,1,да,206,0,0,0.0,4,1.9,0,0.0,0,81.7,0,0,0,0,0.0,,0,,,44 из 45,0.0
vscasino.buzz,buzz,2026-09-08,2,17,12-17,archive37строформленоv2часть2,archive,7,оформлено,Theme1,casino_infix,8,да,1,да,206,0,0,0.0,3,1.5,0,0.0,0,84.1,0,0,0,0,0.0,,0,,,45 из 45,0.0
casinozyb.team,team,2026-09-05,6,8,06-11,Generator_370382_styled_img,Generator,,styled_img,Theme1,casino_prefix,9,да,1,да,206,0,0,0.0,1,0.5,0,0.0,0,67.7,0,0,0,0,0.0,,0,,,13 из 13,0.0
vfra.buzz,buzz,2026-09-08,2,18,18-23,archive37строформленоv2часть1,archive,7,оформлено,Theme1,alpha_other,4,да,1,да,206,0,0,0.0,2,1.0,0,0.0,0,89.9,0,0,0,0,0.0,,0,,,43 из 45,0.0
8452.lol,lol,2026-09-08,2,18,18-23,archive37строформленоv2часть1,archive,7,оформлено,Theme1,numeric,4,да,1,да,206,0,0,0.0,1,0.5,0,0.0,0,90.2,0,0,0,0,0.0,,0,,,44 из 45,0.0
casino1430.team,team,2026-09-04,5,21,18-23,Generator_368369_styled_img,Generator,,styled_img,Theme1,casino_prefix,10,да,1,да,206,0,0,0.0,1,0.5,0,0.0,0,79.4,0,0,0,0,0.0,,0,,,2 из 2,0.0
tpzz.lol,lol,2026-09-13,7,18,18-23,content-2026-09-12-7str-oform-3,content-дата,7,оформлено,Theme1,alpha_other,4,да,1,да,206,0,0,0.0,1,0.5,0,0.0,0,79.5,0,0,0,0,0.0,,0,,,34 из 39,0.0
vbiz.lol,lol,2026-09-13,7,18,18-23,content-2026-09-12-7str-oform-3,content-дата,7,оформлено,Theme1,alpha_other,4,да,1,да,206,0,0,0.0,1,0.5,0,0.0,0,90.6,0,0,0,0,0.0,,0,,,35 из 39,0.0
casinoii.buzz,buzz,2026-09-08,2,22,18-23,archive37строформленоv2часть3,archive,7,оформлено,Theme1,casino_prefix,8,да,1,да,206,0,0,0.0,0,0.0,0,0.0,0,7.1,0,0,0,0,0.0,,0,,,45 из 45,0.0
casino3142.team,team,2026-09-11,5,12,12-17,archive37строформленоv2часть1,archive,7,оформлено,Theme1,casino_prefix,10,да,1,да,206,0,0,0.0,0,0.0,0,0.0,0,33.3,0,0,0,0,0.0,,0,,,45 из 45,0.0
casinocky.lol,lol,2026-09-13,7,17,12-17,content-2026-09-12-7str-oform-3,content-дата,7,оформлено,Theme1,casino_prefix,9,да,1,да,206,0,0,0.0,0,0.0,0,0.0,0,98.4,0,0,0,0,0.0,,0,,,36 из 39,0.0
lrch.lol,lol,2026-09-13,7,17,12-17,content-2026-09-12-7str-oform-3,content-дата,7,оформлено,Theme1,alpha_other,4,да,1,да,206,0,0,0.0,0,0.0,0,0.0,0,95.8,0,0,0,0,0.0,,0,,,37 из 39,0.0
1787.team,team,2026-09-14,1,15,12-17,nabory-500-509_styled_img,nabory,,styled_img,Theme1,numeric,4,да,1,да,206,0,0,0.0,0,0.0,0,0.0,0,83.5,0,0,0,0,0.0,,0,,,10 из 10,0.0
3469.lol,lol,2026-09-14,1,1,00-05,content-2026-09-12-7str-oform-3,content-дата,7,оформлено,Theme1,numeric,4,да,1,да,206,0,0,0.0,0,0.0,0,0.0,0,85.7,0,0,0,0,0.0,,0,,,38 из 39,0.0
0085.lol,lol,2026-09-14,1,11,06-11,content-2026-09-12-7str-oform-3,content-дата,7,оформлено,Theme1,numeric,4,да,1,да,206,0,0,0.0,0,0.0,0,0.0,0,87.6,0,0,0,0,0.0,,0,,,39 из 39,0.0
eyoz.lol,lol,2026-09-14,1,3,00-05,content-2026-09-12-7str-oform-2,content-дата,7,оформлено,Theme1,alpha_other,4,да,1,да,206,0,0,0.0,0,0.0,0,0.0,0,73.2,0,0,0,0,0.0,,0,,,41 из 41,0.0
453casino.lol,lol,2026-09-14,1,1,00-05,content-2026-09-12-7str-oform-1,content-дата,7,оформлено,Theme1,casino_infix,9,да,1,да,206,0,0,0.0,0,0.0,0,0.0,0,91.2,0,0,0,0,0.0,,0,,,41 из 41,0.0
2848.lol,lol,2026-09-14,1,11,06-11,content-2026-09-12-12str-oform,content-дата,12,оформлено,Theme1,numeric,4,да,1,да,206,0,0,0.0,0,0.0,0,0.0,0,88.5,0,0,0,0,0.0,,0,,,3 из 3,0.0
4631.team,team,2026-09-14,1,17,12-17,nabory-510-514_styled_img,nabory,,styled_img,Theme1,numeric,4,да,1,да,206,0,0,0.0,0,0.0,0,0.0,0,91.0,0,0,0,0,0.0,,0,,,4 из 5,0.0
casino0645.team,team,2026-09-14,1,18,18-23,nabory-510-514_styled_img,nabory,,styled_img,Theme1,casino_prefix,10,да,1,да,206,0,0,0.0,0,0.0,0,0.0,0,67.4,0,0,0,0,0.0,,0,,,5 из 5,0.0
casinoz7.lol,lol,2026-09-17,4,12,12-17,content-2026-09-14b-7str-oform-1,content-дата,7,оформлено,Theme1,casino_prefix,8,нет,2,да,206,0,0,0.0,0,0.0,0,0.0,0,94.0,0,0,0,0,0.0,,0,,,22 из 22,0.0
tgwv.lol,lol,2026-09-18,5,16,12-17,content-2026-09-17b-7str-oform,content-дата,7,оформлено,Theme1,alpha_other,4,нет,2,да,150,0,0,0.0,0,0.0,0,0.0,0,94.5,0,0,0,0,0.0,,0,,,21 из 21,0.0
qucasino.team,team,2026-09-20,7,5,00-05,content-2026-09-17-7str-oform-2,content-дата,7,оформлено,Theme1,casino_infix,8,нет,2,нет,206,0,0,,73,35.4,3439,16.69,0,9.5,2,1,2,1,0.971,5.8,2,0,"Irwin (2), Gizbo (1)",,
l3c7.lol,lol,2026-09-19,6,16,12-17,content-2026-09-17b-7str-oform,content-дата,7,оформлено,Theme1,alpha_other,4,нет,2,нет,206,0,0,,64,31.1,1217,5.91,0,23.0,2,1,2,1,0.971,16.4,2,0,"Селектор (2), Lucky Bird (1)",,
fvqcasino.lol,lol,2026-09-19,6,13,12-17,nabory-621-630,nabory,,,Theme1,casino_infix,9,нет,2,нет,206,0,0,,85,41.3,3769,18.3,0,11.4,2,0,2,0,0.971,5.3,2,1,"Мелбет (1), Spinto (1)",,
ckcasino.lol,lol,2026-09-20,7,23,18-23,content-2026-09-17-7str-oform-1,content-дата,7,оформлено,Theme1,casino_infix,8,нет,2,нет,206,0,0,,65,31.6,2490,12.09,0,11.1,1,1,1,1,0.485,4.0,1,1,Bwin (2),,
kicasino.team,team,2026-09-19,6,16,12-17,content-2026-09-17-7str-oform-2,content-дата,7,оформлено,Theme1,casino_infix,8,нет,2,нет,206,0,0,,94,45.6,4557,22.12,0,10.3,1,0,1,0,0.485,2.2,1,1,Million (1),,
v1t.team,team,2026-09-20,7,6,06-11,content-2026-09-17-7str-oform-2,content-дата,7,оформлено,Theme1,alpha_other,3,нет,2,нет,206,0,0,,57,27.7,3297,16.0,0,16.6,1,0,1,0,0.485,3.0,1,0,Lucky Bird (1),,
casino792.lol,lol,2026-09-20,7,17,12-17,content-2026-09-17-7str-oform-1,content-дата,7,оформлено,Theme1,casino_prefix,9,нет,2,нет,206,0,0,,82,39.8,3330,16.17,0,17.3,1,0,1,0,0.485,3.0,1,0,Drip (1),,
iitm.team,team,2026-09-19,6,14,12-17,content-2026-09-17-7str-oform-2,content-дата,7,оформлено,Theme1,alpha_other,4,нет,2,нет,206,0,0,,67,32.5,2932,14.23,0,13.7,1,0,1,0,0.485,3.4,1,1,Mellstroy (1),,
hch.lol,lol,2026-09-19,6,14,12-17,content-2026-09-17-7str-oform-2,content-дата,7,оформлено,Theme1,alpha_other,3,нет,2,нет,206,0,0,,82,39.8,2276,11.05,0,15.6,1,0,1,0,0.485,4.4,1,1,Mellstroy (1),,
casinoasg.lol,lol,2026-09-19,6,12,12-17,nabory-621-630,nabory,,,Theme1,casino_prefix,9,нет,2,нет,206,0,0,,80,38.8,1888,9.17,0,20.5,1,0,1,0,0.485,5.3,1,1,Клуб Вулкан (1),,
6081.lol,lol,2026-09-20,7,14,12-17,content-2026-09-17-7str-oform-1,content-дата,7,оформлено,Theme1,numeric,4,нет,2,нет,205,0,0,,50,24.4,685,3.34,0,43.2,1,0,1,0,0.488,14.6,1,0,GetX (1),,
5656.team,team,2026-09-21,1,2,00-05,content-2026-09-14b-7str-oform-1,content-дата,7,оформлено,Theme1,numeric,4,нет,2,нет,150,0,0,,36,24.0,530,3.53,0,47.4,1,0,1,0,0.667,18.9,1,0,GetX (1),,
ofhy.lol,lol,2026-09-20,7,17,12-17,content-2026-09-17-7str-oform-1,content-дата,7,оформлено,Theme1,alpha_other,4,нет,2,нет,206,0,0,,49,23.8,268,1.3,0,52.0,1,0,1,0,0.485,37.3,1,1,Money X (1),,
7743casino.lol,lol,2026-09-19,6,1,00-05,content-2026-09-17-7str-oform-2,content-дата,7,оформлено,Theme1,casino_infix,10,нет,2,нет,206,0,0,,37,18.0,297,1.44,0,57.6,1,0,1,0,0.485,33.7,1,0,Lucky Bird (1),,
wujcasino.lol,lol,2026-09-20,7,11,06-11,content-2026-09-17b-7str-oform,content-дата,7,оформлено,Theme1,casino_infix,9,нет,2,нет,206,0,0,,35,17.0,168,0.82,0,63.9,1,0,1,0,0.485,59.5,1,0,888 (1),,
j9x4.lol,lol,2026-09-20,7,2,00-05,nabory-651-660,nabory,,,Theme1,alpha_other,4,нет,2,нет,206,0,0,,23,11.2,106,0.51,0,67.3,1,0,1,0,0.485,94.3,1,0,Friends (1),,
agcr.team,team,2026-09-21,1,9,06-11,content-2026-09-14b-7str-oform-1,content-дата,7,оформлено,Theme1,alpha_other,4,нет,2,нет,150,0,0,,8,5.3,15,0.1,0,83.1,1,0,1,0,0.667,666.7,1,0,Enomo (1),,
8590.lol,lol,2026-09-19,6,1,00-05,content-2026-09-17b-7str-oform,content-дата,7,оформлено,Theme1,numeric,4,нет,2,нет,206,0,0,,8,3.9,11,0.05,0,91.0,1,0,1,0,0.485,909.1,1,0,Мелбет (1),,
kkci.lol,lol,2026-09-19,6,16,12-17,content-2026-09-17-7str-oform-2,content-дата,7,оформлено,Theme1,alpha_other,4,нет,2,нет,206,0,0,,73,35.4,3236,15.71,0,11.9,0,0,1,1,0.0,0.0,1,0,Eva (2),,
h1g.team,team,2026-09-19,6,14,12-17,content-2026-09-17-7str-oform-2,content-дата,7,оформлено,Theme1,alpha_other,3,нет,2,нет,206,0,0,,87,42.2,4689,22.76,0,10.6,0,0,0,0,0.0,0.0,0,,,,
6188.lol,lol,2026-09-20,7,14,12-17,content-2026-09-17-7str-oform-2,content-дата,7,оформлено,Theme1,numeric,4,нет,2,нет,206,0,0,,39,18.9,3886,18.86,0,7.0,0,0,0,0,0.0,0.0,0,,,,
casinomd.team,team,2026-09-19,6,13,12-17,content-2026-09-17-7str-oform-2,content-дата,7,оформлено,Theme1,casino_prefix,8,нет,2,нет,206,0,0,,78,37.9,3748,18.19,0,11.6,0,0,0,0,0.0,0.0,0,,,,
r1m.lol,lol,2026-09-20,7,6,06-11,nabory-641-650,nabory,,,Theme1,alpha_other,3,нет,2,нет,206,0,0,,57,27.7,2655,12.89,0,8.1,0,0,0,0,0.0,0.0,0,,,,
btcasino.team,team,2026-09-19,6,3,00-05,content-2026-09-17-7str-oform-2,content-дата,7,оформлено,Theme1,casino_infix,8,нет,2,нет,206,0,0,,57,27.7,2809,13.64,0,10.4,0,0,0,0,0.0,0.0,0,,,,
kwsg.lol,lol,2026-09-19,6,16,12-17,nabory-621-630,nabory,,,Theme1,alpha_other,4,нет,2,нет,206,0,0,,78,37.9,2411,11.7,0,17.8,0,0,0,0,0.0,0.0,0,,,,
casinom9.lol,lol,2026-09-19,6,12,12-17,content-2026-09-17b-7str-oform,content-дата,7,оформлено,Theme1,casino_prefix,8,нет,2,нет,206,0,0,,72,35.0,2387,11.59,0,13.7,0,0,0,0,0.0,0.0,0,,,,
casinooat.lol,lol,2026-09-19,6,13,12-17,nabory-631-640,nabory,,,Theme1,casino_prefix,9,нет,2,нет,206,0,0,,72,35.0,2119,10.29,0,15.8,0,0,0,0,0.0,0.0,0,,,,
casino587.lol,lol,2026-09-20,7,16,12-17,content-2026-09-17-7str-oform-1,content-дата,7,оформлено,Theme1,casino_prefix,9,нет,2,нет,206,0,0,,87,42.2,1983,9.63,0,20.0,0,0,0,0,0.0,0.0,0,,,,
lmfq.team,team,2026-09-19,6,17,12-17,content-2026-09-17-7str-oform-2,content-дата,7,оформлено,Theme1,alpha_other,4,нет,2,нет,206,0,0,,71,34.5,2008,9.75,0,24.2,0,0,0,0,0.0,0.0,0,,,,
1540.lol,lol,2026-09-19,6,22,18-23,nabory-641-650,nabory,,,Theme1,numeric,4,нет,2,нет,206,0,0,,50,24.3,1983,9.63,0,15.0,0,0,0,0,0.0,0.0,0,,,,
casino0321.lol,lol,2026-09-20,7,16,12-17,content-2026-09-17-7str-oform-1,content-дата,7,оформлено,Theme1,casino_prefix,10,нет,2,нет,206,0,0,,49,23.8,1814,8.81,0,28.7,0,0,0,0,0.0,0.0,0,,,,
pscasino.lol,lol,2026-09-20,7,5,00-05,nabory-631-640,nabory,,,Theme1,casino_infix,8,нет,2,нет,206,0,0,,62,30.1,1546,7.5,0,13.2,0,0,0,0,0.0,0.0,0,,,,
j1a.lol,lol,2026-09-19,6,15,12-17,content-2026-09-17b-7str-oform,content-дата,7,оформлено,Theme1,alpha_other,3,нет,2,нет,206,0,0,,58,28.2,1454,7.06,0,22.4,0,0,0,0,0.0,0.0,0,,,,
29casino.lol,lol,2026-09-20,7,13,12-17,content-2026-09-17-7str-oform-1,content-дата,7,оформлено,Theme1,casino_infix,8,нет,2,нет,206,0,0,,73,35.4,1390,6.75,0,25.0,0,0,0,0,0.0,0.0,0,,,,
vago.team,team,2026-09-20,7,6,06-11,content-2026-09-17-7str-oform-2,content-дата,7,оформлено,Theme1,alpha_other,4,нет,2,нет,206,0,0,,50,24.3,1355,6.58,0,23.3,0,0,0,0,0.0,0.0,0,,,,
2708.lol,lol,2026-09-19,6,23,18-23,nabory-641-650,nabory,,,Theme1,numeric,4,нет,2,нет,206,0,0,,67,32.5,1387,6.73,0,21.7,0,0,0,0,0.0,0.0,0,,,,
4928.lol,lol,2026-09-19,6,23,18-23,nabory-651-660,nabory,,,Theme1,numeric,4,нет,2,нет,206,0,0,,52,25.2,1376,6.68,0,20.4,0,0,0,0,0.0,0.0,0,,,,
jafcasino.lol,lol,2026-09-19,6,15,12-17,content-2026-09-17-7str-oform-2,content-дата,7,оформлено,Theme1,casino_infix,9,нет,2,нет,206,0,0,,32,15.5,1316,6.39,0,26.2,0,0,0,0,0.0,0.0,0,,,,
5104.lol,lol,2026-09-20,7,14,12-17,content-2026-09-17-7str-oform-1,content-дата,7,оформлено,Theme1,numeric,4,нет,2,нет,206,0,0,,65,31.6,1079,5.24,0,27.7,0,0,0,0,0.0,0.0,0,,,,
2424.lol,lol,2026-09-20,7,13,12-17,content-2026-09-17-7str-oform-1,content-дата,7,оформлено,Theme1,numeric,4,нет,2,нет,206,0,0,,57,27.7,1163,5.65,0,39.8,0,0,0,0,0.0,0.0,0,,,,
4222.lol,lol,2026-09-20,7,14,12-17,content-2026-09-17-7str-oform-1,content-дата,7,оформлено,Theme1,numeric,4,нет,2,нет,206,0,0,,63,30.6,957,4.65,0,26.1,0,0,0,0,0.0,0.0,0,,,,
casino507.lol,lol,2026-09-20,7,16,12-17,content-2026-09-17-7str-oform-1,content-дата,7,оформлено,Theme1,casino_prefix,9,нет,2,нет,206,0,0,,46,22.3,957,4.65,0,29.4,0,0,0,0,0.0,0.0,0,,,,
5242.lol,lol,2026-09-19,6,23,18-23,nabory-651-660,nabory,,,Theme1,numeric,4,нет,2,нет,206,0,0,,49,23.8,1049,5.09,0,23.5,0,0,0,0,0.0,0.0,0,,,,
casinoyks.lol,lol,2026-09-19,6,13,12-17,content-2026-09-17b-7str-oform,content-дата,7,оформлено,Theme1,casino_prefix,9,нет,2,нет,206,0,0,,61,29.6,1035,5.02,0,32.7,0,0,0,0,0.0,0.0,0,,,,
casino362.lol,lol,2026-09-19,6,4,00-05,nabory-631-640,nabory,,,Theme1,casino_prefix,9,нет,2,нет,206,0,0,,35,17.0,869,4.22,0,19.7,0,0,0,0,0.0,0.0,0,,,,
qtcasino.lol,lol,2026-09-20,7,5,00-05,nabory-651-660,nabory,,,Theme1,casino_infix,8,нет,2,нет,206,0,0,,71,34.5,937,4.55,0,21.0,0,0,0,0,0.0,0.0,0,,,,
62casino.lol,lol,2026-09-20,7,15,12-17,content-2026-09-19-12str,content-дата,12,,Theme1,casino_infix,8,нет,2,нет,206,0,0,,63,30.6,896,4.35,0,29.6,0,0,0,0,0.0,0.0,0,,,,
w9g6.lol,lol,2026-09-20,7,7,06-11,content-2026-09-17b-7str-oform,content-дата,7,оформлено,Theme1,alpha_other,4,нет,2,нет,206,0,0,,33,16.0,589,2.86,0,24.6,0,0,0,0,0.0,0.0,0,,,,
j2i.lol,lol,2026-09-19,6,15,12-17,content-2026-09-17-7str-oform-2,content-дата,7,оформлено,Theme1,alpha_other,3,нет,2,нет,206,0,0,,54,26.2,899,4.36,0,30.5,0,0,0,0,0.0,0.0,0,,,,
xtcasino.lol,lol,2026-09-20,7,19,18-23,content-2026-09-17-7str-oform-1,content-дата,7,оформлено,Theme1,casino_infix,8,нет,2,нет,206,0,0,,47,22.8,885,4.3,0,29.2,0,0,0,0,0.0,0.0,0,,,,
6542.lol,lol,2026-09-20,7,15,12-17,content-2026-09-17-7str-oform-1,content-дата,7,оформлено,Theme1,numeric,4,нет,2,нет,206,0,0,,52,25.2,864,4.19,0,27.1,0,0,0,0,0.0,0.0,0,,,,
casinoa1.lol,lol,2026-09-20,7,17,12-17,content-2026-09-17-7str-oform-1,content-дата,7,оформлено,Theme1,casino_prefix,8,нет,2,нет,206,0,0,,56,27.2,872,4.23,0,36.9,0,0,0,0,0.0,0.0,0,,,,
2749.team,team,2026-09-21,1,1,00-05,content-2026-09-17-7str-oform-1,content-дата,7,оформлено,Theme1,numeric,4,нет,2,нет,150,0,0,,37,24.7,794,5.29,0,44.2,0,0,0,0,0.0,0.0,0,,,,
casinohpe.lol,lol,2026-09-20,7,23,18-23,content-2026-09-17-7str-oform-1,content-дата,7,оформлено,Theme1,casino_prefix,9,нет,2,нет,206,0,0,,26,12.6,771,3.74,0,26.1,0,0,0,0,0.0,0.0,0,,,,
1244.lol,lol,2026-09-20,7,12,12-17,content-2026-09-17-7str-oform-1,content-дата,7,оформлено,Theme1,numeric,4,нет,2,нет,206,0,0,,47,22.8,743,3.61,0,44.4,0,0,0,0,0.0,0.0,0,,,,
zinb.lol,lol,2026-09-20,7,12,12-17,content-2026-09-17b-7str-oform,content-дата,7,оформлено,Theme1,alpha_other,4,нет,2,нет,206,0,0,,45,21.8,660,3.2,0,33.7,0,0,0,0,0.0,0.0,0,,,,
jlbq.lol,lol,2026-09-19,6,15,12-17,content-2026-09-17b-7str-oform,content-дата,7,оформлено,Theme1,alpha_other,4,нет,2,нет,206,0,0,,42,20.4,726,3.52,0,37.3,0,0,0,0,0.0,0.0,0,,,,
4774.lol,lol,2026-09-20,7,14,12-17,content-2026-09-17-7str-oform-1,content-дата,7,оформлено,Theme1,numeric,4,нет,2,нет,206,0,0,,40,19.4,630,3.06,0,33.2,0,0,0,0,0.0,0.0,0,,,,
lfra.lol,lol,2026-09-20,7,3,00-05,nabory-641-650,nabory,,,Theme1,alpha_other,4,нет,2,нет,206,0,0,,45,21.8,594,2.88,0,29.0,0,0,0,0,0.0,0.0,0,,,,
3715casino.lol,lol,2026-09-20,7,14,12-17,content-2026-09-19-12str,content-дата,12,,Theme1,casino_infix,10,нет,2,нет,206,0,0,,45,21.8,601,2.92,0,39.8,0,0,0,0,0.0,0.0,0,,,,
154casino.lol,lol,2026-09-19,6,22,18-23,nabory-641-650,nabory,,,Theme1,casino_infix,9,нет,2,нет,206,0,0,,48,23.3,673,3.27,0,33.2,0,0,0,0,0.0,0.0,0,,,,
b3r.lol,lol,2026-09-19,6,3,00-05,content-2026-09-17b-7str-oform,content-дата,7,оформлено,Theme1,alpha_other,3,нет,2,нет,206,0,0,,55,26.7,575,2.79,0,28.2,0,0,0,0,0.0,0.0,0,,,,
vbtw.team,team,2026-09-20,7,7,06-11,content-2026-09-17-7str-oform-2,content-дата,7,оформлено,Theme1,alpha_other,4,нет,2,нет,206,0,0,,30,14.6,567,2.75,0,48.8,0,0,0,0,0.0,0.0,0,,,,
0711.lol,lol,2026-09-19,6,22,18-23,nabory-641-650,nabory,,,Theme1,numeric,4,нет,2,нет,206,0,0,,40,19.4,563,2.73,0,35.5,0,0,0,0,0.0,0.0,0,,,,
oaza.lol,lol,2026-09-20,7,17,12-17,content-2026-09-17-12str-oform,content-дата,12,оформлено,Theme1,alpha_other,4,нет,2,нет,206,0,0,,42,20.4,491,2.38,0,39.1,0,0,0,0,0.0,0.0,0,,,,
3260.lol,lol,2026-09-20,7,13,12-17,content-2026-09-17-7str-oform-1,content-дата,7,оформлено,Theme1,numeric,4,нет,2,нет,206,0,0,,44,21.4,453,2.2,0,39.6,0,0,0,0,0.0,0.0,0,,,,
rkw.lol,lol,2026-09-19,6,15,12-17,content-2026-09-17b-7str-oform,content-дата,7,оформлено,Theme1,alpha_other,3,нет,2,нет,206,0,0,,47,22.8,433,2.1,0,45.6,0,0,0,0,0.0,0.0,0,,,,
mjeu.lol,lol,2026-09-20,7,23,18-23,content-2026-09-17-7str-oform-1,content-дата,7,оформлено,Theme1,alpha_other,4,нет,2,нет,206,0,0,,36,17.5,448,2.17,0,36.1,0,0,0,0,0.0,0.0,0,,,,
ofyc.lol,lol,2026-09-20,7,17,12-17,content-2026-09-17-7str-oform-1,content-дата,7,оформлено,Theme1,alpha_other,4,нет,2,нет,206,0,0,,34,16.5,429,2.08,0,56.6,0,0,0,0,0.0,0.0,0,,,,
4069casino.lol,lol,2026-09-20,7,14,12-17,content-2026-09-17-7str-oform-1,content-дата,7,оформлено,Theme1,casino_infix,10,нет,2,нет,206,0,0,,42,20.4,300,1.46,0,51.6,0,0,0,0,0.0,0.0,0,,,,
ogji.lol,lol,2026-09-20,7,17,12-17,content-2026-09-17-7str-oform-1,content-дата,7,оформлено,Theme1,alpha_other,4,нет,2,нет,206,0,0,,32,15.5,396,1.92,0,57.5,0,0,0,0,0.0,0.0,0,,,,
zlxcasino.lol,lol,2026-09-20,7,12,12-17,nabory-631-640,nabory,,,Theme1,casino_infix,9,нет,2,нет,206,0,0,,32,15.5,359,1.74,0,48.0,0,0,0,0,0.0,0.0,0,,,,
sjan.lol,lol,2026-09-20,7,18,18-23,content-2026-09-17-7str-oform-1,content-дата,7,оформлено,Theme1,alpha_other,4,нет,2,нет,206,0,0,,34,16.5,350,1.7,0,48.7,0,0,0,0,0.0,0.0,0,,,,
dtu.lol,lol,2026-09-20,7,23,18-23,content-2026-09-17-7str-oform-1,content-дата,7,оформлено,Theme1,alpha_other,3,нет,2,нет,206,0,0,,41,19.9,349,1.69,0,39.6,0,0,0,0,0.0,0.0,0,,,,
casino377.lol,lol,2026-09-20,7,16,12-17,content-2026-09-17-7str-oform-1,content-дата,7,оформлено,Theme1,casino_prefix,9,нет,2,нет,206,0,0,,35,17.0,299,1.45,0,56.1,0,0,0,0,0.0,0.0,0,,,,
9145.lol,lol,2026-09-19,6,1,00-05,nabory-621-630,nabory,,,Theme1,numeric,4,нет,2,нет,206,0,0,,54,26.2,263,1.28,0,64.2,0,0,0,0,0.0,0.0,0,,,,
hjeu.lol,lol,2026-09-20,7,2,00-05,nabory-651-660,nabory,,,Theme1,alpha_other,4,нет,2,нет,206,0,0,,32,15.5,283,1.37,0,51.5,0,0,0,0,0.0,0.0,0,,,,
g4j.lol,lol,2026-09-19,6,14,12-17,content-2026-09-17b-7str-oform,content-дата,7,оформлено,Theme1,alpha_other,3,нет,2,нет,206,0,0,,32,15.5,261,1.27,0,53.0,0,0,0,0,0.0,0.0,0,,,,
casino8600.lol,lol,2026-09-20,7,1,00-05,nabory-651-660,nabory,,,Theme1,casino_prefix,10,нет,2,нет,206,0,0,,29,14.1,218,1.06,0,49.8,0,0,0,0,0.0,0.0,0,,,,
4389.lol,lol,2026-09-21,1,1,00-05,content-2026-09-14b-7str-oform-1,content-дата,7,оформлено,Theme1,numeric,4,нет,2,нет,150,0,0,,22,14.7,235,1.57,0,60.5,0,0,0,0,0.0,0.0,0,,,,
5936.lol,lol,2026-09-21,1,2,00-05,content-2026-09-14b-7str-oform-1,content-дата,7,оформлено,Theme1,numeric,4,нет,2,нет,150,0,0,,17,11.3,229,1.53,0,74.5,0,0,0,0,0.0,0.0,0,,,,
x5i0.lol,lol,2026-09-20,7,19,18-23,content-2026-09-17-7str-oform-1,content-дата,7,оформлено,Theme1,alpha_other,4,нет,2,нет,206,0,0,,48,23.3,216,1.05,0,53.8,0,0,0,0,0.0,0.0,0,,,,
6657.lol,lol,2026-09-20,7,15,12-17,content-2026-09-17-7str-oform-2,content-дата,7,оформлено,Theme1,numeric,4,нет,2,нет,206,0,0,,37,18.0,207,1.0,0,57.4,0,0,0,0,0.0,0.0,0,,,,
casinot8.lol,lol,2026-09-19,6,13,12-17,nabory-631-640,nabory,,,Theme1,casino_prefix,8,нет,2,нет,206,0,0,,40,19.4,200,0.97,0,60.3,0,0,0,0,0.0,0.0,0,,,,
yjxb.lol,lol,2026-09-20,7,12,12-17,content-2026-09-17b-7str-oform,content-дата,7,оформлено,Theme1,alpha_other,4,нет,2,нет,206,0,0,,15,7.3,199,0.97,0,51.2,0,0,0,0,0.0,0.0,0,,,,
8504.lol,lol,2026-09-20,7,1,00-05,nabory-651-660,nabory,,,Theme1,numeric,4,нет,2,нет,206,0,0,,37,18.0,190,0.92,0,65.6,0,0,0,0,0.0,0.0,0,,,,
x2g8.lol,lol,2026-09-20,7,18,18-23,content-2026-09-19-12str,content-дата,12,,Theme1,alpha_other,4,нет,2,нет,206,0,0,,43,20.9,181,0.88,0,54.8,0,0,0,0,0.0,0.0,0,,,,
7711.lol,lol,2026-09-20,7,1,00-05,nabory-651-660,nabory,,,Theme1,numeric,4,нет,2,нет,206,0,0,,25,12.1,174,0.84,0,80.3,0,0,0,0,0.0,0.0,0,,,,
4248.team,team,2026-09-21,1,1,00-05,content-2026-09-14b-7str-oform-1,content-дата,7,оформлено,Theme1,numeric,4,нет,2,нет,150,0,0,,31,20.7,172,1.15,0,71.5,0,0,0,0,0.0,0.0,0,,,,
52casino.team,team,2026-09-21,1,2,00-05,content-2026-09-14b-7str-oform-1,content-дата,7,оформлено,Theme1,casino_infix,8,нет,2,нет,150,0,0,,19,12.7,167,1.11,0,63.9,0,0,0,0,0.0,0.0,0,,,,
eozw.lol,lol,2026-09-20,7,23,18-23,content-2026-09-17-7str-oform-1,content-дата,7,оформлено,Theme1,alpha_other,4,нет,2,нет,206,0,0,,19,9.2,163,0.79,0,54.9,0,0,0,0,0.0,0.0,0,,,,
2032.lol,lol,2026-09-20,7,13,12-17,content-2026-09-17-7str-oform-1,content-дата,7,оформлено,Theme1,numeric,4,нет,2,нет,206,0,0,,39,18.9,136,0.66,0,64.8,0,0,0,0,0.0,0.0,0,,,,
nnjcasino.lol,lol,2026-09-20,7,4,00-05,nabory-631-640,nabory,,,Theme1,casino_infix,9,нет,2,нет,206,0,0,,19,9.2,124,0.6,0,57.8,0,0,0,0,0.0,0.0,0,,,,
t6g.lol,lol,2026-09-20,7,18,18-23,content-2026-09-17-7str-oform-1,content-дата,7,оформлено,Theme1,alpha_other,3,нет,2,нет,206,0,0,,20,9.7,134,0.65,0,62.7,0,0,0,0,0.0,0.0,0,,,,
y2p5.lol,lol,2026-09-20,7,11,06-11,nabory-641-650,nabory,,,Theme1,alpha_other,4,нет,2,нет,206,0,0,,17,8.3,126,0.61,0,64.2,0,0,0,0,0.0,0.0,0,,,,
45casino.lol,lol,2026-09-21,1,1,00-05,content-2026-09-17-7str-oform-1,content-дата,7,оформлено,Theme1,casino_infix,8,нет,2,нет,150,0,0,,16,10.7,124,0.83,0,72.9,0,0,0,0,0.0,0.0,0,,,,
ywbb.lol,lol,2026-09-20,7,19,18-23,content-2026-09-17-7str-oform-1,content-дата,7,оформлено,Theme1,alpha_other,4,нет,2,нет,206,0,0,,19,9.2,118,0.57,0,61.1,0,0,0,0,0.0,0.0,0,,,,
yzxw.lol,lol,2026-09-20,7,12,12-17,content-2026-09-17b-7str-oform,content-дата,7,оформлено,Theme1,alpha_other,4,нет,2,нет,206,0,0,,26,12.6,115,0.56,0,68.7,0,0,0,0,0.0,0.0,0,,,,
9495casino.lol,lol,2026-09-19,6,1,00-05,content-2026-09-17b-7str-oform,content-дата,7,оформлено,Theme1,casino_infix,10,нет,2,нет,206,0,0,,8,3.9,101,0.49,0,77.5,0,0,0,0,0.0,0.0,0,,,,
opxcasino.lol,lol,2026-09-20,7,18,18-23,content-2026-09-17-7str-oform-1,content-дата,7,оформлено,Theme1,casino_infix,9,нет,2,нет,206,0,0,,29,14.1,97,0.47,0,80.0,0,0,0,0,0.0,0.0,0,,,,
n8i.lol,lol,2026-09-20,7,4,00-05,content-2026-09-17-7str-oform-2,content-дата,7,оформлено,Theme1,alpha_other,3,нет,2,нет,206,0,0,,7,3.4,93,0.45,0,53.7,0,0,0,0,0.0,0.0,0,,,,
2640.lol,lol,2026-09-21,1,1,00-05,content-2026-09-14b-7str-oform-1,content-дата,7,оформлено,Theme1,numeric,4,нет,2,нет,150,0,0,,21,14.0,87,0.58,0,81.4,0,0,0,0,0.0,0.0,0,,,,
6527.lol,lol,2026-09-20,7,15,12-17,content-2026-09-17-7str-oform-1,content-дата,7,оформлено,Theme1,numeric,4,нет,2,нет,206,0,0,,16,7.8,85,0.41,0,71.7,0,0,0,0,0.0,0.0,0,,,,
rgjz.lol,lol,2026-09-19,6,15,12-17,content-2026-09-17b-7str-oform,content-дата,7,оформлено,Theme1,alpha_other,4,нет,2,нет,206,0,0,,24,11.7,83,0.4,0,71.9,0,0,0,0,0.0,0.0,0,,,,
2155.lol,lol,2026-09-21,1,0,00-05,content-2026-09-17-7str-oform-1,content-дата,7,оформлено,Theme1,numeric,4,нет,2,нет,150,0,0,,22,14.7,76,0.51,0,85.1,0,0,0,0,0.0,0.0,0,,,,
95casino.team,team,2026-09-19,6,3,00-05,content-2026-09-17-7str-oform-2,content-дата,7,оформлено,Theme1,casino_infix,8,нет,2,нет,206,0,0,,13,6.3,65,0.32,0,78.8,0,0,0,0,0.0,0.0,0,,,,
1186casino.lol,lol,2026-09-20,7,12,12-17,content-2026-09-17-7str-oform-1,content-дата,7,оформлено,Theme1,casino_infix,10,нет,2,нет,206,0,0,,17,8.3,38,0.18,0,78.5,0,0,0,0,0.0,0.0,0,,,,
4771.team,team,2026-09-21,1,1,00-05,content-2026-09-17-7str-oform-1,content-дата,7,оформлено,Theme1,numeric,4,нет,2,нет,150,0,0,,23,15.3,62,0.41,0,81.2,0,0,0,0,0.0,0.0,0,,,,
9827.lol,lol,2026-09-20,7,15,12-17,content-2026-09-17-12str-oform,content-дата,12,оформлено,Theme1,numeric,4,нет,2,нет,206,0,0,,22,10.7,58,0.28,0,73.9,0,0,0,0,0.0,0.0,0,,,,
casinon4.team,team,2026-09-21,1,9,06-11,content-2026-09-14b-7str-oform-1,content-дата,7,оформлено,Theme1,casino_prefix,8,нет,2,нет,150,0,0,,19,12.7,56,0.37,0,67.9,0,0,0,0,0.0,0.0,0,,,,
2502.lol,lol,2026-09-21,1,0,00-05,content-2026-09-14b-7str-oform-1,content-дата,7,оформлено,Theme1,numeric,4,нет,2,нет,150,0,0,,12,8.0,53,0.35,0,88.7,0,0,0,0,0.0,0.0,0,,,,
3808.lol,lol,2026-09-21,1,1,00-05,content-2026-09-17-7str-oform-1,content-дата,7,оформлено,Theme1,numeric,4,нет,2,нет,150,0,0,,11,7.3,52,0.35,0,86.5,0,0,0,0,0.0,0.0,0,,,,
mvxy.lol,lol,2026-09-20,7,4,00-05,content-2026-09-17b-7str-oform,content-дата,7,оформлено,Theme1,alpha_other,4,нет,2,нет,206,0,0,,11,5.3,43,0.21,0,64.5,0,0,0,0,0.0,0.0,0,,,,
wlncasino.lol,lol,2026-09-20,7,7,06-11,content-2026-09-17b-7str-oform,content-дата,7,оформлено,Theme1,casino_infix,9,нет,2,нет,206,0,0,,5,2.4,45,0.22,0,69.4,0,0,0,0,0.0,0.0,0,,,,
7763.lol,lol,2026-09-19,6,1,00-05,content-2026-09-17b-7str-oform,content-дата,7,оформлено,Theme1,numeric,4,нет,2,нет,206,0,0,,18,8.7,44,0.21,0,87.6,0,0,0,0,0.0,0.0,0,,,,
7132.lol,lol,2026-09-20,7,0,00-05,nabory-641-650,nabory,,,Theme1,numeric,4,нет,2,нет,206,0,0,,16,7.8,35,0.17,0,92.1,0,0,0,0,0.0,0.0,0,,,,
casinokgq.lol,lol,2026-09-20,7,1,00-05,nabory-651-660,nabory,,,Theme1,casino_prefix,9,нет,2,нет,206,0,0,,10,4.9,36,0.17,0,68.7,0,0,0,0,0.0,0.0,0,,,,
1519.lol,lol,2026-09-21,1,0,00-05,content-2026-09-17-7str-oform-1,content-дата,7,оформлено,Theme1,numeric,4,нет,2,нет,150,0,0,,23,15.3,36,0.24,0,88.1,0,0,0,0,0.0,0.0,0,,,,
casino95.lol,lol,2026-09-19,6,4,00-05,nabory-631-640,nabory,,,Theme1,casino_prefix,8,нет,2,нет,206,0,0,,12,5.8,35,0.17,0,70.2,0,0,0,0,0.0,0.0,0,,,,
m9a2.lol,lol,2026-09-20,7,3,00-05,content-2026-09-17-7str-oform-2,content-дата,7,оформлено,Theme1,alpha_other,4,нет,2,нет,206,0,0,,16,7.8,33,0.16,0,67.4,0,0,0,0,0.0,0.0,0,,,,
jmpj.lol,lol,2026-09-20,7,3,00-05,nabory-651-660,nabory,,,Theme1,alpha_other,4,нет,2,нет,206,0,0,,7,3.4,30,0.15,0,72.4,0,0,0,0,0.0,0.0,0,,,,
4892casino.lol,lol,2026-09-21,1,2,00-05,content-2026-09-14b-7str-oform-1,content-дата,7,оформлено,Theme1,casino_infix,10,нет,2,нет,150,0,0,,8,5.3,25,0.17,0,86.9,0,0,0,0,0.0,0.0,0,,,,
8109.team,team,2026-09-21,1,9,06-11,content-2026-09-14b-7str-oform-1,content-дата,7,оформлено,Theme1,numeric,4,нет,2,нет,150,0,0,,11,7.3,21,0.14,0,79.4,0,0,0,0,0.0,0.0,0,,,,
casinoi7.team,team,2026-09-21,1,9,06-11,content-2026-09-14b-7str-oform-1,content-дата,7,оформлено,Theme1,casino_prefix,8,нет,2,нет,150,0,0,,9,6.0,19,0.13,0,82.4,0,0,0,0,0.0,0.0,0,,,,
byxx.lol,lol,2026-09-20,7,1,00-05,nabory-641-650,nabory,,,Theme1,alpha_other,4,нет,2,нет,206,0,0,,10,4.9,13,0.06,0,79.8,0,0,0,0,0.0,0.0,0,,,,
8084casino.lol,lol,2026-09-20,7,1,00-05,nabory-641-650,nabory,,,Theme1,casino_infix,10,нет,2,нет,206,0,0,,8,3.9,7,0.03,0,87.1,0,0,0,0,0.0,0.0,0,,,,
bhge.lol,lol,2026-09-21,1,9,06-11,content-2026-09-17-7str-oform-1,content-дата,7,оформлено,Theme1,alpha_other,4,нет,2,нет,150,0,0,,6,4.0,7,0.05,0,79.2,0,0,0,0,0.0,0.0,0,,,,
4060.lol,lol,2026-09-21,1,1,00-05,content-2026-09-17-7str-oform-1,content-дата,7,оформлено,Theme1,numeric,4,нет,2,нет,150,0,0,,6,4.0,7,0.05,0,92.1,0,0,0,0,0.0,0.0,0,,,,
9471.lol,lol,2026-09-21,1,9,06-11,content-2026-09-14b-7str-oform-1,content-дата,7,оформлено,Theme1,numeric,4,нет,2,нет,150,0,0,,3,2.0,7,0.05,0,90.1,0,0,0,0,0.0,0.0,0,,,,
6572.team,team,2026-09-21,1,9,06-11,content-2026-09-14b-7str-oform-1,content-дата,7,оформлено,Theme1,numeric,4,нет,2,нет,150,0,0,,3,2.0,7,0.05,0,85.7,0,0,0,0,0.0,0.0,0,,,,
9816.team,team,2026-09-21,1,9,06-11,content-2026-09-17-7str-oform-1,content-дата,7,оформлено,Theme1,numeric,4,нет,2,нет,150,0,0,,4,2.7,5,0.03,0,92.9,0,0,0,0,0.0,0.0,0,,,,
6147.team,team,2026-09-21,1,9,06-11,content-2026-09-17-7str-oform-1,content-дата,7,оформлено,Theme1,numeric,4,нет,2,нет,150,0,0,,2,1.3,3,0.02,0,90.4,0,0,0,0,0.0,0.0,0,,,,
6223.lol,lol,2026-09-21,1,9,06-11,content-2026-09-14b-7str-oform-1,content-дата,7,оформлено,Theme1,numeric,4,нет,2,нет,150,0,0,,2,1.3,3,0.02,0,85.7,0,0,0,0,0.0,0.0,0,,,,
lvsm.lol,lol,2026-09-21,1,11,06-11,content-2026-09-17-7str-oform-1,content-дата,7,оформлено,Theme1,alpha_other,4,нет,2,нет,150,0,0,,0,0.0,0,0.0,0,95.8,0,0,0,0,0.0,,0,,,,
oejcasino.lol,lol,2026-09-21,1,12,12-17,content-2026-09-17-7str-oform-1,content-дата,7,оформлено,Theme1,casino_infix,9,нет,2,нет,150,0,0,,0,0.0,0,0.0,0,0.0,0,0,0,0,0.0,,0,,,,
m2y1.lol,lol,2026-09-21,1,11,06-11,content-2026-09-17-7str-oform-1,content-дата,7,оформлено,Theme1,alpha_other,4,нет,2,нет,150,0,0,,0,0.0,0,0.0,0,94.7,0,0,0,0,0.0,,0,,,,
egucasino.lol,lol,2026-09-21,1,11,06-11,content-2026-09-17-7str-oform-1,content-дата,7,оформлено,Theme1,casino_infix,9,да,1,нет,150,0,0,,0,0.0,0,0.0,0,88.2,0,0,0,0,0.0,,0,,,,
clyr.team,team,2026-09-21,1,11,06-11,content-2026-09-17-7str-oform-1,content-дата,7,оформлено,Theme1,alpha_other,4,нет,2,нет,150,0,0,,0,0.0,0,0.0,0,94.0,0,0,0,0,0.0,,0,,,,
e3e3.team,team,2026-09-21,1,11,06-11,content-2026-09-17-7str-oform-1,content-дата,7,оформлено,Theme1,alpha_other,4,нет,2,нет,150,0,0,,0,0.0,0,0.0,0,91.8,0,0,0,0,0.0,,0,,,,
l6a.team,team,2026-09-21,1,11,06-11,content-2026-09-17-7str-oform-1,content-дата,7,оформлено,Theme1,alpha_other,3,нет,2,нет,150,0,0,,0,0.0,0,0.0,0,91.0,0,0,0,0,0.0,,0,,,,
p8e.team,team,2026-09-21,1,12,12-17,content-2026-09-14b-7str-oform-1,content-дата,7,оформлено,Theme1,alpha_other,3,нет,2,нет,150,0,0,,0,0.0,0,0.0,0,0.0,0,0,0,0,0.0,,0,,,,
tocasino.team,team,2026-09-21,1,12,12-17,content-2026-09-14b-7str-oform-1,content-дата,7,оформлено,Theme1,casino_infix,8,нет,2,нет,150,0,0,,0,0.0,0,0.0,0,0.0,0,0,0,0,0.0,,0,,,,
ltfa.team,team,2026-09-21,1,11,06-11,content-2026-09-14b-7str-oform-1,content-дата,7,оформлено,Theme1,alpha_other,4,нет,2,нет,150,0,0,,0,0.0,0,0.0,0,89.9,0,0,0,0,0.0,,0,,,,
z6p5.lol,lol,2026-09-21,1,12,12-17,content-2026-09-14b-7str-oform-1,content-дата,7,оформлено,Theme1,alpha_other,4,нет,2,нет,150,0,0,,0,0.0,0,0.0,0,0.0,0,0,0,0,0.0,,0,,,,
xphv.lol,lol,2026-09-21,1,12,12-17,content-2026-09-14b-7str-oform-1,content-дата,7,оформлено,Theme1,alpha_other,4,нет,2,нет,150,0,0,,0,0.0,0,0.0,0,0.0,0,0,0,0,0.0,,0,,,,
jsm.team,team,2026-09-21,1,11,06-11,content-2026-09-14b-7str-oform-1,content-дата,7,оформлено,Theme1,alpha_other,3,нет,2,нет,150,0,0,,0,0.0,0,0.0,0,97.5,0,0,0,0,0.0,,0,,,,
f9j.team,team,2026-09-21,1,11,06-11,content-2026-09-14b-7str-oform-1,content-дата,7,оформлено,Theme1,alpha_other,3,нет,2,нет,150,0,0,,0,0.0,0,0.0,0,95.7,0,0,0,0,0.0,,0,,,,
nbpcasino.lol,lol,2026-09-21,1,11,06-11,content-2026-09-14b-7str-oform-1,content-дата,7,оформлено,Theme1,casino_infix,9,нет,2,нет,150,0,0,,0,0.0,0,0.0,0,94.4,0,0,0,0,0.0,,0,,,,
0805.lol,lol,2026-09-21,1,13,12-17,content-2026-09-14-7str-oform-9,content-дата,7,оформлено,Theme1,numeric,4,нет,2,нет,150,0,0,,0,0.0,0,0.0,0,0.0,0,0,0,0,0.0,,0,,,,
3039.lol,lol,2026-09-21,1,14,12-17,content-2026-09-14-7str-oform-9,content-дата,7,оформлено,Theme1,numeric,4,нет,2,нет,150,0,0,,0,0.0,0,0.0,0,0.0,0,0,0,0,0.0,,0,,,,
3515.lol,lol,2026-09-21,1,14,12-17,content-2026-09-14-7str-oform-8,content-дата,7,оформлено,Theme1,numeric,4,нет,2,нет,150,0,0,,0,0.0,0,0.0,0,0.0,0,0,0,0,0.0,,0,,,,
3913.lol,lol,2026-09-21,1,14,12-17,content-2026-09-14-7str-oform-8,content-дата,7,оформлено,Theme1,numeric,4,нет,2,нет,150,0,0,,0,0.0,0,0.0,0,0.0,0,0,0,0,0.0,,0,,,,
