экземпляр,семейство,баз,сайтов,свежих,дней,первый день,зоны,вышли в поиск,поисковых кликов,регистраций,ФД,кликов на регистрацию,ожидалось регистраций,вердикт
Content_script_12page_08.09,Content_script_12page_08.09,11,2266,0,2,2026-09-08,lol:1442/team:824,405,25845,6,0,4307,2.1,лучше ожидаемого в 2.9 раза
Generator_11page_NOimg_25.08,Generator_11page_NOimg_25.08,10,2060,0,2,2026-08-25,team:1648/lol:412,306,21316,2,0,10658,2.9,как ожидалось
Generator_11page_img_25.08,Generator_11page_img_25.08,5,1030,0,2,2026-08-25,team:1030,169,7566,1,0,7566,1.5,мало данных
Generator_11page_test_1…_9 (dorgen com,Generator_11page_test_1…_9 (dorgen com,9,1854,0,2,2026-08-31,team:1854,784,60178,8,0,7522,6.7,как ожидалось
Generator_346353_styled_img,Generator_346353_styled_img,8,1648,0,2,2026-09-04,team:1648,251,7301,3,0,2433,1.2,мало данных
Generator_354359_styled_img,Generator_354359_styled_img,6,1235,0,2,2026-09-04,team:1235,86,1258,0,0,,0.9,мало данных
Generator_368369_styled_img,Generator_368369_styled_img,2,412,0,2,2026-09-04,team:412,30,488,0,0,,0.3,мало данных
Generator_370382_styled_img,Generator_370382_styled_img,13,2678,0,2,2026-09-05,team:2678,125,765,0,0,,1.5,мало данных
Generator_385390_styled_img,Generator_385390_styled_img,6,1236,0,2,2026-09-05,team:1030/lol:206,70,741,0,0,,0.7,мало данных
Generator_392396_styled_img,Generator_392396_styled_img,5,1030,0,2,2026-09-06,team:1030,129,6348,0,0,,0.7,мало данных
Generator_A_staryy_stil,Generator_A_staryy_stil,2,412,0,2,2026-09-04,team:412,28,135,0,0,,0.3,мало данных
Generator_B_novyy_bez_img,Generator_B_novyy_bez_img,2,412,0,2,2026-09-04,team:412,26,97,0,0,,0.3,мало данных
NEW102оформленобездаты,NEW102оформленобездаты,42,8652,336,4,2026-09-10,casino:3502/team:2678/lol:2472,1525,48225,10,2,4822,9.4,как ожидалось
NEW102оформленосдатой,NEW102оформленосдатой,18,3708,0,3,2026-09-10,team:1442/casino:1442/lol:824,799,40933,18,7,2274,4.3,лучше ожидаемого в 4.2 раза
NEW17_NOimg_withdate_26.08,NEW17_NOimg_withdate_26.08,7,1440,0,2,2026-08-26,team:1234/lol:206,189,13417,2,0,6708,2.8,как ожидалось
NEW17_img_withdate_26.08,NEW17_img_withdate_26.08,9,1852,0,2,2026-08-26,team:1852,334,30069,6,0,5011,3.5,лучше ожидаемого в 1.7 раза
NEW20_12pages_nodate_styled_img,NEW20_12pages_nodate_styled_img,4,824,0,2,2026-09-04,casino:824,212,13562,3,0,4520,0.6,мало данных
NEW20_12pages_nodate_оформлено,NEW20_12pages_nodate_оформлено,6,1236,0,2,2026-09-07,lol:618/team:618,255,2767,1,0,2767,1.3,мало данных
NEW20_12pages_withdate_styled_img,NEW20_12pages_withdate_styled_img,6,1236,0,2,2026-09-04,casino:618/team:412/lol:206,256,6916,2,0,3458,0.9,мало данных
NEW20_12pages_withdate_оформлено,NEW20_12pages_withdate_оформлено,4,824,0,2,2026-09-07,lol:412/team:412,142,1942,0,0,,0.8,мало данных
NEW20_3_12pages_nodate_styled_img,NEW20_3_12pages_nodate_styled_img,4,824,0,2,2026-09-06,casino:824,261,5918,0,0,,0.6,мало данных
NEW20_3_12pages_withdate_styled_img,NEW20_3_12pages_withdate_styled_img,4,824,0,2,2026-09-06,lol:824,190,4406,0,0,,0.6,мало данных
NEW20_3_12pages_withdate_styled_img_5,NEW20_3_12pages_withdate_styled_img,1,206,0,2,2026-09-06,lol:206,38,681,0,0,,0.1,мало данных
NEW20_3_7pages_nodate_styled_img,NEW20_3_7pages_nodate_styled_img,6,1235,0,2,2026-09-06,team:1030/lol:205,274,4317,0,0,,0.8,мало данных
NEW20_3_7pages_withdate_styled_img,NEW20_3_7pages_withdate_styled_img,4,824,0,2,2026-09-06,team:824,185,4486,1,0,4486,0.6,мало данных
NEW20_4_12pages_nodate,NEW20_4_12pages_nodate,6,1236,0,2,2026-09-07,team:824/lol:412,268,10739,3,1,3579,1.3,мало данных
NEW20_4_12pages_withdate,NEW20_4_12pages_withdate,3,618,0,2,2026-09-07,lol:618,145,6647,5,0,1329,0.6,мало данных
NEW20_4_7pages_nodate,NEW20_4_7pages_nodate,5,1030,0,2,2026-09-07,team:824/lol:206,104,1804,0,0,,1.1,мало данных
NEW20_4_7pages_withdate,NEW20_4_7pages_withdate,5,1030,0,2,2026-09-07,lol:618/team:412,151,1840,1,1,1840,1.1,мало данных
NEW20_7pages_nodate_styled_img,NEW20_7pages_nodate_styled_img,6,1236,0,2,2026-09-04,team:824/casino:412,159,1494,0,0,,0.9,мало данных
NEW20_7pages_nodate_оформлено,NEW20_7pages_nodate_оформлено,4,824,0,2,2026-09-07,team:824,86,1439,0,0,,0.8,мало данных
NEW20_7pages_nodate_оформлено_1,NEW20_7pages_nodate_оформлено,1,206,0,2,2026-09-07,team:206,16,91,0,0,,0.2,мало данных
NEW20_7pages_withdate_styled_img,NEW20_7pages_withdate_styled_img,3,618,0,2,2026-09-04,casino:618,46,262,0,0,,0.5,мало данных
NEW20_7pages_withdate_оформлено,NEW20_7pages_withdate_оформлено,5,1030,0,2,2026-09-07,team:824/lol:206,115,983,1,0,983,1.1,мало данных
NEW21_12pages_nodate_styled_img,NEW21_12pages_nodate_styled_img,6,1236,0,2,2026-09-05,casino:1236,232,7798,0,0,,0.7,мало данных
NEW21_12pages_withdate_styled_img,NEW21_12pages_withdate_styled_img,4,824,0,2,2026-09-05,casino:824,253,10809,4,1,2702,0.5,мало данных
NEW21_7pages_nodate_styled_img,NEW21_7pages_nodate_styled_img,5,1030,0,2,2026-09-05,team:1030,142,3719,1,1,3719,0.6,мало данных
NEW21_7pages_nodate_styled_img_2,NEW21_7pages_nodate_styled_img,1,206,0,2,2026-09-05,lol:206,15,94,0,0,,0.1,мало данных
NEW21_7pages_withdate_styled_img,NEW21_7pages_withdate_styled_img,5,1030,0,2,2026-09-05,casino:1030,110,2747,0,0,,0.6,мало данных
NEW33_12pages_nodate+img_25.08,NEW33_12pages_nodate+img_25.08,15,3090,0,3,2026-08-26,team:3090,635,38773,12,1,3231,5.9,лучше ожидаемого в 2.0 раза
NEW33_12pages_withdate+img_25.08,NEW33_12pages_withdate+img_25.08,17,3500,0,2,2026-08-26,team:3294/lol:206,527,32232,7,2,4604,6.7,как ожидалось
NEW33_12pages_withdate_25.08,NEW33_12pages_withdate_25.08,8,1647,0,2,2026-08-25,team:1647,310,21035,1,0,21035,2.3,хуже ожидаемого в 2.3 раза
NEW50_12pages_nodate_01.09,NEW50_12pages_nodate_01.09,8,1648,0,2,2026-09-01,casino:1648,465,18591,1,1,18591,3.3,хуже ожидаемого в 3.3 раза
NEW50_12pages_withdate_01.09,NEW50_12pages_withdate_01.09,17,3502,0,4,2026-09-01,team:1648/casino:1442/lol:412,909,18376,12,3,1531,6.7,лучше ожидаемого в 1.8 раза
NEW50_2_12pages_nodate_02.09,NEW50_2_12pages_nodate_02.09,6,1236,0,2,2026-09-02,lol:824/team:412,353,10804,8,1,1350,2.8,лучше ожидаемого в 2.8 раза
NEW50_2_12pages_withdate_02.09,NEW50_2_12pages_withdate_02.09,17,3501,0,2,2026-09-02,team:2883/lol:618,977,32340,5,0,6468,8.0,хуже ожидаемого в 1.6 раза
NEW50_2_7pages_withdate,NEW50_2_7pages_withdate,6,1236,0,2,2026-09-02,team:1236,289,9900,4,1,2475,2.8,как ожидалось
NEW50_3_12pages_nodate_styled,NEW50_3_12pages_nodate_styled,11,2266,0,2,2026-09-03,lol:1648/team:618,453,24520,3,0,8173,3.5,как ожидалось
NEW50_3_12pages_withdate_styled,NEW50_3_12pages_withdate_styled,14,2884,0,2,2026-09-03,team:1648/lol:1236,712,29913,9,2,3323,4.5,лучше ожидаемого в 2.0 раза
NEW50_3_7pages_nodate_styled,NEW50_3_7pages_nodate_styled,13,2678,0,2,2026-09-03,team:1648/lol:1030,354,4295,1,0,4295,4.2,хуже ожидаемого в 4.2 раза
NEW50_3_7pages_withdate_styled,NEW50_3_7pages_withdate_styled,12,2472,0,2,2026-09-03,lol:1854/team:618,390,8417,1,0,8417,3.8,хуже ожидаемого в 3.8 раза
NEW50_7pages_nodate_01.09,NEW50_7pages_nodate_01.09,14,2884,0,3,2026-09-02,team:2884,707,49661,11,1,4514,5.4,лучше ожидаемого в 2.0 раза
NEW50_7pages_withdate_01.09,NEW50_7pages_withdate_01.09,11,2266,0,4,2026-09-01,team:1854/lol:412,500,39325,4,1,9831,4.4,как ожидалось
archive37строформленоv2часть1,archive37строформленоv2часть1,45,9269,0,5,2026-09-08,lol:4943/team:2678/buzz:1648,822,19125,5,2,3825,9.2,хуже ожидаемого в 1.8 раза
archive37строформленоv2часть2,archive37строформленоv2часть2,45,9270,0,2,2026-09-08,buzz:5356/lol:3914,716,11849,2,1,5924,8.6,хуже ожидаемого в 4.3 раза
archive37строформленоv2часть3,archive37строформленоv2часть3,45,9270,0,4,2026-09-08,lol:5150/buzz:2472/team:1236/casino:412,867,29913,8,2,3739,8.4,как ожидалось
archive412_unique12оформлено,archive412_unique12оформлено,12,2471,0,2,2026-09-09,lol:1236/buzz:1235,828,38917,15,2,2594,3.6,лучше ожидаемого в 4.2 раза
archive47_unique119оформленочасть1,archive47_unique119оформленочасть1,40,8240,0,3,2026-09-09,team:4120/lol:3296/casino:824,976,19801,6,2,3300,9.1,хуже ожидаемого в 1.5 раза
archive47_unique119оформленочасть2,archive47_unique119оформленочасть2,24,4943,0,3,2026-09-09,team:4119/lol:618/casino:206,393,8705,2,0,4352,4.8,хуже ожидаемого в 2.4 раза
bortnichiydvor1,bortnichiydvor1,1,206,0,2,2026-09-06,team:206,35,404,0,0,,0.1,мало данных
clean12_unique11оформлено,clean12_unique11оформлено,11,2266,0,2,2026-09-07,team:1854/lol:412,557,12788,4,1,3197,2.3,лучше ожидаемого в 1.7 раза
clean7_part1_50оформлено,clean7_part1_50оформлено,50,10300,0,4,2026-09-08,lol:4738/team:4532/casino:1030,1354,42273,10,1,4227,11.8,как ожидалось
content-2026-09-12-12str-oform,content-2026-09-12-12str-oform,3,618,618,2,2026-09-14,lol:618,8,13,0,0,,0.3,мало данных
content-2026-09-12-7str-oform-1,content-2026-09-12-7str-oform,41,8445,2745,4,2026-09-12,team:4943/lol:2678/casino:824,816,12449,3,0,4149,4.5,как ожидалось
content-2026-09-12-7str-oform-2,content-2026-09-12-7str-oform,41,8446,2446,4,2026-09-12,team:5356/lol:3090,870,15591,3,2,5197,4.5,как ожидалось
content-2026-09-12-7str-oform-3,content-2026-09-12-7str-oform,39,8034,8034,3,2026-09-13,lol:4532/team:3502,537,16725,2,0,8362,3.0,как ожидалось
content-2026-09-14-12str-oform_1,content-2026-09-14-12str-oform,1,206,206,2,2026-09-14,lol:206,29,1026,0,0,,0.1,мало данных
content-2026-09-14-12str-oform_10,content-2026-09-14-12str-oform,1,206,206,2,2026-09-14,team:206,30,175,0,0,,0.1,мало данных
content-2026-09-14-12str-oform_11,content-2026-09-14-12str-oform,1,206,206,2,2026-09-14,team:206,55,2227,0,0,,0.1,мало данных
content-2026-09-14-12str-oform_12,content-2026-09-14-12str-oform,1,206,206,2,2026-09-14,team:206,20,206,0,0,,0.1,мало данных
content-2026-09-14-12str-oform_13,content-2026-09-14-12str-oform,1,206,206,2,2026-09-14,team:206,33,401,0,0,,0.1,мало данных
content-2026-09-14-12str-oform_14,content-2026-09-14-12str-oform,1,206,206,2,2026-09-14,team:206,4,8,0,0,,0.1,мало данных
content-2026-09-14-12str-oform_15,content-2026-09-14-12str-oform,1,206,206,2,2026-09-14,team:206,6,14,0,0,,0.1,мало данных
content-2026-09-14-12str-oform_16,content-2026-09-14-12str-oform,1,206,206,2,2026-09-14,team:206,4,13,0,0,,0.1,мало данных
content-2026-09-14-12str-oform_2,content-2026-09-14-12str-oform,1,206,206,2,2026-09-14,lol:206,52,522,0,0,,0.1,мало данных
content-2026-09-14-12str-oform_3,content-2026-09-14-12str-oform,1,206,206,2,2026-09-14,lol:206,45,498,0,0,,0.1,мало данных
content-2026-09-14-12str-oform_4,content-2026-09-14-12str-oform,1,206,206,2,2026-09-14,lol:206,44,487,0,0,,0.1,мало данных
content-2026-09-14-12str-oform_5,content-2026-09-14-12str-oform,1,206,206,2,2026-09-14,lol:206,52,1148,0,0,,0.1,мало данных
content-2026-09-14-12str-oform_6,content-2026-09-14-12str-oform,1,206,206,2,2026-09-14,lol:206,52,461,0,0,,0.1,мало данных
content-2026-09-14-12str-oform_7,content-2026-09-14-12str-oform,1,206,206,2,2026-09-14,team:206,24,105,0,0,,0.1,мало данных
content-2026-09-14-12str-oform_8,content-2026-09-14-12str-oform,1,206,206,2,2026-09-14,team:206,55,433,1,0,433,0.1,мало данных
content-2026-09-14-12str-oform_9,content-2026-09-14-12str-oform,1,206,206,2,2026-09-14,team:206,28,239,1,0,239,0.1,мало данных
content-2026-09-14-7str-oform-1_1,content-2026-09-14-7str-oform-1,1,206,206,2,2026-09-15,lol:206,16,108,0,0,,0.2,мало данных
content-2026-09-14-7str-oform-1_18,content-2026-09-14-7str-oform-1,1,206,206,2,2026-09-15,lol:206,10,21,0,0,,0.2,мало данных
content-2026-09-14-7str-oform-1_19,content-2026-09-14-7str-oform-1,1,206,206,2,2026-09-15,team:206,30,435,0,0,,0.2,мало данных
content-2026-09-14-7str-oform-1_2,content-2026-09-14-7str-oform-1,1,206,206,2,2026-09-15,lol:206,8,19,0,0,,0.2,мало данных
content-2026-09-14-7str-oform-1_20,content-2026-09-14-7str-oform-1,1,206,206,2,2026-09-15,team:206,13,33,0,0,,0.2,мало данных
content-2026-09-14-7str-oform-1_21,content-2026-09-14-7str-oform-1,1,206,206,2,2026-09-15,team:206,8,505,1,0,505,0.2,мало данных
content-2026-09-14-7str-oform-1_22,content-2026-09-14-7str-oform-1,1,206,206,2,2026-09-15,team:206,7,27,0,0,,0.2,мало данных
content-2026-09-14-7str-oform-1_3,content-2026-09-14-7str-oform-1,1,206,206,2,2026-09-15,lol:206,29,117,0,0,,0.2,мало данных
content-2026-09-14-7str-oform-1_4,content-2026-09-14-7str-oform-1,1,206,206,2,2026-09-15,lol:206,39,255,0,0,,0.2,мало данных
content-2026-09-14-7str-oform-8_21,content-2026-09-14-7str-oform-8,1,150,150,1,2026-09-21,lol:150,0,0,0,0,,0.0,мало данных
content-2026-09-14-7str-oform-8_25,content-2026-09-14-7str-oform-8,1,206,206,2,2026-09-15,lol:206,25,158,0,0,,0.2,мало данных
content-2026-09-14-7str-oform-8_26,content-2026-09-14-7str-oform-8,1,206,206,2,2026-09-15,lol:206,37,586,0,0,,0.2,мало данных
content-2026-09-14-7str-oform-8_27,content-2026-09-14-7str-oform-8,1,206,206,2,2026-09-15,lol:206,9,877,0,0,,0.2,мало данных
content-2026-09-14-7str-oform-8_28,content-2026-09-14-7str-oform-8,1,206,206,2,2026-09-15,lol:206,45,615,0,0,,0.2,мало данных
content-2026-09-14-7str-oform-8_29,content-2026-09-14-7str-oform-8,1,206,206,2,2026-09-15,lol:206,12,184,0,0,,0.2,мало данных
content-2026-09-14-7str-oform-8_30,content-2026-09-14-7str-oform-8,1,206,206,2,2026-09-15,lol:206,10,45,0,0,,0.2,мало данных
content-2026-09-14-7str-oform-8_31,content-2026-09-14-7str-oform-8,1,150,150,1,2026-09-21,lol:150,0,0,0,0,,0.0,мало данных
content-2026-09-14-7str-oform-8_32,content-2026-09-14-7str-oform-8,1,206,206,3,2026-09-14,lol:206,18,79,0,0,,0.2,мало данных
content-2026-09-14-7str-oform-8_33,content-2026-09-14-7str-oform-8,1,206,206,2,2026-09-14,lol:206,22,171,0,0,,0.1,мало данных
content-2026-09-14-7str-oform-8_34,content-2026-09-14-7str-oform-8,1,206,206,2,2026-09-14,lol:206,20,54,0,0,,0.1,мало данных
content-2026-09-14-7str-oform-8_35,content-2026-09-14-7str-oform-8,1,206,206,2,2026-09-15,lol:206,31,1148,0,0,,0.2,мало данных
content-2026-09-14-7str-oform-8_36,content-2026-09-14-7str-oform-8,1,206,206,2,2026-09-14,lol:206,10,48,0,0,,0.1,мало данных
content-2026-09-14-7str-oform-8_37,content-2026-09-14-7str-oform-8,1,206,206,2,2026-09-14,lol:206,24,330,0,0,,0.1,мало данных
content-2026-09-14-7str-oform-8_38,content-2026-09-14-7str-oform-8,1,206,206,2,2026-09-14,lol:206,12,24,0,0,,0.1,мало данных
content-2026-09-14-7str-oform-8_39,content-2026-09-14-7str-oform-8,1,206,206,2,2026-09-14,lol:206,16,58,0,0,,0.1,мало данных
content-2026-09-14-7str-oform-8_40,content-2026-09-14-7str-oform-8,1,206,206,2,2026-09-14,lol:206,19,51,0,0,,0.1,мало данных
content-2026-09-14-7str-oform-8_41,content-2026-09-14-7str-oform-8,1,206,206,2,2026-09-14,lol:206,4,6,0,0,,0.1,мало данных
content-2026-09-14-7str-oform-8_42,content-2026-09-14-7str-oform-8,1,206,206,2,2026-09-14,lol:206,27,145,0,0,,0.1,мало данных
content-2026-09-14-7str-oform-8_43,content-2026-09-14-7str-oform-8,1,206,206,2,2026-09-14,team:206,28,134,0,0,,0.1,мало данных
content-2026-09-14-7str-oform-8_44,content-2026-09-14-7str-oform-8,1,206,206,2,2026-09-14,team:206,31,123,0,0,,0.1,мало данных
content-2026-09-14-7str-oform-8_45,content-2026-09-14-7str-oform-8,1,206,206,2,2026-09-14,team:206,8,33,0,0,,0.1,мало данных
content-2026-09-14-7str-oform-8_46,content-2026-09-14-7str-oform-8,1,206,206,2,2026-09-14,team:206,26,106,0,0,,0.1,мало данных
content-2026-09-14-7str-oform-8_47,content-2026-09-14-7str-oform-8,1,206,206,2,2026-09-14,team:206,7,206,0,0,,0.1,мало данных
content-2026-09-14-7str-oform-8_48,content-2026-09-14-7str-oform-8,1,206,206,2,2026-09-14,team:206,13,58,0,0,,0.1,мало данных
content-2026-09-14-7str-oform-8_49,content-2026-09-14-7str-oform-8,1,206,206,2,2026-09-14,team:206,19,97,0,0,,0.1,мало данных
content-2026-09-14-7str-oform-8_50,content-2026-09-14-7str-oform-8,1,206,206,2,2026-09-14,team:206,33,235,0,0,,0.1,мало данных
content-2026-09-14-7str-oform-9_1,content-2026-09-14-7str-oform-9,1,206,206,2,2026-09-15,lol:206,14,69,0,0,,0.2,мало данных
content-2026-09-14-7str-oform-9_10,content-2026-09-14-7str-oform-9,1,206,206,2,2026-09-15,team:206,11,256,0,0,,0.2,мало данных
content-2026-09-14-7str-oform-9_11,content-2026-09-14-7str-oform-9,1,206,206,2,2026-09-15,team:206,39,189,0,0,,0.2,мало данных
content-2026-09-14-7str-oform-9_12,content-2026-09-14-7str-oform-9,1,206,206,2,2026-09-15,team:206,16,55,0,0,,0.2,мало данных
content-2026-09-14-7str-oform-9_13,content-2026-09-14-7str-oform-9,1,206,206,2,2026-09-15,team:206,13,1163,0,0,,0.2,мало данных
content-2026-09-14-7str-oform-9_16,content-2026-09-14-7str-oform-9,1,150,150,1,2026-09-21,lol:150,0,0,0,0,,0.0,мало данных
content-2026-09-14-7str-oform-9_19,content-2026-09-14-7str-oform-9,1,206,206,2,2026-09-15,team:206,14,743,0,0,,0.2,мало данных
content-2026-09-14-7str-oform-9_2,content-2026-09-14-7str-oform-9,1,206,206,2,2026-09-15,lol:206,28,256,0,0,,0.2,мало данных
content-2026-09-14-7str-oform-9_20,content-2026-09-14-7str-oform-9,1,206,206,2,2026-09-15,team:206,43,626,0,0,,0.2,мало данных
content-2026-09-14-7str-oform-9_21,content-2026-09-14-7str-oform-9,1,206,206,2,2026-09-15,team:206,16,76,0,0,,0.2,мало данных
content-2026-09-14-7str-oform-9_22,content-2026-09-14-7str-oform-9,1,206,206,2,2026-09-15,team:206,19,166,0,0,,0.2,мало данных
content-2026-09-14-7str-oform-9_23,content-2026-09-14-7str-oform-9,1,206,206,2,2026-09-15,team:206,15,461,0,0,,0.2,мало данных
content-2026-09-14-7str-oform-9_24,content-2026-09-14-7str-oform-9,1,206,206,2,2026-09-15,team:206,21,92,0,0,,0.2,мало данных
content-2026-09-14-7str-oform-9_25,content-2026-09-14-7str-oform-9,1,206,206,2,2026-09-15,team:206,16,35,0,0,,0.2,мало данных
content-2026-09-14-7str-oform-9_26,content-2026-09-14-7str-oform-9,1,206,206,2,2026-09-15,team:206,24,153,0,0,,0.2,мало данных
content-2026-09-14-7str-oform-9_27,content-2026-09-14-7str-oform-9,1,206,206,2,2026-09-15,team:206,20,652,0,0,,0.2,мало данных
content-2026-09-14-7str-oform-9_28,content-2026-09-14-7str-oform-9,1,206,206,2,2026-09-15,team:206,30,154,0,0,,0.2,мало данных
content-2026-09-14-7str-oform-9_29,content-2026-09-14-7str-oform-9,1,206,206,2,2026-09-15,team:206,6,13,0,0,,0.2,мало данных
content-2026-09-14-7str-oform-9_3,content-2026-09-14-7str-oform-9,1,206,206,2,2026-09-15,lol:206,44,349,1,1,349,0.2,мало данных
content-2026-09-14-7str-oform-9_30,content-2026-09-14-7str-oform-9,1,206,206,2,2026-09-15,team:206,40,533,0,0,,0.2,мало данных
content-2026-09-14-7str-oform-9_31,content-2026-09-14-7str-oform-9,1,206,206,2,2026-09-15,team:206,19,233,0,0,,0.2,мало данных
content-2026-09-14-7str-oform-9_32,content-2026-09-14-7str-oform-9,1,206,206,2,2026-09-15,team:206,34,439,0,0,,0.2,мало данных
content-2026-09-14-7str-oform-9_33,content-2026-09-14-7str-oform-9,1,206,206,2,2026-09-15,team:206,49,510,0,0,,0.2,мало данных
content-2026-09-14-7str-oform-9_34,content-2026-09-14-7str-oform-9,1,206,206,2,2026-09-15,team:206,32,778,0,0,,0.2,мало данных
content-2026-09-14-7str-oform-9_35,content-2026-09-14-7str-oform-9,1,206,206,2,2026-09-15,team:206,36,548,0,0,,0.2,мало данных
content-2026-09-14-7str-oform-9_36,content-2026-09-14-7str-oform-9,1,206,206,2,2026-09-15,team:206,34,513,0,0,,0.2,мало данных
content-2026-09-14-7str-oform-9_37,content-2026-09-14-7str-oform-9,1,206,206,2,2026-09-15,team:206,11,75,0,0,,0.2,мало данных
content-2026-09-14-7str-oform-9_38,content-2026-09-14-7str-oform-9,1,206,206,2,2026-09-15,team:206,15,574,0,0,,0.2,мало данных
content-2026-09-14-7str-oform-9_39,content-2026-09-14-7str-oform-9,1,206,206,2,2026-09-15,team:206,51,1441,3,0,480,0.2,мало данных
content-2026-09-14-7str-oform-9_4,content-2026-09-14-7str-oform-9,1,206,206,2,2026-09-15,lol:206,22,384,0,0,,0.2,мало данных
content-2026-09-14-7str-oform-9_7,content-2026-09-14-7str-oform-9,1,150,150,1,2026-09-21,lol:150,0,0,0,0,,0.0,мало данных
content-2026-09-14b-7str-oform-1_10,content-2026-09-14b-7str-oform-1,1,150,150,1,2026-09-21,lol:150,0,0,0,0,,0.0,мало данных
content-2026-09-14b-7str-oform-1_11,content-2026-09-14b-7str-oform-1,1,150,150,1,2026-09-21,team:150,8,15,1,0,15,0.0,мало данных
content-2026-09-14b-7str-oform-1_12,content-2026-09-14b-7str-oform-1,1,150,150,1,2026-09-21,team:150,0,0,0,0,,0.0,мало данных
content-2026-09-14b-7str-oform-1_13,content-2026-09-14b-7str-oform-1,1,150,150,1,2026-09-21,lol:150,22,235,0,0,,0.0,мало данных
content-2026-09-14b-7str-oform-1_14,content-2026-09-14b-7str-oform-1,1,150,150,1,2026-09-21,team:150,3,7,0,0,,0.0,мало данных
content-2026-09-14b-7str-oform-1_15,content-2026-09-14b-7str-oform-1,1,150,150,1,2026-09-21,team:150,0,0,0,0,,0.0,мало данных
content-2026-09-14b-7str-oform-1_16,content-2026-09-14b-7str-oform-1,1,150,150,1,2026-09-21,lol:150,12,53,0,0,,0.0,мало данных
content-2026-09-14b-7str-oform-1_17,content-2026-09-14b-7str-oform-1,1,150,150,1,2026-09-21,lol:150,0,0,0,0,,0.0,мало данных
content-2026-09-14b-7str-oform-1_18,content-2026-09-14b-7str-oform-1,1,150,150,1,2026-09-21,lol:150,0,0,0,0,,0.0,мало данных
content-2026-09-14b-7str-oform-1_19,content-2026-09-14b-7str-oform-1,1,150,150,1,2026-09-21,team:150,36,530,1,0,530,0.0,мало данных
content-2026-09-14b-7str-oform-1_20,content-2026-09-14b-7str-oform-1,1,150,150,1,2026-09-21,team:150,11,21,0,0,,0.0,мало данных
content-2026-09-14b-7str-oform-1_21,content-2026-09-14b-7str-oform-1,1,150,150,1,2026-09-21,team:150,31,172,0,0,,0.0,мало данных
content-2026-09-14b-7str-oform-1_22,content-2026-09-14b-7str-oform-1,1,150,150,1,2026-09-21,team:150,0,0,0,0,,0.0,мало данных
content-2026-09-14b-7str-oform-1_23,content-2026-09-14b-7str-oform-1,1,150,150,1,2026-09-21,lol:150,2,3,0,0,,0.0,мало данных
content-2026-09-14b-7str-oform-1_24,content-2026-09-14b-7str-oform-1,1,150,150,1,2026-09-21,lol:150,17,229,0,0,,0.0,мало данных
content-2026-09-14b-7str-oform-1_25,content-2026-09-14b-7str-oform-1,1,150,150,1,2026-09-21,team:150,0,0,0,0,,0.0,мало данных
content-2026-09-14b-7str-oform-1_26,content-2026-09-14b-7str-oform-1,1,150,150,1,2026-09-21,lol:150,3,7,0,0,,0.0,мало данных
content-2026-09-14b-7str-oform-1_27,content-2026-09-14b-7str-oform-1,1,150,150,1,2026-09-21,team:150,0,0,0,0,,0.0,мало данных
content-2026-09-14b-7str-oform-1_28,content-2026-09-14b-7str-oform-1,1,150,150,1,2026-09-21,team:150,19,167,0,0,,0.0,мало данных
content-2026-09-14b-7str-oform-1_29,content-2026-09-14b-7str-oform-1,1,150,150,1,2026-09-21,team:150,19,56,0,0,,0.0,мало данных
content-2026-09-14b-7str-oform-1_30,content-2026-09-14b-7str-oform-1,1,206,206,2,2026-09-17,lol:206,4,69,0,0,,0.1,мало данных
content-2026-09-14b-7str-oform-1_31,content-2026-09-14b-7str-oform-1,1,206,206,2,2026-09-17,team:206,23,378,0,0,,0.1,мало данных
content-2026-09-14b-7str-oform-1_32,content-2026-09-14b-7str-oform-1,1,150,150,1,2026-09-18,lol:150,10,169,0,0,,0.1,мало данных
content-2026-09-14b-7str-oform-1_33,content-2026-09-14b-7str-oform-1,1,150,150,1,2026-09-18,lol:150,5,16,0,0,,0.1,мало данных
content-2026-09-14b-7str-oform-1_34,content-2026-09-14b-7str-oform-1,1,206,206,2,2026-09-17,team:206,2,2,0,0,,0.1,мало данных
content-2026-09-14b-7str-oform-1_35,content-2026-09-14b-7str-oform-1,1,206,206,2,2026-09-17,lol:206,34,502,0,0,,0.1,мало данных
content-2026-09-14b-7str-oform-1_36,content-2026-09-14b-7str-oform-1,1,206,206,2,2026-09-17,team:206,42,345,0,0,,0.1,мало данных
content-2026-09-14b-7str-oform-1_37,content-2026-09-14b-7str-oform-1,1,206,206,2,2026-09-17,lol:206,1,11,0,0,,0.1,мало данных
content-2026-09-14b-7str-oform-1_38,content-2026-09-14b-7str-oform-1,1,150,150,1,2026-09-18,lol:150,23,511,0,0,,0.1,мало данных
content-2026-09-14b-7str-oform-1_39,content-2026-09-14b-7str-oform-1,1,206,206,2,2026-09-17,team:206,22,814,0,0,,0.1,мало данных
content-2026-09-14b-7str-oform-1_40,content-2026-09-14b-7str-oform-1,1,206,206,2,2026-09-17,team:206,32,384,0,0,,0.1,мало данных
content-2026-09-14b-7str-oform-1_41,content-2026-09-14b-7str-oform-1,1,206,206,2,2026-09-17,lol:206,5,6,0,0,,0.1,мало данных
content-2026-09-14b-7str-oform-1_42,content-2026-09-14b-7str-oform-1,1,206,206,2,2026-09-17,lol:206,28,475,0,0,,0.1,мало данных
content-2026-09-14b-7str-oform-1_43,content-2026-09-14b-7str-oform-1,1,206,206,2,2026-09-17,team:206,55,883,0,0,,0.1,мало данных
content-2026-09-14b-7str-oform-1_44,content-2026-09-14b-7str-oform-1,1,206,206,2,2026-09-17,team:206,24,619,0,0,,0.1,мало данных
content-2026-09-14b-7str-oform-1_45,content-2026-09-14b-7str-oform-1,1,206,206,2,2026-09-17,team:206,14,71,0,0,,0.1,мало данных
content-2026-09-14b-7str-oform-1_46,content-2026-09-14b-7str-oform-1,1,206,206,2,2026-09-17,team:206,1,7,0,0,,0.1,мало данных
content-2026-09-14b-7str-oform-1_47,content-2026-09-14b-7str-oform-1,1,206,206,2,2026-09-17,lol:206,31,327,0,0,,0.1,мало данных
content-2026-09-14b-7str-oform-1_48,content-2026-09-14b-7str-oform-1,1,206,206,2,2026-09-17,lol:206,0,0,0,0,,0.1,мало данных
content-2026-09-14b-7str-oform-1_49,content-2026-09-14b-7str-oform-1,1,206,206,2,2026-09-17,lol:206,3,6,0,0,,0.1,мало данных
content-2026-09-14b-7str-oform-1_50,content-2026-09-14b-7str-oform-1,1,206,206,2,2026-09-17,lol:206,56,2254,0,0,,0.1,мало данных
content-2026-09-14b-7str-oform-1_51,content-2026-09-14b-7str-oform-1,1,206,206,2,2026-09-17,lol:206,10,44,0,0,,0.1,мало данных
content-2026-09-14b-7str-oform-1_7,content-2026-09-14b-7str-oform-1,1,150,150,1,2026-09-21,lol:150,21,87,0,0,,0.0,мало данных
content-2026-09-14b-7str-oform-1_8,content-2026-09-14b-7str-oform-1,1,150,150,1,2026-09-21,lol:150,8,25,0,0,,0.0,мало данных
content-2026-09-14b-7str-oform-1_9,content-2026-09-14b-7str-oform-1,1,150,150,1,2026-09-21,team:150,9,19,0,0,,0.0,мало данных
content-2026-09-14b-7str-oform-2_1,content-2026-09-14b-7str-oform-2,1,206,206,2,2026-09-17,team:206,4,181,0,0,,0.1,мало данных
content-2026-09-14b-7str-oform-2_10,content-2026-09-14b-7str-oform-2,1,206,206,2,2026-09-17,lol:206,10,32,0,0,,0.1,мало данных
content-2026-09-14b-7str-oform-2_11,content-2026-09-14b-7str-oform-2,1,206,206,2,2026-09-17,team:206,43,612,0,0,,0.1,мало данных
content-2026-09-14b-7str-oform-2_12,content-2026-09-14b-7str-oform-2,1,206,206,2,2026-09-16,lol:206,35,932,0,0,,0.1,мало данных
content-2026-09-14b-7str-oform-2_13,content-2026-09-14b-7str-oform-2,1,206,206,2,2026-09-16,lol:206,32,1225,0,0,,0.1,мало данных
content-2026-09-14b-7str-oform-2_14,content-2026-09-14b-7str-oform-2,1,206,206,2,2026-09-16,lol:206,23,81,0,0,,0.1,мало данных
content-2026-09-14b-7str-oform-2_15,content-2026-09-14b-7str-oform-2,1,206,206,2,2026-09-16,team:206,25,564,0,0,,0.1,мало данных
content-2026-09-14b-7str-oform-2_16,content-2026-09-14b-7str-oform-2,1,206,206,2,2026-09-16,lol:206,11,40,0,0,,0.1,мало данных
content-2026-09-14b-7str-oform-2_17,content-2026-09-14b-7str-oform-2,1,206,206,2,2026-09-16,team:206,43,2677,0,0,,0.1,мало данных
content-2026-09-14b-7str-oform-2_18,content-2026-09-14b-7str-oform-2,1,206,206,2,2026-09-15,team:206,60,504,0,0,,0.2,мало данных
content-2026-09-14b-7str-oform-2_19,content-2026-09-14b-7str-oform-2,1,206,206,2,2026-09-15,team:206,54,705,0,0,,0.2,мало данных
content-2026-09-14b-7str-oform-2_2,content-2026-09-14b-7str-oform-2,1,206,206,2,2026-09-17,lol:206,35,352,0,0,,0.1,мало данных
content-2026-09-14b-7str-oform-2_20,content-2026-09-14b-7str-oform-2,1,206,206,2,2026-09-15,team:206,64,2816,2,1,1408,0.2,мало данных
content-2026-09-14b-7str-oform-2_21,content-2026-09-14b-7str-oform-2,1,206,206,2,2026-09-15,lol:206,80,4714,1,1,4714,0.2,мало данных
content-2026-09-14b-7str-oform-2_22,content-2026-09-14b-7str-oform-2,1,206,206,2,2026-09-15,team:206,35,305,0,0,,0.2,мало данных
content-2026-09-14b-7str-oform-2_23,content-2026-09-14b-7str-oform-2,1,206,206,2,2026-09-15,lol:206,33,216,0,0,,0.2,мало данных
content-2026-09-14b-7str-oform-2_24,content-2026-09-14b-7str-oform-2,1,206,206,2,2026-09-15,team:206,53,1956,0,0,,0.2,мало данных
content-2026-09-14b-7str-oform-2_25,content-2026-09-14b-7str-oform-2,1,206,206,2,2026-09-15,lol:206,47,541,0,0,,0.2,мало данных
content-2026-09-14b-7str-oform-2_26,content-2026-09-14b-7str-oform-2,1,206,206,2,2026-09-15,team:206,24,2698,0,0,,0.2,мало данных
content-2026-09-14b-7str-oform-2_27,content-2026-09-14b-7str-oform-2,1,206,206,2,2026-09-15,team:206,32,141,0,0,,0.2,мало данных
content-2026-09-14b-7str-oform-2_28,content-2026-09-14b-7str-oform-2,1,206,206,2,2026-09-15,lol:206,37,352,0,0,,0.2,мало данных
content-2026-09-14b-7str-oform-2_29,content-2026-09-14b-7str-oform-2,1,206,206,2,2026-09-15,team:206,74,2943,0,0,,0.2,мало данных
content-2026-09-14b-7str-oform-2_3,content-2026-09-14b-7str-oform-2,1,206,206,2,2026-09-17,lol:206,19,305,0,0,,0.1,мало данных
content-2026-09-14b-7str-oform-2_30,content-2026-09-14b-7str-oform-2,1,206,206,2,2026-09-15,team:206,37,847,0,0,,0.2,мало данных
content-2026-09-14b-7str-oform-2_31,content-2026-09-14b-7str-oform-2,1,206,206,2,2026-09-15,lol:206,71,2889,0,0,,0.2,мало данных
content-2026-09-14b-7str-oform-2_32,content-2026-09-14b-7str-oform-2,1,206,206,2,2026-09-15,team:206,19,497,0,0,,0.2,мало данных
content-2026-09-14b-7str-oform-2_33,content-2026-09-14b-7str-oform-2,1,206,206,2,2026-09-15,team:206,12,37,0,0,,0.2,мало данных
content-2026-09-14b-7str-oform-2_34,content-2026-09-14b-7str-oform-2,1,206,206,2,2026-09-15,team:206,30,158,0,0,,0.2,мало данных
content-2026-09-14b-7str-oform-2_35,content-2026-09-14b-7str-oform-2,1,206,206,2,2026-09-15,team:206,17,346,0,0,,0.2,мало данных
content-2026-09-14b-7str-oform-2_36,content-2026-09-14b-7str-oform-2,1,205,205,2,2026-09-15,team:205,1,274,0,0,,0.2,мало данных
content-2026-09-14b-7str-oform-2_37,content-2026-09-14b-7str-oform-2,1,206,206,2,2026-09-15,team:206,23,638,1,1,638,0.2,мало данных
content-2026-09-14b-7str-oform-2_38,content-2026-09-14b-7str-oform-2,1,206,206,2,2026-09-15,team:206,35,219,0,0,,0.2,мало данных
content-2026-09-14b-7str-oform-2_39,content-2026-09-14b-7str-oform-2,1,206,206,2,2026-09-15,team:206,33,948,0,0,,0.2,мало данных
content-2026-09-14b-7str-oform-2_4,content-2026-09-14b-7str-oform-2,1,206,206,2,2026-09-17,lol:206,11,74,0,0,,0.1,мало данных
content-2026-09-14b-7str-oform-2_40,content-2026-09-14b-7str-oform-2,1,206,206,2,2026-09-15,team:206,20,97,0,0,,0.2,мало данных
content-2026-09-14b-7str-oform-2_41,content-2026-09-14b-7str-oform-2,1,206,206,2,2026-09-15,team:206,39,1536,1,0,1536,0.2,мало данных
content-2026-09-14b-7str-oform-2_42,content-2026-09-14b-7str-oform-2,1,206,206,2,2026-09-15,team:206,34,287,0,0,,0.2,мало данных
content-2026-09-14b-7str-oform-2_43,content-2026-09-14b-7str-oform-2,1,206,206,2,2026-09-15,team:206,24,212,0,0,,0.2,мало данных
content-2026-09-14b-7str-oform-2_44,content-2026-09-14b-7str-oform-2,1,206,206,2,2026-09-15,team:206,42,757,0,0,,0.2,мало данных
content-2026-09-14b-7str-oform-2_45,content-2026-09-14b-7str-oform-2,1,206,206,2,2026-09-15,team:206,15,114,0,0,,0.2,мало данных
content-2026-09-14b-7str-oform-2_46,content-2026-09-14b-7str-oform-2,1,206,206,2,2026-09-15,team:206,25,353,0,0,,0.2,мало данных
content-2026-09-14b-7str-oform-2_47,content-2026-09-14b-7str-oform-2,1,206,206,2,2026-09-15,team:206,6,99,0,0,,0.2,мало данных
content-2026-09-14b-7str-oform-2_48,content-2026-09-14b-7str-oform-2,1,206,206,2,2026-09-15,team:206,23,88,1,0,88,0.2,мало данных
content-2026-09-14b-7str-oform-2_49,content-2026-09-14b-7str-oform-2,1,206,206,2,2026-09-15,team:206,16,47,0,0,,0.2,мало данных
content-2026-09-14b-7str-oform-2_5,content-2026-09-14b-7str-oform-2,1,206,206,2,2026-09-17,team:206,23,252,0,0,,0.1,мало данных
content-2026-09-14b-7str-oform-2_50,content-2026-09-14b-7str-oform-2,1,206,206,2,2026-09-15,team:206,37,794,0,0,,0.2,мало данных
content-2026-09-14b-7str-oform-2_51,content-2026-09-14b-7str-oform-2,1,206,206,2,2026-09-15,team:206,41,178,0,0,,0.2,мало данных
content-2026-09-14b-7str-oform-2_6,content-2026-09-14b-7str-oform-2,1,206,206,2,2026-09-17,team:206,6,31,0,0,,0.1,мало данных
content-2026-09-14b-7str-oform-2_7,content-2026-09-14b-7str-oform-2,1,206,206,2,2026-09-17,team:206,10,305,0,0,,0.1,мало данных
content-2026-09-14b-7str-oform-2_8,content-2026-09-14b-7str-oform-2,1,206,206,2,2026-09-17,team:206,9,61,0,0,,0.1,мало данных
content-2026-09-14b-7str-oform-2_9,content-2026-09-14b-7str-oform-2,1,206,206,2,2026-09-17,team:206,32,388,0,0,,0.1,мало данных
content-2026-09-14c-12str-oform_1,content-2026-09-14c-12str-oform,1,206,206,2,2026-09-15,team:206,99,4662,2,0,2331,0.2,мало данных
content-2026-09-14c-12str-oform_2,content-2026-09-14c-12str-oform,1,206,206,2,2026-09-15,team:206,95,5671,4,2,1417,0.2,мало данных
content-2026-09-14c-12str-oform_3,content-2026-09-14c-12str-oform,1,206,206,2,2026-09-15,team:206,53,4161,0,0,,0.2,мало данных
content-2026-09-14c-12str-oform_4,content-2026-09-14c-12str-oform,1,206,206,2,2026-09-15,team:206,36,2542,0,0,,0.2,мало данных
content-2026-09-14c-7str-oform-1_1,content-2026-09-14c-7str-oform-1,1,206,206,2,2026-09-16,team:206,40,503,0,0,,0.1,мало данных
content-2026-09-14c-7str-oform-1_10,content-2026-09-14c-7str-oform-1,1,206,206,2,2026-09-16,lol:206,11,121,0,0,,0.1,мало данных
content-2026-09-14c-7str-oform-1_11,content-2026-09-14c-7str-oform-1,1,206,206,2,2026-09-16,team:206,23,207,0,0,,0.1,мало данных
content-2026-09-14c-7str-oform-1_12,content-2026-09-14c-7str-oform-1,1,206,206,2,2026-09-16,lol:206,54,684,0,0,,0.1,мало данных
content-2026-09-14c-7str-oform-1_13,content-2026-09-14c-7str-oform-1,1,206,206,2,2026-09-16,team:206,68,5696,1,0,5696,0.1,мало данных
content-2026-09-14c-7str-oform-1_14,content-2026-09-14c-7str-oform-1,1,206,206,2,2026-09-16,team:206,40,4075,0,0,,0.1,мало данных
content-2026-09-14c-7str-oform-1_15,content-2026-09-14c-7str-oform-1,1,206,206,2,2026-09-15,team:206,64,2253,0,0,,0.2,мало данных
content-2026-09-14c-7str-oform-1_16,content-2026-09-14c-7str-oform-1,1,206,206,2,2026-09-15,team:206,45,497,0,0,,0.2,мало данных
content-2026-09-14c-7str-oform-1_17,content-2026-09-14c-7str-oform-1,1,206,206,2,2026-09-16,team:206,43,2408,0,0,,0.1,мало данных
content-2026-09-14c-7str-oform-1_18,content-2026-09-14c-7str-oform-1,1,206,206,2,2026-09-16,lol:206,20,130,0,0,,0.1,мало данных
content-2026-09-14c-7str-oform-1_19,content-2026-09-14c-7str-oform-1,1,206,206,2,2026-09-16,team:206,30,207,0,0,,0.1,мало данных
content-2026-09-14c-7str-oform-1_2,content-2026-09-14c-7str-oform-1,1,206,206,2,2026-09-16,team:206,27,190,0,0,,0.1,мало данных
content-2026-09-14c-7str-oform-1_20,content-2026-09-14c-7str-oform-1,1,206,206,2,2026-09-15,team:206,39,427,0,0,,0.2,мало данных
content-2026-09-14c-7str-oform-1_21,content-2026-09-14c-7str-oform-1,1,206,206,2,2026-09-15,lol:206,53,1818,0,0,,0.2,мало данных
content-2026-09-14c-7str-oform-1_22,content-2026-09-14c-7str-oform-1,1,206,206,2,2026-09-15,lol:206,66,2118,1,1,2118,0.2,мало данных
content-2026-09-14c-7str-oform-1_23,content-2026-09-14c-7str-oform-1,1,206,206,2,2026-09-15,lol:206,54,373,0,0,,0.2,мало данных
content-2026-09-14c-7str-oform-1_24,content-2026-09-14c-7str-oform-1,1,206,206,2,2026-09-16,team:206,66,2002,0,0,,0.1,мало данных
content-2026-09-14c-7str-oform-1_25,content-2026-09-14c-7str-oform-1,1,206,206,2,2026-09-15,team:206,79,3972,1,0,3972,0.2,мало данных
content-2026-09-14c-7str-oform-1_26,content-2026-09-14c-7str-oform-1,1,206,206,2,2026-09-16,team:206,57,1878,0,0,,0.1,мало данных
content-2026-09-14c-7str-oform-1_27,content-2026-09-14c-7str-oform-1,1,206,206,2,2026-09-16,lol:206,37,473,0,0,,0.1,мало данных
content-2026-09-14c-7str-oform-1_28,content-2026-09-14c-7str-oform-1,1,206,206,2,2026-09-16,lol:206,48,531,1,0,531,0.1,мало данных
content-2026-09-14c-7str-oform-1_29,content-2026-09-14c-7str-oform-1,1,206,206,2,2026-09-15,lol:206,35,369,0,0,,0.2,мало данных
content-2026-09-14c-7str-oform-1_3,content-2026-09-14c-7str-oform-1,1,206,206,2,2026-09-16,lol:206,44,727,0,0,,0.1,мало данных
content-2026-09-14c-7str-oform-1_30,content-2026-09-14c-7str-oform-1,1,206,206,2,2026-09-16,team:206,24,685,0,0,,0.1,мало данных
content-2026-09-14c-7str-oform-1_31,content-2026-09-14c-7str-oform-1,1,206,206,2,2026-09-15,team:206,53,3836,1,0,3836,0.2,мало данных
content-2026-09-14c-7str-oform-1_32,content-2026-09-14c-7str-oform-1,1,206,206,2,2026-09-15,lol:206,36,293,0,0,,0.2,мало данных
content-2026-09-14c-7str-oform-1_33,content-2026-09-14c-7str-oform-1,1,206,206,2,2026-09-16,team:206,53,1799,0,0,,0.1,мало данных
content-2026-09-14c-7str-oform-1_34,content-2026-09-14c-7str-oform-1,1,206,206,2,2026-09-15,team:206,35,288,0,0,,0.2,мало данных
content-2026-09-14c-7str-oform-1_35,content-2026-09-14c-7str-oform-1,1,206,206,2,2026-09-15,lol:206,59,863,0,0,,0.2,мало данных
content-2026-09-14c-7str-oform-1_36,content-2026-09-14c-7str-oform-1,1,206,206,2,2026-09-15,team:206,56,2832,3,0,944,0.2,мало данных
content-2026-09-14c-7str-oform-1_37,content-2026-09-14c-7str-oform-1,1,206,206,2,2026-09-15,lol:206,31,819,0,0,,0.2,мало данных
content-2026-09-14c-7str-oform-1_38,content-2026-09-14c-7str-oform-1,1,206,206,2,2026-09-16,lol:206,66,2067,1,1,2067,0.1,мало данных
content-2026-09-14c-7str-oform-1_39,content-2026-09-14c-7str-oform-1,1,206,206,2,2026-09-15,team:206,50,2899,0,0,,0.2,мало данных
content-2026-09-14c-7str-oform-1_4,content-2026-09-14c-7str-oform-1,1,206,206,2,2026-09-16,team:206,64,3094,0,0,,0.1,мало данных
content-2026-09-14c-7str-oform-1_40,content-2026-09-14c-7str-oform-1,1,206,206,2,2026-09-16,lol:206,47,1099,0,0,,0.1,мало данных
content-2026-09-14c-7str-oform-1_41,content-2026-09-14c-7str-oform-1,1,206,206,2,2026-09-15,lol:206,40,1313,0,0,,0.2,мало данных
content-2026-09-14c-7str-oform-1_42,content-2026-09-14c-7str-oform-1,1,206,206,2,2026-09-15,lol:206,37,192,0,0,,0.2,мало данных
content-2026-09-14c-7str-oform-1_43,content-2026-09-14c-7str-oform-1,1,206,206,2,2026-09-15,team:206,57,5620,1,0,5620,0.2,мало данных
content-2026-09-14c-7str-oform-1_44,content-2026-09-14c-7str-oform-1,1,206,206,2,2026-09-15,team:206,98,8590,0,0,,0.2,мало данных
content-2026-09-14c-7str-oform-1_45,content-2026-09-14c-7str-oform-1,1,206,206,2,2026-09-15,lol:206,56,721,1,0,721,0.2,мало данных
content-2026-09-14c-7str-oform-1_5,content-2026-09-14c-7str-oform-1,1,206,206,2,2026-09-16,team:206,33,746,0,0,,0.1,мало данных
content-2026-09-14c-7str-oform-1_6,content-2026-09-14c-7str-oform-1,1,206,206,2,2026-09-16,team:206,39,187,0,0,,0.1,мало данных
content-2026-09-14c-7str-oform-1_7,content-2026-09-14c-7str-oform-1,1,206,206,2,2026-09-15,team:206,35,599,0,0,,0.2,мало данных
content-2026-09-14c-7str-oform-1_8,content-2026-09-14c-7str-oform-1,1,206,206,2,2026-09-16,team:206,41,3016,0,0,,0.1,мало данных
content-2026-09-14c-7str-oform-1_9,content-2026-09-14c-7str-oform-1,1,206,206,2,2026-09-16,team:206,45,258,0,0,,0.1,мало данных
content-2026-09-14c-7str-oform-2_1,content-2026-09-14c-7str-oform-2,1,206,206,2,2026-09-15,team:206,60,1283,0,0,,0.2,мало данных
content-2026-09-14c-7str-oform-2_10,content-2026-09-14c-7str-oform-2,1,206,206,2,2026-09-16,lol:206,43,791,0,0,,0.1,мало данных
content-2026-09-14c-7str-oform-2_11,content-2026-09-14c-7str-oform-2,1,206,206,2,2026-09-15,lol:206,30,478,0,0,,0.2,мало данных
content-2026-09-14c-7str-oform-2_12,content-2026-09-14c-7str-oform-2,1,206,206,2,2026-09-15,lol:206,37,318,0,0,,0.2,мало данных
content-2026-09-14c-7str-oform-2_13,content-2026-09-14c-7str-oform-2,1,206,206,2,2026-09-15,lol:206,38,277,1,1,277,0.2,мало данных
content-2026-09-14c-7str-oform-2_14,content-2026-09-14c-7str-oform-2,1,206,206,2,2026-09-15,team:206,77,3592,0,0,,0.2,мало данных
content-2026-09-14c-7str-oform-2_15,content-2026-09-14c-7str-oform-2,1,206,206,2,2026-09-15,team:206,22,1017,0,0,,0.2,мало данных
content-2026-09-14c-7str-oform-2_16,content-2026-09-14c-7str-oform-2,1,206,206,2,2026-09-15,team:206,48,528,0,0,,0.2,мало данных
content-2026-09-14c-7str-oform-2_17,content-2026-09-14c-7str-oform-2,1,206,206,2,2026-09-15,team:206,83,1952,4,0,488,0.2,мало данных
content-2026-09-14c-7str-oform-2_18,content-2026-09-14c-7str-oform-2,1,206,206,2,2026-09-15,team:206,35,679,0,0,,0.2,мало данных
content-2026-09-14c-7str-oform-2_19,content-2026-09-14c-7str-oform-2,1,206,206,2,2026-09-15,lol:206,44,381,0,0,,0.2,мало данных
content-2026-09-14c-7str-oform-2_2,content-2026-09-14c-7str-oform-2,1,206,206,2,2026-09-15,lol:206,50,2974,1,1,2974,0.2,мало данных
content-2026-09-14c-7str-oform-2_20,content-2026-09-14c-7str-oform-2,1,206,206,2,2026-09-15,team:206,38,376,0,0,,0.2,мало данных
content-2026-09-14c-7str-oform-2_21,content-2026-09-14c-7str-oform-2,1,206,206,2,2026-09-15,team:206,21,651,0,0,,0.2,мало данных
content-2026-09-14c-7str-oform-2_22,content-2026-09-14c-7str-oform-2,1,206,206,2,2026-09-15,team:206,51,845,0,0,,0.2,мало данных
content-2026-09-14c-7str-oform-2_23,content-2026-09-14c-7str-oform-2,1,206,206,2,2026-09-15,team:206,69,3271,1,0,3271,0.2,мало данных
content-2026-09-14c-7str-oform-2_24,content-2026-09-14c-7str-oform-2,1,206,206,2,2026-09-15,team:206,78,1443,3,0,481,0.2,мало данных
content-2026-09-14c-7str-oform-2_25,content-2026-09-14c-7str-oform-2,1,206,206,2,2026-09-15,team:206,103,6568,2,0,3284,0.2,мало данных
content-2026-09-14c-7str-oform-2_26,content-2026-09-14c-7str-oform-2,1,206,206,2,2026-09-15,team:206,22,379,0,0,,0.2,мало данных
content-2026-09-14c-7str-oform-2_27,content-2026-09-14c-7str-oform-2,1,206,206,2,2026-09-15,lol:206,56,4274,0,0,,0.2,мало данных
content-2026-09-14c-7str-oform-2_28,content-2026-09-14c-7str-oform-2,1,206,206,2,2026-09-15,lol:206,21,141,0,0,,0.2,мало данных
content-2026-09-14c-7str-oform-2_29,content-2026-09-14c-7str-oform-2,1,206,206,2,2026-09-15,team:206,41,2371,0,0,,0.2,мало данных
content-2026-09-14c-7str-oform-2_3,content-2026-09-14c-7str-oform-2,1,206,206,2,2026-09-15,team:206,56,2767,1,1,2767,0.2,мало данных
content-2026-09-14c-7str-oform-2_30,content-2026-09-14c-7str-oform-2,1,206,206,2,2026-09-15,lol:206,32,266,0,0,,0.2,мало данных
content-2026-09-14c-7str-oform-2_31,content-2026-09-14c-7str-oform-2,1,206,206,2,2026-09-15,team:206,49,2427,1,0,2427,0.2,мало данных
content-2026-09-14c-7str-oform-2_32,content-2026-09-14c-7str-oform-2,1,206,206,2,2026-09-15,lol:206,29,125,0,0,,0.2,мало данных
content-2026-09-14c-7str-oform-2_33,content-2026-09-14c-7str-oform-2,1,206,206,2,2026-09-15,lol:206,48,1042,0,0,,0.2,мало данных
content-2026-09-14c-7str-oform-2_34,content-2026-09-14c-7str-oform-2,1,206,206,2,2026-09-15,team:206,50,1690,0,0,,0.2,мало данных
content-2026-09-14c-7str-oform-2_35,content-2026-09-14c-7str-oform-2,1,206,206,2,2026-09-15,team:206,46,588,0,0,,0.2,мало данных
content-2026-09-14c-7str-oform-2_36,content-2026-09-14c-7str-oform-2,1,206,206,2,2026-09-15,lol:206,44,494,0,0,,0.2,мало данных
content-2026-09-14c-7str-oform-2_37,content-2026-09-14c-7str-oform-2,1,206,206,2,2026-09-15,lol:206,34,221,0,0,,0.2,мало данных
content-2026-09-14c-7str-oform-2_38,content-2026-09-14c-7str-oform-2,1,206,206,2,2026-09-15,team:206,48,1044,0,0,,0.2,мало данных
content-2026-09-14c-7str-oform-2_39,content-2026-09-14c-7str-oform-2,1,206,206,2,2026-09-15,lol:206,29,332,0,0,,0.2,мало данных
content-2026-09-14c-7str-oform-2_4,content-2026-09-14c-7str-oform-2,1,206,206,2,2026-09-15,lol:206,31,1737,0,0,,0.2,мало данных
content-2026-09-14c-7str-oform-2_40,content-2026-09-14c-7str-oform-2,1,206,206,2,2026-09-15,team:206,27,433,0,0,,0.2,мало данных
content-2026-09-14c-7str-oform-2_41,content-2026-09-14c-7str-oform-2,1,206,206,2,2026-09-15,team:206,36,872,0,0,,0.2,мало данных
content-2026-09-14c-7str-oform-2_42,content-2026-09-14c-7str-oform-2,1,206,206,2,2026-09-15,team:206,51,3079,0,0,,0.2,мало данных
content-2026-09-14c-7str-oform-2_43,content-2026-09-14c-7str-oform-2,1,206,206,2,2026-09-15,lol:206,37,386,0,0,,0.2,мало данных
content-2026-09-14c-7str-oform-2_44,content-2026-09-14c-7str-oform-2,1,206,206,2,2026-09-15,lol:206,43,2476,0,0,,0.2,мало данных
content-2026-09-14c-7str-oform-2_5,content-2026-09-14c-7str-oform-2,1,206,206,2,2026-09-15,lol:206,29,363,0,0,,0.2,мало данных
content-2026-09-14c-7str-oform-2_6,content-2026-09-14c-7str-oform-2,1,206,206,2,2026-09-16,lol:206,72,1922,0,0,,0.1,мало данных
content-2026-09-14c-7str-oform-2_7,content-2026-09-14c-7str-oform-2,1,206,206,2,2026-09-15,lol:206,42,884,1,0,884,0.2,мало данных
content-2026-09-14c-7str-oform-2_8,content-2026-09-14c-7str-oform-2,1,206,206,2,2026-09-16,lol:206,55,6372,0,0,,0.1,мало данных
content-2026-09-14c-7str-oform-2_9,content-2026-09-14c-7str-oform-2,1,206,206,2,2026-09-15,lol:206,72,3222,0,0,,0.2,мало данных
content-2026-09-15-12str-oform_1,content-2026-09-15-12str-oform,1,206,206,2,2026-09-17,team:206,26,100,0,0,,0.1,мало данных
content-2026-09-15-12str-oform_2,content-2026-09-15-12str-oform,1,206,206,2,2026-09-17,lol:206,1,2,0,0,,0.1,мало данных
content-2026-09-15-12str-oform_3,content-2026-09-15-12str-oform,1,206,206,2,2026-09-17,team:206,10,122,0,0,,0.1,мало данных
content-2026-09-15-7str-oform-1_1,content-2026-09-15-7str-oform-1,1,206,206,2,2026-09-17,lol:206,16,90,0,0,,0.1,мало данных
content-2026-09-15-7str-oform-1_10,content-2026-09-15-7str-oform-1,1,206,206,2,2026-09-17,lol:206,8,18,0,0,,0.1,мало данных
content-2026-09-15-7str-oform-1_11,content-2026-09-15-7str-oform-1,1,206,206,2,2026-09-17,lol:206,24,546,0,0,,0.1,мало данных
content-2026-09-15-7str-oform-1_12,content-2026-09-15-7str-oform-1,1,206,206,2,2026-09-17,lol:206,13,223,0,0,,0.1,мало данных
content-2026-09-15-7str-oform-1_13,content-2026-09-15-7str-oform-1,1,206,206,2,2026-09-17,lol:206,17,61,0,0,,0.1,мало данных
content-2026-09-15-7str-oform-1_14,content-2026-09-15-7str-oform-1,1,206,206,2,2026-09-17,lol:206,12,73,0,0,,0.1,мало данных
content-2026-09-15-7str-oform-1_15,content-2026-09-15-7str-oform-1,1,206,206,2,2026-09-17,lol:206,19,120,0,0,,0.1,мало данных
content-2026-09-15-7str-oform-1_16,content-2026-09-15-7str-oform-1,1,206,206,2,2026-09-17,lol:206,2,2,0,0,,0.1,мало данных
content-2026-09-15-7str-oform-1_17,content-2026-09-15-7str-oform-1,1,206,206,2,2026-09-17,team:206,14,199,0,0,,0.1,мало данных
content-2026-09-15-7str-oform-1_18,content-2026-09-15-7str-oform-1,1,206,206,2,2026-09-17,team:206,5,11,0,0,,0.1,мало данных
content-2026-09-15-7str-oform-1_19,content-2026-09-15-7str-oform-1,1,206,206,2,2026-09-17,lol:206,5,174,0,0,,0.1,мало данных
content-2026-09-15-7str-oform-1_2,content-2026-09-15-7str-oform-1,1,206,206,2,2026-09-17,lol:206,22,597,0,0,,0.1,мало данных
content-2026-09-15-7str-oform-1_20,content-2026-09-15-7str-oform-1,1,206,206,2,2026-09-17,lol:206,24,190,0,0,,0.1,мало данных
content-2026-09-15-7str-oform-1_21,content-2026-09-15-7str-oform-1,1,206,206,2,2026-09-17,lol:206,9,28,0,0,,0.1,мало данных
content-2026-09-15-7str-oform-1_22,content-2026-09-15-7str-oform-1,1,206,206,2,2026-09-17,lol:206,32,257,0,0,,0.1,мало данных
content-2026-09-15-7str-oform-1_23,content-2026-09-15-7str-oform-1,1,206,206,2,2026-09-17,team:206,51,616,2,0,308,0.1,мало данных
content-2026-09-15-7str-oform-1_24,content-2026-09-15-7str-oform-1,1,206,206,2,2026-09-17,team:206,13,178,0,0,,0.1,мало данных
content-2026-09-15-7str-oform-1_25,content-2026-09-15-7str-oform-1,1,206,206,2,2026-09-17,team:206,4,5,0,0,,0.1,мало данных
content-2026-09-15-7str-oform-1_26,content-2026-09-15-7str-oform-1,1,206,206,2,2026-09-17,lol:206,9,39,0,0,,0.1,мало данных
content-2026-09-15-7str-oform-1_27,content-2026-09-15-7str-oform-1,1,206,206,2,2026-09-17,lol:206,7,41,0,0,,0.1,мало данных
content-2026-09-15-7str-oform-1_28,content-2026-09-15-7str-oform-1,1,206,206,2,2026-09-17,lol:206,21,70,0,0,,0.1,мало данных
content-2026-09-15-7str-oform-1_29,content-2026-09-15-7str-oform-1,1,206,206,2,2026-09-17,lol:206,15,146,0,0,,0.1,мало данных
content-2026-09-15-7str-oform-1_3,content-2026-09-15-7str-oform-1,1,206,206,2,2026-09-17,lol:206,22,269,0,0,,0.1,мало данных
content-2026-09-15-7str-oform-1_30,content-2026-09-15-7str-oform-1,1,206,206,2,2026-09-17,lol:206,24,241,0,0,,0.1,мало данных
content-2026-09-15-7str-oform-1_31,content-2026-09-15-7str-oform-1,1,206,206,2,2026-09-17,team:206,20,800,0,0,,0.1,мало данных
content-2026-09-15-7str-oform-1_32,content-2026-09-15-7str-oform-1,1,205,205,2,2026-09-17,team:205,27,231,0,0,,0.1,мало данных
content-2026-09-15-7str-oform-1_33,content-2026-09-15-7str-oform-1,1,206,206,2,2026-09-17,lol:206,15,102,0,0,,0.1,мало данных
content-2026-09-15-7str-oform-1_34,content-2026-09-15-7str-oform-1,1,206,206,2,2026-09-17,team:206,2,46,0,0,,0.1,мало данных
content-2026-09-15-7str-oform-1_35,content-2026-09-15-7str-oform-1,1,206,206,2,2026-09-17,lol:206,17,61,0,0,,0.1,мало данных
content-2026-09-15-7str-oform-1_36,content-2026-09-15-7str-oform-1,1,206,206,2,2026-09-17,lol:206,16,39,0,0,,0.1,мало данных
content-2026-09-15-7str-oform-1_37,content-2026-09-15-7str-oform-1,1,206,206,2,2026-09-17,lol:206,11,24,0,0,,0.1,мало данных
content-2026-09-15-7str-oform-1_38,content-2026-09-15-7str-oform-1,1,206,206,2,2026-09-17,lol:206,29,243,0,0,,0.1,мало данных
content-2026-09-15-7str-oform-1_39,content-2026-09-15-7str-oform-1,1,206,206,2,2026-09-16,team:206,12,1236,0,0,,0.1,мало данных
content-2026-09-15-7str-oform-1_4,content-2026-09-15-7str-oform-1,1,206,206,2,2026-09-17,team:206,45,461,0,0,,0.1,мало данных
content-2026-09-15-7str-oform-1_40,content-2026-09-15-7str-oform-1,1,206,206,2,2026-09-17,team:206,26,721,0,0,,0.1,мало данных
content-2026-09-15-7str-oform-1_41,content-2026-09-15-7str-oform-1,1,206,206,2,2026-09-16,lol:206,3,7,0,0,,0.1,мало данных
content-2026-09-15-7str-oform-1_42,content-2026-09-15-7str-oform-1,1,206,206,2,2026-09-16,lol:206,38,369,1,0,369,0.1,мало данных
content-2026-09-15-7str-oform-1_43,content-2026-09-15-7str-oform-1,1,206,206,2,2026-09-17,team:206,46,511,3,1,170,0.1,мало данных
content-2026-09-15-7str-oform-1_44,content-2026-09-15-7str-oform-1,1,206,206,2,2026-09-17,team:206,6,33,0,0,,0.1,мало данных
content-2026-09-15-7str-oform-1_45,content-2026-09-15-7str-oform-1,1,206,206,2,2026-09-16,team:206,19,2256,1,1,2256,0.1,мало данных
content-2026-09-15-7str-oform-1_46,content-2026-09-15-7str-oform-1,1,206,206,2,2026-09-17,team:206,25,367,0,0,,0.1,мало данных
content-2026-09-15-7str-oform-1_47,content-2026-09-15-7str-oform-1,1,206,206,2,2026-09-16,team:206,13,516,0,0,,0.1,мало данных
content-2026-09-15-7str-oform-1_48,content-2026-09-15-7str-oform-1,1,206,206,2,2026-09-16,team:206,64,1361,0,0,,0.1,мало данных
content-2026-09-15-7str-oform-1_49,content-2026-09-15-7str-oform-1,1,206,206,2,2026-09-16,lol:206,20,152,0,0,,0.1,мало данных
content-2026-09-15-7str-oform-1_5,content-2026-09-15-7str-oform-1,1,206,206,2,2026-09-17,team:206,8,35,0,0,,0.1,мало данных
content-2026-09-15-7str-oform-1_50,content-2026-09-15-7str-oform-1,1,206,206,2,2026-09-16,team:206,43,1571,0,0,,0.1,мало данных
content-2026-09-15-7str-oform-1_6,content-2026-09-15-7str-oform-1,1,206,206,2,2026-09-17,lol:206,19,68,0,0,,0.1,мало данных
content-2026-09-15-7str-oform-1_7,content-2026-09-15-7str-oform-1,1,206,206,2,2026-09-17,lol:206,13,218,0,0,,0.1,мало данных
content-2026-09-15-7str-oform-1_8,content-2026-09-15-7str-oform-1,1,206,206,2,2026-09-17,lol:206,7,10,0,0,,0.1,мало данных
content-2026-09-15-7str-oform-1_9,content-2026-09-15-7str-oform-1,1,206,206,2,2026-09-17,lol:206,2,3,0,0,,0.1,мало данных
content-2026-09-15-7str-oform-2_1,content-2026-09-15-7str-oform-2,1,206,206,2,2026-09-16,lol:206,33,3209,0,0,,0.1,мало данных
content-2026-09-15-7str-oform-2_10,content-2026-09-15-7str-oform-2,1,206,206,2,2026-09-16,team:206,27,328,0,0,,0.1,мало данных
content-2026-09-15-7str-oform-2_11,content-2026-09-15-7str-oform-2,1,206,206,2,2026-09-16,team:206,38,246,0,0,,0.1,мало данных
content-2026-09-15-7str-oform-2_12,content-2026-09-15-7str-oform-2,1,206,206,2,2026-09-16,lol:206,6,26,0,0,,0.1,мало данных
content-2026-09-15-7str-oform-2_13,content-2026-09-15-7str-oform-2,1,206,206,2,2026-09-16,team:206,9,41,0,0,,0.1,мало данных
content-2026-09-15-7str-oform-2_14,content-2026-09-15-7str-oform-2,1,206,206,2,2026-09-16,lol:206,11,40,0,0,,0.1,мало данных
content-2026-09-15-7str-oform-2_15,content-2026-09-15-7str-oform-2,1,206,206,2,2026-09-16,lol:206,23,670,0,0,,0.1,мало данных
content-2026-09-15-7str-oform-2_16,content-2026-09-15-7str-oform-2,1,206,206,2,2026-09-16,lol:206,43,894,0,0,,0.1,мало данных
content-2026-09-15-7str-oform-2_17,content-2026-09-15-7str-oform-2,1,206,206,2,2026-09-16,lol:206,33,829,0,0,,0.1,мало данных
content-2026-09-15-7str-oform-2_18,content-2026-09-15-7str-oform-2,1,206,206,2,2026-09-16,lol:206,19,135,0,0,,0.1,мало данных
content-2026-09-15-7str-oform-2_19,content-2026-09-15-7str-oform-2,1,206,206,2,2026-09-16,lol:206,23,78,0,0,,0.1,мало данных
content-2026-09-15-7str-oform-2_2,content-2026-09-15-7str-oform-2,1,206,206,2,2026-09-16,team:206,17,592,0,0,,0.1,мало данных
content-2026-09-15-7str-oform-2_20,content-2026-09-15-7str-oform-2,1,206,206,2,2026-09-16,lol:206,3,15,0,0,,0.1,мало данных
content-2026-09-15-7str-oform-2_21,content-2026-09-15-7str-oform-2,1,206,206,2,2026-09-16,team:206,25,337,0,0,,0.1,мало данных
content-2026-09-15-7str-oform-2_22,content-2026-09-15-7str-oform-2,1,206,206,2,2026-09-16,lol:206,2,15,0,0,,0.1,мало данных
content-2026-09-15-7str-oform-2_23,content-2026-09-15-7str-oform-2,1,206,206,2,2026-09-16,team:206,33,3705,1,1,3705,0.1,мало данных
content-2026-09-15-7str-oform-2_24,content-2026-09-15-7str-oform-2,1,206,206,2,2026-09-16,team:206,13,46,0,0,,0.1,мало данных
content-2026-09-15-7str-oform-2_25,content-2026-09-15-7str-oform-2,1,206,206,2,2026-09-16,team:206,12,234,0,0,,0.1,мало данных
content-2026-09-15-7str-oform-2_26,content-2026-09-15-7str-oform-2,1,206,206,2,2026-09-16,team:206,29,346,0,0,,0.1,мало данных
content-2026-09-15-7str-oform-2_27,content-2026-09-15-7str-oform-2,1,206,206,2,2026-09-16,team:206,16,94,0,0,,0.1,мало данных
content-2026-09-15-7str-oform-2_28,content-2026-09-15-7str-oform-2,1,206,206,2,2026-09-16,team:206,28,300,0,0,,0.1,мало данных
content-2026-09-15-7str-oform-2_29,content-2026-09-15-7str-oform-2,1,206,206,2,2026-09-16,team:206,35,637,0,0,,0.1,мало данных
content-2026-09-15-7str-oform-2_3,content-2026-09-15-7str-oform-2,1,206,206,2,2026-09-16,team:206,23,518,0,0,,0.1,мало данных
content-2026-09-15-7str-oform-2_30,content-2026-09-15-7str-oform-2,1,206,206,2,2026-09-16,team:206,37,1086,0,0,,0.1,мало данных
content-2026-09-15-7str-oform-2_31,content-2026-09-15-7str-oform-2,1,206,206,2,2026-09-16,lol:206,43,705,0,0,,0.1,мало данных
content-2026-09-15-7str-oform-2_32,content-2026-09-15-7str-oform-2,1,206,206,2,2026-09-16,team:206,30,335,0,0,,0.1,мало данных
content-2026-09-15-7str-oform-2_33,content-2026-09-15-7str-oform-2,1,206,206,2,2026-09-16,team:206,38,3273,0,0,,0.1,мало данных
content-2026-09-15-7str-oform-2_34,content-2026-09-15-7str-oform-2,1,206,206,2,2026-09-16,team:206,17,72,0,0,,0.1,мало данных
content-2026-09-15-7str-oform-2_35,content-2026-09-15-7str-oform-2,1,206,206,2,2026-09-16,lol:206,49,345,0,0,,0.1,мало данных
content-2026-09-15-7str-oform-2_36,content-2026-09-15-7str-oform-2,1,206,206,2,2026-09-16,team:206,22,312,0,0,,0.1,мало данных
content-2026-09-15-7str-oform-2_37,content-2026-09-15-7str-oform-2,1,206,206,2,2026-09-16,team:206,28,390,0,0,,0.1,мало данных
content-2026-09-15-7str-oform-2_38,content-2026-09-15-7str-oform-2,1,206,206,2,2026-09-16,team:206,44,2321,0,0,,0.1,мало данных
content-2026-09-15-7str-oform-2_39,content-2026-09-15-7str-oform-2,1,206,206,2,2026-09-16,team:206,12,163,0,0,,0.1,мало данных
content-2026-09-15-7str-oform-2_4,content-2026-09-15-7str-oform-2,1,206,206,2,2026-09-16,lol:206,51,385,0,0,,0.1,мало данных
content-2026-09-15-7str-oform-2_40,content-2026-09-15-7str-oform-2,1,206,206,2,2026-09-16,lol:206,22,221,0,0,,0.1,мало данных
content-2026-09-15-7str-oform-2_41,content-2026-09-15-7str-oform-2,1,206,206,2,2026-09-16,lol:206,29,186,0,0,,0.1,мало данных
content-2026-09-15-7str-oform-2_42,content-2026-09-15-7str-oform-2,1,206,206,2,2026-09-16,lol:206,31,743,0,0,,0.1,мало данных
content-2026-09-15-7str-oform-2_43,content-2026-09-15-7str-oform-2,1,206,206,2,2026-09-16,team:206,12,221,0,0,,0.1,мало данных
content-2026-09-15-7str-oform-2_44,content-2026-09-15-7str-oform-2,1,206,206,2,2026-09-16,team:206,22,484,0,0,,0.1,мало данных
content-2026-09-15-7str-oform-2_45,content-2026-09-15-7str-oform-2,1,206,206,2,2026-09-16,lol:206,24,420,0,0,,0.1,мало данных
content-2026-09-15-7str-oform-2_46,content-2026-09-15-7str-oform-2,1,206,206,2,2026-09-16,team:206,38,538,1,0,538,0.1,мало данных
content-2026-09-15-7str-oform-2_47,content-2026-09-15-7str-oform-2,1,206,206,2,2026-09-16,team:206,50,357,0,0,,0.1,мало данных
content-2026-09-15-7str-oform-2_48,content-2026-09-15-7str-oform-2,1,206,206,2,2026-09-16,lol:206,74,2700,2,1,1350,0.1,мало данных
content-2026-09-15-7str-oform-2_49,content-2026-09-15-7str-oform-2,1,206,206,2,2026-09-16,lol:206,32,1378,0,0,,0.1,мало данных
content-2026-09-15-7str-oform-2_5,content-2026-09-15-7str-oform-2,1,206,206,2,2026-09-16,team:206,30,480,0,0,,0.1,мало данных
content-2026-09-15-7str-oform-2_50,content-2026-09-15-7str-oform-2,1,206,206,2,2026-09-16,lol:206,36,4011,0,0,,0.1,мало данных
content-2026-09-15-7str-oform-2_6,content-2026-09-15-7str-oform-2,1,206,206,2,2026-09-16,lol:206,24,2766,0,0,,0.1,мало данных
content-2026-09-15-7str-oform-2_7,content-2026-09-15-7str-oform-2,1,206,206,2,2026-09-16,team:206,40,2342,1,0,2342,0.1,мало данных
content-2026-09-15-7str-oform-2_8,content-2026-09-15-7str-oform-2,1,206,206,2,2026-09-16,team:206,26,562,0,0,,0.1,мало данных
content-2026-09-15-7str-oform-2_9,content-2026-09-15-7str-oform-2,1,206,206,2,2026-09-16,team:206,23,169,0,0,,0.1,мало данных
content-2026-09-16-12str_1,content-2026-09-16-12str,1,206,206,2,2026-09-17,team:206,66,2158,0,0,,0.1,мало данных
content-2026-09-16-12str_2,content-2026-09-16-12str,1,206,206,2,2026-09-17,lol:206,17,555,0,0,,0.1,мало данных
content-2026-09-16-12str_3,content-2026-09-16-12str,1,206,206,2,2026-09-17,lol:206,31,453,0,0,,0.1,мало данных
content-2026-09-16-12str_4,content-2026-09-16-12str,1,206,206,2,2026-09-17,team:206,29,432,0,0,,0.1,мало данных
content-2026-09-16-12str_5,content-2026-09-16-12str,1,206,206,2,2026-09-17,team:206,16,63,0,0,,0.1,мало данных
content-2026-09-16-12str_6,content-2026-09-16-12str,1,206,206,2,2026-09-17,team:206,3,5,0,0,,0.1,мало данных
content-2026-09-16-7str_1,content-2026-09-16-7str,1,206,206,2,2026-09-17,lol:206,54,3509,2,0,1754,0.1,мало данных
content-2026-09-16-7str_10,content-2026-09-16-7str,1,206,206,2,2026-09-17,team:206,15,58,0,0,,0.1,мало данных
content-2026-09-16-7str_11,content-2026-09-16-7str,1,206,206,2,2026-09-17,team:206,47,1081,0,0,,0.1,мало данных
content-2026-09-16-7str_12,content-2026-09-16-7str,1,206,206,2,2026-09-17,lol:206,10,69,0,0,,0.1,мало данных
content-2026-09-16-7str_13,content-2026-09-16-7str,1,206,206,2,2026-09-17,lol:206,8,136,0,0,,0.1,мало данных
content-2026-09-16-7str_14,content-2026-09-16-7str,1,206,206,2,2026-09-17,lol:206,28,547,0,0,,0.1,мало данных
content-2026-09-16-7str_15,content-2026-09-16-7str,1,206,206,2,2026-09-17,lol:206,20,1268,0,0,,0.1,мало данных
content-2026-09-16-7str_16,content-2026-09-16-7str,1,206,206,2,2026-09-17,lol:206,18,67,0,0,,0.1,мало данных
content-2026-09-16-7str_17,content-2026-09-16-7str,1,206,206,2,2026-09-17,lol:206,15,27,0,0,,0.1,мало данных
content-2026-09-16-7str_18,content-2026-09-16-7str,1,206,206,2,2026-09-17,team:206,23,59,0,0,,0.1,мало данных
content-2026-09-16-7str_19,content-2026-09-16-7str,1,206,206,2,2026-09-17,team:206,18,770,0,0,,0.1,мало данных
content-2026-09-16-7str_2,content-2026-09-16-7str,1,150,150,1,2026-09-18,lol:150,5,11,0,0,,0.1,мало данных
content-2026-09-16-7str_20,content-2026-09-16-7str,1,206,206,2,2026-09-17,team:206,35,1421,0,0,,0.1,мало данных
content-2026-09-16-7str_21,content-2026-09-16-7str,1,206,206,2,2026-09-17,team:206,90,1858,1,0,1858,0.1,мало данных
content-2026-09-16-7str_22,content-2026-09-16-7str,1,206,206,2,2026-09-17,team:206,16,62,0,0,,0.1,мало данных
content-2026-09-16-7str_23,content-2026-09-16-7str,1,206,206,2,2026-09-17,team:206,33,147,1,1,147,0.1,мало данных
content-2026-09-16-7str_24,content-2026-09-16-7str,1,206,206,2,2026-09-17,team:206,37,184,0,0,,0.1,мало данных
content-2026-09-16-7str_25,content-2026-09-16-7str,1,206,206,2,2026-09-17,lol:206,49,1527,0,0,,0.1,мало данных
content-2026-09-16-7str_26,content-2026-09-16-7str,1,206,206,2,2026-09-17,team:206,17,197,0,0,,0.1,мало данных
content-2026-09-16-7str_27,content-2026-09-16-7str,1,206,206,2,2026-09-17,lol:206,14,70,0,0,,0.1,мало данных
content-2026-09-16-7str_28,content-2026-09-16-7str,1,206,206,2,2026-09-17,team:206,31,147,0,0,,0.1,мало данных
content-2026-09-16-7str_29,content-2026-09-16-7str,1,206,206,2,2026-09-17,team:206,33,920,0,0,,0.1,мало данных
content-2026-09-16-7str_3,content-2026-09-16-7str,1,150,150,1,2026-09-18,team:150,42,5234,1,0,5234,0.1,мало данных
content-2026-09-16-7str_30,content-2026-09-16-7str,1,206,206,2,2026-09-17,team:206,13,51,0,0,,0.1,мало данных
content-2026-09-16-7str_31,content-2026-09-16-7str,1,206,206,2,2026-09-17,lol:206,35,160,0,0,,0.1,мало данных
content-2026-09-16-7str_32,content-2026-09-16-7str,1,206,206,2,2026-09-17,lol:206,27,214,0,0,,0.1,мало данных
content-2026-09-16-7str_33,content-2026-09-16-7str,1,206,206,2,2026-09-17,team:206,16,91,0,0,,0.1,мало данных
content-2026-09-16-7str_34,content-2026-09-16-7str,1,206,206,2,2026-09-17,team:206,24,313,0,0,,0.1,мало данных
content-2026-09-16-7str_35,content-2026-09-16-7str,1,206,206,2,2026-09-17,lol:206,14,110,0,0,,0.1,мало данных
content-2026-09-16-7str_36,content-2026-09-16-7str,1,206,206,2,2026-09-17,lol:206,3,15,0,0,,0.1,мало данных
content-2026-09-16-7str_37,content-2026-09-16-7str,1,206,206,2,2026-09-17,team:206,36,284,0,0,,0.1,мало данных
content-2026-09-16-7str_38,content-2026-09-16-7str,1,206,206,2,2026-09-17,team:206,21,350,0,0,,0.1,мало данных
content-2026-09-16-7str_39,content-2026-09-16-7str,1,206,206,2,2026-09-17,team:206,33,343,0,0,,0.1,мало данных
content-2026-09-16-7str_4,content-2026-09-16-7str,1,206,206,2,2026-09-17,lol:206,26,1463,0,0,,0.1,мало данных
content-2026-09-16-7str_40,content-2026-09-16-7str,1,206,206,2,2026-09-17,team:206,18,54,0,0,,0.1,мало данных
content-2026-09-16-7str_41,content-2026-09-16-7str,1,206,206,2,2026-09-17,team:206,13,67,0,0,,0.1,мало данных
content-2026-09-16-7str_42,content-2026-09-16-7str,1,206,206,2,2026-09-17,lol:206,26,155,0,0,,0.1,мало данных
content-2026-09-16-7str_5,content-2026-09-16-7str,1,150,150,1,2026-09-18,lol:150,2,5,0,0,,0.1,мало данных
content-2026-09-16-7str_6,content-2026-09-16-7str,1,206,206,2,2026-09-17,team:206,63,1086,0,0,,0.1,мало данных
content-2026-09-16-7str_7,content-2026-09-16-7str,1,150,150,1,2026-09-18,lol:150,2,6,0,0,,0.1,мало данных
content-2026-09-16-7str_8,content-2026-09-16-7str,1,150,150,1,2026-09-18,lol:150,17,391,0,0,,0.1,мало данных
content-2026-09-16-7str_9,content-2026-09-16-7str,1,206,206,2,2026-09-17,team:206,21,77,0,0,,0.1,мало данных
content-2026-09-17-12str-oform_1,content-2026-09-17-12str-oform,1,206,206,2,2026-09-20,lol:206,42,524,0,0,,0.1,мало данных
content-2026-09-17-12str-oform_2,content-2026-09-17-12str-oform,1,206,206,2,2026-09-20,lol:206,22,58,0,0,,0.1,мало данных
content-2026-09-17-7str-oform-1_1,content-2026-09-17-7str-oform-1,1,150,150,1,2026-09-21,team:150,37,794,0,0,,0.0,мало данных
content-2026-09-17-7str-oform-1_10,content-2026-09-17-7str-oform-1,1,150,150,1,2026-09-21,lol:150,0,0,0,0,,0.0,мало данных
content-2026-09-17-7str-oform-1_11,content-2026-09-17-7str-oform-1,1,150,150,1,2026-09-21,lol:150,16,124,0,0,,0.0,мало данных
content-2026-09-17-7str-oform-1_12,content-2026-09-17-7str-oform-1,1,150,150,1,2026-09-21,lol:150,22,76,0,0,,0.0,мало данных
content-2026-09-17-7str-oform-1_13,content-2026-09-17-7str-oform-1,1,150,150,1,2026-09-21,lol:150,23,36,0,0,,0.0,мало данных
content-2026-09-17-7str-oform-1_14,content-2026-09-17-7str-oform-1,1,150,150,1,2026-09-21,lol:150,6,7,0,0,,0.0,мало данных
content-2026-09-17-7str-oform-1_15,content-2026-09-17-7str-oform-1,1,150,150,1,2026-09-21,lol:150,0,0,0,0,,0.0,мало данных
content-2026-09-17-7str-oform-1_16,content-2026-09-17-7str-oform-1,1,150,150,1,2026-09-21,lol:150,0,0,0,0,,0.0,мало данных
content-2026-09-17-7str-oform-1_17,content-2026-09-17-7str-oform-1,1,150,150,1,2026-09-21,lol:150,6,7,0,0,,0.0,мало данных
content-2026-09-17-7str-oform-1_18,content-2026-09-17-7str-oform-1,1,206,206,2,2026-09-20,lol:206,29,97,0,0,,0.1,мало данных
content-2026-09-17-7str-oform-1_19,content-2026-09-17-7str-oform-1,1,206,206,2,2026-09-20,lol:206,41,349,0,0,,0.1,мало данных
content-2026-09-17-7str-oform-1_2,content-2026-09-17-7str-oform-1,1,150,150,1,2026-09-21,team:150,4,5,0,0,,0.0,мало данных
content-2026-09-17-7str-oform-1_20,content-2026-09-17-7str-oform-1,1,206,206,2,2026-09-20,lol:206,44,457,0,0,,0.1,мало данных
content-2026-09-17-7str-oform-1_21,content-2026-09-17-7str-oform-1,1,206,206,2,2026-09-20,lol:206,87,2123,0,0,,0.1,мало данных
content-2026-09-17-7str-oform-1_22,content-2026-09-17-7str-oform-1,1,205,205,2,2026-09-20,lol:205,50,691,1,0,691,0.1,мало данных
content-2026-09-17-7str-oform-1_23,content-2026-09-17-7str-oform-1,1,206,206,2,2026-09-20,lol:206,16,86,0,0,,0.1,мало данных
content-2026-09-17-7str-oform-1_24,content-2026-09-17-7str-oform-1,1,206,206,2,2026-09-20,lol:206,47,885,0,0,,0.1,мало данных
content-2026-09-17-7str-oform-1_25,content-2026-09-17-7str-oform-1,1,206,206,2,2026-09-20,lol:206,26,771,0,0,,0.1,мало данных
content-2026-09-17-7str-oform-1_26,content-2026-09-17-7str-oform-1,1,206,206,2,2026-09-20,lol:206,34,429,0,0,,0.1,мало данных
content-2026-09-17-7str-oform-1_27,content-2026-09-17-7str-oform-1,1,206,206,2,2026-09-20,lol:206,47,761,0,0,,0.1,мало данных
content-2026-09-17-7str-oform-1_28,content-2026-09-17-7str-oform-1,1,206,206,2,2026-09-20,lol:206,82,3429,1,0,3429,0.1,мало данных
content-2026-09-17-7str-oform-1_29,content-2026-09-17-7str-oform-1,1,206,206,2,2026-09-20,lol:206,63,1129,0,0,,0.1,мало данных
content-2026-09-17-7str-oform-1_3,content-2026-09-17-7str-oform-1,1,150,150,1,2026-09-21,team:150,0,0,0,0,,0.0,мало данных
content-2026-09-17-7str-oform-1_30,content-2026-09-17-7str-oform-1,1,206,206,2,2026-09-20,lol:206,48,217,0,0,,0.1,мало данных
content-2026-09-17-7str-oform-1_31,content-2026-09-17-7str-oform-1,1,206,206,2,2026-09-20,lol:206,36,448,0,0,,0.1,мало данных
content-2026-09-17-7str-oform-1_32,content-2026-09-17-7str-oform-1,1,206,206,2,2026-09-20,lol:206,32,396,0,0,,0.1,мало данных
content-2026-09-17-7str-oform-1_33,content-2026-09-17-7str-oform-1,1,206,206,2,2026-09-20,lol:206,49,1940,0,0,,0.1,мало данных
content-2026-09-17-7str-oform-1_34,content-2026-09-17-7str-oform-1,1,206,206,2,2026-09-20,lol:206,65,2490,1,1,2490,0.1,мало данных
content-2026-09-17-7str-oform-1_35,content-2026-09-17-7str-oform-1,1,206,206,2,2026-09-20,lol:206,57,1163,0,0,,0.1,мало данных
content-2026-09-17-7str-oform-1_36,content-2026-09-17-7str-oform-1,1,206,206,2,2026-09-20,lol:206,42,399,0,0,,0.1,мало данных
content-2026-09-17-7str-oform-1_37,content-2026-09-17-7str-oform-1,1,206,206,2,2026-09-20,lol:206,40,712,0,0,,0.1,мало данных
content-2026-09-17-7str-oform-1_38,content-2026-09-17-7str-oform-1,1,206,206,2,2026-09-20,lol:206,39,147,0,0,,0.1,мало данных
content-2026-09-17-7str-oform-1_39,content-2026-09-17-7str-oform-1,1,206,206,2,2026-09-20,lol:206,56,873,0,0,,0.1,мало данных
content-2026-09-17-7str-oform-1_4,content-2026-09-17-7str-oform-1,1,150,150,1,2026-09-21,team:150,0,0,0,0,,0.0,мало данных
content-2026-09-17-7str-oform-1_40,content-2026-09-17-7str-oform-1,1,206,206,2,2026-09-20,lol:206,35,336,0,0,,0.1,мало данных
content-2026-09-17-7str-oform-1_41,content-2026-09-17-7str-oform-1,1,206,206,2,2026-09-20,lol:206,17,64,0,0,,0.1,мало данных
content-2026-09-17-7str-oform-1_42,content-2026-09-17-7str-oform-1,1,206,206,2,2026-09-20,lol:206,73,1440,0,0,,0.1,мало данных
content-2026-09-17-7str-oform-1_43,content-2026-09-17-7str-oform-1,1,206,206,2,2026-09-20,lol:206,65,1217,0,0,,0.1,мало данных
content-2026-09-17-7str-oform-1_44,content-2026-09-17-7str-oform-1,1,206,206,2,2026-09-20,lol:206,49,305,1,0,305,0.1,мало данных
content-2026-09-17-7str-oform-1_45,content-2026-09-17-7str-oform-1,1,206,206,2,2026-09-20,lol:206,34,370,0,0,,0.1,мало данных
content-2026-09-17-7str-oform-1_46,content-2026-09-17-7str-oform-1,1,206,206,2,2026-09-20,lol:206,19,163,0,0,,0.1,мало данных
content-2026-09-17-7str-oform-1_47,content-2026-09-17-7str-oform-1,1,206,206,2,2026-09-20,lol:206,20,134,0,0,,0.1,мало данных
content-2026-09-17-7str-oform-1_48,content-2026-09-17-7str-oform-1,1,206,206,2,2026-09-20,lol:206,52,874,0,0,,0.1,мало данных
content-2026-09-17-7str-oform-1_49,content-2026-09-17-7str-oform-1,1,206,206,2,2026-09-20,lol:206,19,118,0,0,,0.1,мало данных
content-2026-09-17-7str-oform-1_5,content-2026-09-17-7str-oform-1,1,150,150,1,2026-09-21,team:150,23,62,0,0,,0.0,мало данных
content-2026-09-17-7str-oform-1_50,content-2026-09-17-7str-oform-1,1,206,206,2,2026-09-20,lol:206,46,1059,0,0,,0.1,мало данных
content-2026-09-17-7str-oform-1_6,content-2026-09-17-7str-oform-1,1,150,150,1,2026-09-21,team:150,2,3,0,0,,0.0,мало данных
content-2026-09-17-7str-oform-1_7,content-2026-09-17-7str-oform-1,1,150,150,1,2026-09-21,team:150,0,0,0,0,,0.0,мало данных
content-2026-09-17-7str-oform-1_8,content-2026-09-17-7str-oform-1,1,150,150,1,2026-09-21,lol:150,0,0,0,0,,0.0,мало данных
content-2026-09-17-7str-oform-1_9,content-2026-09-17-7str-oform-1,1,150,150,1,2026-09-21,lol:150,11,52,0,0,,0.0,мало данных
content-2026-09-17-7str-oform-2_1,content-2026-09-17-7str-oform-2,1,206,206,2,2026-09-20,lol:206,37,214,0,0,,0.1,мало данных
content-2026-09-17-7str-oform-2_10,content-2026-09-17-7str-oform-2,1,150,150,1,2026-09-18,lol:150,20,349,0,0,,0.1,мало данных
content-2026-09-17-7str-oform-2_11,content-2026-09-17-7str-oform-2,1,150,150,1,2026-09-18,lol:150,13,35,0,0,,0.1,мало данных
content-2026-09-17-7str-oform-2_12,content-2026-09-17-7str-oform-2,1,150,150,1,2026-09-18,lol:150,13,153,0,0,,0.1,мало данных
content-2026-09-17-7str-oform-2_13,content-2026-09-17-7str-oform-2,1,150,150,1,2026-09-18,lol:150,32,390,1,0,390,0.1,мало данных
content-2026-09-17-7str-oform-2_14,content-2026-09-17-7str-oform-2,1,150,150,1,2026-09-18,lol:150,3,4,0,0,,0.1,мало данных
content-2026-09-17-7str-oform-2_15,content-2026-09-17-7str-oform-2,1,150,150,1,2026-09-18,lol:150,12,35,0,0,,0.1,мало данных
content-2026-09-17-7str-oform-2_16,content-2026-09-17-7str-oform-2,1,150,150,1,2026-09-18,lol:150,1,1,0,0,,0.1,мало данных
content-2026-09-17-7str-oform-2_17,content-2026-09-17-7str-oform-2,1,150,150,1,2026-09-18,lol:150,17,110,0,0,,0.1,мало данных
content-2026-09-17-7str-oform-2_18,content-2026-09-17-7str-oform-2,1,150,150,1,2026-09-18,lol:150,6,49,0,0,,0.1,мало данных
content-2026-09-17-7str-oform-2_19,content-2026-09-17-7str-oform-2,1,206,206,2,2026-09-19,team:206,57,2830,0,0,,0.3,мало данных
content-2026-09-17-7str-oform-2_2,content-2026-09-17-7str-oform-2,1,206,206,2,2026-09-20,lol:206,39,3890,0,0,,0.1,мало данных
content-2026-09-17-7str-oform-2_20,content-2026-09-17-7str-oform-2,1,150,150,1,2026-09-18,team:150,8,71,0,0,,0.1,мало данных
content-2026-09-17-7str-oform-2_21,content-2026-09-17-7str-oform-2,1,150,150,1,2026-09-18,lol:150,13,21,0,0,,0.1,мало данных
content-2026-09-17-7str-oform-2_22,content-2026-09-17-7str-oform-2,1,150,150,1,2026-09-18,lol:150,4,8,0,0,,0.1,мало данных
content-2026-09-17-7str-oform-2_23,content-2026-09-17-7str-oform-2,1,150,150,1,2026-09-18,lol:150,4,5,0,0,,0.1,мало данных
content-2026-09-17-7str-oform-2_24,content-2026-09-17-7str-oform-2,1,150,150,1,2026-09-18,lol:150,27,2478,0,0,,0.1,мало данных
content-2026-09-17-7str-oform-2_25,content-2026-09-17-7str-oform-2,1,150,150,1,2026-09-18,lol:150,10,92,0,0,,0.1,мало данных
content-2026-09-17-7str-oform-2_26,content-2026-09-17-7str-oform-2,1,150,150,1,2026-09-18,lol:150,8,13,0,0,,0.1,мало данных
content-2026-09-17-7str-oform-2_27,content-2026-09-17-7str-oform-2,1,150,150,1,2026-09-18,team:150,37,342,0,0,,0.1,мало данных
content-2026-09-17-7str-oform-2_28,content-2026-09-17-7str-oform-2,1,206,206,2,2026-09-20,team:206,73,3746,2,1,1873,0.1,мало данных
content-2026-09-17-7str-oform-2_29,content-2026-09-17-7str-oform-2,1,150,150,1,2026-09-18,team:150,7,49,0,0,,0.1,мало данных
content-2026-09-17-7str-oform-2_3,content-2026-09-17-7str-oform-2,1,206,206,2,2026-09-20,lol:206,7,93,0,0,,0.1,мало данных
content-2026-09-17-7str-oform-2_30,content-2026-09-17-7str-oform-2,1,206,206,2,2026-09-20,lol:206,16,34,0,0,,0.1,мало данных
content-2026-09-17-7str-oform-2_31,content-2026-09-17-7str-oform-2,1,206,206,2,2026-09-19,team:206,13,65,0,0,,0.3,мало данных
content-2026-09-17-7str-oform-2_32,content-2026-09-17-7str-oform-2,1,206,206,2,2026-09-20,team:206,57,3434,1,0,3434,0.1,мало данных
content-2026-09-17-7str-oform-2_33,content-2026-09-17-7str-oform-2,1,206,206,2,2026-09-19,lol:206,54,905,0,0,,0.3,мало данных
content-2026-09-17-7str-oform-2_34,content-2026-09-17-7str-oform-2,1,150,150,1,2026-09-18,team:150,51,576,3,0,192,0.1,мало данных
content-2026-09-17-7str-oform-2_35,content-2026-09-17-7str-oform-2,1,150,150,1,2026-09-18,team:150,37,303,0,0,,0.1,мало данных
content-2026-09-17-7str-oform-2_36,content-2026-09-17-7str-oform-2,1,150,150,1,2026-09-18,lol:150,22,77,0,0,,0.1,мало данных
content-2026-09-17-7str-oform-2_37,content-2026-09-17-7str-oform-2,1,206,206,2,2026-09-19,lol:206,73,3267,1,1,3267,0.3,мало данных
content-2026-09-17-7str-oform-2_38,content-2026-09-17-7str-oform-2,1,150,150,1,2026-09-18,lol:150,45,511,1,0,511,0.1,мало данных
content-2026-09-17-7str-oform-2_39,content-2026-09-17-7str-oform-2,1,206,206,2,2026-09-19,team:206,71,2009,0,0,,0.3,мало данных
content-2026-09-17-7str-oform-2_4,content-2026-09-17-7str-oform-2,1,150,150,1,2026-09-18,lol:150,29,291,0,0,,0.1,мало данных
content-2026-09-17-7str-oform-2_40,content-2026-09-17-7str-oform-2,1,206,206,2,2026-09-19,lol:206,32,1340,0,0,,0.3,мало данных
content-2026-09-17-7str-oform-2_41,content-2026-09-17-7str-oform-2,1,150,150,1,2026-09-18,lol:150,18,84,0,0,,0.1,мало данных
content-2026-09-17-7str-oform-2_42,content-2026-09-17-7str-oform-2,1,150,150,1,2026-09-18,team:150,76,1203,1,0,1203,0.1,мало данных
content-2026-09-17-7str-oform-2_43,content-2026-09-17-7str-oform-2,1,150,150,1,2026-09-18,lol:150,17,1135,0,0,,0.1,мало данных
content-2026-09-17-7str-oform-2_44,content-2026-09-17-7str-oform-2,1,150,150,1,2026-09-18,lol:150,21,157,0,0,,0.1,мало данных
content-2026-09-17-7str-oform-2_45,content-2026-09-17-7str-oform-2,1,206,206,2,2026-09-20,team:206,50,1407,0,0,,0.1,мало данных
content-2026-09-17-7str-oform-2_46,content-2026-09-17-7str-oform-2,1,150,150,1,2026-09-18,team:150,27,151,0,0,,0.1,мало данных
content-2026-09-17-7str-oform-2_47,content-2026-09-17-7str-oform-2,1,206,206,2,2026-09-19,lol:206,82,2331,1,0,2331,0.3,мало данных
content-2026-09-17-7str-oform-2_48,content-2026-09-17-7str-oform-2,1,206,206,2,2026-09-20,team:206,30,567,0,0,,0.1,мало данных
content-2026-09-17-7str-oform-2_49,content-2026-09-17-7str-oform-2,1,150,150,1,2026-09-18,team:150,12,44,1,0,44,0.1,мало данных
content-2026-09-17-7str-oform-2_5,content-2026-09-17-7str-oform-2,1,206,206,2,2026-09-18,lol:206,2,6,0,0,,0.2,мало данных
content-2026-09-17-7str-oform-2_50,content-2026-09-17-7str-oform-2,1,150,150,1,2026-09-18,team:150,1,2,0,0,,0.1,мало данных
content-2026-09-17-7str-oform-2_51,content-2026-09-17-7str-oform-2,1,150,150,1,2026-09-18,team:150,6,28,0,0,,0.1,мало данных
content-2026-09-17-7str-oform-2_52,content-2026-09-17-7str-oform-2,1,206,206,2,2026-09-19,team:206,67,2934,1,0,2934,0.3,мало данных
content-2026-09-17-7str-oform-2_53,content-2026-09-17-7str-oform-2,1,150,150,1,2026-09-18,lol:150,5,45,0,0,,0.1,мало данных
content-2026-09-17-7str-oform-2_54,content-2026-09-17-7str-oform-2,1,150,150,1,2026-09-18,lol:150,25,627,0,0,,0.1,мало данных
content-2026-09-17-7str-oform-2_55,content-2026-09-17-7str-oform-2,1,206,206,2,2026-09-19,team:206,87,4708,0,0,,0.3,мало данных
content-2026-09-17-7str-oform-2_56,content-2026-09-17-7str-oform-2,1,206,206,2,2026-09-19,team:206,94,4573,1,0,4573,0.3,мало данных
content-2026-09-17-7str-oform-2_6,content-2026-09-17-7str-oform-2,1,206,206,2,2026-09-19,lol:206,37,297,1,0,297,0.3,мало данных
content-2026-09-17-7str-oform-2_7,content-2026-09-17-7str-oform-2,1,206,206,2,2026-09-19,team:206,78,3761,0,0,,0.3,мало данных
content-2026-09-17-7str-oform-2_8,content-2026-09-17-7str-oform-2,1,150,150,1,2026-09-18,team:150,34,2677,1,0,2677,0.1,мало данных
content-2026-09-17-7str-oform-2_9,content-2026-09-17-7str-oform-2,1,150,150,1,2026-09-18,lol:150,18,44,0,0,,0.1,мало данных
content-2026-09-17b-7str-oform_1,content-2026-09-17b-7str-oform,1,150,150,1,2026-09-18,lol:150,29,135,0,0,,0.1,мало данных
content-2026-09-17b-7str-oform_10,content-2026-09-17b-7str-oform,1,206,206,2,2026-09-18,lol:206,57,1443,0,0,,0.2,мало данных
content-2026-09-17b-7str-oform_11,content-2026-09-17b-7str-oform,1,150,150,1,2026-09-18,lol:150,17,64,0,0,,0.1,мало данных
content-2026-09-17b-7str-oform_12,content-2026-09-17b-7str-oform,1,206,206,2,2026-09-19,lol:206,8,101,0,0,,0.3,мало данных
content-2026-09-17b-7str-oform_13,content-2026-09-17b-7str-oform,1,206,206,2,2026-09-19,lol:206,72,2435,0,0,,0.3,мало данных
content-2026-09-17b-7str-oform_14,content-2026-09-17b-7str-oform,1,206,206,2,2026-09-19,lol:206,58,1467,0,0,,0.3,мало данных
content-2026-09-17b-7str-oform_15,content-2026-09-17b-7str-oform,1,150,150,1,2026-09-18,lol:150,4,166,0,0,,0.1,мало данных
content-2026-09-17b-7str-oform_16,content-2026-09-17b-7str-oform,1,150,150,1,2026-09-18,lol:150,9,23,0,0,,0.1,мало данных
content-2026-09-17b-7str-oform_17,content-2026-09-17b-7str-oform,1,206,206,2,2026-09-20,lol:206,26,115,0,0,,0.1,мало данных
content-2026-09-17b-7str-oform_18,content-2026-09-17b-7str-oform,1,150,150,1,2026-09-18,lol:150,0,0,0,0,,0.1,мало данных
content-2026-09-17b-7str-oform_19,content-2026-09-17b-7str-oform,1,150,150,1,2026-09-18,lol:150,9,435,0,0,,0.1,мало данных
content-2026-09-17b-7str-oform_2,content-2026-09-17b-7str-oform,1,150,150,1,2026-09-18,lol:150,59,859,1,0,859,0.1,мало данных
content-2026-09-17b-7str-oform_20,content-2026-09-17b-7str-oform,1,206,206,2,2026-09-20,lol:206,15,201,0,0,,0.1,мало данных
content-2026-09-17b-7str-oform_21,content-2026-09-17b-7str-oform,1,206,206,2,2026-09-20,lol:206,35,185,1,0,185,0.1,мало данных
content-2026-09-17b-7str-oform_22,content-2026-09-17b-7str-oform,1,150,150,1,2026-09-18,lol:150,48,1777,0,0,,0.1,мало данных
content-2026-09-17b-7str-oform_23,content-2026-09-17b-7str-oform,1,150,150,1,2026-09-18,lol:150,31,199,0,0,,0.1,мало данных
content-2026-09-17b-7str-oform_24,content-2026-09-17b-7str-oform,1,150,150,1,2026-09-18,lol:150,25,180,0,0,,0.1,мало данных
content-2026-09-17b-7str-oform_25,content-2026-09-17b-7str-oform,1,206,206,2,2026-09-19,lol:206,64,1220,2,1,610,0.3,мало данных
content-2026-09-17b-7str-oform_26,content-2026-09-17b-7str-oform,1,150,150,1,2026-09-18,lol:150,58,740,0,0,,0.1,мало данных
content-2026-09-17b-7str-oform_28,content-2026-09-17b-7str-oform,1,206,206,2,2026-09-19,lol:206,47,453,0,0,,0.3,мало данных
content-2026-09-17b-7str-oform_29,content-2026-09-17b-7str-oform,1,206,206,2,2026-09-19,lol:206,32,263,0,0,,0.3,мало данных
content-2026-09-17b-7str-oform_3,content-2026-09-17b-7str-oform,1,206,206,2,2026-09-19,lol:206,42,734,0,0,,0.3,мало данных
content-2026-09-17b-7str-oform_30,content-2026-09-17b-7str-oform,1,206,206,2,2026-09-19,lol:206,61,1040,0,0,,0.3,мало данных
content-2026-09-17b-7str-oform_31,content-2026-09-17b-7str-oform,1,150,150,1,2026-09-18,lol:150,7,11,0,0,,0.1,мало данных
content-2026-09-17b-7str-oform_32,content-2026-09-17b-7str-oform,1,150,150,1,2026-09-18,lol:150,10,48,0,0,,0.1,мало данных
content-2026-09-17b-7str-oform_33,content-2026-09-17b-7str-oform,1,150,150,1,2026-09-18,lol:150,43,286,0,0,,0.1,мало данных
content-2026-09-17b-7str-oform_34,content-2026-09-17b-7str-oform,1,206,206,2,2026-09-19,lol:206,55,577,0,0,,0.3,мало данных
content-2026-09-17b-7str-oform_35,content-2026-09-17b-7str-oform,1,150,150,1,2026-09-18,lol:150,35,211,0,0,,0.1,мало данных
content-2026-09-17b-7str-oform_36,content-2026-09-17b-7str-oform,1,150,150,1,2026-09-18,lol:150,30,530,0,0,,0.1,мало данных
content-2026-09-17b-7str-oform_37,content-2026-09-17b-7str-oform,1,206,206,2,2026-09-20,lol:206,11,45,0,0,,0.1,мало данных
content-2026-09-17b-7str-oform_38,content-2026-09-17b-7str-oform,1,150,150,1,2026-09-18,lol:150,75,3066,1,0,3066,0.1,мало данных
content-2026-09-17b-7str-oform_39,content-2026-09-17b-7str-oform,1,206,206,2,2026-09-20,lol:206,45,747,0,0,,0.1,мало данных
content-2026-09-17b-7str-oform_4,content-2026-09-17b-7str-oform,1,206,206,2,2026-09-20,lol:206,33,930,0,0,,0.1,мало данных
content-2026-09-17b-7str-oform_40,content-2026-09-17b-7str-oform,1,150,150,1,2026-09-18,lol:150,53,1333,0,0,,0.1,мало данных
content-2026-09-17b-7str-oform_41,content-2026-09-17b-7str-oform,1,150,150,1,2026-09-18,lol:150,8,12,0,0,,0.1,мало данных
content-2026-09-17b-7str-oform_5,content-2026-09-17b-7str-oform,1,206,206,2,2026-09-19,lol:206,8,11,1,0,11,0.3,мало данных
content-2026-09-17b-7str-oform_6,content-2026-09-17b-7str-oform,1,206,206,2,2026-09-18,lol:206,32,516,0,0,,0.2,мало данных
content-2026-09-17b-7str-oform_7,content-2026-09-17b-7str-oform,1,206,206,2,2026-09-19,lol:206,18,44,0,0,,0.3,мало данных
content-2026-09-17b-7str-oform_8,content-2026-09-17b-7str-oform,1,206,206,2,2026-09-20,lol:206,5,45,0,0,,0.1,мало данных
content-2026-09-17b-7str-oform_9,content-2026-09-17b-7str-oform,1,206,206,2,2026-09-19,lol:206,24,84,0,0,,0.3,мало данных
content-2026-09-19-12str_1,content-2026-09-19-12str,1,206,206,2,2026-09-20,lol:206,45,676,0,0,,0.1,мало данных
content-2026-09-19-12str_2,content-2026-09-19-12str,1,206,206,2,2026-09-20,lol:206,43,184,0,0,,0.1,мало данных
content-2026-09-19-12str_3,content-2026-09-19-12str,1,206,206,2,2026-09-20,lol:206,63,942,0,0,,0.1,мало данных
degtyarnya,degtyarnya,1,206,0,2,2026-09-05,team:206,14,41,0,0,,0.1,мало данных
drobilnyydvor1,drobilnyydvor1,1,206,0,2,2026-09-06,lol:206,19,33,0,0,,0.1,мало данных
kruzhevnayamasterskaya1html,kruzhevnayamasterskaya1html,1,206,0,2,2026-09-04,team:206,69,1065,0,0,,0.2,мало данных
nabor391,nabor391,1,206,0,2,2026-09-05,team:206,8,38,0,0,,0.1,мало данных
nabory-490-494_styled_img,nabory-490-494_styled_img,5,1030,280,2,2026-09-12,team:824/casino:206,133,642,0,0,,0.5,мало данных
nabory-495-499_styled_img,nabory-495-499_styled_img,5,1030,1030,2,2026-09-13,team:824/lol:206,74,987,0,0,,0.3,мало данных
nabory-500-509_styled_img,nabory-500-509_styled_img,10,2060,2060,2,2026-09-14,team:1854/lol:206,39,220,0,0,,1.0,мало данных
nabory-510-514_styled_img,nabory-510-514_styled_img,5,1029,1029,2,2026-09-14,team:1029,10,47,0,0,,0.5,мало данных
nabory-515-524_styled_img_1,nabory-515-524_styled_img,1,206,206,2,2026-09-14,team:206,21,128,0,0,,0.1,мало данных
nabory-515-524_styled_img_10,nabory-515-524_styled_img,1,206,206,2,2026-09-14,team:206,12,44,0,0,,0.1,мало данных
nabory-515-524_styled_img_2,nabory-515-524_styled_img,1,206,206,2,2026-09-15,team:206,25,941,0,0,,0.2,мало данных
nabory-515-524_styled_img_3,nabory-515-524_styled_img,1,206,206,2,2026-09-14,team:206,13,33,0,0,,0.1,мало данных
nabory-515-524_styled_img_4,nabory-515-524_styled_img,1,206,206,2,2026-09-15,team:206,23,85,0,0,,0.2,мало данных
nabory-515-524_styled_img_5,nabory-515-524_styled_img,1,206,206,2,2026-09-15,team:206,34,1917,0,0,,0.2,мало данных
nabory-515-524_styled_img_6,nabory-515-524_styled_img,1,206,206,2,2026-09-15,team:206,4,18,0,0,,0.2,мало данных
nabory-515-524_styled_img_7,nabory-515-524_styled_img,1,206,206,2,2026-09-14,team:206,19,94,0,0,,0.1,мало данных
nabory-515-524_styled_img_8,nabory-515-524_styled_img,1,206,206,2,2026-09-14,team:206,13,50,0,0,,0.1,мало данных
nabory-515-524_styled_img_9,nabory-515-524_styled_img,1,206,206,2,2026-09-14,team:206,9,482,0,0,,0.1,мало данных
nabory-525-534_styled_img_1,nabory-525-534_styled_img,1,206,206,2,2026-09-15,team:206,8,22,0,0,,0.2,мало данных
nabory-525-534_styled_img_10,nabory-525-534_styled_img,1,206,206,2,2026-09-15,lol:206,14,123,0,0,,0.2,мало данных
nabory-525-534_styled_img_2,nabory-525-534_styled_img,1,206,206,2,2026-09-15,team:206,28,136,0,0,,0.2,мало данных
nabory-525-534_styled_img_3,nabory-525-534_styled_img,1,206,206,2,2026-09-15,lol:206,18,126,0,0,,0.2,мало данных
nabory-525-534_styled_img_4,nabory-525-534_styled_img,1,206,206,2,2026-09-15,lol:206,10,49,0,0,,0.2,мало данных
nabory-525-534_styled_img_5,nabory-525-534_styled_img,1,206,206,2,2026-09-15,lol:206,18,54,0,0,,0.2,мало данных
nabory-525-534_styled_img_6,nabory-525-534_styled_img,1,206,206,2,2026-09-15,lol:206,9,25,0,0,,0.2,мало данных
nabory-525-534_styled_img_7,nabory-525-534_styled_img,1,206,206,2,2026-09-15,lol:206,16,99,0,0,,0.2,мало данных
nabory-525-534_styled_img_8,nabory-525-534_styled_img,1,206,206,2,2026-09-15,team:206,5,10,0,0,,0.2,мало данных
nabory-525-534_styled_img_9,nabory-525-534_styled_img,1,206,206,2,2026-09-15,lol:206,8,36,0,0,,0.2,мало данных
nabory-535-544_styled_img_1,nabory-535-544_styled_img,1,206,206,2,2026-09-16,lol:206,34,241,1,0,241,0.1,мало данных
nabory-535-544_styled_img_10,nabory-535-544_styled_img,1,206,206,2,2026-09-16,lol:206,38,420,0,0,,0.1,мало данных
nabory-535-544_styled_img_2,nabory-535-544_styled_img,1,206,206,2,2026-09-16,lol:206,35,1087,0,0,,0.1,мало данных
nabory-535-544_styled_img_3,nabory-535-544_styled_img,1,206,206,2,2026-09-16,lol:206,48,892,0,0,,0.1,мало данных
nabory-535-544_styled_img_4,nabory-535-544_styled_img,1,206,206,2,2026-09-16,lol:206,49,3588,0,0,,0.1,мало данных
nabory-535-544_styled_img_5,nabory-535-544_styled_img,1,206,206,2,2026-09-16,lol:206,13,98,0,0,,0.1,мало данных
nabory-535-544_styled_img_6,nabory-535-544_styled_img,1,206,206,2,2026-09-16,lol:206,18,255,0,0,,0.1,мало данных
nabory-535-544_styled_img_7,nabory-535-544_styled_img,1,206,206,2,2026-09-16,team:206,19,906,0,0,,0.1,мало данных
nabory-535-544_styled_img_8,nabory-535-544_styled_img,1,206,206,2,2026-09-16,team:206,34,283,0,0,,0.1,мало данных
nabory-535-544_styled_img_9,nabory-535-544_styled_img,1,206,206,2,2026-09-16,team:206,70,2332,0,0,,0.1,мало данных
nabory-545-554_styled_img_1,nabory-545-554_styled_img,1,206,206,2,2026-09-16,lol:206,37,387,0,0,,0.1,мало данных
nabory-545-554_styled_img_10,nabory-545-554_styled_img,1,94,94,1,2026-09-16,lol:94,11,406,0,0,,0.1,мало данных
nabory-545-554_styled_img_2,nabory-545-554_styled_img,1,206,206,2,2026-09-16,lol:206,51,3107,0,0,,0.1,мало данных
nabory-545-554_styled_img_3,nabory-545-554_styled_img,1,206,206,2,2026-09-16,lol:206,29,233,0,0,,0.1,мало данных
nabory-545-554_styled_img_4,nabory-545-554_styled_img,1,206,206,2,2026-09-16,lol:206,32,787,0,0,,0.1,мало данных
nabory-545-554_styled_img_5,nabory-545-554_styled_img,1,206,206,2,2026-09-16,lol:206,22,350,0,0,,0.1,мало данных
nabory-545-554_styled_img_6,nabory-545-554_styled_img,1,206,206,2,2026-09-16,lol:206,44,1465,0,0,,0.1,мало данных
nabory-545-554_styled_img_7,nabory-545-554_styled_img,1,206,206,2,2026-09-16,lol:206,22,124,0,0,,0.1,мало данных
nabory-545-554_styled_img_8,nabory-545-554_styled_img,1,206,206,2,2026-09-16,lol:206,51,1653,0,0,,0.1,мало данных
nabory-545-554_styled_img_9,nabory-545-554_styled_img,1,206,206,2,2026-09-16,lol:206,35,342,0,0,,0.1,мало данных
nabory-555-564_styled_img_1,nabory-555-564_styled_img,1,206,206,2,2026-09-16,lol:206,26,1073,0,0,,0.1,мало данных
nabory-555-564_styled_img_10,nabory-555-564_styled_img,1,206,206,2,2026-09-16,lol:206,19,284,0,0,,0.1,мало данных
nabory-555-564_styled_img_2,nabory-555-564_styled_img,1,206,206,2,2026-09-16,lol:206,36,1790,1,0,1790,0.1,мало данных
nabory-555-564_styled_img_3,nabory-555-564_styled_img,1,206,206,2,2026-09-16,lol:206,38,428,0,0,,0.1,мало данных
nabory-555-564_styled_img_4,nabory-555-564_styled_img,1,206,206,2,2026-09-16,team:206,43,555,0,0,,0.1,мало данных
nabory-555-564_styled_img_5,nabory-555-564_styled_img,1,206,206,2,2026-09-16,team:206,29,256,0,0,,0.1,мало данных
nabory-555-564_styled_img_6,nabory-555-564_styled_img,1,206,206,2,2026-09-16,team:206,48,904,1,0,904,0.1,мало данных
nabory-555-564_styled_img_7,nabory-555-564_styled_img,1,206,206,2,2026-09-16,team:206,28,159,1,0,159,0.1,мало данных
nabory-555-564_styled_img_8,nabory-555-564_styled_img,1,206,206,2,2026-09-16,team:206,53,573,0,0,,0.1,мало данных
nabory-555-564_styled_img_9,nabory-555-564_styled_img,1,206,206,2,2026-09-16,lol:206,40,1445,0,0,,0.1,мало данных
nabory-565-580_1,nabory-565-580,1,206,206,2,2026-09-16,lol:206,16,57,0,0,,0.1,мало данных
nabory-565-580_10,nabory-565-580,1,206,206,2,2026-09-16,lol:206,17,74,0,0,,0.1,мало данных
nabory-565-580_11,nabory-565-580,1,206,206,2,2026-09-16,team:206,35,548,0,0,,0.1,мало данных
nabory-565-580_12,nabory-565-580,1,205,205,2,2026-09-16,team:205,51,844,0,0,,0.1,мало данных
nabory-565-580_13,nabory-565-580,1,206,206,2,2026-09-16,lol:206,18,64,0,0,,0.1,мало данных
nabory-565-580_14,nabory-565-580,1,206,206,2,2026-09-16,lol:206,29,1583,0,0,,0.1,мало данных
nabory-565-580_15,nabory-565-580,1,206,206,2,2026-09-16,team:206,33,433,0,0,,0.1,мало данных
nabory-565-580_16,nabory-565-580,1,206,206,2,2026-09-16,team:206,13,45,0,0,,0.1,мало данных
nabory-565-580_2,nabory-565-580,1,206,206,2,2026-09-16,lol:206,29,1053,0,0,,0.1,мало данных
nabory-565-580_3,nabory-565-580,1,206,206,2,2026-09-16,lol:206,33,752,0,0,,0.1,мало данных
nabory-565-580_4,nabory-565-580,1,206,206,2,2026-09-16,lol:206,11,19,0,0,,0.1,мало данных
nabory-565-580_5,nabory-565-580,1,206,206,2,2026-09-16,team:206,21,1338,0,0,,0.1,мало данных
nabory-565-580_6,nabory-565-580,1,206,206,2,2026-09-16,lol:206,33,130,0,0,,0.1,мало данных
nabory-565-580_7,nabory-565-580,1,206,206,2,2026-09-16,team:206,35,438,0,0,,0.1,мало данных
nabory-565-580_8,nabory-565-580,1,206,206,2,2026-09-16,team:206,39,831,0,0,,0.1,мало данных
nabory-565-580_9,nabory-565-580,1,206,206,2,2026-09-16,team:206,38,623,0,0,,0.1,мало данных
nabory-581-590_1,nabory-581-590,1,206,206,2,2026-09-17,team:206,9,115,0,0,,0.1,мало данных
nabory-581-590_10,nabory-581-590,1,150,150,1,2026-09-17,lol:150,16,579,0,0,,0.1,мало данных
nabory-581-590_2,nabory-581-590,1,206,206,2,2026-09-17,team:206,10,201,0,0,,0.1,мало данных
nabory-581-590_3,nabory-581-590,1,206,206,2,2026-09-17,team:206,20,123,0,0,,0.1,мало данных
nabory-581-590_4,nabory-581-590,1,206,206,2,2026-09-16,team:206,22,130,0,0,,0.1,мало данных
nabory-581-590_5,nabory-581-590,1,206,206,2,2026-09-17,team:206,22,107,0,0,,0.1,мало данных
nabory-581-590_6,nabory-581-590,1,206,206,2,2026-09-17,lol:206,21,100,0,0,,0.1,мало данных
nabory-581-590_7,nabory-581-590,1,206,206,2,2026-09-17,team:206,39,442,0,0,,0.1,мало данных
nabory-581-590_8,nabory-581-590,1,206,206,2,2026-09-17,team:206,29,463,0,0,,0.1,мало данных
nabory-581-590_9,nabory-581-590,1,206,206,2,2026-09-17,team:206,13,46,0,0,,0.1,мало данных
nabory-591-600_1,nabory-591-600,1,206,206,2,2026-09-17,team:206,28,151,0,0,,0.1,мало данных
nabory-591-600_10,nabory-591-600,1,206,206,2,2026-09-17,team:206,36,1227,0,0,,0.1,мало данных
nabory-591-600_2,nabory-591-600,1,206,206,2,2026-09-17,team:206,9,85,0,0,,0.1,мало данных
nabory-591-600_3,nabory-591-600,1,206,206,2,2026-09-17,lol:206,20,540,0,0,,0.1,мало данных
nabory-591-600_4,nabory-591-600,1,206,206,2,2026-09-17,team:206,14,22,0,0,,0.1,мало данных
nabory-591-600_5,nabory-591-600,1,206,206,2,2026-09-17,team:206,33,381,0,0,,0.1,мало данных
nabory-591-600_6,nabory-591-600,1,206,206,2,2026-09-17,team:206,14,137,0,0,,0.1,мало данных
nabory-591-600_7,nabory-591-600,1,206,206,2,2026-09-17,lol:206,14,556,0,0,,0.1,мало данных
nabory-591-600_8,nabory-591-600,1,206,206,2,2026-09-17,team:206,31,2893,0,0,,0.1,мало данных
nabory-591-600_9,nabory-591-600,1,206,206,2,2026-09-17,lol:206,8,16,0,0,,0.1,мало данных
nabory-601-610_1,nabory-601-610,1,206,206,2,2026-09-17,team:206,8,22,0,0,,0.1,мало данных
nabory-601-610_10,nabory-601-610,1,206,206,2,2026-09-17,team:206,18,288,0,0,,0.1,мало данных
nabory-601-610_2,nabory-601-610,1,206,206,2,2026-09-17,team:206,25,841,1,1,841,0.1,мало данных
nabory-601-610_3,nabory-601-610,1,206,206,2,2026-09-17,team:206,6,15,0,0,,0.1,мало данных
nabory-601-610_4,nabory-601-610,1,206,206,2,2026-09-17,team:206,24,2183,1,0,2183,0.1,мало данных
nabory-601-610_5,nabory-601-610,1,206,206,2,2026-09-17,team:206,20,196,0,0,,0.1,мало данных
nabory-601-610_6,nabory-601-610,1,206,206,2,2026-09-17,lol:206,6,21,0,0,,0.1,мало данных
nabory-601-610_7,nabory-601-610,1,206,206,2,2026-09-17,lol:206,29,360,0,0,,0.1,мало данных
nabory-601-610_8,nabory-601-610,1,206,206,2,2026-09-17,lol:206,17,189,0,0,,0.1,мало данных
nabory-601-610_9,nabory-601-610,1,206,206,2,2026-09-17,lol:206,24,298,0,0,,0.1,мало данных
nabory-611-620_1,nabory-611-620,1,150,150,1,2026-09-18,team:150,2,4,0,0,,0.1,мало данных
nabory-611-620_10,nabory-611-620,1,206,206,2,2026-09-17,lol:206,7,11,0,0,,0.1,мало данных
nabory-611-620_2,nabory-611-620,1,150,150,1,2026-09-18,team:150,10,118,0,0,,0.1,мало данных
nabory-611-620_3,nabory-611-620,1,150,150,1,2026-09-18,team:150,6,144,0,0,,0.1,мало данных
nabory-611-620_4,nabory-611-620,1,150,150,1,2026-09-18,lol:150,8,11,0,0,,0.1,мало данных
nabory-611-620_5,nabory-611-620,1,150,150,1,2026-09-18,lol:150,7,13,0,0,,0.1,мало данных
nabory-611-620_6,nabory-611-620,1,206,206,2,2026-09-17,lol:206,24,137,0,0,,0.1,мало данных
nabory-611-620_7,nabory-611-620,1,204,204,2,2026-09-17,team:204,14,440,0,0,,0.1,мало данных
nabory-611-620_8,nabory-611-620,1,206,206,2,2026-09-17,lol:206,27,284,0,0,,0.1,мало данных
nabory-611-620_9,nabory-611-620,1,206,206,2,2026-09-17,team:206,27,126,0,0,,0.1,мало данных
nabory-621-630_1,nabory-621-630,1,150,150,1,2026-09-18,lol:150,24,162,0,0,,0.1,мало данных
nabory-621-630_10,nabory-621-630,1,150,150,1,2026-09-18,lol:150,34,383,0,0,,0.1,мало данных
nabory-621-630_2,nabory-621-630,1,206,206,2,2026-09-19,lol:206,85,3869,2,0,1934,0.3,мало данных
nabory-621-630_3,nabory-621-630,1,150,150,1,2026-09-18,lol:150,56,586,0,0,,0.1,мало данных
nabory-621-630_4,nabory-621-630,1,206,206,2,2026-09-19,lol:206,80,2034,1,0,2034,0.3,мало данных
nabory-621-630_5,nabory-621-630,1,150,150,1,2026-09-18,lol:150,38,665,0,0,,0.1,мало данных
nabory-621-630_6,nabory-621-630,1,150,150,1,2026-09-18,lol:150,26,405,0,0,,0.1,мало данных
nabory-621-630_7,nabory-621-630,1,206,206,2,2026-09-19,lol:206,54,302,0,0,,0.3,мало данных
nabory-621-630_8,nabory-621-630,1,150,150,1,2026-09-18,lol:150,33,291,0,0,,0.1,мало данных
nabory-621-630_9,nabory-621-630,1,206,206,2,2026-09-19,lol:206,78,2455,0,0,,0.3,мало данных
nabory-631-640_1,nabory-631-640,1,206,206,2,2026-09-19,lol:206,72,2178,0,0,,0.3,мало данных
nabory-631-640_10,nabory-631-640,1,150,150,1,2026-09-18,lol:150,46,254,0,0,,0.1,мало данных
nabory-631-640_3,nabory-631-640,1,206,206,2,2026-09-20,lol:206,19,137,0,0,,0.1,мало данных
nabory-631-640_4,nabory-631-640,1,206,206,2,2026-09-20,lol:206,32,386,0,0,,0.1,мало данных
nabory-631-640_5,nabory-631-640,1,206,206,2,2026-09-19,lol:206,35,1006,0,0,,0.3,мало данных
nabory-631-640_6,nabory-631-640,1,206,206,2,2026-09-20,lol:206,62,1600,0,0,,0.1,мало данных
nabory-631-640_7,nabory-631-640,1,206,206,2,2026-09-19,lol:206,40,210,0,0,,0.3,мало данных
nabory-631-640_8,nabory-631-640,1,206,206,2,2026-09-19,lol:206,12,35,0,0,,0.3,мало данных
nabory-631-640_9,nabory-631-640,1,150,150,1,2026-09-18,lol:150,11,40,1,0,40,0.1,мало данных
nabory-641-650_1,nabory-641-650,1,206,206,2,2026-09-19,lol:206,48,673,0,0,,0.3,мало данных
nabory-641-650_10,nabory-641-650,1,206,206,2,2026-09-20,lol:206,57,3413,0,0,,0.1,мало данных
nabory-641-650_2,nabory-641-650,1,206,206,2,2026-09-19,lol:206,50,1983,0,0,,0.3,мало данных
nabory-641-650_3,nabory-641-650,1,206,206,2,2026-09-19,lol:206,40,563,0,0,,0.3,мало данных
nabory-641-650_4,nabory-641-650,1,206,206,2,2026-09-19,lol:206,67,1387,0,0,,0.3,мало данных
nabory-641-650_5,nabory-641-650,1,206,206,2,2026-09-20,lol:206,45,703,0,0,,0.1,мало данных
nabory-641-650_6,nabory-641-650,1,206,206,2,2026-09-20,lol:206,8,8,0,0,,0.1,мало данных
nabory-641-650_7,nabory-641-650,1,206,206,2,2026-09-20,lol:206,16,38,0,0,,0.1,мало данных
nabory-641-650_8,nabory-641-650,1,206,206,2,2026-09-20,lol:206,10,13,0,0,,0.1,мало данных
nabory-641-650_9,nabory-641-650,1,206,206,2,2026-09-20,lol:206,17,127,0,0,,0.1,мало данных
nabory-651-660_1,nabory-651-660,1,206,206,2,2026-09-20,lol:206,25,182,0,0,,0.1,мало данных
nabory-651-660_10,nabory-651-660,1,206,206,2,2026-09-19,lol:206,52,1376,0,0,,0.3,мало данных
nabory-651-660_2,nabory-651-660,1,206,206,2,2026-09-20,lol:206,7,33,0,0,,0.1,мало данных
nabory-651-660_3,nabory-651-660,1,206,206,2,2026-09-19,lol:206,49,1049,0,0,,0.3,мало данных
nabory-651-660_4,nabory-651-660,1,206,206,2,2026-09-20,lol:206,29,258,0,0,,0.1,мало данных
nabory-651-660_5,nabory-651-660,1,206,206,2,2026-09-20,lol:206,23,109,1,0,109,0.1,мало данных
nabory-651-660_6,nabory-651-660,1,206,206,2,2026-09-20,lol:206,71,994,0,0,,0.1,мало данных
nabory-651-660_7,nabory-651-660,1,206,206,2,2026-09-20,lol:206,10,36,0,0,,0.1,мало данных
nabory-651-660_8,nabory-651-660,1,206,206,2,2026-09-20,lol:206,37,197,0,0,,0.1,мало данных
nabory-651-660_9,nabory-651-660,1,206,206,2,2026-09-20,lol:206,32,296,0,0,,0.1,мало данных
nabory264268_01.09,nabory264268_01.09,4,824,0,2,2026-09-01,team:824,89,422,0,0,,1.6,мало данных
nabory274283,nabory274283,10,2060,0,4,2026-09-02,lol:1442/team:618,275,4302,3,1,1434,3.4,как ожидалось
nabory284293,nabory284293,10,2060,0,4,2026-09-02,lol:2060,153,1794,0,0,,2.5,ПУСТОЙ: ноль при ожидаемых 2.5
nabory294303,nabory294303,10,2060,0,4,2026-09-02,lol:1442/team:618,255,3690,0,0,,3.4,ПУСТОЙ: ноль при ожидаемых 3.4
nabory400410_styled_img,nabory400410_styled_img,11,2266,0,2,2026-09-06,lol:1442/team:824,215,2925,0,0,,1.5,мало данных
nabory411420_styled_img,nabory411420_styled_img,10,2060,0,2,2026-09-06,lol:1030/team:1030,259,6911,2,2,3455,1.4,мало данных
nabory421425_styled_img,nabory421425_styled_img,5,1029,0,2,2026-09-06,lol:617/team:412,180,4076,2,1,2038,0.7,мало данных
nabory431435_styled_img,nabory431435_styled_img,5,1030,0,2,2026-09-07,team:618/lol:412,145,4537,0,0,,1.1,мало данных
nabory436440_styled_img,nabory436440_styled_img,5,1030,0,2,2026-09-07,team:1030,118,2019,0,0,,1.1,мало данных
nabory441443_styled_img,nabory441443_styled_img,3,618,0,2,2026-09-07,team:618,46,1628,0,0,,0.6,мало данных
nabory447451_styled_img,nabory447451_styled_img,5,1030,0,2,2026-09-08,buzz:618/lol:412,97,1731,0,0,,1.0,мало данных
nabory455457_styled_img,nabory455457_styled_img,3,618,0,2,2026-09-09,lol:618,20,751,0,0,,0.9,мало данных
nabory461463_styled_img,nabory461463_styled_img,3,594,0,2,2026-09-09,casino:594,170,5798,1,0,5798,0.9,мало данных
nabory464466,nabory464466,3,618,0,2,2026-09-10,team:618,46,3043,0,0,,0.5,мало данных
nabory470472_styled_img,nabory470472_styled_img,3,618,0,2,2026-09-10,team:618,128,1423,1,0,1423,0.5,мало данных
nabory481483_styled_img_dark,nabory481483_styled_img_dark,3,618,0,2,2026-09-11,team:618,116,4187,0,0,,0.7,мало данных
nabory484486_styled_img,nabory484486_styled_img,3,618,0,2,2026-09-11,team:618,83,586,0,0,,0.7,мало данных
script_yandex_12page,script_yandex_12page,21,4326,504,3,2026-09-11,casino:3296/team:824/lol:206,585,12525,4,0,3131,4.0,как ожидалось
shponnayarezka1,shponnayarezka1,1,206,0,2,2026-09-05,team:206,19,88,0,0,,0.1,мало данных
struktura8x7,struktura8x7,8,1648,0,2,2026-09-06,team:1648,302,9252,0,0,,1.1,мало данных
tesemochnaya1,tesemochnaya1,1,206,0,2,2026-09-05,team:206,35,241,0,0,,0.1,мало данных
trikomplekta,trikomplekta,3,618,0,2,2026-09-04,team:618,108,1337,0,0,,0.5,мало данных
trikomplektaB,trikomplektaB,3,618,0,2,2026-09-05,team:412/lol:206,74,472,1,1,472,0.3,мало данных
troykaC,troykaC,3,618,0,2,2026-09-06,team:618,70,1256,0,0,,0.4,мало данных
Выдача_06.09_12стр,Выдача_06.09_12стр,8,1648,0,2,2026-09-07,lol:1030/team:618,275,9605,3,0,3201,1.7,мало данных
Выдача_06.09_7стр,Выдача_06.09_7стр,2,412,0,2,2026-09-07,lol:206/team:206,44,1289,0,0,,0.4,мало данных
КОНТРОЛЬ NEW50_5_7pages_nodate_21.08,КОНТРОЛЬ NEW50_5_7pages_nodate_21.08,18,3707,0,3,2026-08-25,team:3295/lol:412,624,55273,4,1,13818,5.9,как ожидалось
ПАК НЕИЗВЕСТЕН,ПАК НЕИЗВЕСТЕН,335,66990,168,24,2026-08-11,team:51423/lol:8644/buzz:2125/casino:824/online:390/cloud:206/store:206/site:206/shop:206/work:206/live:206/click:206/fun:206/space:206/sbs:199/rest:199/xyz:199/cfd:199/cyou:198/top:184/icu:184/quest:184/bond:184,13182,798789,117,9,6827,128.6,как ожидалось
ТЕСТ B Generator_11page_NOimg_24.08,ТЕСТ B Generator_11page_NOimg_24.08,11,2266,0,2,2026-08-24,team:1854/lol:412,389,18337,5,0,3667,4.2,как ожидалось
