domain,zone,launch,content,sites,index,reg,fd,cost,profit,profit_exp,brands_fd
1109casino.casino,casino,2026-09-11,NEW102оформленосдатой,206,30.6,5,3,7,113,33.53,stake fenix trix
1083.lol,lol,2026-09-02,NEW50_2_12pages_nodate_02.09,206,34.0,3,2,1,79,23.32,slotgames slotgames
2334.team,team,2026-09-11,NEW102оформленосдатой,206,24.3,7,2,2,78,54.74,martin twin
ploo.team,team,2026-09-15,content-2026-09-14c-12str-oform_2,206,39.8,4,2,2,78,30.43,marathon getx
9051.team,team,2026-09-12,content-2026-09-12-7str-oform-2,206,17.0,2,2,2,78,14.21,martin martin
gwrl.casino,casino,2026-09-01,NEW50_12pages_withdate_01.09,206,40.8,4,2,7,73,25.43,1go spinto
qlmf.lol,lol,2026-09-09,archive412_unique12оформлено,206,35.4,5,1,1,39,39.53,leebet
2369.lol,lol,2026-09-03,NEW50_3_12pages_withdate_styled,206,35.4,3,1,1,39,23.32,bounty
xpba.lol,lol,2026-09-09,archive412_unique12оформлено,206,32.5,3,1,1,39,23.32,leon
2129.lol,lol,2026-09-11,NEW102оформленосдатой,206,18.9,3,1,1,39,23.32,slotozal
casinosz.lol,lol,2026-09-16,content-2026-09-15-7str-oform-2_48,206,32.5,2,1,1,39,15.21,unlim
l3c7.lol,lol,2026-09-19,content-2026-09-17b-7str-oform_25,150,39.3,2,1,1,39,15.21,selector
411casino.lol,lol,2026-09-06,nabory411420_styled_img,206,7.3,1,1,1,39,7.11,kraken
casinofsd.lol,lol,2026-09-06,nabory421425_styled_img,206,24.3,1,1,1,39,7.11,iris
7816.lol,lol,2026-09-07,clean12_unique11оформлено,206,8.7,1,1,1,39,7.11,moneyx
casino5615.lol,lol,2026-09-09,archive47_unique119оформленочасть1,206,11.7,1,1,1,39,7.11,winline
4236.lol,lol,2026-09-09,archive47_unique119оформленочасть1,206,16.0,1,1,1,39,7.11,bounty
r6a3.lol,lol,2026-09-15,content-2026-09-14-7str-oform-9_3,206,20.4,1,1,1,39,7.11,vodka
vecasino.lol,lol,2026-09-15,content-2026-09-14b-7str-oform-2_21,206,33.5,1,1,1,39,7.11,why
5713.lol,lol,2026-09-15,content-2026-09-14c-7str-oform-2_13,206,16.5,1,1,1,39,7.11,leon
7492.lol,lol,2026-09-15,content-2026-09-14c-7str-oform-2_2,206,20.9,1,1,1,39,7.11,beef
casinocr.lol,lol,2026-09-16,content-2026-09-14c-7str-oform-1_38,206,28.2,1,1,1,39,7.11,upx
1206.lol,lol,2026-09-15,content-2026-09-14c-7str-oform-1_22,206,25.7,1,1,1,39,7.11,iris
5580.team,team,2026-09-02,NEW50_7pages_nodate_01.09,206,20.4,5,1,2,38,38.53,goodwin
rvue.team,team,2026-09-02,NEW50_7pages_withdate_01.09,206,37.4,3,1,2,38,22.32,olimp
3242.team,team,2026-09-02,NEW50_2_7pages_withdate,206,18.4,3,1,2,38,22.32,leon
5779.team,team,2026-09-17,content-2026-09-15-7str-oform-1_43,206,18.0,3,1,2,38,22.32,frank
h6k8.team,team,2026-09-02,nabory274283,206,18.4,2,1,2,38,14.21,bigsbet
7079.team,team,2026-09-03,NEW50_3_12pages_withdate_styled,206,16.0,2,1,2,38,14.21,frank
6655.team,team,2026-09-10,archive37строформленоv2часть1,206,20.4,2,1,2,38,14.21,iris
rzbcasino.team,team,2026-09-12,NEW102оформленобездаты,206,20.4,2,1,2,38,14.21,r7
itym.team,team,2026-09-15,content-2026-09-14b-7str-oform-2_20,206,26.2,2,1,2,38,14.21,upx
0749.team,team,2026-09-15,content-2026-09-14c-7str-oform-2_3,206,24.8,2,1,2,38,14.21,trix
6418.team,team,2026-09-03,КОНТЕНТ НЕ ЗАПИСАН,206,13.6,1,1,2,38,6.11,r7
t8n2.team,team,2026-09-03,NEW50_12pages_withdate_01.09,206,21.4,1,1,2,38,6.11,kent
5298.team,team,2026-09-05,trikomplektaB,206,12.1,1,1,2,38,6.11,martin
casinonck.team,team,2026-09-05,NEW21_7pages_nodate_styled_img,206,27.2,1,1,2,38,6.11,r7
9800.team,team,2026-09-06,nabory411420_styled_img,206,29.6,1,1,2,38,6.11,onion
939casino.team,team,2026-09-07,NEW20_4_12pages_nodate,206,15.0,1,1,2,38,6.11,martin
9480.team,team,2026-09-07,NEW20_4_7pages_withdate,206,13.1,1,1,2,38,6.11,mellstroy
3574.team,team,2026-09-08,clean7_part1_50оформлено,206,19.4,1,1,2,38,6.11,leon
jgcasino.team,team,2026-09-11,archive37строформленоv2часть1,206,11.2,1,1,2,38,6.11,eva
y0v.team,team,2026-09-12,NEW102оформленобездаты,206,12.6,1,1,2,38,6.11,unlim
2837.team,team,2026-09-15,content-2026-09-14b-7str-oform-2_37,206,11.2,1,1,2,38,6.11,leon
6874.team,team,2026-09-16,content-2026-09-15-7str-oform-2_23,206,14.6,1,1,2,38,6.11,pinco
3134.team,team,2026-09-16,content-2026-09-15-7str-oform-1_45,206,8.7,1,1,2,38,6.11,kush
3087.team,team,2026-09-17,nabory-601-610_2,206,11.7,1,1,2,38,6.11,shuffle
2815.team,team,2026-09-17,content-2026-09-16-7str_23,206,14.6,1,1,2,38,6.11,luckybird
casino4244.buzz,buzz,2026-09-08,archive37строформленоv2часть2,206,8.3,1,1,3,37,5.11,leon
0509gg.casino,casino,2026-09-05,NEW21_12pages_withdate_styled_img,206,29.1,2,1,7,33,9.21,vulkanplatinum
1009gg.casino,casino,2026-09-10,archive37строформленоv2часть3,206,22.3,2,1,7,33,9.21,spinto
ajjk.casino,casino,2026-09-10,archive37строформленоv2часть3,206,31.6,2,1,7,33,9.21,sol
1109r.casino,casino,2026-09-11,NEW102оформленосдатой,206,24.3,2,1,7,33,9.21,r7
tghc.casino,casino,2026-09-01,NEW50_12pages_nodate_01.09,206,20.4,1,1,7,33,1.11,fenix
msvcasino.lol,lol,2026-09-09,archive412_unique12оформлено,206,44.7,6,0,1,-1,47.64,
4994.lol,lol,2026-09-07,NEW20_4_12pages_withdate,206,34.5,4,0,1,-1,31.43,
7395.lol,lol,2026-09-02,NEW50_2_12pages_nodate_02.09,206,33.0,3,0,1,-1,23.32,
2097.lol,lol,2026-09-03,NEW50_3_12pages_nodate_styled,206,38.3,3,0,1,-1,23.32,
9124.lol,lol,2026-09-04,КОНТЕНТ НЕ ЗАПИСАН,206,14.6,3,0,1,-1,23.32,
3237.lol,lol,2026-09-08,Content_script_12page_08.09,206,15.5,3,0,1,-1,23.32,
5406.lol,lol,2026-09-08,clean7_part1_50оформлено,206,15.0,2,0,1,-1,15.21,
a1f9.lol,lol,2026-09-09,archive47_unique119оформленочасть1,206,15.0,2,0,1,-1,15.21,
casinob3.lol,lol,2026-09-12,content-2026-09-12-7str-oform-1,206,14.1,2,0,1,-1,15.21,
1978.lol,lol,2026-09-17,content-2026-09-16-7str_1,206,25.2,2,0,1,-1,15.21,
8829.lol,lol,2026-09-02,NEW50_2_12pages_nodate_02.09,206,22.3,1,0,1,-1,7.11,
8474.lol,lol,2026-09-03,КОНТЕНТ НЕ ЗАПИСАН,206,24.8,1,0,1,-1,7.11,
pjxu.lol,lol,2026-09-04,nabory274283,206,7.3,1,0,1,-1,7.11,
casino4934.lol,lol,2026-09-04,NEW20_12pages_withdate_styled_img,206,31.1,1,0,1,-1,7.11,
fks.lol,lol,2026-09-06,nabory421425_styled_img,206,7.8,1,0,1,-1,7.11,
5448.lol,lol,2026-09-07,Выдача_06.09_12стр,206,21.4,1,0,1,-1,7.11,
4809.lol,lol,2026-09-07,Выдача_06.09_12стр,206,8.3,1,0,1,-1,7.11,
9413.lol,lol,2026-09-07,NEW20_4_12pages_withdate,206,12.1,1,0,1,-1,7.11,
7978.lol,lol,2026-09-07,NEW20_4_12pages_nodate,206,15.0,1,0,1,-1,7.11,
261casino.lol,lol,2026-09-07,NEW20_7pages_withdate_оформлено,206,11.2,1,0,1,-1,7.11,
113casino.lol,lol,2026-09-08,Content_script_12page_08.09,206,22.3,1,0,1,-1,7.11,
5191.lol,lol,2026-09-08,archive37строформленоv2часть2,206,9.2,1,0,1,-1,7.11,
389casino.lol,lol,2026-09-08,archive37строформленоv2часть1,206,18.9,1,0,1,-1,7.11,
n4h1.lol,lol,2026-09-08,archive37строформленоv2часть3,206,5.8,1,0,1,-1,7.11,
c9a3.lol,lol,2026-09-09,archive412_unique12оформлено,206,18.9,1,0,1,-1,7.11,
uyyj.lol,lol,2026-09-09,archive412_unique12оформлено,206,21.8,1,0,1,-1,7.11,
6480.lol,lol,2026-09-09,archive47_unique119оформленочасть2,206,10.7,1,0,1,-1,7.11,
psbl.lol,lol,2026-09-09,archive47_unique119оформленочасть1,206,14.6,1,0,1,-1,7.11,
8739.lol,lol,2026-09-10,archive37строформленоv2часть3,206,10.2,1,0,1,-1,7.11,
casino534.lol,lol,2026-09-11,NEW102оформленобездаты,206,9.7,1,0,1,-1,7.11,
t8s4.lol,lol,2026-09-12,content-2026-09-12-7str-oform-2,206,13.1,1,0,1,-1,7.11,
x2v4.lol,lol,2026-09-14,content-2026-09-12-7str-oform-3,206,4.9,1,0,1,-1,7.11,
1014.lol,lol,2026-09-15,content-2026-09-14b-7str-oform-2_28,206,17.0,1,0,1,-1,7.11,
25casino.lol,lol,2026-09-15,content-2026-09-14c-7str-oform-2_7,206,18.9,1,0,1,-1,7.11,
0558.lol,lol,2026-09-15,content-2026-09-14c-7str-oform-1_45,206,26.7,1,0,1,-1,7.11,
p4q8.lol,lol,2026-09-16,content-2026-09-14c-7str-oform-1_28,206,21.4,1,0,1,-1,7.11,
rdpo.lol,lol,2026-09-16,nabory-535-544_styled_img_1,206,14.6,1,0,1,-1,7.11,
5226casino.lol,lol,2026-09-16,nabory-555-564_styled_img_2,206,15.0,1,0,1,-1,7.11,
2154.lol,lol,2026-09-16,content-2026-09-15-7str-oform-1_42,206,16.5,1,0,1,-1,7.11,
2385.lol,lol,2026-09-18,content-2026-09-17-7str-oform-2_38,150,32.0,1,0,1,-1,7.11,
3578.lol,lol,2026-09-18,content-2026-09-17-7str-oform-2_13,150,21.3,1,0,1,-1,7.11,
4497.lol,lol,2026-09-18,nabory-631-640_9,150,8.0,1,0,1,-1,7.11,
3785.lol,lol,2026-09-18,content-2026-09-17b-7str-oform_38,150,52.0,1,0,1,-1,7.11,
2756.lol,lol,2026-09-18,content-2026-09-17b-7str-oform_2,150,43.3,1,0,1,-1,7.11,
hch.lol,lol,2026-09-19,content-2026-09-17-7str-oform-2_47,150,50.7,1,0,1,-1,7.11,
casinooat.lol,lol,2026-09-19,nabory-631-640_1,150,39.3,1,0,1,-1,7.11,
8590.lol,lol,2026-09-19,content-2026-09-17b-7str-oform_5,150,4.7,1,0,1,-1,7.11,
casinoasg.lol,lol,2026-09-19,nabory-621-630_4,150,45.3,1,0,1,-1,7.11,
fvqcasino.lol,lol,2026-09-19,nabory-621-630_2,150,45.3,1,0,1,-1,7.11,
7743casino.lol,lol,2026-09-19,content-2026-09-17-7str-oform-2_6,150,24.7,1,0,1,-1,7.11,
rvue.lol,lol,2026-09-02,NEW50_7pages_withdate_01.09,206,18.9,0,0,1,-1,-1.0,
q7a.lol,lol,2026-09-02,NEW50_7pages_withdate_01.09,206,11.2,0,0,1,-1,-1.0,
1185.lol,lol,2026-09-01,NEW50_12pages_withdate_01.09,206,29.6,0,0,1,-1,-1.0,
0403.lol,lol,2026-09-01,NEW50_12pages_withdate_01.09,206,9.7,0,0,1,-1,-1.0,
2418.lol,lol,2026-09-02,NEW50_2_12pages_nodate_02.09,206,24.8,0,0,1,-1,-1.0,
8730.lol,lol,2026-09-02,nabory274283,206,3.9,0,0,1,-1,-1.0,
0040.lol,lol,2026-09-02,nabory274283,206,8.7,0,0,1,-1,-1.0,
7590.lol,lol,2026-09-02,nabory274283,206,14.1,0,0,1,-1,-1.0,
7119.lol,lol,2026-09-02,nabory284293,206,8.7,0,0,1,-1,-1.0,
0728.lol,lol,2026-09-02,nabory284293,206,6.8,0,0,1,-1,-1.0,
9061.lol,lol,2026-09-02,nabory284293,206,6.8,0,0,1,-1,-1.0,
f4w.lol,lol,2026-09-02,nabory294303,206,6.8,0,0,1,-1,-1.0,
7180.lol,lol,2026-09-02,nabory294303,206,8.3,0,0,1,-1,-1.0,
3064.lol,lol,2026-09-02,nabory294303,206,10.2,0,0,1,-1,-1.0,
tgmb.lol,lol,2026-09-02,NEW50_2_12pages_withdate_02.09,206,24.3,0,0,1,-1,-1.0,
rza.lol,lol,2026-09-02,NEW50_2_12pages_withdate_02.09,206,31.6,0,0,1,-1,-1.0,
9158.lol,lol,2026-09-02,NEW50_2_12pages_withdate_02.09,206,26.7,0,0,1,-1,-1.0,
6860.lol,lol,2026-09-03,КОНТЕНТ НЕ ЗАПИСАН,206,17.0,0,0,1,-1,-1.0,
7448.lol,lol,2026-09-03,КОНТЕНТ НЕ ЗАПИСАН,206,16.0,0,0,1,-1,-1.0,
qmpl.lol,lol,2026-09-03,КОНТЕНТ НЕ ЗАПИСАН,206,14.1,0,0,1,-1,-1.0,
xjl.lol,lol,2026-09-03,КОНТЕНТ НЕ ЗАПИСАН,206,10.2,0,0,1,-1,-1.0,
izlx.lol,lol,2026-09-03,КОНТЕНТ НЕ ЗАПИСАН,206,11.2,0,0,1,-1,-1.0,
7079.lol,lol,2026-09-03,КОНТЕНТ НЕ ЗАПИСАН,206,25.7,0,0,1,-1,-1.0,
t8n2.lol,lol,2026-09-03,КОНТЕНТ НЕ ЗАПИСАН,206,7.3,0,0,1,-1,-1.0,
5472.lol,lol,2026-09-03,КОНТЕНТ НЕ ЗАПИСАН,206,12.1,0,0,1,-1,-1.0,
ikmd.lol,lol,2026-09-03,КОНТЕНТ НЕ ЗАПИСАН,206,21.8,0,0,1,-1,-1.0,
kzgq.lol,lol,2026-09-03,КОНТЕНТ НЕ ЗАПИСАН,206,10.2,0,0,1,-1,-1.0,
2853.lol,lol,2026-09-03,КОНТЕНТ НЕ ЗАПИСАН,206,14.1,0,0,1,-1,-1.0,
1414.lol,lol,2026-09-03,КОНТЕНТ НЕ ЗАПИСАН,206,8.3,0,0,1,-1,-1.0,
5329.lol,lol,2026-09-03,КОНТЕНТ НЕ ЗАПИСАН,206,18.9,0,0,1,-1,-1.0,
4854.lol,lol,2026-09-03,NEW50_3_12pages_withdate_styled,206,10.7,0,0,1,-1,-1.0,
3375.lol,lol,2026-09-03,NEW50_3_12pages_withdate_styled,206,16.5,0,0,1,-1,-1.0,
3242.lol,lol,2026-09-03,NEW50_3_12pages_withdate_styled,206,24.8,0,0,1,-1,-1.0,
h6k8.lol,lol,2026-09-03,NEW50_3_12pages_withdate_styled,206,27.2,0,0,1,-1,-1.0,
a1j.lol,lol,2026-09-03,NEW50_3_12pages_withdate_styled,206,19.9,0,0,1,-1,-1.0,
9957.lol,lol,2026-09-03,NEW50_3_12pages_nodate_styled,206,26.7,0,0,1,-1,-1.0,
7925.lol,lol,2026-09-03,NEW50_3_12pages_nodate_styled,206,11.2,0,0,1,-1,-1.0,
7612.lol,lol,2026-09-03,NEW50_3_12pages_nodate_styled,206,14.6,0,0,1,-1,-1.0,
6348.lol,lol,2026-09-03,NEW50_3_12pages_nodate_styled,206,18.0,0,0,1,-1,-1.0,
6012.lol,lol,2026-09-03,NEW50_3_12pages_nodate_styled,206,18.4,0,0,1,-1,-1.0,
5335.lol,lol,2026-09-03,NEW50_3_12pages_nodate_styled,206,9.7,0,0,1,-1,-1.0,
4151.lol,lol,2026-09-03,NEW50_3_12pages_nodate_styled,206,14.6,0,0,1,-1,-1.0,
4330.lol,lol,2026-09-03,NEW50_3_7pages_withdate_styled,206,5.8,0,0,1,-1,-1.0,
z2u7.lol,lol,2026-09-03,NEW50_3_7pages_withdate_styled,206,13.1,0,0,1,-1,-1.0,
oasc.lol,lol,2026-09-03,NEW50_3_7pages_withdate_styled,206,22.8,0,0,1,-1,-1.0,
9485.lol,lol,2026-09-03,NEW50_3_7pages_withdate_styled,206,8.3,0,0,1,-1,-1.0,
6420.lol,lol,2026-09-03,NEW50_3_7pages_withdate_styled,206,1.9,0,0,1,-1,-1.0,
3675.lol,lol,2026-09-03,NEW50_3_7pages_withdate_styled,206,14.6,0,0,1,-1,-1.0,
3349.lol,lol,2026-09-03,NEW50_3_7pages_withdate_styled,206,15.5,0,0,1,-1,-1.0,
3191.lol,lol,2026-09-03,NEW50_3_7pages_withdate_styled,206,12.1,0,0,1,-1,-1.0,
2801.lol,lol,2026-09-03,NEW50_3_7pages_withdate_styled,206,5.8,0,0,1,-1,-1.0,
v9g.lol,lol,2026-09-03,NEW50_3_7pages_nodate_styled,206,8.3,0,0,1,-1,-1.0,
8663.lol,lol,2026-09-03,NEW50_3_7pages_nodate_styled,206,18.0,0,0,1,-1,-1.0,
5580.lol,lol,2026-09-03,NEW50_3_7pages_nodate_styled,206,14.1,0,0,1,-1,-1.0,
o5h7.lol,lol,2026-09-03,NEW50_3_7pages_nodate_styled,206,19.9,0,0,1,-1,-1.0,
4502.lol,lol,2026-09-03,NEW50_3_7pages_nodate_styled,206,7.8,0,0,1,-1,-1.0,
zyok.lol,lol,2026-09-04,nabory274283,206,15.5,0,0,1,-1,-1.0,
z6z.lol,lol,2026-09-04,nabory274283,206,5.3,0,0,1,-1,-1.0,
casino922.lol,lol,2026-09-04,nabory274283,206,5.8,0,0,1,-1,-1.0,
lcdj.lol,lol,2026-09-04,nabory284293,206,2.9,0,0,1,-1,-1.0,
casinoopk.lol,lol,2026-09-04,nabory284293,206,7.8,0,0,1,-1,-1.0,
xoacasino.lol,lol,2026-09-04,nabory284293,206,8.7,0,0,1,-1,-1.0,
u4f5.lol,lol,2026-09-04,nabory284293,206,6.3,0,0,1,-1,-1.0,
ukfw.lol,lol,2026-09-04,nabory284293,206,2.4,0,0,1,-1,-1.0,
casinonck.lol,lol,2026-09-04,nabory284293,206,10.2,0,0,1,-1,-1.0,
dpcasino.lol,lol,2026-09-04,nabory284293,206,2.9,0,0,1,-1,-1.0,
emnc.lol,lol,2026-09-04,nabory294303,206,8.3,0,0,1,-1,-1.0,
ubgh.lol,lol,2026-09-04,nabory294303,206,5.3,0,0,1,-1,-1.0,
lwcasino.lol,lol,2026-09-04,nabory294303,206,4.9,0,0,1,-1,-1.0,
casinozfa.lol,lol,2026-09-04,nabory294303,206,13.1,0,0,1,-1,-1.0,
casino1430.lol,lol,2026-09-04,КОНТЕНТ НЕ ЗАПИСАН,206,9.2,0,0,1,-1,-1.0,
casino0962.lol,lol,2026-09-04,КОНТЕНТ НЕ ЗАПИСАН,206,1.9,0,0,1,-1,-1.0,
casinogh.lol,lol,2026-09-04,КОНТЕНТ НЕ ЗАПИСАН,206,5.3,0,0,1,-1,-1.0,
9090.lol,lol,2026-09-04,КОНТЕНТ НЕ ЗАПИСАН,206,2.4,0,0,1,-1,-1.0,
xycasino.lol,lol,2026-09-04,КОНТЕНТ НЕ ЗАПИСАН,206,1.9,0,0,1,-1,-1.0,
qlcasino.lol,lol,2026-09-04,КОНТЕНТ НЕ ЗАПИСАН,206,2.9,0,0,1,-1,-1.0,
casinoj1.lol,lol,2026-09-04,КОНТЕНТ НЕ ЗАПИСАН,206,6.8,0,0,1,-1,-1.0,
casino01.lol,lol,2026-09-04,КОНТЕНТ НЕ ЗАПИСАН,206,18.4,0,0,1,-1,-1.0,
casinoprb.lol,lol,2026-09-04,КОНТЕНТ НЕ ЗАПИСАН,206,2.9,0,0,1,-1,-1.0,
lvqv.lol,lol,2026-09-04,КОНТЕНТ НЕ ЗАПИСАН,206,1.5,0,0,1,-1,-1.0,
casino876.lol,lol,2026-09-04,КОНТЕНТ НЕ ЗАПИСАН,206,1.0,0,0,1,-1,-1.0,
bvve.lol,lol,2026-09-04,КОНТЕНТ НЕ ЗАПИСАН,206,3.4,0,0,1,-1,-1.0,
oxvl.lol,lol,2026-09-04,КОНТЕНТ НЕ ЗАПИСАН,206,1.0,0,0,1,-1,-1.0,
c2u3.lol,lol,2026-09-04,КОНТЕНТ НЕ ЗАПИСАН,206,12.1,0,0,1,-1,-1.0,
hkcasino.lol,lol,2026-09-05,trikomplektaB,206,10.2,0,0,1,-1,-1.0,
3284.lol,lol,2026-09-05,Generator_385390_styled_img,206,3.4,0,0,1,-1,-1.0,
qdcasino.lol,lol,2026-09-05,NEW21_7pages_nodate_styled_img_2,206,5.8,0,0,1,-1,-1.0,
65casino.lol,lol,2026-09-06,drobilnyydvor1,206,7.3,0,0,1,-1,-1.0,
casino3704.lol,lol,2026-09-06,NEW20_3_12pages_withdate_styled_img_5,206,15.5,0,0,1,-1,-1.0,
casinoduw.lol,lol,2026-09-06,NEW20_3_12pages_withdate_styled_img,206,16.5,0,0,1,-1,-1.0,
fpq.lol,lol,2026-09-06,NEW20_3_12pages_withdate_styled_img,206,24.8,0,0,1,-1,-1.0,
441casino.lol,lol,2026-09-06,NEW20_3_12pages_withdate_styled_img,206,23.8,0,0,1,-1,-1.0,
4832.lol,lol,2026-09-06,NEW20_3_12pages_withdate_styled_img,206,18.9,0,0,1,-1,-1.0,
6294.lol,lol,2026-09-06,nabory400410_styled_img,206,9.7,0,0,1,-1,-1.0,
0778.lol,lol,2026-09-06,nabory400410_styled_img,206,5.8,0,0,1,-1,-1.0,
vjkd.lol,lol,2026-09-06,nabory400410_styled_img,206,4.9,0,0,1,-1,-1.0,
4893.lol,lol,2026-09-06,nabory400410_styled_img,206,7.8,0,0,1,-1,-1.0,
7960.lol,lol,2026-09-06,nabory400410_styled_img,206,8.7,0,0,1,-1,-1.0,
5256.lol,lol,2026-09-06,NEW20_3_7pages_nodate_styled_img,205,10.7,0,0,1,-1,-1.0,
0934.lol,lol,2026-09-06,nabory400410_styled_img,206,5.3,0,0,1,-1,-1.0,
1812.lol,lol,2026-09-06,nabory400410_styled_img,206,13.6,0,0,1,-1,-1.0,
274casino.lol,lol,2026-09-06,nabory411420_styled_img,206,10.7,0,0,1,-1,-1.0,
7827.lol,lol,2026-09-06,nabory411420_styled_img,206,8.3,0,0,1,-1,-1.0,
6808.lol,lol,2026-09-06,nabory411420_styled_img,206,3.9,0,0,1,-1,-1.0,
4313.lol,lol,2026-09-06,nabory411420_styled_img,206,9.2,0,0,1,-1,-1.0,
939casino.lol,lol,2026-09-06,nabory421425_styled_img,205,15.6,0,0,1,-1,-1.0,
4287.lol,lol,2026-09-07,Выдача_06.09_12стр,206,14.6,0,0,1,-1,-1.0,
ixkf.lol,lol,2026-09-07,Выдача_06.09_12стр,206,3.4,0,0,1,-1,-1.0,
8061.lol,lol,2026-09-07,Выдача_06.09_12стр,206,12.1,0,0,1,-1,-1.0,
2663.lol,lol,2026-09-07,Выдача_06.09_7стр,206,17.0,0,0,1,-1,-1.0,
5153.lol,lol,2026-09-07,NEW20_4_12pages_withdate,206,11.7,0,0,1,-1,-1.0,
3211.lol,lol,2026-09-07,NEW20_4_12pages_nodate,206,23.8,0,0,1,-1,-1.0,
lmnp.lol,lol,2026-09-07,NEW20_4_7pages_withdate,206,15.0,0,0,1,-1,-1.0,
bxgi.lol,lol,2026-09-07,NEW20_4_7pages_withdate,206,4.4,0,0,1,-1,-1.0,
6027.lol,lol,2026-09-07,NEW20_4_7pages_withdate,206,10.7,0,0,1,-1,-1.0,
casino072.lol,lol,2026-09-07,NEW20_4_7pages_nodate,206,2.9,0,0,1,-1,-1.0,
5954.lol,lol,2026-09-07,nabory431435_styled_img,206,4.9,0,0,1,-1,-1.0,
3869.lol,lol,2026-09-07,nabory431435_styled_img,206,13.1,0,0,1,-1,-1.0,
8908.lol,lol,2026-09-07,NEW20_12pages_withdate_оформлено,206,15.0,0,0,1,-1,-1.0,
casinohjk.lol,lol,2026-09-07,NEW20_12pages_withdate_оформлено,206,12.6,0,0,1,-1,-1.0,
casino8509.lol,lol,2026-09-07,NEW20_12pages_nodate_оформлено,206,12.1,0,0,1,-1,-1.0,
kvbcasino.lol,lol,2026-09-07,NEW20_12pages_nodate_оформлено,206,12.1,0,0,1,-1,-1.0,
bacasino.lol,lol,2026-09-07,NEW20_12pages_nodate_оформлено,206,16.0,0,0,1,-1,-1.0,
7142.lol,lol,2026-09-07,clean12_unique11оформлено,206,26.7,0,0,1,-1,-1.0,
2726.lol,lol,2026-09-08,Content_script_12page_08.09,206,12.1,0,0,1,-1,-1.0,
qwsc.lol,lol,2026-09-08,Content_script_12page_08.09,206,4.4,0,0,1,-1,-1.0,
5826.lol,lol,2026-09-08,Content_script_12page_08.09,206,15.5,0,0,1,-1,-1.0,
casinouep.lol,lol,2026-09-08,Content_script_12page_08.09,206,25.7,0,0,1,-1,-1.0,
0697.lol,lol,2026-09-08,Content_script_12page_08.09,206,7.3,0,0,1,-1,-1.0,
xret.lol,lol,2026-09-08,clean7_part1_50оформлено,206,2.4,0,0,1,-1,-1.0,
5307.lol,lol,2026-09-08,clean7_part1_50оформлено,206,4.4,0,0,1,-1,-1.0,
l9z.lol,lol,2026-09-08,clean7_part1_50оформлено,206,4.9,0,0,1,-1,-1.0,
1556.lol,lol,2026-09-08,clean7_part1_50оформлено,206,14.6,0,0,1,-1,-1.0,
3902.lol,lol,2026-09-08,clean7_part1_50оформлено,206,11.2,0,0,1,-1,-1.0,
opcasino.lol,lol,2026-09-08,clean7_part1_50оформлено,206,17.0,0,0,1,-1,-1.0,
3970.lol,lol,2026-09-08,clean7_part1_50оформлено,206,7.3,0,0,1,-1,-1.0,
vfra.lol,lol,2026-09-08,archive37строформленоv2часть2,206,1.5,0,0,1,-1,-1.0,
5730.lol,lol,2026-09-08,archive37строформленоv2часть2,206,6.3,0,0,1,-1,-1.0,
5413.lol,lol,2026-09-08,archive37строформленоv2часть2,206,22.3,0,0,1,-1,-1.0,
16casino.lol,lol,2026-09-08,archive37строформленоv2часть2,206,11.2,0,0,1,-1,-1.0,
casino61.lol,lol,2026-09-08,archive37строформленоv2часть2,206,12.1,0,0,1,-1,-1.0,
g7u.lol,lol,2026-09-08,archive37строформленоv2часть2,206,1.5,0,0,1,-1,-1.0,
26casino.lol,lol,2026-09-08,archive37строформленоv2часть2,206,4.4,0,0,1,-1,-1.0,
1322.lol,lol,2026-09-08,archive37строформленоv2часть2,206,0.5,0,0,1,-1,-1.0,
0313.lol,lol,2026-09-08,archive37строформленоv2часть2,206,0.5,0,0,1,-1,-1.0,
67casino.lol,lol,2026-09-08,archive37строформленоv2часть2,206,5.3,0,0,1,-1,-1.0,
d3x2.lol,lol,2026-09-08,archive37строформленоv2часть2,206,2.9,0,0,1,-1,-1.0,
l6j.lol,lol,2026-09-08,archive37строформленоv2часть2,206,6.8,0,0,1,-1,-1.0,
0811.lol,lol,2026-09-08,archive37строформленоv2часть2,206,2.4,0,0,1,-1,-1.0,
4149.lol,lol,2026-09-08,archive37строформленоv2часть2,206,21.4,0,0,1,-1,-1.0,
9281.lol,lol,2026-09-08,archive37строформленоv2часть2,206,0.5,0,0,1,-1,-1.0,
8568.lol,lol,2026-09-08,archive37строформленоv2часть2,206,1.0,0,0,1,-1,-1.0,
3855.lol,lol,2026-09-08,archive37строформленоv2часть2,206,7.3,0,0,1,-1,-1.0,
0658.lol,lol,2026-09-08,archive37строформленоv2часть2,206,1.5,0,0,1,-1,-1.0,
e8k.lol,lol,2026-09-08,archive37строформленоv2часть1,206,4.4,0,0,1,-1,-1.0,
5793.lol,lol,2026-09-08,archive37строформленоv2часть1,206,5.8,0,0,1,-1,-1.0,
casinoubf.lol,lol,2026-09-08,archive37строформленоv2часть1,206,0.5,0,0,1,-1,-1.0,
casinoqu.lol,lol,2026-09-08,archive37строформленоv2часть1,206,1.9,0,0,1,-1,-1.0,
4944.lol,lol,2026-09-08,archive37строформленоv2часть1,206,2.9,0,0,1,-1,-1.0,
8452.lol,lol,2026-09-08,archive37строформленоv2часть1,206,0.0,0,0,1,-1,-1.0,
7491.lol,lol,2026-09-08,archive37строформленоv2часть1,206,5.3,0,0,1,-1,-1.0,
3553.lol,lol,2026-09-08,archive37строформленоv2часть1,206,5.8,0,0,1,-1,-1.0,
3372.lol,lol,2026-09-08,archive37строформленоv2часть1,206,6.3,0,0,1,-1,-1.0,
7415.lol,lol,2026-09-08,archive37строформленоv2часть1,206,1.9,0,0,1,-1,-1.0,
8687.lol,lol,2026-09-08,archive37строформленоv2часть1,206,4.9,0,0,1,-1,-1.0,
casinoa9.lol,lol,2026-09-08,archive37строформленоv2часть1,206,2.9,0,0,1,-1,-1.0,
3945.lol,lol,2026-09-08,archive37строформленоv2часть1,206,3.9,0,0,1,-1,-1.0,
7529.lol,lol,2026-09-08,archive37строформленоv2часть1,206,8.7,0,0,1,-1,-1.0,
5205.lol,lol,2026-09-08,archive37строформленоv2часть1,205,2.4,0,0,1,-1,-1.0,
3743.lol,lol,2026-09-08,archive37строформленоv2часть1,206,7.3,0,0,1,-1,-1.0,
1514.lol,lol,2026-09-08,nabory447451_styled_img,206,4.9,0,0,1,-1,-1.0,
w8h.lol,lol,2026-09-08,nabory447451_styled_img,206,2.4,0,0,1,-1,-1.0,
mpnw.lol,lol,2026-09-08,archive37строформленоv2часть3,206,1.5,0,0,1,-1,-1.0,
0496.lol,lol,2026-09-08,archive37строформленоv2часть3,206,1.9,0,0,1,-1,-1.0,
1500.lol,lol,2026-09-08,archive37строформленоv2часть3,206,11.2,0,0,1,-1,-1.0,
61casino.lol,lol,2026-09-08,archive37строформленоv2часть3,206,1.0,0,0,1,-1,-1.0,
5597.lol,lol,2026-09-08,archive37строформленоv2часть3,206,4.9,0,0,1,-1,-1.0,
5932.lol,lol,2026-09-08,archive37строформленоv2часть3,206,4.4,0,0,1,-1,-1.0,
6249casino.lol,lol,2026-09-08,archive37строформленоv2часть3,206,1.5,0,0,1,-1,-1.0,
y4s.lol,lol,2026-09-08,archive37строформленоv2часть3,206,5.8,0,0,1,-1,-1.0,
casino8463.lol,lol,2026-09-08,archive37строформленоv2часть3,206,1.0,0,0,1,-1,-1.0,
5974casino.lol,lol,2026-09-08,archive37строформленоv2часть3,206,7.8,0,0,1,-1,-1.0,
vlg.lol,lol,2026-09-08,archive37строформленоv2часть3,206,7.3,0,0,1,-1,-1.0,
0336.lol,lol,2026-09-08,archive37строформленоv2часть3,206,5.3,0,0,1,-1,-1.0,
0815.lol,lol,2026-09-08,archive37строформленоv2часть3,206,4.9,0,0,1,-1,-1.0,
gsbe.lol,lol,2026-09-08,archive37строформленоv2часть3,206,3.4,0,0,1,-1,-1.0,
casino91.lol,lol,2026-09-09,nabory455457_styled_img,206,2.9,0,0,1,-1,-1.0,
casino6629.lol,lol,2026-09-09,nabory455457_styled_img,206,1.5,0,0,1,-1,-1.0,
4945casino.lol,lol,2026-09-09,nabory455457_styled_img,206,2.4,0,0,1,-1,-1.0,
casinoes.lol,lol,2026-09-09,archive412_unique12оформлено,206,43.2,0,0,1,-1,-1.0,
pdmw.lol,lol,2026-09-09,archive47_unique119оформленочасть2,206,14.1,0,0,1,-1,-1.0,
d8y5.lol,lol,2026-09-09,archive47_unique119оформленочасть2,206,10.2,0,0,1,-1,-1.0,
casino6809.lol,lol,2026-09-09,archive47_unique119оформленочасть1,206,10.7,0,0,1,-1,-1.0,
5067.lol,lol,2026-09-09,archive47_unique119оформленочасть1,206,15.0,0,0,1,-1,-1.0,
6134.lol,lol,2026-09-09,archive47_unique119оформленочасть1,206,9.2,0,0,1,-1,-1.0,
8616casino.lol,lol,2026-09-09,archive47_unique119оформленочасть1,206,8.3,0,0,1,-1,-1.0,
2865.lol,lol,2026-09-09,archive47_unique119оформленочасть1,206,16.5,0,0,1,-1,-1.0,
kitg.lol,lol,2026-09-09,archive47_unique119оформленочасть1,206,22.3,0,0,1,-1,-1.0,
8489.lol,lol,2026-09-09,archive47_unique119оформленочасть1,206,10.7,0,0,1,-1,-1.0,
4558.lol,lol,2026-09-09,archive47_unique119оформленочасть1,206,13.1,0,0,1,-1,-1.0,
h3f0.lol,lol,2026-09-09,archive47_unique119оформленочасть1,206,12.6,0,0,1,-1,-1.0,
j5h6.lol,lol,2026-09-09,archive47_unique119оформленочасть1,206,8.7,0,0,1,-1,-1.0,
qpbcasino.lol,lol,2026-09-09,archive47_unique119оформленочасть1,206,13.1,0,0,1,-1,-1.0,
6912.lol,lol,2026-09-09,archive47_unique119оформленочасть1,206,8.7,0,0,1,-1,-1.0,
94casino.lol,lol,2026-09-10,archive37строформленоv2часть3,206,10.2,0,0,1,-1,-1.0,
3352.lol,lol,2026-09-10,archive37строформленоv2часть3,206,8.3,0,0,1,-1,-1.0,
7283.lol,lol,2026-09-10,archive37строформленоv2часть3,206,8.7,0,0,1,-1,-1.0,
fdls.lol,lol,2026-09-10,archive37строформленоv2часть3,206,7.3,0,0,1,-1,-1.0,
casinoq4.lol,lol,2026-09-10,archive37строформленоv2часть3,206,7.8,0,0,1,-1,-1.0,
casino947.lol,lol,2026-09-10,archive37строформленоv2часть3,206,17.5,0,0,1,-1,-1.0,
btj.lol,lol,2026-09-10,archive37строформленоv2часть3,206,8.3,0,0,1,-1,-1.0,
w7k4.lol,lol,2026-09-10,archive37строформленоv2часть3,206,5.8,0,0,1,-1,-1.0,
s3q.lol,lol,2026-09-10,archive37строформленоv2часть3,206,8.7,0,0,1,-1,-1.0,
4316.lol,lol,2026-09-10,archive37строформленоv2часть1,206,14.1,0,0,1,-1,-1.0,
casinojdj.lol,lol,2026-09-10,archive37строформленоv2часть1,206,16.5,0,0,1,-1,-1.0,
sppj.lol,lol,2026-09-11,archive37строформленоv2часть1,206,1.0,0,0,1,-1,-1.0,
7188.lol,lol,2026-09-11,archive37строформленоv2часть1,206,9.7,0,0,1,-1,-1.0,
4160.lol,lol,2026-09-11,archive37строформленоv2часть1,206,9.7,0,0,1,-1,-1.0,
gngv.lol,lol,2026-09-11,archive37строформленоv2часть1,206,2.9,0,0,1,-1,-1.0,
npcasino.lol,lol,2026-09-11,archive37строформленоv2часть1,206,1.5,0,0,1,-1,-1.0,
casinoj3.lol,lol,2026-09-11,NEW102оформленосдатой,206,5.8,0,0,1,-1,-1.0,
2835.lol,lol,2026-09-11,NEW102оформленосдатой,206,27.7,0,0,1,-1,-1.0,
ywm.lol,lol,2026-09-11,NEW102оформленосдатой,206,2.4,0,0,1,-1,-1.0,
casinos6.lol,lol,2026-09-11,NEW102оформленобездаты,206,21.4,0,0,1,-1,-1.0,
6419.lol,lol,2026-09-11,NEW102оформленобездаты,206,9.7,0,0,1,-1,-1.0,
5962.lol,lol,2026-09-11,NEW102оформленобездаты,206,5.8,0,0,1,-1,-1.0,
casino1535.lol,lol,2026-09-11,NEW102оформленобездаты,206,13.1,0,0,1,-1,-1.0,
6764.lol,lol,2026-09-11,NEW102оформленобездаты,206,6.3,0,0,1,-1,-1.0,
0615.lol,lol,2026-09-11,NEW102оформленобездаты,206,6.8,0,0,1,-1,-1.0,
casino2049.lol,lol,2026-09-11,NEW102оформленобездаты,206,2.9,0,0,1,-1,-1.0,
mncasino.lol,lol,2026-09-11,NEW102оформленобездаты,206,17.5,0,0,1,-1,-1.0,
casinoozz.lol,lol,2026-09-11,NEW102оформленобездаты,206,11.7,0,0,1,-1,-1.0,
6524.lol,lol,2026-09-11,NEW102оформленобездаты,206,5.3,0,0,1,-1,-1.0,
casinod1.lol,lol,2026-09-11,NEW102оформленобездаты,206,9.2,0,0,1,-1,-1.0,
casino62.lol,lol,2026-09-11,clean7_part1_50оформлено,206,9.7,0,0,1,-1,-1.0,
0831.lol,lol,2026-09-11,clean7_part1_50оформлено,206,3.9,0,0,1,-1,-1.0,
mscasino.lol,lol,2026-09-11,clean7_part1_50оформлено,206,3.9,0,0,1,-1,-1.0,
casinowm.lol,lol,2026-09-11,clean7_part1_50оформлено,206,12.6,0,0,1,-1,-1.0,
ybcc.lol,lol,2026-09-11,clean7_part1_50оформлено,206,6.3,0,0,1,-1,-1.0,
1819.lol,lol,2026-09-11,clean7_part1_50оформлено,206,2.9,0,0,1,-1,-1.0,
4797.lol,lol,2026-09-11,clean7_part1_50оформлено,206,6.8,0,0,1,-1,-1.0,
5523.lol,lol,2026-09-11,clean7_part1_50оформлено,206,4.9,0,0,1,-1,-1.0,
3411.lol,lol,2026-09-11,clean7_part1_50оформлено,206,6.3,0,0,1,-1,-1.0,
casino8189.lol,lol,2026-09-11,clean7_part1_50оформлено,206,5.8,0,0,1,-1,-1.0,
7342.lol,lol,2026-09-11,clean7_part1_50оформлено,206,1.9,0,0,1,-1,-1.0,
2384.lol,lol,2026-09-11,clean7_part1_50оформлено,206,8.3,0,0,1,-1,-1.0,
y1n.lol,lol,2026-09-11,clean7_part1_50оформлено,206,2.9,0,0,1,-1,-1.0,
2771.lol,lol,2026-09-11,clean7_part1_50оформлено,206,3.9,0,0,1,-1,-1.0,
5648.lol,lol,2026-09-11,clean7_part1_50оформлено,206,10.7,0,0,1,-1,-1.0,
8367.lol,lol,2026-09-11,script_yandex_12page,206,1.9,0,0,1,-1,-1.0,
casino378.lol,lol,2026-09-12,content-2026-09-12-7str-oform-1,206,8.7,0,0,1,-1,-1.0,
mhpl.lol,lol,2026-09-12,content-2026-09-12-7str-oform-1,206,17.0,0,0,1,-1,-1.0,
uqg.lol,lol,2026-09-12,content-2026-09-12-7str-oform-1,206,2.4,0,0,1,-1,-1.0,
8374casino.lol,lol,2026-09-12,content-2026-09-12-7str-oform-1,206,1.5,0,0,1,-1,-1.0,
rplcasino.lol,lol,2026-09-12,content-2026-09-12-7str-oform-2,206,2.9,0,0,1,-1,-1.0,
1373.lol,lol,2026-09-12,content-2026-09-12-7str-oform-1,206,3.4,0,0,1,-1,-1.0,
42casino.lol,lol,2026-09-12,content-2026-09-12-7str-oform-1,206,8.7,0,0,1,-1,-1.0,
o0n4.lol,lol,2026-09-13,content-2026-09-12-7str-oform-1,206,5.8,0,0,1,-1,-1.0,
casino806.lol,lol,2026-09-12,content-2026-09-12-7str-oform-1,206,1.9,0,0,1,-1,-1.0,
5076casino.lol,lol,2026-09-12,content-2026-09-12-7str-oform-2,206,1.5,0,0,1,-1,-1.0,
3508.lol,lol,2026-09-12,content-2026-09-12-7str-oform-1,206,4.4,0,0,1,-1,-1.0,
8436casino.lol,lol,2026-09-12,content-2026-09-12-7str-oform-2,206,4.9,0,0,1,-1,-1.0,
npj.lol,lol,2026-09-12,content-2026-09-12-7str-oform-2,206,7.8,0,0,1,-1,-1.0,
g3p0.lol,lol,2026-09-12,content-2026-09-12-7str-oform-2,206,8.7,0,0,1,-1,-1.0,
3002.lol,lol,2026-09-12,content-2026-09-12-7str-oform-2,206,8.3,0,0,1,-1,-1.0,
casinojih.lol,lol,2026-09-12,content-2026-09-12-7str-oform-2,206,8.3,0,0,1,-1,-1.0,
rzacasino.lol,lol,2026-09-12,content-2026-09-12-7str-oform-2,206,21.4,0,0,1,-1,-1.0,
3001.lol,lol,2026-09-12,content-2026-09-12-7str-oform-2,206,5.3,0,0,1,-1,-1.0,
khev.lol,lol,2026-09-12,content-2026-09-12-7str-oform-2,206,5.3,0,0,1,-1,-1.0,
vitt.lol,lol,2026-09-12,content-2026-09-12-7str-oform-2,206,2.4,0,0,1,-1,-1.0,
casino8915.lol,lol,2026-09-12,content-2026-09-12-7str-oform-2,206,9.2,0,0,1,-1,-1.0,
4489.lol,lol,2026-09-12,content-2026-09-12-7str-oform-2,206,2.4,0,0,1,-1,-1.0,
casinoj5.lol,lol,2026-09-13,nabory-495-499_styled_img,206,4.9,0,0,1,-1,-1.0,
diou.lol,lol,2026-09-13,content-2026-09-12-7str-oform-3,206,12.1,0,0,1,-1,-1.0,
0427.lol,lol,2026-09-13,content-2026-09-12-7str-oform-3,206,2.9,0,0,1,-1,-1.0,
5831.lol,lol,2026-09-13,content-2026-09-12-7str-oform-3,206,16.5,0,0,1,-1,-1.0,
tpzz.lol,lol,2026-09-13,content-2026-09-12-7str-oform-3,206,0.0,0,0,1,-1,-1.0,
2163.lol,lol,2026-09-13,content-2026-09-12-7str-oform-3,206,18.4,0,0,1,-1,-1.0,
8848.lol,lol,2026-09-13,content-2026-09-12-7str-oform-3,206,5.8,0,0,1,-1,-1.0,
casinocky.lol,lol,2026-09-13,content-2026-09-12-7str-oform-3,206,0.0,0,0,1,-1,-1.0,
lrch.lol,lol,2026-09-13,content-2026-09-12-7str-oform-3,206,0.0,0,0,1,-1,-1.0,
4591.lol,lol,2026-09-13,content-2026-09-12-7str-oform-3,206,10.2,0,0,1,-1,-1.0,
gqfw.lol,lol,2026-09-13,content-2026-09-12-7str-oform-3,206,2.9,0,0,1,-1,-1.0,
zimy.lol,lol,2026-09-13,content-2026-09-12-7str-oform-3,206,8.7,0,0,1,-1,-1.0,
vbiz.lol,lol,2026-09-13,content-2026-09-12-7str-oform-3,206,0.0,0,0,1,-1,-1.0,
6800.lol,lol,2026-09-13,content-2026-09-12-7str-oform-3,206,11.2,0,0,1,-1,-1.0,
0444.lol,lol,2026-09-14,nabory-500-509_styled_img,206,0.5,0,0,1,-1,-1.0,
ejucasino.lol,lol,2026-09-14,content-2026-09-12-7str-oform-3,206,8.7,0,0,1,-1,-1.0,
casinox5.lol,lol,2026-09-14,content-2026-09-12-7str-oform-3,206,1.9,0,0,1,-1,-1.0,
3469.lol,lol,2026-09-14,content-2026-09-12-7str-oform-3,206,0.0,0,0,1,-1,-1.0,
0085.lol,lol,2026-09-14,content-2026-09-12-7str-oform-3,206,0.0,0,0,1,-1,-1.0,
gmcasino.lol,lol,2026-09-14,content-2026-09-12-7str-oform-3,206,8.3,0,0,1,-1,-1.0,
2494.lol,lol,2026-09-14,content-2026-09-12-7str-oform-3,206,1.9,0,0,1,-1,-1.0,
9766.lol,lol,2026-09-14,content-2026-09-12-7str-oform-3,206,1.5,0,0,1,-1,-1.0,
casinot0.lol,lol,2026-09-14,content-2026-09-12-7str-oform-3,206,3.9,0,0,1,-1,-1.0,
eyoz.lol,lol,2026-09-14,content-2026-09-12-7str-oform-2,206,0.0,0,0,1,-1,-1.0,
5377.lol,lol,2026-09-14,content-2026-09-12-7str-oform-1,206,2.4,0,0,1,-1,-1.0,
0036.lol,lol,2026-09-14,content-2026-09-12-7str-oform-1,206,0.0,0,0,1,-1,-1.0,
453casino.lol,lol,2026-09-14,content-2026-09-12-7str-oform-1,206,0.0,0,0,1,-1,-1.0,
2848.lol,lol,2026-09-14,content-2026-09-12-12str-oform,206,0.0,0,0,1,-1,-1.0,
0189.lol,lol,2026-09-14,content-2026-09-12-12str-oform,206,1.0,0,0,1,-1,-1.0,
qwmt.lol,lol,2026-09-14,content-2026-09-12-12str-oform,206,2.9,0,0,1,-1,-1.0,
casinogsl.lol,lol,2026-09-14,content-2026-09-14-12str-oform_6,206,24.3,0,0,1,-1,-1.0,
casinoucp.lol,lol,2026-09-14,content-2026-09-14-12str-oform_5,206,23.8,0,0,1,-1,-1.0,
4691.lol,lol,2026-09-14,content-2026-09-14-12str-oform_4,206,19.4,0,0,1,-1,-1.0,
9456.lol,lol,2026-09-14,content-2026-09-14-12str-oform_3,206,19.9,0,0,1,-1,-1.0,
casinor4.lol,lol,2026-09-14,content-2026-09-14-12str-oform_2,206,23.8,0,0,1,-1,-1.0,
0783.lol,lol,2026-09-14,content-2026-09-14-12str-oform_1,206,13.6,0,0,1,-1,-1.0,
casino160.lol,lol,2026-09-14,content-2026-09-14-7str-oform-8_42,206,12.1,0,0,1,-1,-1.0,
689casino.lol,lol,2026-09-14,content-2026-09-14-7str-oform-8_41,206,1.9,0,0,1,-1,-1.0,
1494.lol,lol,2026-09-14,content-2026-09-14-7str-oform-8_40,206,9.2,0,0,1,-1,-1.0,
4885.lol,lol,2026-09-14,content-2026-09-14-7str-oform-8_39,206,7.8,0,0,1,-1,-1.0,
1061.lol,lol,2026-09-14,content-2026-09-14-7str-oform-8_38,206,5.8,0,0,1,-1,-1.0,
6390.lol,lol,2026-09-14,content-2026-09-14-7str-oform-8_37,206,11.7,0,0,1,-1,-1.0,
1054.lol,lol,2026-09-14,content-2026-09-14-7str-oform-8_36,206,3.9,0,0,1,-1,-1.0,
oxin.lol,lol,2026-09-15,content-2026-09-14-7str-oform-8_35,206,13.1,0,0,1,-1,-1.0,
f3a.lol,lol,2026-09-14,content-2026-09-14-7str-oform-8_34,206,9.2,0,0,1,-1,-1.0,
9341.lol,lol,2026-09-14,content-2026-09-14-7str-oform-8_33,206,8.7,0,0,1,-1,-1.0,
h9y9.lol,lol,2026-09-14,content-2026-09-14-7str-oform-8_32,206,6.8,0,0,1,-1,-1.0,
662casino.lol,lol,2026-09-15,content-2026-09-14-7str-oform-1_18,206,4.9,0,0,1,-1,-1.0,
casinorty.lol,lol,2026-09-15,content-2026-09-14-7str-oform-1_4,206,16.0,0,0,1,-1,-1.0,
9131.lol,lol,2026-09-15,content-2026-09-14-7str-oform-1_3,206,12.6,0,0,1,-1,-1.0,
8325.lol,lol,2026-09-15,content-2026-09-14-7str-oform-1_2,206,3.9,0,0,1,-1,-1.0,
1287.lol,lol,2026-09-15,content-2026-09-14-7str-oform-1_1,206,7.3,0,0,1,-1,-1.0,
yadn.lol,lol,2026-09-15,content-2026-09-14-7str-oform-9_4,206,9.2,0,0,1,-1,-1.0,
fjuw.lol,lol,2026-09-15,content-2026-09-14-7str-oform-9_2,206,12.6,0,0,1,-1,-1.0,
39casino.lol,lol,2026-09-15,content-2026-09-14-7str-oform-9_1,206,6.8,0,0,1,-1,-1.0,
8159.lol,lol,2026-09-15,content-2026-09-14-7str-oform-8_30,206,4.4,0,0,1,-1,-1.0,
d7w5.lol,lol,2026-09-15,content-2026-09-14-7str-oform-8_29,206,5.3,0,0,1,-1,-1.0,
cpcasino.lol,lol,2026-09-15,content-2026-09-14-7str-oform-8_28,206,18.4,0,0,1,-1,-1.0,
q8l4.lol,lol,2026-09-15,content-2026-09-14-7str-oform-8_27,206,4.4,0,0,1,-1,-1.0,
casinofgp.lol,lol,2026-09-15,content-2026-09-14-7str-oform-8_26,206,16.5,0,0,1,-1,-1.0,
m3e.lol,lol,2026-09-15,content-2026-09-14-7str-oform-8_25,206,10.7,0,0,1,-1,-1.0,
90casino.lol,lol,2026-09-15,nabory-525-534_styled_img_10,206,4.4,0,0,1,-1,-1.0,
7114casino.lol,lol,2026-09-15,nabory-525-534_styled_img_9,206,2.4,0,0,1,-1,-1.0,
casino1543.lol,lol,2026-09-15,nabory-525-534_styled_img_7,206,7.8,0,0,1,-1,-1.0,
5638casino.lol,lol,2026-09-15,nabory-525-534_styled_img_6,206,3.9,0,0,1,-1,-1.0,
0699.lol,lol,2026-09-15,nabory-525-534_styled_img_5,206,7.3,0,0,1,-1,-1.0,
oqnd.lol,lol,2026-09-15,nabory-525-534_styled_img_4,206,4.4,0,0,1,-1,-1.0,
tyfh.lol,lol,2026-09-15,nabory-525-534_styled_img_3,206,8.3,0,0,1,-1,-1.0,
casinoxr.lol,lol,2026-09-15,content-2026-09-14b-7str-oform-2_31,206,28.2,0,0,1,-1,-1.0,
g5c3.lol,lol,2026-09-15,content-2026-09-14b-7str-oform-2_25,206,18.4,0,0,1,-1,-1.0,
2404.lol,lol,2026-09-15,content-2026-09-14b-7str-oform-2_23,206,14.1,0,0,1,-1,-1.0,
4773.lol,lol,2026-09-15,content-2026-09-14c-7str-oform-2_44,206,17.5,0,0,1,-1,-1.0,
7663.lol,lol,2026-09-15,content-2026-09-14c-7str-oform-2_43,206,16.0,0,0,1,-1,-1.0,
3343.lol,lol,2026-09-15,content-2026-09-14c-7str-oform-2_39,206,12.1,0,0,1,-1,-1.0,
kztt.lol,lol,2026-09-15,content-2026-09-14c-7str-oform-2_37,206,14.6,0,0,1,-1,-1.0,
0964.lol,lol,2026-09-15,content-2026-09-14c-7str-oform-2_36,206,18.9,0,0,1,-1,-1.0,
casinorj.lol,lol,2026-09-15,content-2026-09-14c-7str-oform-2_33,206,21.8,0,0,1,-1,-1.0,
0343.lol,lol,2026-09-15,content-2026-09-14c-7str-oform-2_32,206,13.6,0,0,1,-1,-1.0,
y6o.lol,lol,2026-09-15,content-2026-09-14c-7str-oform-2_30,206,15.0,0,0,1,-1,-1.0,
qlhc.lol,lol,2026-09-15,content-2026-09-14c-7str-oform-2_28,206,8.7,0,0,1,-1,-1.0,
1831.lol,lol,2026-09-15,content-2026-09-14c-7str-oform-2_27,206,22.8,0,0,1,-1,-1.0,
8792.lol,lol,2026-09-15,content-2026-09-14c-7str-oform-2_19,206,18.4,0,0,1,-1,-1.0,
wkdp.lol,lol,2026-09-15,content-2026-09-14c-7str-oform-2_12,206,16.5,0,0,1,-1,-1.0,
sclw.lol,lol,2026-09-15,content-2026-09-14c-7str-oform-2_11,206,13.1,0,0,1,-1,-1.0,
gzb.lol,lol,2026-09-16,content-2026-09-14c-7str-oform-2_10,206,16.5,0,0,1,-1,-1.0,
3255.lol,lol,2026-09-15,content-2026-09-14c-7str-oform-2_9,206,32.0,0,0,1,-1,-1.0,
casino4420.lol,lol,2026-09-16,content-2026-09-14c-7str-oform-2_8,206,20.9,0,0,1,-1,-1.0,
fvso.lol,lol,2026-09-16,content-2026-09-14c-7str-oform-2_6,206,27.7,0,0,1,-1,-1.0,
6834.lol,lol,2026-09-15,content-2026-09-14c-7str-oform-2_5,206,14.1,0,0,1,-1,-1.0,
8334.lol,lol,2026-09-15,content-2026-09-14c-7str-oform-2_4,206,14.6,0,0,1,-1,-1.0,
6166.lol,lol,2026-09-15,content-2026-09-14c-7str-oform-1_42,206,16.0,0,0,1,-1,-1.0,
3833.lol,lol,2026-09-15,content-2026-09-14c-7str-oform-1_41,206,18.4,0,0,1,-1,-1.0,
casinox1.lol,lol,2026-09-16,content-2026-09-14c-7str-oform-1_40,206,20.4,0,0,1,-1,-1.0,
1523.lol,lol,2026-09-15,content-2026-09-14c-7str-oform-1_37,206,13.6,0,0,1,-1,-1.0,
588casino.lol,lol,2026-09-15,content-2026-09-14c-7str-oform-1_35,206,25.2,0,0,1,-1,-1.0,
2593.lol,lol,2026-09-15,content-2026-09-14c-7str-oform-1_32,206,14.1,0,0,1,-1,-1.0,
8459.lol,lol,2026-09-15,content-2026-09-14c-7str-oform-1_29,206,15.5,0,0,1,-1,-1.0,
hsrk.lol,lol,2026-09-16,content-2026-09-14c-7str-oform-1_27,206,16.5,0,0,1,-1,-1.0,
46casino.lol,lol,2026-09-15,content-2026-09-14c-7str-oform-1_23,206,26.2,0,0,1,-1,-1.0,
1792.lol,lol,2026-09-15,content-2026-09-14c-7str-oform-1_21,206,21.8,0,0,1,-1,-1.0,
casinodqt.lol,lol,2026-09-16,content-2026-09-14c-7str-oform-1_12,206,22.8,0,0,1,-1,-1.0,
casinoqw.lol,lol,2026-09-16,content-2026-09-14c-7str-oform-1_10,206,4.9,0,0,1,-1,-1.0,
casinov6.lol,lol,2026-09-16,nabory-545-554_styled_img_10,94,11.7,0,0,1,-1,-1.0,
s7w.lol,lol,2026-09-16,nabory-545-554_styled_img_9,206,12.1,0,0,1,-1,-1.0,
mfmj.lol,lol,2026-09-16,nabory-545-554_styled_img_8,206,20.9,0,0,1,-1,-1.0,
casinoph.lol,lol,2026-09-16,nabory-545-554_styled_img_7,206,8.3,0,0,1,-1,-1.0,
s2f.lol,lol,2026-09-16,nabory-545-554_styled_img_6,206,18.0,0,0,1,-1,-1.0,
casino705.lol,lol,2026-09-16,nabory-545-554_styled_img_5,206,8.7,0,0,1,-1,-1.0,
w9i2.lol,lol,2026-09-16,nabory-545-554_styled_img_4,206,12.6,0,0,1,-1,-1.0,
1543.lol,lol,2026-09-16,nabory-545-554_styled_img_3,206,11.7,0,0,1,-1,-1.0,
3305.lol,lol,2026-09-16,nabory-545-554_styled_img_2,206,19.9,0,0,1,-1,-1.0,
684casino.lol,lol,2026-09-16,nabory-545-554_styled_img_1,206,14.1,0,0,1,-1,-1.0,
daoi.lol,lol,2026-09-16,nabory-535-544_styled_img_10,206,14.6,0,0,1,-1,-1.0,
8271.lol,lol,2026-09-16,nabory-535-544_styled_img_6,206,7.8,0,0,1,-1,-1.0,
casinoe8.lol,lol,2026-09-16,nabory-535-544_styled_img_5,206,5.8,0,0,1,-1,-1.0,
casinobl.lol,lol,2026-09-16,nabory-535-544_styled_img_4,206,20.4,0,0,1,-1,-1.0,
5442.lol,lol,2026-09-16,nabory-535-544_styled_img_3,206,20.9,0,0,1,-1,-1.0,
1734.lol,lol,2026-09-16,nabory-535-544_styled_img_2,206,14.1,0,0,1,-1,-1.0,
hmdcasino.lol,lol,2026-09-16,content-2026-09-14c-7str-oform-1_18,206,8.3,0,0,1,-1,-1.0,
casinoz1.lol,lol,2026-09-16,nabory-555-564_styled_img_10,206,8.3,0,0,1,-1,-1.0,
2198.lol,lol,2026-09-16,nabory-555-564_styled_img_9,206,17.5,0,0,1,-1,-1.0,
5653.lol,lol,2026-09-16,nabory-555-564_styled_img_3,206,16.0,0,0,1,-1,-1.0,
casinoaun.lol,lol,2026-09-16,nabory-555-564_styled_img_1,206,11.2,0,0,1,-1,-1.0,
8838.lol,lol,2026-09-16,content-2026-09-14c-7str-oform-1_3,206,19.9,0,0,1,-1,-1.0,
vdvg.lol,lol,2026-09-16,content-2026-09-14b-7str-oform-2_16,206,4.9,0,0,1,-1,-1.0,
d4n.lol,lol,2026-09-16,content-2026-09-14b-7str-oform-2_14,206,10.7,0,0,1,-1,-1.0,
7371.lol,lol,2026-09-16,content-2026-09-14b-7str-oform-2_13,206,14.1,0,0,1,-1,-1.0,
0291.lol,lol,2026-09-16,content-2026-09-14b-7str-oform-2_12,206,16.0,0,0,1,-1,-1.0,
casino862.lol,lol,2026-09-16,nabory-565-580_14,206,11.7,0,0,1,-1,-1.0,
xwo.lol,lol,2026-09-16,nabory-565-580_13,206,6.8,0,0,1,-1,-1.0,
0472.lol,lol,2026-09-16,nabory-565-580_10,206,7.3,0,0,1,-1,-1.0,
7574.lol,lol,2026-09-16,nabory-565-580_6,206,13.6,0,0,1,-1,-1.0,
v5w.lol,lol,2026-09-16,nabory-565-580_4,206,4.4,0,0,1,-1,-1.0,
casino624.lol,lol,2026-09-16,nabory-565-580_3,206,12.1,0,0,1,-1,-1.0,
5751.lol,lol,2026-09-16,nabory-565-580_2,206,10.7,0,0,1,-1,-1.0,
0400.lol,lol,2026-09-16,nabory-565-580_1,206,6.3,0,0,1,-1,-1.0,
8648.lol,lol,2026-09-16,content-2026-09-15-7str-oform-2_50,206,13.6,0,0,1,-1,-1.0,
37casino.lol,lol,2026-09-16,content-2026-09-15-7str-oform-2_49,206,13.1,0,0,1,-1,-1.0,
2473.lol,lol,2026-09-16,content-2026-09-15-7str-oform-2_45,206,11.2,0,0,1,-1,-1.0,
moqcasino.lol,lol,2026-09-16,content-2026-09-15-7str-oform-2_42,206,14.1,0,0,1,-1,-1.0,
9825.lol,lol,2026-09-16,content-2026-09-15-7str-oform-2_41,206,12.6,0,0,1,-1,-1.0,
0248.lol,lol,2026-09-16,content-2026-09-15-7str-oform-2_40,206,7.3,0,0,1,-1,-1.0,
1274.lol,lol,2026-09-16,content-2026-09-15-7str-oform-2_35,206,22.3,0,0,1,-1,-1.0,
qpcasino.lol,lol,2026-09-16,content-2026-09-15-7str-oform-2_31,206,18.4,0,0,1,-1,-1.0,
casino716.lol,lol,2026-09-16,content-2026-09-15-7str-oform-2_22,206,0.5,0,0,1,-1,-1.0,
lmlx.lol,lol,2026-09-16,content-2026-09-15-7str-oform-2_20,206,0.5,0,0,1,-1,-1.0,
y6u3.lol,lol,2026-09-16,content-2026-09-15-7str-oform-2_19,206,11.2,0,0,1,-1,-1.0,
nywv.lol,lol,2026-09-16,content-2026-09-15-7str-oform-2_18,206,8.3,0,0,1,-1,-1.0,
3616.lol,lol,2026-09-16,content-2026-09-15-7str-oform-2_17,206,15.5,0,0,1,-1,-1.0,
7966.lol,lol,2026-09-16,content-2026-09-15-7str-oform-2_16,206,18.9,0,0,1,-1,-1.0,
ccrcasino.lol,lol,2026-09-16,content-2026-09-15-7str-oform-2_15,206,10.2,0,0,1,-1,-1.0,
74casino.lol,lol,2026-09-16,content-2026-09-15-7str-oform-2_14,206,5.3,0,0,1,-1,-1.0,
ozts.lol,lol,2026-09-16,content-2026-09-15-7str-oform-2_12,206,2.4,0,0,1,-1,-1.0,
669casino.lol,lol,2026-09-16,content-2026-09-15-7str-oform-2_6,206,10.2,0,0,1,-1,-1.0,
3665.lol,lol,2026-09-16,content-2026-09-15-7str-oform-2_4,206,21.8,0,0,1,-1,-1.0,
b6t.lol,lol,2026-09-16,content-2026-09-15-7str-oform-2_1,206,15.0,0,0,1,-1,-1.0,
0305.lol,lol,2026-09-16,content-2026-09-15-7str-oform-1_49,206,8.7,0,0,1,-1,-1.0,
4421.lol,lol,2026-09-17,nabory-581-590_10,150,10.7,0,0,1,-1,-1.0,
7473.lol,lol,2026-09-17,nabory-581-590_6,206,8.7,0,0,1,-1,-1.0,
0141.lol,lol,2026-09-16,content-2026-09-15-7str-oform-1_41,206,1.5,0,0,1,-1,-1.0,
8763.lol,lol,2026-09-17,content-2026-09-15-7str-oform-1_38,206,12.6,0,0,1,-1,-1.0,
ktto.lol,lol,2026-09-17,content-2026-09-15-7str-oform-1_37,206,5.3,0,0,1,-1,-1.0,
kdjm.lol,lol,2026-09-17,nabory-591-600_9,206,3.9,0,0,1,-1,-1.0,
casino42.lol,lol,2026-09-17,nabory-591-600_7,206,3.9,0,0,1,-1,-1.0,
2429.lol,lol,2026-09-17,nabory-591-600_3,206,9.2,0,0,1,-1,-1.0,
e5m9.lol,lol,2026-09-17,content-2026-09-15-7str-oform-1_36,206,7.8,0,0,1,-1,-1.0,
0649.lol,lol,2026-09-17,content-2026-09-15-7str-oform-1_35,206,6.8,0,0,1,-1,-1.0,
casino8768.lol,lol,2026-09-17,content-2026-09-15-7str-oform-1_33,206,7.3,0,0,1,-1,-1.0,
zkmt.lol,lol,2026-09-17,content-2026-09-15-7str-oform-1_30,206,11.7,0,0,1,-1,-1.0,
1697casino.lol,lol,2026-09-17,content-2026-09-15-7str-oform-1_29,206,7.3,0,0,1,-1,-1.0,
tzeq.lol,lol,2026-09-17,content-2026-09-15-7str-oform-1_28,206,10.2,0,0,1,-1,-1.0,
3093casino.lol,lol,2026-09-17,content-2026-09-15-7str-oform-1_27,206,3.4,0,0,1,-1,-1.0,
5228.lol,lol,2026-09-17,nabory-601-610_9,206,11.7,0,0,1,-1,-1.0,
1779.lol,lol,2026-09-17,nabory-601-610_8,206,7.8,0,0,1,-1,-1.0,
0079.lol,lol,2026-09-17,nabory-601-610_7,206,13.1,0,0,1,-1,-1.0,
lvma.lol,lol,2026-09-17,nabory-601-610_6,206,2.9,0,0,1,-1,-1.0,
6749.lol,lol,2026-09-17,content-2026-09-15-7str-oform-1_26,206,4.4,0,0,1,-1,-1.0,
0346.lol,lol,2026-09-17,content-2026-09-15-7str-oform-1_22,206,14.6,0,0,1,-1,-1.0,
6297.lol,lol,2026-09-17,content-2026-09-15-7str-oform-1_21,206,3.4,0,0,1,-1,-1.0,
s8e.lol,lol,2026-09-18,content-2026-09-15-7str-oform-1_20,206,11.2,0,0,1,-1,-1.0,
6839.lol,lol,2026-09-17,content-2026-09-15-7str-oform-1_19,206,2.4,0,0,1,-1,-1.0,
1424.lol,lol,2026-09-17,content-2026-09-15-7str-oform-1_16,206,1.0,0,0,1,-1,-1.0,
kfrcasino.lol,lol,2026-09-17,content-2026-09-15-7str-oform-1_15,206,8.7,0,0,1,-1,-1.0,
casinofdv.lol,lol,2026-09-17,content-2026-09-15-7str-oform-1_14,206,5.8,0,0,1,-1,-1.0,
fwl.lol,lol,2026-09-17,content-2026-09-15-7str-oform-1_13,206,8.3,0,0,1,-1,-1.0,
plol.lol,lol,2026-09-17,content-2026-09-15-7str-oform-1_12,206,6.3,0,0,1,-1,-1.0,
1018.lol,lol,2026-09-17,content-2026-09-15-7str-oform-1_11,206,12.1,0,0,1,-1,-1.0,
hhal.lol,lol,2026-09-17,content-2026-09-15-7str-oform-1_10,206,3.4,0,0,1,-1,-1.0,
gvcasino.lol,lol,2026-09-17,content-2026-09-15-7str-oform-1_9,206,1.0,0,0,1,-1,-1.0,
7383.lol,lol,2026-09-17,content-2026-09-15-7str-oform-1_8,206,2.9,0,0,1,-1,-1.0,
casino97.lol,lol,2026-09-17,content-2026-09-15-7str-oform-1_7,206,6.3,0,0,1,-1,-1.0,
5295.lol,lol,2026-09-17,content-2026-09-15-7str-oform-1_6,206,9.2,0,0,1,-1,-1.0,
casinomol.lol,lol,2026-09-17,content-2026-09-15-7str-oform-1_3,206,10.2,0,0,1,-1,-1.0,
6691.lol,lol,2026-09-17,content-2026-09-15-7str-oform-1_2,206,11.2,0,0,1,-1,-1.0,
cnlu.lol,lol,2026-09-17,content-2026-09-15-7str-oform-1_1,206,6.8,0,0,1,-1,-1.0,
casino307.lol,lol,2026-09-17,content-2026-09-15-12str-oform_2,206,0.5,0,0,1,-1,-1.0,
651casino.lol,lol,2026-09-17,content-2026-09-14b-7str-oform-2_10,206,4.4,0,0,1,-1,-1.0,
788casino.lol,lol,2026-09-17,content-2026-09-14b-7str-oform-2_4,206,5.8,0,0,1,-1,-1.0,
2363.lol,lol,2026-09-17,content-2026-09-14b-7str-oform-2_3,206,7.8,0,0,1,-1,-1.0,
5027.lol,lol,2026-09-17,content-2026-09-14b-7str-oform-2_2,206,15.0,0,0,1,-1,-1.0,
8514.lol,lol,2026-09-17,content-2026-09-14b-7str-oform-1_51,206,4.9,0,0,1,-1,-1.0,
1980.lol,lol,2026-09-17,content-2026-09-14b-7str-oform-1_50,206,23.3,0,0,1,-1,-1.0,
casino0469.lol,lol,2026-09-17,content-2026-09-14b-7str-oform-1_49,206,1.5,0,0,1,-1,-1.0,
casinoz7.lol,lol,2026-09-17,content-2026-09-14b-7str-oform-1_48,206,0.0,0,0,1,-1,-1.0,
jnpz.lol,lol,2026-09-17,content-2026-09-14b-7str-oform-1_47,206,14.6,0,0,1,-1,-1.0,
casinoni.lol,lol,2026-09-17,content-2026-09-14b-7str-oform-1_42,206,12.6,0,0,1,-1,-1.0,
5347.lol,lol,2026-09-17,content-2026-09-16-12str_3,206,14.1,0,0,1,-1,-1.0,
8374.lol,lol,2026-09-17,content-2026-09-16-12str_2,206,6.8,0,0,1,-1,-1.0,
yciu.lol,lol,2026-09-17,content-2026-09-16-7str_42,206,12.6,0,0,1,-1,-1.0,
6106.lol,lol,2026-09-17,content-2026-09-16-7str_36,206,1.5,0,0,1,-1,-1.0,
7163.lol,lol,2026-09-17,content-2026-09-16-7str_35,206,6.8,0,0,1,-1,-1.0,
lvcasino.lol,lol,2026-09-17,content-2026-09-16-7str_32,206,12.6,0,0,1,-1,-1.0,
h1s.lol,lol,2026-09-17,content-2026-09-16-7str_31,206,16.0,0,0,1,-1,-1.0,
nidcasino.lol,lol,2026-09-17,content-2026-09-16-7str_27,206,6.3,0,0,1,-1,-1.0,
casinonb.lol,lol,2026-09-17,content-2026-09-16-7str_25,206,23.8,0,0,1,-1,-1.0,
4457.lol,lol,2026-09-17,content-2026-09-16-7str_17,206,6.8,0,0,1,-1,-1.0,
x5j.lol,lol,2026-09-17,content-2026-09-16-7str_16,206,8.7,0,0,1,-1,-1.0,
casinodh.lol,lol,2026-09-17,content-2026-09-16-7str_15,206,7.8,0,0,1,-1,-1.0,
5255.lol,lol,2026-09-17,content-2026-09-16-7str_14,206,12.6,0,0,1,-1,-1.0,
lkcasino.lol,lol,2026-09-17,content-2026-09-16-7str_13,206,3.9,0,0,1,-1,-1.0,
anpl.lol,lol,2026-09-17,content-2026-09-16-7str_12,206,4.4,0,0,1,-1,-1.0,
6100.lol,lol,2026-09-17,content-2026-09-16-7str_4,206,12.6,0,0,1,-1,-1.0,
0887.lol,lol,2026-09-17,content-2026-09-14b-7str-oform-1_41,206,2.4,0,0,1,-1,-1.0,
casinozr.lol,lol,2026-09-18,content-2026-09-14b-7str-oform-1_38,150,15.3,0,0,1,-1,-1.0,
0581.lol,lol,2026-09-17,content-2026-09-14b-7str-oform-1_37,206,0.5,0,0,1,-1,-1.0,
casino5341.lol,lol,2026-09-17,content-2026-09-14b-7str-oform-1_35,206,17.5,0,0,1,-1,-1.0,
casino423.lol,lol,2026-09-17,content-2026-09-14b-7str-oform-1_30,206,1.9,0,0,1,-1,-1.0,
3655.lol,lol,2026-09-17,nabory-611-620_10,206,2.9,0,0,1,-1,-1.0,
casinole.lol,lol,2026-09-17,nabory-611-620_8,206,12.1,0,0,1,-1,-1.0,
1186.lol,lol,2026-09-17,nabory-611-620_6,206,10.7,0,0,1,-1,-1.0,
hlfa.lol,lol,2026-09-18,content-2026-09-16-7str_8,150,11.3,0,0,1,-1,-1.0,
y0e7.lol,lol,2026-09-18,content-2026-09-16-7str_7,150,1.3,0,0,1,-1,-1.0,
ihkx.lol,lol,2026-09-18,content-2026-09-16-7str_5,150,1.3,0,0,1,-1,-1.0,
qwzn.lol,lol,2026-09-18,content-2026-09-16-7str_2,150,3.3,0,0,1,-1,-1.0,
zodd.lol,lol,2026-09-18,content-2026-09-14b-7str-oform-1_33,150,3.3,0,0,1,-1,-1.0,
jgd.lol,lol,2026-09-18,content-2026-09-14b-7str-oform-1_32,150,6.7,0,0,1,-1,-1.0,
4572.lol,lol,2026-09-18,nabory-611-620_5,150,4.7,0,0,1,-1,-1.0,
3829.lol,lol,2026-09-18,nabory-611-620_4,150,5.3,0,0,1,-1,-1.0,
1806.lol,lol,2026-09-18,content-2026-09-17-7str-oform-2_54,150,16.7,0,0,1,-1,-1.0,
casinoiho.lol,lol,2026-09-18,content-2026-09-17-7str-oform-2_53,150,3.3,0,0,1,-1,-1.0,
2669.lol,lol,2026-09-18,content-2026-09-17-7str-oform-2_44,150,15.3,0,0,1,-1,-1.0,
6806.lol,lol,2026-09-18,content-2026-09-17-7str-oform-2_43,150,11.3,0,0,1,-1,-1.0,
casinoxn.lol,lol,2026-09-18,content-2026-09-17-7str-oform-2_41,150,12.7,0,0,1,-1,-1.0,
casinoaa.lol,lol,2026-09-18,content-2026-09-17-7str-oform-2_36,150,15.3,0,0,1,-1,-1.0,
2753casino.lol,lol,2026-09-18,content-2026-09-17-7str-oform-2_26,150,5.3,0,0,1,-1,-1.0,
33casino.lol,lol,2026-09-18,content-2026-09-17-7str-oform-2_25,150,6.7,0,0,1,-1,-1.0,
7957.lol,lol,2026-09-18,content-2026-09-17-7str-oform-2_24,150,18.0,0,0,1,-1,-1.0,
8959.lol,lol,2026-09-18,content-2026-09-17-7str-oform-2_23,150,3.3,0,0,1,-1,-1.0,
casinoz3.lol,lol,2026-09-18,content-2026-09-17-7str-oform-2_22,150,2.7,0,0,1,-1,-1.0,
t8z9.lol,lol,2026-09-18,content-2026-09-17-7str-oform-2_21,150,10.7,0,0,1,-1,-1.0,
casinov7.lol,lol,2026-09-18,content-2026-09-17-7str-oform-2_18,150,4.0,0,0,1,-1,-1.0,
dbcasino.lol,lol,2026-09-18,content-2026-09-17-7str-oform-2_17,150,11.3,0,0,1,-1,-1.0,
9614.lol,lol,2026-09-18,content-2026-09-17-7str-oform-2_16,150,0.7,0,0,1,-1,-1.0,
8208.lol,lol,2026-09-18,content-2026-09-17-7str-oform-2_15,150,8.0,0,0,1,-1,-1.0,
7569.lol,lol,2026-09-18,content-2026-09-17-7str-oform-2_14,150,2.0,0,0,1,-1,-1.0,
4705.lol,lol,2026-09-18,content-2026-09-17-7str-oform-2_12,150,9.3,0,0,1,-1,-1.0,
0908.lol,lol,2026-09-18,content-2026-09-17-7str-oform-2_11,150,8.7,0,0,1,-1,-1.0,
casinoun.lol,lol,2026-09-18,content-2026-09-17-7str-oform-2_10,150,14.0,0,0,1,-1,-1.0,
3523.lol,lol,2026-09-18,content-2026-09-17-7str-oform-2_9,150,12.0,0,0,1,-1,-1.0,
5649.lol,lol,2026-09-18,nabory-631-640_10,150,31.3,0,0,1,-1,-1.0,
7829.lol,lol,2026-09-18,content-2026-09-17b-7str-oform_41,150,6.0,0,0,1,-1,-1.0,
casino45.lol,lol,2026-09-18,content-2026-09-17b-7str-oform_40,150,36.0,0,0,1,-1,-1.0,
2966.lol,lol,2026-09-18,content-2026-09-17b-7str-oform_36,150,21.3,0,0,1,-1,-1.0,
1558.lol,lol,2026-09-18,content-2026-09-17b-7str-oform_35,150,27.3,0,0,1,-1,-1.0,
2991.lol,lol,2026-09-18,content-2026-09-17b-7str-oform_33,150,31.3,0,0,1,-1,-1.0,
0269.lol,lol,2026-09-18,content-2026-09-17b-7str-oform_32,150,8.0,0,0,1,-1,-1.0,
t1g7.lol,lol,2026-09-18,content-2026-09-17b-7str-oform_31,150,4.7,0,0,1,-1,-1.0,
2928.lol,lol,2026-09-18,content-2026-09-17b-7str-oform_26,150,39.3,0,0,1,-1,-1.0,
1578.lol,lol,2026-09-18,content-2026-09-17b-7str-oform_24,150,17.3,0,0,1,-1,-1.0,
4333.lol,lol,2026-09-18,content-2026-09-17b-7str-oform_23,150,22.7,0,0,1,-1,-1.0,
bihl.lol,lol,2026-09-18,content-2026-09-17b-7str-oform_22,150,34.0,0,0,1,-1,-1.0,
8069casino.lol,lol,2026-09-18,content-2026-09-17b-7str-oform_19,150,6.0,0,0,1,-1,-1.0,
tgwv.lol,lol,2026-09-18,content-2026-09-17b-7str-oform_18,150,0.7,0,0,1,-1,-1.0,
6015casino.lol,lol,2026-09-18,content-2026-09-17b-7str-oform_16,150,6.0,0,0,1,-1,-1.0,
0858.lol,lol,2026-09-18,content-2026-09-17b-7str-oform_15,150,2.7,0,0,1,-1,-1.0,
tbvi.lol,lol,2026-09-18,content-2026-09-17b-7str-oform_11,150,14.7,0,0,1,-1,-1.0,
czfe.lol,lol,2026-09-18,content-2026-09-17b-7str-oform_1,150,20.7,0,0,1,-1,-1.0,
1794.lol,lol,2026-09-18,nabory-621-630_10,150,23.3,0,0,1,-1,-1.0,
fhml.lol,lol,2026-09-18,nabory-621-630_8,150,23.3,0,0,1,-1,-1.0,
k2x1.lol,lol,2026-09-18,nabory-621-630_6,150,18.0,0,0,1,-1,-1.0,
3442.lol,lol,2026-09-18,nabory-621-630_5,150,28.7,0,0,1,-1,-1.0,
casinog4.lol,lol,2026-09-18,nabory-621-630_3,150,38.7,0,0,1,-1,-1.0,
rxdu.lol,lol,2026-09-18,nabory-621-630_1,150,16.7,0,0,1,-1,-1.0,
dyxo.lol,lol,2026-09-18,content-2026-09-17-7str-oform-2_4,150,20.0,0,0,1,-1,-1.0,
jafcasino.lol,lol,2026-09-19,content-2026-09-17-7str-oform-2_40,150,17.3,0,0,1,-1,-1.0,
kkci.lol,lol,2026-09-19,content-2026-09-17-7str-oform-2_37,150,41.3,0,0,1,-1,-1.0,
j2i.lol,lol,2026-09-19,content-2026-09-17-7str-oform-2_33,150,30.7,0,0,1,-1,-1.0,
casino95.lol,lol,2026-09-19,nabory-631-640_8,150,6.7,0,0,1,-1,-1.0,
casinot8.lol,lol,2026-09-19,nabory-631-640_7,150,20.0,0,0,1,-1,-1.0,
casino362.lol,lol,2026-09-19,nabory-631-640_5,150,18.7,0,0,1,-1,-1.0,
b3r.lol,lol,2026-09-19,content-2026-09-17b-7str-oform_34,150,33.3,0,0,1,-1,-1.0,
casinoyks.lol,lol,2026-09-19,content-2026-09-17b-7str-oform_30,150,36.7,0,0,1,-1,-1.0,
g4j.lol,lol,2026-09-19,content-2026-09-17b-7str-oform_29,150,18.7,0,0,1,-1,-1.0,
rkw.lol,lol,2026-09-19,content-2026-09-17b-7str-oform_28,150,30.0,0,0,1,-1,-1.0,
j1a.lol,lol,2026-09-19,content-2026-09-17b-7str-oform_14,150,33.3,0,0,1,-1,-1.0,
casinom9.lol,lol,2026-09-19,content-2026-09-17b-7str-oform_13,150,38.0,0,0,1,-1,-1.0,
9495casino.lol,lol,2026-09-19,content-2026-09-17b-7str-oform_12,150,2.7,0,0,1,-1,-1.0,
6578.lol,lol,2026-09-18,content-2026-09-17b-7str-oform_10,206,21.4,0,0,1,-1,-1.0,
rgjz.lol,lol,2026-09-19,content-2026-09-17b-7str-oform_9,150,13.3,0,0,1,-1,-1.0,
7763.lol,lol,2026-09-19,content-2026-09-17b-7str-oform_7,150,12.0,0,0,1,-1,-1.0,
7213.lol,lol,2026-09-18,content-2026-09-17b-7str-oform_6,206,16.0,0,0,1,-1,-1.0,
jlbq.lol,lol,2026-09-19,content-2026-09-17b-7str-oform_3,150,23.3,0,0,1,-1,-1.0,
kwsg.lol,lol,2026-09-19,nabory-621-630_9,150,42.0,0,0,1,-1,-1.0,
9145.lol,lol,2026-09-19,nabory-621-630_7,150,28.0,0,0,1,-1,-1.0,
6606.lol,lol,2026-09-18,content-2026-09-17-7str-oform-2_5,206,1.0,0,0,1,-1,-1.0,
4928.lol,lol,2026-09-19,nabory-651-660_10,150,28.0,0,0,1,-1,-1.0,
5242.lol,lol,2026-09-19,nabory-651-660_3,150,26.7,0,0,1,-1,-1.0,
2708.lol,lol,2026-09-19,nabory-641-650_4,150,40.0,0,0,1,-1,-1.0,
0711.lol,lol,2026-09-19,nabory-641-650_3,150,23.3,0,0,1,-1,-1.0,
1540.lol,lol,2026-09-19,nabory-641-650_2,150,29.3,0,0,1,-1,-1.0,
154casino.lol,lol,2026-09-19,nabory-641-650_1,150,25.3,0,0,1,-1,-1.0,
tgmb.team,team,2026-09-03,NEW50_12pages_withdate_01.09,206,37.9,5,0,2,-2,38.53,
imic.team,team,2026-09-15,content-2026-09-14c-7str-oform-2_17,206,35.0,4,0,2,-2,30.43,
0665.team,team,2026-09-02,NEW50_2_12pages_withdate_02.09,205,32.2,3,0,2,-2,22.32,
2369.team,team,2026-09-03,NEW50_7pages_nodate_01.09,206,27.2,3,0,2,-2,22.32,
7055.team,team,2026-09-11,NEW102оформленобездаты,206,19.9,3,0,2,-2,22.32,
1530.team,team,2026-09-15,content-2026-09-14-7str-oform-9_39,206,19.4,3,0,2,-2,22.32,
2600.team,team,2026-09-15,content-2026-09-14c-7str-oform-2_24,206,33.5,3,0,2,-2,22.32,
4232.team,team,2026-09-15,content-2026-09-14c-7str-oform-1_36,206,24.8,3,0,2,-2,22.32,
2596.team,team,2026-09-18,content-2026-09-17-7str-oform-2_34,150,35.3,3,0,2,-2,22.32,
ciye.team,team,2026-09-02,NEW50_7pages_nodate_01.09,206,25.7,2,0,2,-2,14.21,
decasino.team,team,2026-09-04,Generator_346353_styled_img,206,12.6,2,0,2,-2,14.21,
5365.team,team,2026-09-07,clean12_unique11оформлено,206,34.5,2,0,2,-2,14.21,
1025.team,team,2026-09-11,clean7_part1_50оформлено,206,13.6,2,0,2,-2,14.21,
casinobzb.team,team,2026-09-15,content-2026-09-14c-12str-oform_1,206,44.2,2,0,2,-2,14.21,
itsr.team,team,2026-09-15,content-2026-09-14c-7str-oform-2_25,206,45.6,2,0,2,-2,14.21,
ynr.team,team,2026-09-17,content-2026-09-15-7str-oform-1_23,206,23.3,2,0,2,-2,14.21,
h9mt.team,team,2026-09-01,Generator_11page_test_1…_9 (dorgen com,56,37.5,1,0,2,-2,6.11,
3628.team,team,2026-09-01,Generator_11page_test_1…_9 (dorgen com,56,42.9,1,0,2,-2,6.11,
gmhb.team,team,2026-09-01,Generator_11page_test_1…_9 (dorgen com,56,37.5,1,0,2,-2,6.11,
l5n.team,team,2026-09-01,NEW50_12pages_withdate_01.09,206,25.2,1,0,2,-2,6.11,
9957.team,team,2026-09-02,NEW50_2_12pages_withdate_02.09,206,27.2,1,0,2,-2,6.11,
7395.team,team,2026-09-02,NEW50_2_12pages_withdate_02.09,206,30.1,1,0,2,-2,6.11,
tvuy.team,team,2026-09-02,NEW50_2_12pages_nodate_02.09,206,18.9,1,0,2,-2,6.11,
4235.team,team,2026-09-02,NEW50_2_7pages_withdate,206,25.2,1,0,2,-2,6.11,
0348.team,team,2026-09-02,NEW50_7pages_nodate_01.09,206,28.2,1,0,2,-2,6.11,
7326.team,team,2026-09-03,NEW50_7pages_withdate_01.09,206,18.4,1,0,2,-2,6.11,
4330.team,team,2026-09-03,NEW50_3_12pages_withdate_styled,206,7.3,1,0,2,-2,6.11,
mkmt.team,team,2026-09-03,NEW50_3_12pages_withdate_styled,206,39.3,1,0,2,-2,6.11,
5025.team,team,2026-09-03,NEW50_3_12pages_withdate_styled,206,24.8,1,0,2,-2,6.11,
2097.team,team,2026-09-03,NEW50_3_12pages_withdate_styled,206,38.3,1,0,2,-2,6.11,
9158.team,team,2026-09-03,NEW50_3_7pages_withdate_styled,206,23.8,1,0,2,-2,6.11,
2853.team,team,2026-09-03,NEW50_3_7pages_nodate_styled,206,14.6,1,0,2,-2,6.11,
ombr.team,team,2026-09-04,Generator_346353_styled_img,206,35.9,1,0,2,-2,6.11,
qbkn.team,team,2026-09-04,КОНТЕНТ НЕ ЗАПИСАН,206,13.6,1,0,2,-2,6.11,
7960.team,team,2026-09-04,NEW20_12pages_withdate_styled_img,206,20.9,1,0,2,-2,6.11,
lwcasino.team,team,2026-09-06,NEW20_3_7pages_withdate_styled_img,206,29.1,1,0,2,-2,6.11,
0017.team,team,2026-09-07,Выдача_06.09_12стр,206,21.4,1,0,2,-2,6.11,
8483.team,team,2026-09-07,NEW20_4_12pages_nodate,206,19.9,1,0,2,-2,6.11,
7838.team,team,2026-09-07,NEW20_12pages_nodate_оформлено,206,22.8,1,0,2,-2,6.11,
3434.team,team,2026-09-07,clean12_unique11оформлено,206,33.0,1,0,2,-2,6.11,
4609.team,team,2026-09-08,Content_script_12page_08.09,206,22.8,1,0,2,-2,6.11,
bacasino.team,team,2026-09-08,Content_script_12page_08.09,206,13.1,1,0,2,-2,6.11,
1293.team,team,2026-09-10,КОНТЕНТ НЕ ЗАПИСАН,206,3.9,1,0,2,-2,6.11,
d6t5.team,team,2026-09-10,nabory470472_styled_img,206,13.1,1,0,2,-2,6.11,
nlel.team,team,2026-09-10,archive37строформленоv2часть3,206,21.8,1,0,2,-2,6.11,
9942.team,team,2026-09-10,archive37строформленоv2часть1,206,16.0,1,0,2,-2,6.11,
k8z.team,team,2026-09-11,NEW102оформленосдатой,206,20.9,1,0,2,-2,6.11,
uyqcasino.team,team,2026-09-11,clean7_part1_50оформлено,206,1.0,1,0,2,-2,6.11,
xqzs.team,team,2026-09-11,clean7_part1_50оформлено,206,8.3,1,0,2,-2,6.11,
casinoah.team,team,2026-09-11,clean7_part1_50оформлено,206,23.8,1,0,2,-2,6.11,
9799.team,team,2026-09-11,clean7_part1_50оформлено,206,12.1,1,0,2,-2,6.11,
5512.team,team,2026-09-11,script_yandex_12page,206,12.6,1,0,2,-2,6.11,
9165.team,team,2026-09-11,script_yandex_12page,206,20.4,1,0,2,-2,6.11,
brlu.team,team,2026-09-12,content-2026-09-12-7str-oform-1,206,10.2,1,0,2,-2,6.11,
casino122.team,team,2026-09-13,content-2026-09-12-7str-oform-3,206,16.5,1,0,2,-2,6.11,
4982.team,team,2026-09-14,content-2026-09-14-12str-oform_9,206,11.2,1,0,2,-2,6.11,
3709.team,team,2026-09-14,content-2026-09-14-12str-oform_8,206,25.7,1,0,2,-2,6.11,
8083.team,team,2026-09-15,content-2026-09-14-7str-oform-1_21,206,3.9,1,0,2,-2,6.11,
6715.team,team,2026-09-15,content-2026-09-14b-7str-oform-2_48,206,10.7,1,0,2,-2,6.11,
2159casino.team,team,2026-09-15,content-2026-09-14b-7str-oform-2_41,206,17.0,1,0,2,-2,6.11,
4118.team,team,2026-09-15,content-2026-09-14c-7str-oform-2_34,206,22.3,1,0,2,-2,6.11,
casino088.team,team,2026-09-15,content-2026-09-14c-7str-oform-2_31,206,22.8,1,0,2,-2,6.11,
2659.team,team,2026-09-15,content-2026-09-14c-7str-oform-2_23,206,29.1,1,0,2,-2,6.11,
xlqd.team,team,2026-09-15,content-2026-09-14c-7str-oform-2_14,206,32.0,1,0,2,-2,6.11,
2544.team,team,2026-09-15,content-2026-09-14c-7str-oform-1_43,206,24.3,1,0,2,-2,6.11,
9430.team,team,2026-09-15,content-2026-09-14c-7str-oform-1_31,206,25.2,1,0,2,-2,6.11,
6200.team,team,2026-09-15,content-2026-09-14c-7str-oform-1_25,206,35.9,1,0,2,-2,6.11,
aulcasino.team,team,2026-09-16,content-2026-09-14c-7str-oform-1_13,206,30.1,1,0,2,-2,6.11,
7907.team,team,2026-09-16,nabory-555-564_styled_img_7,206,11.7,1,0,2,-2,6.11,
kogk.team,team,2026-09-16,nabory-555-564_styled_img_6,206,22.3,1,0,2,-2,6.11,
5202.team,team,2026-09-16,content-2026-09-15-7str-oform-2_46,206,16.0,1,0,2,-2,6.11,
3152.team,team,2026-09-16,content-2026-09-15-7str-oform-2_7,206,19.4,1,0,2,-2,6.11,
514casino.team,team,2026-09-17,nabory-601-610_4,206,11.2,1,0,2,-2,6.11,
levu.team,team,2026-09-17,content-2026-09-16-7str_21,206,41.3,1,0,2,-2,6.11,
hkucasino.team,team,2026-09-18,content-2026-09-16-7str_3,150,28.0,1,0,2,-2,6.11,
6099.team,team,2026-09-18,content-2026-09-17-7str-oform-2_49,150,8.0,1,0,2,-2,6.11,
k6x.team,team,2026-09-18,content-2026-09-17-7str-oform-2_42,150,52.7,1,0,2,-2,6.11,
casinok9.team,team,2026-09-18,content-2026-09-17-7str-oform-2_27,150,25.3,1,0,2,-2,6.11,
0860.team,team,2026-09-18,content-2026-09-17-7str-oform-2_8,150,23.3,1,0,2,-2,6.11,
kicasino.team,team,2026-09-19,content-2026-09-17-7str-oform-2_56,150,55.3,1,0,2,-2,6.11,
h1g.team,team,2026-09-19,content-2026-09-17-7str-oform-2_55,150,46.7,1,0,2,-2,6.11,
iitm.team,team,2026-09-19,content-2026-09-17-7str-oform-2_52,150,42.0,1,0,2,-2,6.11,
2885.team,team,2026-09-01,КОНТЕНТ НЕ ЗАПИСАН,56,30.4,0,0,2,-2,-2.0,
1327.team,team,2026-09-01,КОНТЕНТ НЕ ЗАПИСАН,56,30.4,0,0,2,-2,-2.0,
f5wq.team,team,2026-09-01,Generator_11page_test_1…_9 (dorgen com,56,23.2,0,0,2,-2,-2.0,
c7vd.team,team,2026-09-01,Generator_11page_test_1…_9 (dorgen com,56,21.4,0,0,2,-2,-2.0,
b3nk.team,team,2026-09-01,Generator_11page_test_1…_9 (dorgen com,56,26.8,0,0,2,-2,-2.0,
2951.team,team,2026-09-01,Generator_11page_test_1…_9 (dorgen com,56,41.1,0,0,2,-2,-2.0,
2386.team,team,2026-09-01,Generator_11page_test_1…_9 (dorgen com,56,28.6,0,0,2,-2,-2.0,
1749.team,team,2026-09-01,Generator_11page_test_1…_9 (dorgen com,56,39.3,0,0,2,-2,-2.0,
p2v.team,team,2026-09-01,nabory264268_01.09,206,9.2,0,0,2,-2,-2.0,
m8t.team,team,2026-09-01,nabory264268_01.09,206,6.3,0,0,2,-2,-2.0,
k3u.team,team,2026-09-01,nabory264268_01.09,206,19.4,0,0,2,-2,-2.0,
32gf.team,team,2026-09-01,nabory264268_01.09,206,4.4,0,0,2,-2,-2.0,
mmbr.team,team,2026-09-02,NEW50_7pages_withdate_01.09,206,30.1,0,0,2,-2,-2.0,
pbfj.team,team,2026-09-02,NEW50_7pages_withdate_01.09,206,15.0,0,0,2,-2,-2.0,
0864.team,team,2026-09-01,NEW50_7pages_withdate_01.09,206,17.0,0,0,2,-2,-2.0,
7925.team,team,2026-09-01,NEW50_12pages_withdate_01.09,206,17.5,0,0,2,-2,-2.0,
7612.team,team,2026-09-02,NEW50_12pages_withdate_01.09,206,17.5,0,0,2,-2,-2.0,
6348.team,team,2026-09-01,NEW50_12pages_withdate_01.09,206,19.4,0,0,2,-2,-2.0,
5671.team,team,2026-09-02,nabory274283,206,18.4,0,0,2,-2,-2.0,
7027.team,team,2026-09-02,nabory274283,206,18.0,0,0,2,-2,-2.0,
c4x3.team,team,2026-09-02,nabory294303,206,16.5,0,0,2,-2,-2.0,
4202.team,team,2026-09-02,nabory294303,206,17.5,0,0,2,-2,-2.0,
u0s.team,team,2026-09-02,nabory294303,206,18.4,0,0,2,-2,-2.0,
5230.team,team,2026-09-02,NEW50_2_12pages_withdate_02.09,206,13.6,0,0,2,-2,-2.0,
2801.team,team,2026-09-02,NEW50_2_12pages_withdate_02.09,206,13.6,0,0,2,-2,-2.0,
o5h7.team,team,2026-09-02,NEW50_2_12pages_withdate_02.09,206,27.7,0,0,2,-2,-2.0,
3349.team,team,2026-09-02,NEW50_2_12pages_withdate_02.09,206,25.2,0,0,2,-2,-2.0,
7590.team,team,2026-09-02,NEW50_2_12pages_nodate_02.09,206,28.2,0,0,2,-2,-2.0,
oasc.team,team,2026-09-02,NEW50_2_7pages_withdate,206,25.2,0,0,2,-2,-2.0,
0540.team,team,2026-09-02,NEW50_2_7pages_withdate,206,18.4,0,0,2,-2,-2.0,
8730.team,team,2026-09-02,NEW50_2_7pages_withdate,206,15.0,0,0,2,-2,-2.0,
0413.team,team,2026-09-02,NEW50_2_7pages_withdate,206,24.3,0,0,2,-2,-2.0,
9012.team,team,2026-09-02,NEW50_7pages_nodate_01.09,206,12.1,0,0,2,-2,-2.0,
4502.team,team,2026-09-02,NEW50_7pages_nodate_01.09,206,11.2,0,0,2,-2,-2.0,
j0s0.team,team,2026-09-02,NEW50_7pages_nodate_01.09,206,27.7,0,0,2,-2,-2.0,
vzto.team,team,2026-09-02,NEW50_2_12pages_withdate_02.09,206,37.4,0,0,2,-2,-2.0,
izlx.team,team,2026-09-02,NEW50_2_12pages_withdate_02.09,206,21.4,0,0,2,-2,-2.0,
2955.team,team,2026-09-02,NEW50_2_12pages_withdate_02.09,206,27.7,0,0,2,-2,-2.0,
4729.team,team,2026-09-02,NEW50_2_12pages_withdate_02.09,206,19.9,0,0,2,-2,-2.0,
4229.team,team,2026-09-02,NEW50_2_12pages_withdate_02.09,206,32.0,0,0,2,-2,-2.0,
c2u3.team,team,2026-09-02,NEW50_2_12pages_withdate_02.09,206,25.2,0,0,2,-2,-2.0,
q7a.team,team,2026-09-02,NEW50_2_12pages_withdate_02.09,206,25.7,0,0,2,-2,-2.0,
f4w.team,team,2026-09-03,КОНТЕНТ НЕ ЗАПИСАН,206,4.9,0,0,2,-2,-2.0,
2882.team,team,2026-09-03,КОНТЕНТ НЕ ЗАПИСАН,206,9.2,0,0,2,-2,-2.0,
5329.team,team,2026-09-03,КОНТЕНТ НЕ ЗАПИСАН,206,8.7,0,0,2,-2,-2.0,
soxv.team,team,2026-09-03,КОНТЕНТ НЕ ЗАПИСАН,206,18.9,0,0,2,-2,-2.0,
3375.team,team,2026-09-03,КОНТЕНТ НЕ ЗАПИСАН,206,24.8,0,0,2,-2,-2.0,
7653.team,team,2026-09-03,КОНТЕНТ НЕ ЗАПИСАН,206,6.3,0,0,2,-2,-2.0,
7570.team,team,2026-09-03,NEW50_7pages_nodate_01.09,206,20.4,0,0,2,-2,-2.0,
1185.team,team,2026-09-03,NEW50_7pages_nodate_01.09,206,17.5,0,0,2,-2,-2.0,
8640.team,team,2026-09-03,NEW50_7pages_nodate_01.09,206,12.1,0,0,2,-2,-2.0,
3654.team,team,2026-09-03,NEW50_7pages_nodate_01.09,206,12.6,0,0,2,-2,-2.0,
xfdr.team,team,2026-09-03,NEW50_7pages_nodate_01.09,206,24.3,0,0,2,-2,-2.0,
ikmd.team,team,2026-09-03,NEW50_7pages_nodate_01.09,206,27.7,0,0,2,-2,-2.0,
syoo.team,team,2026-09-03,NEW50_7pages_nodate_01.09,206,23.8,0,0,2,-2,-2.0,
4967.team,team,2026-09-03,NEW50_7pages_withdate_01.09,206,7.3,0,0,2,-2,-2.0,
2465.team,team,2026-09-03,NEW50_7pages_withdate_01.09,206,16.0,0,0,2,-2,-2.0,
0040.team,team,2026-09-03,NEW50_7pages_withdate_01.09,206,10.2,0,0,2,-2,-2.0,
qmpl.team,team,2026-09-03,NEW50_7pages_withdate_01.09,206,20.4,0,0,2,-2,-2.0,
8193.team,team,2026-09-03,NEW50_12pages_withdate_01.09,206,20.9,0,0,2,-2,-2.0,
kzgq.team,team,2026-09-03,NEW50_12pages_withdate_01.09,206,12.1,0,0,2,-2,-2.0,
7662.team,team,2026-09-03,NEW50_3_12pages_withdate_styled,206,14.1,0,0,2,-2,-2.0,
2018.team,team,2026-09-03,NEW50_3_12pages_withdate_styled,206,15.0,0,0,2,-2,-2.0,
ypur.team,team,2026-09-03,NEW50_3_12pages_withdate_styled,206,35.9,0,0,2,-2,-2.0,
5335.team,team,2026-09-03,NEW50_3_12pages_nodate_styled,206,15.0,0,0,2,-2,-2.0,
n0b5.team,team,2026-09-03,NEW50_3_12pages_nodate_styled,206,19.9,0,0,2,-2,-2.0,
z2u7.team,team,2026-09-03,NEW50_3_12pages_nodate_styled,206,13.6,0,0,2,-2,-2.0,
0190.team,team,2026-09-03,NEW50_3_7pages_withdate_styled,206,16.5,0,0,2,-2,-2.0,
3064.team,team,2026-09-03,NEW50_3_7pages_withdate_styled,206,26.2,0,0,2,-2,-2.0,
7119.team,team,2026-09-03,NEW50_3_7pages_nodate_styled,206,9.7,0,0,2,-2,-2.0,
2760.team,team,2026-09-03,NEW50_3_7pages_nodate_styled,206,12.1,0,0,2,-2,-2.0,
6420.team,team,2026-09-03,NEW50_3_7pages_nodate_styled,206,4.9,0,0,2,-2,-2.0,
6860.team,team,2026-09-03,NEW50_3_7pages_nodate_styled,206,16.0,0,0,2,-2,-2.0,
8474.team,team,2026-09-03,NEW50_3_7pages_nodate_styled,206,8.3,0,0,2,-2,-2.0,
7874.team,team,2026-09-03,NEW50_3_7pages_nodate_styled,206,11.2,0,0,2,-2,-2.0,
0403.team,team,2026-09-03,NEW50_3_7pages_nodate_styled,206,5.3,0,0,2,-2,-2.0,
emnc.team,team,2026-09-04,КОНТЕНТ НЕ ЗАПИСАН,206,4.4,0,0,2,-2,-2.0,
casinoprb.team,team,2026-09-04,КОНТЕНТ НЕ ЗАПИСАН,206,2.9,0,0,2,-2,-2.0,
dpcasino.team,team,2026-09-04,КОНТЕНТ НЕ ЗАПИСАН,206,13.1,0,0,2,-2,-2.0,
m7s3.team,team,2026-09-04,КОНТЕНТ НЕ ЗАПИСАН,206,2.4,0,0,2,-2,-2.0,
ubgh.team,team,2026-09-04,КОНТЕНТ НЕ ЗАПИСАН,206,22.3,0,0,2,-2,-2.0,
n7k.team,team,2026-09-04,КОНТЕНТ НЕ ЗАПИСАН,206,13.1,0,0,2,-2,-2.0,
casino876.team,team,2026-09-04,КОНТЕНТ НЕ ЗАПИСАН,206,5.8,0,0,2,-2,-2.0,
t1o.team,team,2026-09-04,КОНТЕНТ НЕ ЗАПИСАН,206,7.8,0,0,2,-2,-2.0,
xoacasino.team,team,2026-09-04,КОНТЕНТ НЕ ЗАПИСАН,206,17.5,0,0,2,-2,-2.0,
casino01.team,team,2026-09-04,КОНТЕНТ НЕ ЗАПИСАН,206,2.9,0,0,2,-2,-2.0,
ukfw.team,team,2026-09-04,КОНТЕНТ НЕ ЗАПИСАН,206,1.9,0,0,2,-2,-2.0,
1276.team,team,2026-09-04,Generator_346353_styled_img,206,7.8,0,0,2,-2,-2.0,
casino79.team,team,2026-09-04,Generator_346353_styled_img,206,1.9,0,0,2,-2,-2.0,
oznv.team,team,2026-09-04,Generator_346353_styled_img,206,13.6,0,0,2,-2,-2.0,
pddw.team,team,2026-09-04,Generator_346353_styled_img,206,18.0,0,0,2,-2,-2.0,
1191.team,team,2026-09-04,Generator_346353_styled_img,206,3.4,0,0,2,-2,-2.0,
2116.team,team,2026-09-04,Generator_346353_styled_img,206,5.8,0,0,2,-2,-2.0,
qneh.team,team,2026-09-04,kruzhevnayamasterskaya1html,206,31.1,0,0,2,-2,-2.0,
seft.team,team,2026-09-04,КОНТЕНТ НЕ ЗАПИСАН,206,19.4,0,0,2,-2,-2.0,
537casino.team,team,2026-09-04,Generator_354359_styled_img,206,4.4,0,0,2,-2,-2.0,
nyfj.team,team,2026-09-04,Generator_354359_styled_img,206,4.9,0,0,2,-2,-2.0,
u9i.team,team,2026-09-04,Generator_354359_styled_img,206,5.8,0,0,2,-2,-2.0,
1368.team,team,2026-09-04,Generator_354359_styled_img,206,2.9,0,0,2,-2,-2.0,
9365.team,team,2026-09-04,Generator_354359_styled_img,205,8.3,0,0,2,-2,-2.0,
8927casino.team,team,2026-09-04,Generator_354359_styled_img,206,5.8,0,0,2,-2,-2.0,
0778.team,team,2026-09-04,NEW20_12pages_withdate_styled_img,206,17.0,0,0,2,-2,-2.0,
qdcasino.team,team,2026-09-04,NEW20_7pages_nodate_styled_img,206,8.7,0,0,2,-2,-2.0,
p3y3.team,team,2026-09-04,NEW20_7pages_nodate_styled_img,206,9.7,0,0,2,-2,-2.0,
zyok.team,team,2026-09-04,NEW20_7pages_nodate_styled_img,206,24.3,0,0,2,-2,-2.0,
pjxu.team,team,2026-09-04,NEW20_7pages_nodate_styled_img,206,12.1,0,0,2,-2,-2.0,
casino1430.team,team,2026-09-04,Generator_368369_styled_img,206,0.0,0,0,2,-2,-2.0,
9124.team,team,2026-09-04,Generator_368369_styled_img,206,12.6,0,0,2,-2,-2.0,
pqow.team,team,2026-09-04,trikomplekta,206,9.7,0,0,2,-2,-2.0,
9274.team,team,2026-09-04,trikomplekta,206,18.0,0,0,2,-2,-2.0,
h5g5.team,team,2026-09-04,trikomplekta,206,21.4,0,0,2,-2,-2.0,
casino814.team,team,2026-09-04,Generator_B_novyy_bez_img,206,3.9,0,0,2,-2,-2.0,
4283.team,team,2026-09-04,Generator_B_novyy_bez_img,206,6.3,0,0,2,-2,-2.0,
4355.team,team,2026-09-04,Generator_A_staryy_stil,206,4.9,0,0,2,-2,-2.0,
6725.team,team,2026-09-04,Generator_A_staryy_stil,206,5.3,0,0,2,-2,-2.0,
vilx.team,team,2026-09-05,Generator_370382_styled_img,206,1.5,0,0,2,-2,-2.0,
9344casino.team,team,2026-09-05,Generator_370382_styled_img,206,1.0,0,0,2,-2,-2.0,
epfy.team,team,2026-09-05,Generator_370382_styled_img,206,1.9,0,0,2,-2,-2.0,
9722.team,team,2026-09-05,Generator_370382_styled_img,206,4.9,0,0,2,-2,-2.0,
81casino.team,team,2026-09-05,Generator_370382_styled_img,206,4.9,0,0,2,-2,-2.0,
2352.team,team,2026-09-05,Generator_370382_styled_img,206,3.4,0,0,2,-2,-2.0,
casinozyb.team,team,2026-09-05,Generator_370382_styled_img,206,0.0,0,0,2,-2,-2.0,
casino4623.team,team,2026-09-05,Generator_370382_styled_img,206,1.5,0,0,2,-2,-2.0,
casinojr.team,team,2026-09-05,Generator_370382_styled_img,206,1.0,0,0,2,-2,-2.0,
0722.team,team,2026-09-05,Generator_370382_styled_img,206,6.3,0,0,2,-2,-2.0,
wzna.team,team,2026-09-05,Generator_370382_styled_img,206,7.3,0,0,2,-2,-2.0,
9699.team,team,2026-09-05,Generator_370382_styled_img,206,1.9,0,0,2,-2,-2.0,
4358.team,team,2026-09-05,Generator_370382_styled_img,206,5.8,0,0,2,-2,-2.0,
7190.team,team,2026-09-05,trikomplektaB,206,9.7,0,0,2,-2,-2.0,
9055.team,team,2026-09-05,Generator_385390_styled_img,206,2.9,0,0,2,-2,-2.0,
bvve.team,team,2026-09-05,Generator_385390_styled_img,206,4.9,0,0,2,-2,-2.0,
casinozfa.team,team,2026-09-05,Generator_385390_styled_img,206,1.9,0,0,2,-2,-2.0,
casinoopk.team,team,2026-09-05,Generator_385390_styled_img,206,2.9,0,0,2,-2,-2.0,
casinoj1.team,team,2026-09-05,Generator_385390_styled_img,206,11.2,0,0,2,-2,-2.0,
u4f5.team,team,2026-09-05,degtyarnya,206,3.9,0,0,2,-2,-2.0,
9090.team,team,2026-09-05,NEW21_7pages_nodate_styled_img,206,3.9,0,0,2,-2,-2.0,
lcdj.team,team,2026-09-05,NEW21_7pages_nodate_styled_img,206,14.6,0,0,2,-2,-2.0,
lvqv.team,team,2026-09-05,NEW21_7pages_nodate_styled_img,206,2.9,0,0,2,-2,-2.0,
qlcasino.team,team,2026-09-05,NEW21_7pages_nodate_styled_img,206,13.1,0,0,2,-2,-2.0,
9866.team,team,2026-09-05,shponnayarezka1,206,7.3,0,0,2,-2,-2.0,
1818.team,team,2026-09-05,tesemochnaya1,206,16.5,0,0,2,-2,-2.0,
4693.team,team,2026-09-05,nabor391,206,2.9,0,0,2,-2,-2.0,
jrcg.team,team,2026-09-06,Generator_392396_styled_img,206,7.8,0,0,2,-2,-2.0,
2225.team,team,2026-09-06,Generator_392396_styled_img,206,7.8,0,0,2,-2,-2.0,
9574.team,team,2026-09-06,Generator_392396_styled_img,206,15.5,0,0,2,-2,-2.0,
8864casino.team,team,2026-09-06,Generator_392396_styled_img,206,4.9,0,0,2,-2,-2.0,
rwjd.team,team,2026-09-06,Generator_392396_styled_img,206,15.5,0,0,2,-2,-2.0,
1936.team,team,2026-09-06,bortnichiydvor1,206,15.0,0,0,2,-2,-2.0,
casinogh.team,team,2026-09-06,NEW20_3_7pages_withdate_styled_img,206,21.4,0,0,2,-2,-2.0,
xycasino.team,team,2026-09-06,NEW20_3_7pages_withdate_styled_img,206,29.6,0,0,2,-2,-2.0,
casino0962.team,team,2026-09-06,NEW20_3_7pages_withdate_styled_img,206,2.4,0,0,2,-2,-2.0,
4809.team,team,2026-09-06,struktura8x7,206,8.3,0,0,2,-2,-2.0,
9670.team,team,2026-09-06,struktura8x7,206,24.3,0,0,2,-2,-2.0,
q7g3.team,team,2026-09-06,struktura8x7,206,11.2,0,0,2,-2,-2.0,
casinodxp.team,team,2026-09-06,struktura8x7,206,13.6,0,0,2,-2,-2.0,
2663.team,team,2026-09-06,struktura8x7,206,18.4,0,0,2,-2,-2.0,
muacasino.team,team,2026-09-06,struktura8x7,206,24.8,0,0,2,-2,-2.0,
7142.team,team,2026-09-06,struktura8x7,206,18.9,0,0,2,-2,-2.0,
9859casino.team,team,2026-09-06,struktura8x7,206,7.8,0,0,2,-2,-2.0,
7978.team,team,2026-09-06,troykaC,206,12.1,0,0,2,-2,-2.0,
uphv.team,team,2026-09-06,troykaC,206,7.3,0,0,2,-2,-2.0,
u3i.team,team,2026-09-06,troykaC,206,10.7,0,0,2,-2,-2.0,
6808.team,team,2026-09-06,NEW20_3_7pages_nodate_styled_img,206,9.2,0,0,2,-2,-2.0,
mwrp.team,team,2026-09-06,NEW20_3_7pages_nodate_styled_img,206,27.7,0,0,2,-2,-2.0,
1812.team,team,2026-09-06,NEW20_3_7pages_nodate_styled_img,206,28.2,0,0,2,-2,-2.0,
x5i.team,team,2026-09-06,NEW20_3_7pages_nodate_styled_img,206,34.0,0,0,2,-2,-2.0,
3211.team,team,2026-09-06,NEW20_3_7pages_nodate_styled_img,206,14.1,0,0,2,-2,-2.0,
casinoh2.team,team,2026-09-06,nabory400410_styled_img,206,7.3,0,0,2,-2,-2.0,
4994.team,team,2026-09-06,nabory400410_styled_img,206,5.8,0,0,2,-2,-2.0,
274casino.team,team,2026-09-06,nabory400410_styled_img,206,16.5,0,0,2,-2,-2.0,
0697.team,team,2026-09-06,nabory400410_styled_img,206,5.8,0,0,2,-2,-2.0,
7827.team,team,2026-09-06,nabory411420_styled_img,206,8.7,0,0,2,-2,-2.0,
9413.team,team,2026-09-06,nabory411420_styled_img,206,5.3,0,0,2,-2,-2.0,
5448.team,team,2026-09-06,nabory411420_styled_img,206,31.6,0,0,2,-2,-2.0,
casinoli.team,team,2026-09-06,nabory411420_styled_img,206,5.3,0,0,2,-2,-2.0,
casinoodm.team,team,2026-09-06,nabory421425_styled_img,206,27.7,0,0,2,-2,-2.0,
5153.team,team,2026-09-06,nabory421425_styled_img,206,6.3,0,0,2,-2,-2.0,
4313.team,team,2026-09-07,Выдача_06.09_12стр,206,10.7,0,0,2,-2,-2.0,
4287.team,team,2026-09-07,Выдача_06.09_12стр,206,16.5,0,0,2,-2,-2.0,
8081.team,team,2026-09-07,Выдача_06.09_7стр,206,1.0,0,0,2,-2,-2.0,
411casino.team,team,2026-09-07,NEW20_4_12pages_nodate,206,13.1,0,0,2,-2,-2.0,
5256.team,team,2026-09-07,NEW20_4_12pages_nodate,206,18.0,0,0,2,-2,-2.0,
jwjcasino.team,team,2026-09-07,NEW20_4_7pages_withdate,206,16.5,0,0,2,-2,-2.0,
31casino.team,team,2026-09-07,NEW20_4_7pages_nodate,206,6.8,0,0,2,-2,-2.0,
k1y.team,team,2026-09-07,NEW20_4_7pages_nodate,206,16.5,0,0,2,-2,-2.0,
dqdv.team,team,2026-09-07,NEW20_4_7pages_nodate,206,9.2,0,0,2,-2,-2.0,
casinowuf.team,team,2026-09-07,NEW20_4_7pages_nodate,206,2.4,0,0,2,-2,-2.0,
casinouep.team,team,2026-09-07,nabory431435_styled_img,206,17.5,0,0,2,-2,-2.0,
9421.team,team,2026-09-07,nabory431435_styled_img,206,11.2,0,0,2,-2,-2.0,
3902.team,team,2026-09-07,nabory431435_styled_img,206,14.6,0,0,2,-2,-2.0,
casinomw.team,team,2026-09-07,nabory436440_styled_img,206,10.7,0,0,2,-2,-2.0,
0311.team,team,2026-09-07,nabory436440_styled_img,206,13.6,0,0,2,-2,-2.0,
0765.team,team,2026-09-07,nabory436440_styled_img,206,4.9,0,0,2,-2,-2.0,
5406.team,team,2026-09-07,nabory436440_styled_img,206,11.2,0,0,2,-2,-2.0,
v3w0.team,team,2026-09-07,nabory436440_styled_img,206,6.3,0,0,2,-2,-2.0,
3237.team,team,2026-09-07,NEW20_12pages_withdate_оформлено,206,23.3,0,0,2,-2,-2.0,
0876.team,team,2026-09-07,NEW20_12pages_withdate_оформлено,206,10.7,0,0,2,-2,-2.0,
3505.team,team,2026-09-07,NEW20_12pages_nodate_оформлено,206,26.2,0,0,2,-2,-2.0,
casino8643.team,team,2026-09-07,NEW20_12pages_nodate_оформлено,206,18.4,0,0,2,-2,-2.0,
u2b7.team,team,2026-09-07,NEW20_7pages_withdate_оформлено,206,3.9,0,0,2,-2,-2.0,
4321.team,team,2026-09-07,NEW20_7pages_withdate_оформлено,206,10.7,0,0,2,-2,-2.0,
0147.team,team,2026-09-07,NEW20_7pages_withdate_оформлено,206,5.3,0,0,2,-2,-2.0,
8508.team,team,2026-09-07,NEW20_7pages_withdate_оформлено,206,15.0,0,0,2,-2,-2.0,
casinok4.team,team,2026-09-07,NEW20_7pages_nodate_оформлено,206,5.8,0,0,2,-2,-2.0,
6433.team,team,2026-09-07,NEW20_7pages_nodate_оформлено,206,6.8,0,0,2,-2,-2.0,
fuen.team,team,2026-09-07,NEW20_7pages_nodate_оформлено,206,14.6,0,0,2,-2,-2.0,
8908.team,team,2026-09-07,NEW20_7pages_nodate_оформлено,206,7.3,0,0,2,-2,-2.0,
ssycasino.team,team,2026-09-07,NEW20_7pages_nodate_оформлено_1,206,6.8,0,0,2,-2,-2.0,
tsnb.team,team,2026-09-07,nabory441443_styled_img,206,6.3,0,0,2,-2,-2.0,
casinoyso.team,team,2026-09-07,nabory441443_styled_img,206,8.7,0,0,2,-2,-2.0,
9511.team,team,2026-09-07,nabory441443_styled_img,206,3.9,0,0,2,-2,-2.0,
p8l7.team,team,2026-09-07,clean12_unique11оформлено,206,23.3,0,0,2,-2,-2.0,
2528.team,team,2026-09-07,clean12_unique11оформлено,206,25.2,0,0,2,-2,-2.0,
opcasino.team,team,2026-09-07,clean12_unique11оформлено,206,18.9,0,0,2,-2,-2.0,
0626.team,team,2026-09-07,clean12_unique11оформлено,206,5.8,0,0,2,-2,-2.0,
casino069.team,team,2026-09-07,clean12_unique11оформлено,206,17.5,0,0,2,-2,-2.0,
casinok7.team,team,2026-09-07,clean12_unique11оформлено,206,29.6,0,0,2,-2,-2.0,
rgdf.team,team,2026-09-07,clean12_unique11оформлено,206,18.9,0,0,2,-2,-2.0,
8773.team,team,2026-09-08,Content_script_12page_08.09,206,9.2,0,0,2,-2,-2.0,
5076.team,team,2026-09-08,Content_script_12page_08.09,206,3.9,0,0,2,-2,-2.0,
8928.team,team,2026-09-08,clean7_part1_50оформлено,206,16.0,0,0,2,-2,-2.0,
0739.team,team,2026-09-10,КОНТЕНТ НЕ ЗАПИСАН,206,4.4,0,0,2,-2,-2.0,
hhfp.team,team,2026-09-10,КОНТЕНТ НЕ ЗАПИСАН,206,3.9,0,0,2,-2,-2.0,
2298.team,team,2026-09-10,КОНТЕНТ НЕ ЗАПИСАН,206,7.8,0,0,2,-2,-2.0,
0779.team,team,2026-09-10,КОНТЕНТ НЕ ЗАПИСАН,206,4.4,0,0,2,-2,-2.0,
casinow2.team,team,2026-09-10,КОНТЕНТ НЕ ЗАПИСАН,206,4.9,0,0,2,-2,-2.0,
8988.team,team,2026-09-10,КОНТЕНТ НЕ ЗАПИСАН,206,3.9,0,0,2,-2,-2.0,
9940.team,team,2026-09-10,КОНТЕНТ НЕ ЗАПИСАН,206,7.3,0,0,2,-2,-2.0,
casinosdc.team,team,2026-09-10,КОНТЕНТ НЕ ЗАПИСАН,206,4.4,0,0,2,-2,-2.0,
casinoq2.team,team,2026-09-10,КОНТЕНТ НЕ ЗАПИСАН,206,1.9,0,0,2,-2,-2.0,
3416.team,team,2026-09-10,КОНТЕНТ НЕ ЗАПИСАН,206,7.8,0,0,2,-2,-2.0,
casinoybc.team,team,2026-09-10,КОНТЕНТ НЕ ЗАПИСАН,206,1.5,0,0,2,-2,-2.0,
casino2552.team,team,2026-09-10,КОНТЕНТ НЕ ЗАПИСАН,206,4.9,0,0,2,-2,-2.0,
hfkg.team,team,2026-09-10,КОНТЕНТ НЕ ЗАПИСАН,206,3.4,0,0,2,-2,-2.0,
2279.team,team,2026-09-10,КОНТЕНТ НЕ ЗАПИСАН,206,9.7,0,0,2,-2,-2.0,
casinoerr.team,team,2026-09-10,КОНТЕНТ НЕ ЗАПИСАН,206,7.8,0,0,2,-2,-2.0,
o6q.team,team,2026-09-10,archive47_unique119оформленочасть2,206,1.9,0,0,2,-2,-2.0,
uzgcasino.team,team,2026-09-10,archive47_unique119оформленочасть2,205,4.9,0,0,2,-2,-2.0,
oxbh.team,team,2026-09-10,archive47_unique119оформленочасть2,206,5.8,0,0,2,-2,-2.0,
hjpi.team,team,2026-09-10,archive47_unique119оформленочасть2,206,3.4,0,0,2,-2,-2.0,
0273.team,team,2026-09-10,archive47_unique119оформленочасть2,206,6.3,0,0,2,-2,-2.0,
2518.team,team,2026-09-10,archive47_unique119оформленочасть2,206,5.8,0,0,2,-2,-2.0,
6973.team,team,2026-09-10,archive47_unique119оформленочасть2,206,5.8,0,0,2,-2,-2.0,
casinopo.team,team,2026-09-10,archive47_unique119оформленочасть2,206,3.4,0,0,2,-2,-2.0,
pfoi.team,team,2026-09-10,archive47_unique119оформленочасть2,206,5.8,0,0,2,-2,-2.0,
5402.team,team,2026-09-10,archive47_unique119оформленочасть2,206,2.4,0,0,2,-2,-2.0,
5030.team,team,2026-09-10,archive47_unique119оформленочасть2,206,5.8,0,0,2,-2,-2.0,
7740.team,team,2026-09-10,archive47_unique119оформленочасть2,206,1.9,0,0,2,-2,-2.0,
9383.team,team,2026-09-10,archive47_unique119оформленочасть2,206,9.2,0,0,2,-2,-2.0,
0299.team,team,2026-09-10,archive47_unique119оформленочасть2,206,6.8,0,0,2,-2,-2.0,
casinottb.team,team,2026-09-10,archive47_unique119оформленочасть2,206,4.4,0,0,2,-2,-2.0,
casinoq6.team,team,2026-09-10,archive47_unique119оформленочасть2,206,3.4,0,0,2,-2,-2.0,
k9v.team,team,2026-09-10,archive47_unique119оформленочасть2,206,4.9,0,0,2,-2,-2.0,
9126.team,team,2026-09-10,archive47_unique119оформленочасть2,206,7.3,0,0,2,-2,-2.0,
6477.team,team,2026-09-10,archive47_unique119оформленочасть2,206,0.5,0,0,2,-2,-2.0,
casino6206.team,team,2026-09-10,archive47_unique119оформленочасть2,206,5.3,0,0,2,-2,-2.0,
0491.team,team,2026-09-10,archive47_unique119оформленочасть1,206,1.5,0,0,2,-2,-2.0,
c4e8.team,team,2026-09-10,archive47_unique119оформленочасть1,206,4.9,0,0,2,-2,-2.0,
luts.team,team,2026-09-10,archive47_unique119оформленочасть1,206,2.4,0,0,2,-2,-2.0,
casino5675.team,team,2026-09-10,archive47_unique119оформленочасть1,206,4.9,0,0,2,-2,-2.0,
8292.team,team,2026-09-10,archive47_unique119оформленочасть1,206,2.9,0,0,2,-2,-2.0,
369casino.team,team,2026-09-10,archive47_unique119оформленочасть1,206,5.3,0,0,2,-2,-2.0,
2894.team,team,2026-09-10,archive47_unique119оформленочасть1,206,3.9,0,0,2,-2,-2.0,
casino29.team,team,2026-09-10,archive47_unique119оформленочасть1,206,2.9,0,0,2,-2,-2.0,
7761.team,team,2026-09-10,archive47_unique119оформленочасть1,206,1.5,0,0,2,-2,-2.0,
casino84.team,team,2026-09-10,archive47_unique119оформленочасть1,206,3.9,0,0,2,-2,-2.0,
qodu.team,team,2026-09-10,archive47_unique119оформленочасть1,206,1.0,0,0,2,-2,-2.0,
1038.team,team,2026-09-10,archive47_unique119оформленочасть1,206,2.9,0,0,2,-2,-2.0,
tgga.team,team,2026-09-10,archive47_unique119оформленочасть1,206,1.5,0,0,2,-2,-2.0,
jbyp.team,team,2026-09-10,archive47_unique119оформленочасть1,206,2.4,0,0,2,-2,-2.0,
casino7274.team,team,2026-09-10,archive47_unique119оформленочасть1,206,3.9,0,0,2,-2,-2.0,
6985.team,team,2026-09-10,archive47_unique119оформленочасть1,206,3.4,0,0,2,-2,-2.0,
63casino.team,team,2026-09-10,archive47_unique119оформленочасть1,206,1.5,0,0,2,-2,-2.0,
casinojj.team,team,2026-09-10,archive47_unique119оформленочасть1,206,1.0,0,0,2,-2,-2.0,
1413.team,team,2026-09-10,archive47_unique119оформленочасть1,206,3.9,0,0,2,-2,-2.0,
1053.team,team,2026-09-10,archive47_unique119оформленочасть1,206,5.3,0,0,2,-2,-2.0,
9147.team,team,2026-09-10,nabory464466,206,5.3,0,0,2,-2,-2.0,
mhob.team,team,2026-09-10,nabory464466,206,9.2,0,0,2,-2,-2.0,
6591.team,team,2026-09-10,nabory464466,206,2.9,0,0,2,-2,-2.0,
4946.team,team,2026-09-10,archive37строформленоv2часть3,206,1.5,0,0,2,-2,-2.0,
hhcasino.team,team,2026-09-10,archive37строформленоv2часть3,206,1.0,0,0,2,-2,-2.0,
u1y1.team,team,2026-09-10,nabory470472_styled_img,206,10.2,0,0,2,-2,-2.0,
75casino.team,team,2026-09-10,nabory470472_styled_img,206,18.9,0,0,2,-2,-2.0,
qtbh.team,team,2026-09-10,archive37строформленоv2часть3,206,7.3,0,0,2,-2,-2.0,
casinocvq.team,team,2026-09-10,archive37строформленоv2часть3,206,1.9,0,0,2,-2,-2.0,
9525casino.team,team,2026-09-10,archive37строформленоv2часть3,206,11.7,0,0,2,-2,-2.0,
casinoebt.team,team,2026-09-10,archive37строформленоv2часть1,206,11.2,0,0,2,-2,-2.0,
kohi.team,team,2026-09-10,archive37строформленоv2часть1,206,5.3,0,0,2,-2,-2.0,
xlod.team,team,2026-09-10,archive37строформленоv2часть1,206,14.1,0,0,2,-2,-2.0,
tshz.team,team,2026-09-10,archive37строформленоv2часть1,206,9.7,0,0,2,-2,-2.0,
843casino.team,team,2026-09-11,archive37строформленоv2часть1,206,3.9,0,0,2,-2,-2.0,
8200.team,team,2026-09-11,archive37строформленоv2часть1,206,7.3,0,0,2,-2,-2.0,
casinor7.team,team,2026-09-11,archive37строформленоv2часть1,206,3.4,0,0,2,-2,-2.0,
casino3142.team,team,2026-09-11,archive37строформленоv2часть1,206,0.0,0,0,2,-2,-2.0,
1668.team,team,2026-09-11,archive37строформленоv2часть1,206,7.3,0,0,2,-2,-2.0,
9726.team,team,2026-09-11,archive37строформленоv2часть1,206,3.4,0,0,2,-2,-2.0,
casino82.team,team,2026-09-11,NEW102оформленосдатой,206,8.7,0,0,2,-2,-2.0,
0572.team,team,2026-09-10,NEW102оформленосдатой,206,10.7,0,0,2,-2,-2.0,
casino604.team,team,2026-09-11,NEW102оформленосдатой,206,3.4,0,0,2,-2,-2.0,
3745.team,team,2026-09-12,NEW102оформленосдатой,206,10.7,0,0,2,-2,-2.0,
9903.team,team,2026-09-11,NEW102оформленосдатой,206,6.8,0,0,2,-2,-2.0,
1040.team,team,2026-09-11,NEW102оформленобездаты,206,7.8,0,0,2,-2,-2.0,
xpnm.team,team,2026-09-11,NEW102оформленобездаты,206,19.9,0,0,2,-2,-2.0,
5882.team,team,2026-09-11,NEW102оформленобездаты,206,21.4,0,0,2,-2,-2.0,
htqr.team,team,2026-09-12,NEW102оформленобездаты,206,3.9,0,0,2,-2,-2.0,
sdyv.team,team,2026-09-12,NEW102оформленобездаты,206,11.2,0,0,2,-2,-2.0,
0946.team,team,2026-09-11,NEW102оформленобездаты,206,7.8,0,0,2,-2,-2.0,
i3d.team,team,2026-09-11,NEW102оформленобездаты,206,30.6,0,0,2,-2,-2.0,
casinodp.team,team,2026-09-11,NEW102оформленобездаты,206,9.7,0,0,2,-2,-2.0,
casino351.team,team,2026-09-11,NEW102оформленобездаты,206,12.6,0,0,2,-2,-2.0,
casinoqi.team,team,2026-09-11,NEW102оформленобездаты,206,3.4,0,0,2,-2,-2.0,
casinog1.team,team,2026-09-11,clean7_part1_50оформлено,206,12.1,0,0,2,-2,-2.0,
5659.team,team,2026-09-11,clean7_part1_50оформлено,206,5.8,0,0,2,-2,-2.0,
854casino.team,team,2026-09-11,clean7_part1_50оформлено,206,9.2,0,0,2,-2,-2.0,
butcasino.team,team,2026-09-11,clean7_part1_50оформлено,206,6.3,0,0,2,-2,-2.0,
casinoycm.team,team,2026-09-11,clean7_part1_50оформлено,206,2.9,0,0,2,-2,-2.0,
slkz.team,team,2026-09-11,clean7_part1_50оформлено,206,15.5,0,0,2,-2,-2.0,
j4l8.team,team,2026-09-11,clean7_part1_50оформлено,206,12.1,0,0,2,-2,-2.0,
casinojxu.team,team,2026-09-11,clean7_part1_50оформлено,206,9.2,0,0,2,-2,-2.0,
3142.team,team,2026-09-11,clean7_part1_50оформлено,206,19.4,0,0,2,-2,-2.0,
d1c3.team,team,2026-09-11,clean7_part1_50оформлено,206,10.2,0,0,2,-2,-2.0,
4100.team,team,2026-09-11,clean7_part1_50оформлено,206,6.3,0,0,2,-2,-2.0,
2930.team,team,2026-09-11,clean7_part1_50оформлено,206,10.2,0,0,2,-2,-2.0,
5609.team,team,2026-09-11,clean7_part1_50оформлено,206,16.5,0,0,2,-2,-2.0,
casino4552.team,team,2026-09-11,clean7_part1_50оформлено,206,7.8,0,0,2,-2,-2.0,
8975.team,team,2026-09-11,clean7_part1_50оформлено,206,10.2,0,0,2,-2,-2.0,
z1o4.team,team,2026-09-11,КОНТЕНТ НЕ ЗАПИСАН,206,9.2,0,0,2,-2,-2.0,
r4p4.team,team,2026-09-11,КОНТЕНТ НЕ ЗАПИСАН,206,11.7,0,0,2,-2,-2.0,
casino66.team,team,2026-09-11,КОНТЕНТ НЕ ЗАПИСАН,205,16.1,0,0,2,-2,-2.0,
9442.team,team,2026-09-11,script_yandex_12page,206,15.0,0,0,2,-2,-2.0,
164casino.team,team,2026-09-11,script_yandex_12page,206,8.7,0,0,2,-2,-2.0,
1938.team,team,2026-09-11,nabory481483_styled_img_dark,206,12.1,0,0,2,-2,-2.0,
h1p5.team,team,2026-09-11,nabory481483_styled_img_dark,206,9.7,0,0,2,-2,-2.0,
casino753.team,team,2026-09-11,nabory481483_styled_img_dark,206,19.4,0,0,2,-2,-2.0,
kura.team,team,2026-09-11,nabory484486_styled_img,206,8.3,0,0,2,-2,-2.0,
5600.team,team,2026-09-11,nabory484486_styled_img,206,10.7,0,0,2,-2,-2.0,
z1n9.team,team,2026-09-11,nabory484486_styled_img,206,10.2,0,0,2,-2,-2.0,
yxuk.team,team,2026-09-12,content-2026-09-12-7str-oform-1,206,13.6,0,0,2,-2,-2.0,
tiff.team,team,2026-09-12,content-2026-09-12-7str-oform-1,206,3.4,0,0,2,-2,-2.0,
u5k4.team,team,2026-09-12,content-2026-09-12-7str-oform-1,206,3.4,0,0,2,-2,-2.0,
ovucasino.team,team,2026-09-12,content-2026-09-12-7str-oform-1,206,6.8,0,0,2,-2,-2.0,
watc.team,team,2026-09-12,content-2026-09-12-7str-oform-1,206,6.3,0,0,2,-2,-2.0,
8347.team,team,2026-09-12,content-2026-09-12-7str-oform-1,206,1.9,0,0,2,-2,-2.0,
tuoa.team,team,2026-09-12,content-2026-09-12-7str-oform-1,206,5.8,0,0,2,-2,-2.0,
oopf.team,team,2026-09-12,content-2026-09-12-7str-oform-2,206,2.9,0,0,2,-2,-2.0,
4253.team,team,2026-09-12,content-2026-09-12-7str-oform-1,206,1.5,0,0,2,-2,-2.0,
casino5829.team,team,2026-09-12,content-2026-09-12-7str-oform-1,206,4.9,0,0,2,-2,-2.0,
evcasino.team,team,2026-09-12,content-2026-09-12-7str-oform-2,206,2.9,0,0,2,-2,-2.0,
0417.team,team,2026-09-12,content-2026-09-12-7str-oform-1,206,10.7,0,0,2,-2,-2.0,
3885casino.team,team,2026-09-12,content-2026-09-12-7str-oform-1,206,8.3,0,0,2,-2,-2.0,
hfhf.team,team,2026-09-12,content-2026-09-12-7str-oform-1,206,3.9,0,0,2,-2,-2.0,
0784.team,team,2026-09-12,content-2026-09-12-7str-oform-1,206,1.5,0,0,2,-2,-2.0,
2120.team,team,2026-09-12,content-2026-09-12-7str-oform-2,206,7.8,0,0,2,-2,-2.0,
0328.team,team,2026-09-12,content-2026-09-12-7str-oform-1,206,11.2,0,0,2,-2,-2.0,
7969.team,team,2026-09-12,content-2026-09-12-7str-oform-1,206,9.7,0,0,2,-2,-2.0,
6581casino.team,team,2026-09-12,content-2026-09-12-7str-oform-2,206,2.9,0,0,2,-2,-2.0,
8491.team,team,2026-09-12,content-2026-09-12-7str-oform-2,206,4.9,0,0,2,-2,-2.0,
21casino.team,team,2026-09-12,content-2026-09-12-7str-oform-2,206,7.8,0,0,2,-2,-2.0,
1970.team,team,2026-09-12,content-2026-09-12-7str-oform-1,206,3.4,0,0,2,-2,-2.0,
7728.team,team,2026-09-12,content-2026-09-12-7str-oform-1,206,5.3,0,0,2,-2,-2.0,
n9t.team,team,2026-09-12,content-2026-09-12-7str-oform-1,206,8.7,0,0,2,-2,-2.0,
9263casino.team,team,2026-09-12,content-2026-09-12-7str-oform-2,206,7.8,0,0,2,-2,-2.0,
wssi.team,team,2026-09-12,content-2026-09-12-7str-oform-1,206,12.6,0,0,2,-2,-2.0,
2532.team,team,2026-09-12,content-2026-09-12-7str-oform-1,206,2.4,0,0,2,-2,-2.0,
2273.team,team,2026-09-12,content-2026-09-12-7str-oform-1,205,2.0,0,0,2,-2,-2.0,
itrv.team,team,2026-09-12,content-2026-09-12-7str-oform-2,206,1.0,0,0,2,-2,-2.0,
0574.team,team,2026-09-12,content-2026-09-12-7str-oform-1,206,8.3,0,0,2,-2,-2.0,
2250.team,team,2026-09-12,content-2026-09-12-7str-oform-1,206,8.7,0,0,2,-2,-2.0,
zgin.team,team,2026-09-12,content-2026-09-12-7str-oform-2,206,13.1,0,0,2,-2,-2.0,
5046.team,team,2026-09-12,content-2026-09-12-7str-oform-2,206,4.9,0,0,2,-2,-2.0,
xwbw.team,team,2026-09-12,content-2026-09-12-7str-oform-2,206,7.3,0,0,2,-2,-2.0,
1081.team,team,2026-09-12,content-2026-09-12-7str-oform-2,206,18.4,0,0,2,-2,-2.0,
v2b.team,team,2026-09-12,content-2026-09-12-7str-oform-2,206,8.3,0,0,2,-2,-2.0,
5740.team,team,2026-09-12,content-2026-09-12-7str-oform-2,206,5.3,0,0,2,-2,-2.0,
vngr.team,team,2026-09-12,content-2026-09-12-7str-oform-2,206,3.9,0,0,2,-2,-2.0,
0148.team,team,2026-09-12,content-2026-09-12-7str-oform-2,206,7.3,0,0,2,-2,-2.0,
qcfi.team,team,2026-09-12,content-2026-09-12-7str-oform-2,206,0.5,0,0,2,-2,-2.0,
casinoar.team,team,2026-09-12,content-2026-09-12-7str-oform-2,206,14.6,0,0,2,-2,-2.0,
7410.team,team,2026-09-12,content-2026-09-12-7str-oform-2,206,4.4,0,0,2,-2,-2.0,
casinorlj.team,team,2026-09-12,content-2026-09-12-7str-oform-2,206,0.0,0,0,2,-2,-2.0,
378casino.team,team,2026-09-12,content-2026-09-12-7str-oform-2,206,3.4,0,0,2,-2,-2.0,
615casino.team,team,2026-09-12,content-2026-09-12-7str-oform-2,206,6.8,0,0,2,-2,-2.0,
022casino.team,team,2026-09-12,content-2026-09-12-7str-oform-2,206,2.9,0,0,2,-2,-2.0,
h8v.team,team,2026-09-12,content-2026-09-12-7str-oform-2,206,8.3,0,0,2,-2,-2.0,
casino4614.team,team,2026-09-12,content-2026-09-12-7str-oform-2,206,3.4,0,0,2,-2,-2.0,
0902.team,team,2026-09-12,КОНТЕНТ НЕ ЗАПИСАН,206,1.5,0,0,2,-2,-2.0,
8405.team,team,2026-09-12,КОНТЕНТ НЕ ЗАПИСАН,206,3.4,0,0,2,-2,-2.0,
0338.team,team,2026-09-12,nabory-490-494_styled_img,206,8.3,0,0,2,-2,-2.0,
5562.team,team,2026-09-12,nabory-490-494_styled_img,206,3.4,0,0,2,-2,-2.0,
casino5463.team,team,2026-09-12,nabory-490-494_styled_img,206,2.9,0,0,2,-2,-2.0,
casino5457.team,team,2026-09-12,nabory-490-494_styled_img,206,5.3,0,0,2,-2,-2.0,
tccasino.team,team,2026-09-13,nabory-495-499_styled_img,206,4.4,0,0,2,-2,-2.0,
0108.team,team,2026-09-13,nabory-495-499_styled_img,206,8.7,0,0,2,-2,-2.0,
xpph.team,team,2026-09-13,nabory-495-499_styled_img,206,2.4,0,0,2,-2,-2.0,
4781.team,team,2026-09-13,nabory-495-499_styled_img,206,11.7,0,0,2,-2,-2.0,
9765.team,team,2026-09-13,content-2026-09-12-7str-oform-3,206,4.4,0,0,2,-2,-2.0,
4212.team,team,2026-09-13,content-2026-09-12-7str-oform-3,206,7.3,0,0,2,-2,-2.0,
casinoqqo.team,team,2026-09-13,content-2026-09-12-7str-oform-3,206,4.9,0,0,2,-2,-2.0,
casinolg.team,team,2026-09-13,content-2026-09-12-7str-oform-3,206,10.7,0,0,2,-2,-2.0,
cxqj.team,team,2026-09-13,content-2026-09-12-7str-oform-3,206,12.1,0,0,2,-2,-2.0,
casinos7.team,team,2026-09-13,content-2026-09-12-7str-oform-3,206,5.8,0,0,2,-2,-2.0,
casinou1.team,team,2026-09-13,content-2026-09-12-7str-oform-3,206,2.9,0,0,2,-2,-2.0,
nmle.team,team,2026-09-13,content-2026-09-12-7str-oform-3,206,8.3,0,0,2,-2,-2.0,
p3p.team,team,2026-09-13,content-2026-09-12-7str-oform-3,206,0.5,0,0,2,-2,-2.0,
2242.team,team,2026-09-13,content-2026-09-12-7str-oform-3,206,7.3,0,0,2,-2,-2.0,
t6n1.team,team,2026-09-13,content-2026-09-12-7str-oform-3,206,2.9,0,0,2,-2,-2.0,
casino69.team,team,2026-09-13,content-2026-09-12-7str-oform-3,206,9.2,0,0,2,-2,-2.0,
e6c.team,team,2026-09-13,content-2026-09-12-7str-oform-3,206,2.9,0,0,2,-2,-2.0,
p7x7.team,team,2026-09-13,content-2026-09-12-7str-oform-3,206,3.9,0,0,2,-2,-2.0,
llnh.team,team,2026-09-13,content-2026-09-12-7str-oform-3,206,0.0,0,0,2,-2,-2.0,
3176.team,team,2026-09-13,content-2026-09-12-7str-oform-3,206,11.7,0,0,2,-2,-2.0,
3155.team,team,2026-09-14,nabory-500-509_styled_img,206,1.9,0,0,2,-2,-2.0,
1787.team,team,2026-09-14,nabory-500-509_styled_img,206,0.0,0,0,2,-2,-2.0,
pocasino.team,team,2026-09-14,nabory-500-509_styled_img,206,1.9,0,0,2,-2,-2.0,
drdj.team,team,2026-09-14,nabory-500-509_styled_img,206,1.0,0,0,2,-2,-2.0,
casino936.team,team,2026-09-14,nabory-500-509_styled_img,206,0.5,0,0,2,-2,-2.0,
hhfr.team,team,2026-09-14,nabory-500-509_styled_img,206,3.4,0,0,2,-2,-2.0,
3121.team,team,2026-09-14,nabory-500-509_styled_img,206,0.5,0,0,2,-2,-2.0,
1163.team,team,2026-09-14,nabory-500-509_styled_img,206,4.4,0,0,2,-2,-2.0,
0569.team,team,2026-09-14,nabory-500-509_styled_img,206,1.0,0,0,2,-2,-2.0,
4631.team,team,2026-09-14,nabory-510-514_styled_img,206,0.0,0,0,2,-2,-2.0,
casino0645.team,team,2026-09-14,nabory-510-514_styled_img,206,0.0,0,0,2,-2,-2.0,
5894.team,team,2026-09-14,nabory-510-514_styled_img,205,1.5,0,0,2,-2,-2.0,
casinostt.team,team,2026-09-14,nabory-510-514_styled_img,206,1.5,0,0,2,-2,-2.0,
ustn.team,team,2026-09-14,nabory-510-514_styled_img,206,0.5,0,0,2,-2,-2.0,
casino395.team,team,2026-09-14,content-2026-09-14-12str-oform_16,206,0.0,0,0,2,-2,-2.0,
2138.team,team,2026-09-14,content-2026-09-14-12str-oform_15,206,1.9,0,0,2,-2,-2.0,
9237.team,team,2026-09-14,content-2026-09-14-12str-oform_14,206,1.5,0,0,2,-2,-2.0,
lbpy.team,team,2026-09-14,content-2026-09-14-12str-oform_13,206,15.0,0,0,2,-2,-2.0,
xsjb.team,team,2026-09-14,content-2026-09-14-12str-oform_12,206,7.8,0,0,2,-2,-2.0,
casino3416.team,team,2026-09-14,content-2026-09-14-12str-oform_11,206,24.8,0,0,2,-2,-2.0,
ykvm.team,team,2026-09-14,content-2026-09-14-12str-oform_10,206,14.1,0,0,2,-2,-2.0,
8995.team,team,2026-09-14,content-2026-09-14-12str-oform_7,206,11.7,0,0,2,-2,-2.0,
76casino.team,team,2026-09-14,content-2026-09-14-7str-oform-8_50,206,14.1,0,0,2,-2,-2.0,
1959.team,team,2026-09-14,content-2026-09-14-7str-oform-8_49,206,8.7,0,0,2,-2,-2.0,
4970.team,team,2026-09-14,content-2026-09-14-7str-oform-8_48,206,6.3,0,0,2,-2,-2.0,
9085.team,team,2026-09-14,content-2026-09-14-7str-oform-8_47,206,2.4,0,0,2,-2,-2.0,
casinojq.team,team,2026-09-14,content-2026-09-14-7str-oform-8_46,206,12.6,0,0,2,-2,-2.0,
7412.team,team,2026-09-14,content-2026-09-14-7str-oform-8_45,206,3.9,0,0,2,-2,-2.0,
5652.team,team,2026-09-14,content-2026-09-14-7str-oform-8_44,206,13.6,0,0,2,-2,-2.0,
f8t4.team,team,2026-09-14,content-2026-09-14-7str-oform-8_43,206,13.6,0,0,2,-2,-2.0,
casinoqr.team,team,2026-09-15,content-2026-09-14-7str-oform-9_38,206,7.3,0,0,2,-2,-2.0,
6907.team,team,2026-09-15,content-2026-09-14-7str-oform-9_37,206,5.3,0,0,2,-2,-2.0,
3789.team,team,2026-09-15,content-2026-09-14-7str-oform-9_36,206,15.5,0,0,2,-2,-2.0,
4860.team,team,2026-09-15,content-2026-09-14-7str-oform-9_35,206,16.5,0,0,2,-2,-2.0,
o3d.team,team,2026-09-15,content-2026-09-14-7str-oform-9_34,206,13.6,0,0,2,-2,-2.0,
0786.team,team,2026-09-15,content-2026-09-14-7str-oform-9_33,206,20.4,0,0,2,-2,-2.0,
zlxm.team,team,2026-09-15,content-2026-09-14-7str-oform-9_32,206,14.1,0,0,2,-2,-2.0,
casinoxm.team,team,2026-09-15,content-2026-09-14-7str-oform-9_31,206,7.8,0,0,2,-2,-2.0,
3989.team,team,2026-09-15,content-2026-09-14-7str-oform-1_22,206,3.4,0,0,2,-2,-2.0,
8380.team,team,2026-09-15,content-2026-09-14-7str-oform-1_20,206,3.9,0,0,2,-2,-2.0,
casino00.team,team,2026-09-15,content-2026-09-14-7str-oform-1_19,206,13.6,0,0,2,-2,-2.0,
7841casino.team,team,2026-09-14,nabory-515-524_styled_img_10,206,5.3,0,0,2,-2,-2.0,
6996.team,team,2026-09-14,nabory-515-524_styled_img_9,206,4.4,0,0,2,-2,-2.0,
5494.team,team,2026-09-14,nabory-515-524_styled_img_8,206,3.9,0,0,2,-2,-2.0,
3613.team,team,2026-09-14,nabory-515-524_styled_img_7,206,8.3,0,0,2,-2,-2.0,
casinof8.team,team,2026-09-15,nabory-515-524_styled_img_6,206,1.9,0,0,2,-2,-2.0,
casinos9.team,team,2026-09-15,nabory-515-524_styled_img_5,206,12.6,0,0,2,-2,-2.0,
casinobqy.team,team,2026-09-15,nabory-515-524_styled_img_4,206,10.7,0,0,2,-2,-2.0,
584casino.team,team,2026-09-14,nabory-515-524_styled_img_3,206,6.3,0,0,2,-2,-2.0,
casinozzx.team,team,2026-09-15,nabory-515-524_styled_img_2,206,10.7,0,0,2,-2,-2.0,
2233.team,team,2026-09-14,nabory-515-524_styled_img_1,206,10.2,0,0,2,-2,-2.0,
jqcasino.team,team,2026-09-15,content-2026-09-14-7str-oform-9_30,206,16.5,0,0,2,-2,-2.0,
6393.team,team,2026-09-15,content-2026-09-14-7str-oform-9_29,206,1.9,0,0,2,-2,-2.0,
7790.team,team,2026-09-15,content-2026-09-14-7str-oform-9_28,206,14.6,0,0,2,-2,-2.0,
kjrcasino.team,team,2026-09-15,content-2026-09-14-7str-oform-9_27,206,7.8,0,0,2,-2,-2.0,
casino63.team,team,2026-09-15,content-2026-09-14-7str-oform-9_26,206,11.7,0,0,2,-2,-2.0,
nfdh.team,team,2026-09-15,content-2026-09-14-7str-oform-9_25,206,7.3,0,0,2,-2,-2.0,
3744.team,team,2026-09-15,content-2026-09-14-7str-oform-9_24,206,9.7,0,0,2,-2,-2.0,
1820casino.team,team,2026-09-15,content-2026-09-14-7str-oform-9_23,206,7.3,0,0,2,-2,-2.0,
6775casino.team,team,2026-09-15,content-2026-09-14-7str-oform-9_22,206,8.3,0,0,2,-2,-2.0,
0431.team,team,2026-09-15,content-2026-09-14-7str-oform-9_21,206,7.8,0,0,2,-2,-2.0,
59casino.team,team,2026-09-15,content-2026-09-14-7str-oform-9_20,206,18.9,0,0,2,-2,-2.0,
682casino.team,team,2026-09-15,content-2026-09-14-7str-oform-9_19,206,6.3,0,0,2,-2,-2.0,
7859.team,team,2026-09-15,content-2026-09-14-7str-oform-9_13,206,6.3,0,0,2,-2,-2.0,
6277.team,team,2026-09-15,content-2026-09-14-7str-oform-9_12,206,7.3,0,0,2,-2,-2.0,
9836.team,team,2026-09-15,content-2026-09-14-7str-oform-9_11,206,16.5,0,0,2,-2,-2.0,
9882.team,team,2026-09-15,content-2026-09-14-7str-oform-9_10,206,4.4,0,0,2,-2,-2.0,
ttbz.team,team,2026-09-15,content-2026-09-14b-7str-oform-2_51,206,18.4,0,0,2,-2,-2.0,
8531.team,team,2026-09-15,content-2026-09-14b-7str-oform-2_50,206,17.0,0,0,2,-2,-2.0,
hmhh.team,team,2026-09-15,content-2026-09-14b-7str-oform-2_49,206,7.8,0,0,2,-2,-2.0,
5211.team,team,2026-09-15,content-2026-09-14b-7str-oform-2_47,206,1.9,0,0,2,-2,-2.0,
xxhcasino.team,team,2026-09-15,content-2026-09-14b-7str-oform-2_46,206,11.2,0,0,2,-2,-2.0,
q8k0.team,team,2026-09-15,content-2026-09-14b-7str-oform-2_45,206,6.8,0,0,2,-2,-2.0,
nffn.team,team,2026-09-15,content-2026-09-14b-7str-oform-2_44,206,18.0,0,0,2,-2,-2.0,
9814.team,team,2026-09-15,content-2026-09-14b-7str-oform-2_43,206,10.2,0,0,2,-2,-2.0,
3081.team,team,2026-09-15,content-2026-09-14b-7str-oform-2_42,206,14.6,0,0,2,-2,-2.0,
7847.team,team,2026-09-15,content-2026-09-14b-7str-oform-2_40,206,9.2,0,0,2,-2,-2.0,
lwqm.team,team,2026-09-15,content-2026-09-14b-7str-oform-2_39,206,14.1,0,0,2,-2,-2.0,
566casino.team,team,2026-09-15,content-2026-09-14b-7str-oform-2_38,206,14.1,0,0,2,-2,-2.0,
casinou5.team,team,2026-09-15,content-2026-09-14b-7str-oform-2_36,205,0.5,0,0,2,-2,-2.0,
6965.team,team,2026-09-15,content-2026-09-14b-7str-oform-2_35,206,8.3,0,0,2,-2,-2.0,
k3b5.team,team,2026-09-15,content-2026-09-14b-7str-oform-2_34,206,13.1,0,0,2,-2,-2.0,
0416.team,team,2026-09-15,content-2026-09-14b-7str-oform-2_33,206,4.9,0,0,2,-2,-2.0,
0592.team,team,2026-09-15,nabory-525-534_styled_img_8,206,2.4,0,0,2,-2,-2.0,
3318.team,team,2026-09-15,nabory-525-534_styled_img_2,206,11.2,0,0,2,-2,-2.0,
0652.team,team,2026-09-15,nabory-525-534_styled_img_1,206,3.4,0,0,2,-2,-2.0,
wgcasino.team,team,2026-09-15,content-2026-09-14c-12str-oform_4,206,15.0,0,0,2,-2,-2.0,
2388.team,team,2026-09-15,content-2026-09-14c-12str-oform_3,206,23.3,0,0,2,-2,-2.0,
b1l2.team,team,2026-09-15,content-2026-09-14b-7str-oform-2_32,206,8.7,0,0,2,-2,-2.0,
diii.team,team,2026-09-15,content-2026-09-14b-7str-oform-2_30,206,17.0,0,0,2,-2,-2.0,
csccasino.team,team,2026-09-15,content-2026-09-14b-7str-oform-2_29,206,31.6,0,0,2,-2,-2.0,
4954.team,team,2026-09-15,content-2026-09-14b-7str-oform-2_27,206,14.6,0,0,2,-2,-2.0,
7497.team,team,2026-09-15,content-2026-09-14b-7str-oform-2_26,206,11.2,0,0,2,-2,-2.0,
3479.team,team,2026-09-15,content-2026-09-14b-7str-oform-2_24,206,24.3,0,0,2,-2,-2.0,
3294casino.team,team,2026-09-15,content-2026-09-14b-7str-oform-2_22,206,16.5,0,0,2,-2,-2.0,
d5r.team,team,2026-09-15,content-2026-09-14b-7str-oform-2_18,206,25.7,0,0,2,-2,-2.0,
678casino.team,team,2026-09-15,content-2026-09-14b-7str-oform-2_19,206,21.8,0,0,2,-2,-2.0,
0938.team,team,2026-09-15,content-2026-09-14c-7str-oform-2_42,206,22.8,0,0,2,-2,-2.0,
50casino.team,team,2026-09-15,content-2026-09-14c-7str-oform-2_41,206,17.0,0,0,2,-2,-2.0,
4110.team,team,2026-09-15,content-2026-09-14c-7str-oform-2_40,206,12.6,0,0,2,-2,-2.0,
casinoez.team,team,2026-09-15,content-2026-09-14c-7str-oform-2_38,206,22.8,0,0,2,-2,-2.0,
85casino.team,team,2026-09-15,content-2026-09-14c-7str-oform-2_35,206,18.9,0,0,2,-2,-2.0,
hnur.team,team,2026-09-15,content-2026-09-14c-7str-oform-2_29,206,18.4,0,0,2,-2,-2.0,
dkwq.team,team,2026-09-15,content-2026-09-14c-7str-oform-2_26,206,10.7,0,0,2,-2,-2.0,
0760.team,team,2026-09-15,content-2026-09-14c-7str-oform-2_22,206,21.4,0,0,2,-2,-2.0,
8414.team,team,2026-09-15,content-2026-09-14c-7str-oform-2_21,206,10.2,0,0,2,-2,-2.0,
7311.team,team,2026-09-15,content-2026-09-14c-7str-oform-2_20,206,18.0,0,0,2,-2,-2.0,
ngxo.team,team,2026-09-15,content-2026-09-14c-7str-oform-2_18,206,15.0,0,0,2,-2,-2.0,
cyfd.team,team,2026-09-15,content-2026-09-14c-7str-oform-2_16,206,20.9,0,0,2,-2,-2.0,
e1h3.team,team,2026-09-15,content-2026-09-14c-7str-oform-2_15,206,9.7,0,0,2,-2,-2.0,
2211.team,team,2026-09-15,content-2026-09-14c-7str-oform-2_1,206,23.3,0,0,2,-2,-2.0,
2551.team,team,2026-09-15,content-2026-09-14c-7str-oform-1_44,206,39.3,0,0,2,-2,-2.0,
4092.team,team,2026-09-15,content-2026-09-14c-7str-oform-1_39,206,21.8,0,0,2,-2,-2.0,
3453.team,team,2026-09-15,content-2026-09-14c-7str-oform-1_34,206,16.5,0,0,2,-2,-2.0,
casino27.team,team,2026-09-16,content-2026-09-14c-7str-oform-1_33,206,21.8,0,0,2,-2,-2.0,
casino9923.team,team,2026-09-16,content-2026-09-14c-7str-oform-1_30,206,11.7,0,0,2,-2,-2.0,
w1l4.team,team,2026-09-16,content-2026-09-14c-7str-oform-1_26,206,24.3,0,0,2,-2,-2.0,
nmii.team,team,2026-09-16,content-2026-09-14c-7str-oform-1_24,206,30.6,0,0,2,-2,-2.0,
8510.team,team,2026-09-15,content-2026-09-14c-7str-oform-1_20,206,18.9,0,0,2,-2,-2.0,
iqcasino.team,team,2026-09-16,content-2026-09-14c-7str-oform-1_19,206,14.6,0,0,2,-2,-2.0,
4269casino.team,team,2026-09-15,content-2026-09-14c-7str-oform-1_16,206,20.9,0,0,2,-2,-2.0,
8130.team,team,2026-09-15,content-2026-09-14c-7str-oform-1_15,206,28.6,0,0,2,-2,-2.0,
casino6204.team,team,2026-09-16,content-2026-09-14c-7str-oform-1_14,206,16.5,0,0,2,-2,-2.0,
hhsw.team,team,2026-09-16,content-2026-09-14c-7str-oform-1_11,206,10.2,0,0,2,-2,-2.0,
t2h6.team,team,2026-09-16,content-2026-09-14c-7str-oform-1_9,206,21.4,0,0,2,-2,-2.0,
casino6166.team,team,2026-09-16,content-2026-09-14c-7str-oform-1_8,206,18.9,0,0,2,-2,-2.0,
7516casino.team,team,2026-09-15,content-2026-09-14c-7str-oform-1_7,206,16.5,0,0,2,-2,-2.0,
casinoi0.team,team,2026-09-16,content-2026-09-14c-7str-oform-1_6,206,17.5,0,0,2,-2,-2.0,
xwmcasino.team,team,2026-09-16,content-2026-09-14c-7str-oform-1_5,206,15.5,0,0,2,-2,-2.0,
zics.team,team,2026-09-16,content-2026-09-14c-7str-oform-1_4,206,28.6,0,0,2,-2,-2.0,
aqqr.team,team,2026-09-16,nabory-535-544_styled_img_9,206,28.6,0,0,2,-2,-2.0,
7888.team,team,2026-09-16,nabory-535-544_styled_img_8,206,15.0,0,0,2,-2,-2.0,
casino1596.team,team,2026-09-16,nabory-535-544_styled_img_7,206,7.3,0,0,2,-2,-2.0,
2514.team,team,2026-09-16,nabory-555-564_styled_img_8,206,22.8,0,0,2,-2,-2.0,
0332casino.team,team,2026-09-16,nabory-555-564_styled_img_5,206,13.1,0,0,2,-2,-2.0,
3663.team,team,2026-09-16,nabory-555-564_styled_img_4,206,20.4,0,0,2,-2,-2.0,
casinobwf.team,team,2026-09-16,content-2026-09-14c-7str-oform-1_17,206,18.9,0,0,2,-2,-2.0,
casino72.team,team,2026-09-16,content-2026-09-14c-7str-oform-1_2,206,13.1,0,0,2,-2,-2.0,
ymrb.team,team,2026-09-16,content-2026-09-14c-7str-oform-1_1,206,16.5,0,0,2,-2,-2.0,
dwyv.team,team,2026-09-16,content-2026-09-14b-7str-oform-2_17,206,17.5,0,0,2,-2,-2.0,
casinob4.team,team,2026-09-16,content-2026-09-14b-7str-oform-2_15,206,12.1,0,0,2,-2,-2.0,
4468.team,team,2026-09-16,nabory-565-580_16,206,5.8,0,0,2,-2,-2.0,
jfgcasino.team,team,2026-09-16,nabory-565-580_15,206,12.1,0,0,2,-2,-2.0,
9412.team,team,2026-09-16,nabory-565-580_12,205,21.0,0,0,2,-2,-2.0,
3520.team,team,2026-09-16,nabory-565-580_11,206,13.6,0,0,2,-2,-2.0,
nrcasino.team,team,2026-09-16,nabory-565-580_9,206,14.6,0,0,2,-2,-2.0,
casinodx.team,team,2026-09-16,nabory-565-580_8,206,16.5,0,0,2,-2,-2.0,
cztz.team,team,2026-09-16,nabory-565-580_7,206,15.5,0,0,2,-2,-2.0,
6804.team,team,2026-09-16,nabory-565-580_5,206,8.3,0,0,2,-2,-2.0,
wfcasino.team,team,2026-09-16,content-2026-09-15-7str-oform-2_47,206,20.4,0,0,2,-2,-2.0,
casinoja.team,team,2026-09-16,content-2026-09-15-7str-oform-2_44,206,11.2,0,0,2,-2,-2.0,
casinoy1.team,team,2026-09-16,content-2026-09-15-7str-oform-2_43,206,4.9,0,0,2,-2,-2.0,
casinohy.team,team,2026-09-16,content-2026-09-15-7str-oform-2_39,206,3.9,0,0,2,-2,-2.0,
kccasino.team,team,2026-09-16,content-2026-09-15-7str-oform-2_38,206,20.9,0,0,2,-2,-2.0,
499casino.team,team,2026-09-16,content-2026-09-15-7str-oform-2_37,206,12.1,0,0,2,-2,-2.0,
8625.team,team,2026-09-16,content-2026-09-15-7str-oform-2_36,206,10.2,0,0,2,-2,-2.0,
8723.team,team,2026-09-16,content-2026-09-15-7str-oform-2_34,206,8.3,0,0,2,-2,-2.0,
2974.team,team,2026-09-16,content-2026-09-15-7str-oform-2_33,206,16.5,0,0,2,-2,-2.0,
3774.team,team,2026-09-16,content-2026-09-15-7str-oform-2_32,206,12.6,0,0,2,-2,-2.0,
dsrt.team,team,2026-09-16,content-2026-09-15-7str-oform-2_30,206,18.0,0,0,2,-2,-2.0,
713casino.team,team,2026-09-16,content-2026-09-15-7str-oform-2_29,206,14.1,0,0,2,-2,-2.0,
8095.team,team,2026-09-16,content-2026-09-15-7str-oform-2_28,206,13.1,0,0,2,-2,-2.0,
8618.team,team,2026-09-16,content-2026-09-15-7str-oform-2_27,206,6.3,0,0,2,-2,-2.0,
2063.team,team,2026-09-16,content-2026-09-15-7str-oform-2_26,206,12.1,0,0,2,-2,-2.0,
8057.team,team,2026-09-16,content-2026-09-15-7str-oform-2_25,206,5.3,0,0,2,-2,-2.0,
gwrt.team,team,2026-09-16,content-2026-09-15-7str-oform-2_24,206,6.3,0,0,2,-2,-2.0,
gvgcasino.team,team,2026-09-16,content-2026-09-15-7str-oform-2_21,206,11.2,0,0,2,-2,-2.0,
6408.team,team,2026-09-16,content-2026-09-15-7str-oform-2_13,206,4.4,0,0,2,-2,-2.0,
w7o3.team,team,2026-09-16,content-2026-09-15-7str-oform-2_11,206,16.5,0,0,2,-2,-2.0,
wxvb.team,team,2026-09-16,content-2026-09-15-7str-oform-2_10,206,12.1,0,0,2,-2,-2.0,
casinoc8.team,team,2026-09-16,content-2026-09-15-7str-oform-2_9,206,10.2,0,0,2,-2,-2.0,
k6r.team,team,2026-09-16,content-2026-09-15-7str-oform-2_8,206,12.1,0,0,2,-2,-2.0,
0318.team,team,2026-09-16,content-2026-09-15-7str-oform-2_5,206,12.6,0,0,2,-2,-2.0,
3472.team,team,2026-09-16,content-2026-09-15-7str-oform-2_3,206,10.7,0,0,2,-2,-2.0,
m9h6.team,team,2026-09-16,content-2026-09-15-7str-oform-2_2,206,6.8,0,0,2,-2,-2.0,
2245.team,team,2026-09-16,content-2026-09-15-7str-oform-1_50,206,18.0,0,0,2,-2,-2.0,
5155.team,team,2026-09-16,content-2026-09-15-7str-oform-1_48,206,29.6,0,0,2,-2,-2.0,
2557.team,team,2026-09-16,content-2026-09-15-7str-oform-1_47,206,5.8,0,0,2,-2,-2.0,
casino2861.team,team,2026-09-17,nabory-581-590_9,206,4.9,0,0,2,-2,-2.0,
bepcasino.team,team,2026-09-17,nabory-581-590_8,206,10.7,0,0,2,-2,-2.0,
6399.team,team,2026-09-17,nabory-581-590_7,206,16.0,0,0,2,-2,-2.0,
8275.team,team,2026-09-17,nabory-581-590_5,206,8.7,0,0,2,-2,-2.0,
3533.team,team,2026-09-16,nabory-581-590_4,206,8.7,0,0,2,-2,-2.0,
9243.team,team,2026-09-17,nabory-581-590_3,206,8.3,0,0,2,-2,-2.0,
awzt.team,team,2026-09-17,nabory-581-590_2,206,3.9,0,0,2,-2,-2.0,
9426.team,team,2026-09-17,nabory-581-590_1,206,2.9,0,0,2,-2,-2.0,
ujvcasino.team,team,2026-09-17,content-2026-09-15-7str-oform-1_46,206,11.7,0,0,2,-2,-2.0,
9758.team,team,2026-09-17,content-2026-09-15-7str-oform-1_44,206,2.9,0,0,2,-2,-2.0,
casinosw.team,team,2026-09-17,content-2026-09-15-7str-oform-1_40,206,12.1,0,0,2,-2,-2.0,
0717.team,team,2026-09-16,content-2026-09-15-7str-oform-1_39,206,5.8,0,0,2,-2,-2.0,
8736.team,team,2026-09-17,nabory-591-600_10,206,16.0,0,0,2,-2,-2.0,
3129.team,team,2026-09-17,nabory-591-600_8,206,14.6,0,0,2,-2,-2.0,
1916.team,team,2026-09-17,nabory-591-600_6,206,6.3,0,0,2,-2,-2.0,
8391.team,team,2026-09-17,nabory-591-600_5,206,13.1,0,0,2,-2,-2.0,
6856casino.team,team,2026-09-17,nabory-591-600_4,206,6.8,0,0,2,-2,-2.0,
6375.team,team,2026-09-17,nabory-591-600_2,206,4.4,0,0,2,-2,-2.0,
0196.team,team,2026-09-17,nabory-591-600_1,206,11.7,0,0,2,-2,-2.0,
3744casino.team,team,2026-09-17,content-2026-09-15-7str-oform-1_34,206,1.0,0,0,2,-2,-2.0,
casino4761.team,team,2026-09-17,content-2026-09-15-7str-oform-1_32,205,11.7,0,0,2,-2,-2.0,
yaid.team,team,2026-09-17,content-2026-09-15-7str-oform-1_31,206,8.7,0,0,2,-2,-2.0,
n7t0.team,team,2026-09-17,nabory-601-610_10,206,8.3,0,0,2,-2,-2.0,
0503.team,team,2026-09-17,nabory-601-610_5,206,8.3,0,0,2,-2,-2.0,
m0w5.team,team,2026-09-17,nabory-601-610_3,206,2.4,0,0,2,-2,-2.0,
casinow7.team,team,2026-09-17,nabory-601-610_1,206,2.9,0,0,2,-2,-2.0,
casinorvx.team,team,2026-09-17,content-2026-09-15-7str-oform-1_25,206,1.9,0,0,2,-2,-2.0,
yqzcasino.team,team,2026-09-17,content-2026-09-15-7str-oform-1_24,206,6.3,0,0,2,-2,-2.0,
bkny.team,team,2026-09-17,content-2026-09-15-7str-oform-1_18,206,2.4,0,0,2,-2,-2.0,
6465.team,team,2026-09-17,content-2026-09-15-7str-oform-1_17,206,6.8,0,0,2,-2,-2.0,
casino04.team,team,2026-09-17,content-2026-09-15-7str-oform-1_5,206,3.9,0,0,2,-2,-2.0,
jflj.team,team,2026-09-17,content-2026-09-15-7str-oform-1_4,206,22.3,0,0,2,-2,-2.0,
8831.team,team,2026-09-17,content-2026-09-15-12str-oform_3,206,4.9,0,0,2,-2,-2.0,
m3o.team,team,2026-09-17,content-2026-09-15-12str-oform_1,206,11.7,0,0,2,-2,-2.0,
casinonw.team,team,2026-09-17,content-2026-09-14b-7str-oform-2_11,206,18.0,0,0,2,-2,-2.0,
iuic.team,team,2026-09-17,content-2026-09-14b-7str-oform-2_9,206,16.5,0,0,2,-2,-2.0,
casino5308.team,team,2026-09-17,content-2026-09-14b-7str-oform-2_8,206,3.9,0,0,2,-2,-2.0,
casinoc9.team,team,2026-09-17,content-2026-09-14b-7str-oform-2_7,206,4.9,0,0,2,-2,-2.0,
pkbh.team,team,2026-09-17,content-2026-09-14b-7str-oform-2_6,206,3.4,0,0,2,-2,-2.0,
vafe.team,team,2026-09-17,content-2026-09-14b-7str-oform-2_5,206,9.7,0,0,2,-2,-2.0,
casinoc7.team,team,2026-09-17,content-2026-09-14b-7str-oform-2_1,206,1.9,0,0,2,-2,-2.0,
8352.team,team,2026-09-17,content-2026-09-14b-7str-oform-1_46,206,0.0,0,0,2,-2,-2.0,
5403.team,team,2026-09-17,content-2026-09-14b-7str-oform-1_45,206,6.8,0,0,2,-2,-2.0,
yjim.team,team,2026-09-17,content-2026-09-14b-7str-oform-1_44,206,11.2,0,0,2,-2,-2.0,
casinorca.team,team,2026-09-17,content-2026-09-14b-7str-oform-1_43,206,27.2,0,0,2,-2,-2.0,
nzbcasino.team,team,2026-09-17,content-2026-09-16-12str_6,206,1.0,0,0,2,-2,-2.0,
zxcasino.team,team,2026-09-17,content-2026-09-16-12str_5,206,8.3,0,0,2,-2,-2.0,
5772.team,team,2026-09-17,content-2026-09-16-12str_4,206,11.7,0,0,2,-2,-2.0,
o1l.team,team,2026-09-17,content-2026-09-16-12str_1,206,32.0,0,0,2,-2,-2.0,
casino60.team,team,2026-09-17,content-2026-09-16-7str_41,206,6.3,0,0,2,-2,-2.0,
emot.team,team,2026-09-17,content-2026-09-16-7str_40,206,8.3,0,0,2,-2,-2.0,
y3z5.team,team,2026-09-17,content-2026-09-16-7str_39,206,15.0,0,0,2,-2,-2.0,
nztj.team,team,2026-09-17,content-2026-09-16-7str_38,206,10.2,0,0,2,-2,-2.0,
2272.team,team,2026-09-17,content-2026-09-16-7str_37,206,16.5,0,0,2,-2,-2.0,
5863.team,team,2026-09-17,content-2026-09-16-7str_34,206,11.7,0,0,2,-2,-2.0,
nkrh.team,team,2026-09-17,content-2026-09-16-7str_33,206,7.3,0,0,2,-2,-2.0,
casino50.team,team,2026-09-17,content-2026-09-16-7str_30,206,5.8,0,0,2,-2,-2.0,
opue.team,team,2026-09-17,content-2026-09-16-7str_29,206,15.5,0,0,2,-2,-2.0,
7817.team,team,2026-09-17,content-2026-09-16-7str_28,206,15.5,0,0,2,-2,-2.0,
5368casino.team,team,2026-09-17,content-2026-09-16-7str_26,206,8.3,0,0,2,-2,-2.0,
5420.team,team,2026-09-17,content-2026-09-16-7str_24,206,16.5,0,0,2,-2,-2.0,
d8c3.team,team,2026-09-17,content-2026-09-16-7str_22,206,7.3,0,0,2,-2,-2.0,
bzcasino.team,team,2026-09-17,content-2026-09-16-7str_20,206,14.1,0,0,2,-2,-2.0,
n2m.team,team,2026-09-17,content-2026-09-16-7str_19,206,8.3,0,0,2,-2,-2.0,
9747.team,team,2026-09-17,content-2026-09-16-7str_18,206,11.2,0,0,2,-2,-2.0,
538casino.team,team,2026-09-17,content-2026-09-16-7str_11,206,21.8,0,0,2,-2,-2.0,
6709.team,team,2026-09-17,content-2026-09-16-7str_10,206,6.8,0,0,2,-2,-2.0,
9058.team,team,2026-09-17,content-2026-09-16-7str_9,206,10.2,0,0,2,-2,-2.0,
9031.team,team,2026-09-17,content-2026-09-16-7str_6,206,29.6,0,0,2,-2,-2.0,
5628.team,team,2026-09-17,content-2026-09-14b-7str-oform-1_40,206,16.0,0,0,2,-2,-2.0,
8077.team,team,2026-09-17,content-2026-09-14b-7str-oform-1_39,206,10.7,0,0,2,-2,-2.0,
7983.team,team,2026-09-17,content-2026-09-14b-7str-oform-1_36,206,21.4,0,0,2,-2,-2.0,
6258.team,team,2026-09-17,content-2026-09-14b-7str-oform-1_34,206,1.0,0,0,2,-2,-2.0,
casinofg.team,team,2026-09-17,content-2026-09-14b-7str-oform-1_31,206,11.2,0,0,2,-2,-2.0,
7316.team,team,2026-09-17,nabory-611-620_9,206,12.6,0,0,2,-2,-2.0,
casinou0.team,team,2026-09-17,nabory-611-620_7,204,6.4,0,0,2,-2,-2.0,
casino0752.team,team,2026-09-18,nabory-611-620_3,150,4.0,0,0,2,-2,-2.0,
casinonz.team,team,2026-09-18,nabory-611-620_2,150,7.3,0,0,2,-2,-2.0,
casinoydl.team,team,2026-09-18,nabory-611-620_1,150,1.3,0,0,2,-2,-2.0,
1153.team,team,2026-09-18,content-2026-09-17-7str-oform-2_51,150,4.0,0,0,2,-2,-2.0,
7694.team,team,2026-09-18,content-2026-09-17-7str-oform-2_50,150,1.3,0,0,2,-2,-2.0,
btum.team,team,2026-09-18,content-2026-09-17-7str-oform-2_46,150,20.0,0,0,2,-2,-2.0,
5988.team,team,2026-09-18,content-2026-09-17-7str-oform-2_35,150,25.3,0,0,2,-2,-2.0,
3089.team,team,2026-09-18,content-2026-09-17-7str-oform-2_29,150,5.3,0,0,2,-2,-2.0,
1490.team,team,2026-09-18,content-2026-09-17-7str-oform-2_20,150,6.0,0,0,2,-2,-2.0,
lmfq.team,team,2026-09-19,content-2026-09-17-7str-oform-2_39,150,43.3,0,0,2,-2,-2.0,
95casino.team,team,2026-09-19,content-2026-09-17-7str-oform-2_31,150,3.3,0,0,2,-2,-2.0,
btcasino.team,team,2026-09-19,content-2026-09-17-7str-oform-2_19,150,30.0,0,0,2,-2,-2.0,
casinomd.team,team,2026-09-19,content-2026-09-17-7str-oform-2_7,150,43.3,0,0,2,-2,-2.0,
casinoanb.buzz,buzz,2026-09-08,archive37строформленоv2часть3,206,5.8,1,0,3,-3,5.11,
arhd.buzz,buzz,2026-09-08,archive37строформленоv2часть2,206,3.4,0,0,3,-3,-3.0,
casino86.buzz,buzz,2026-09-08,archive37строформленоv2часть2,206,13.1,0,0,3,-3,-3.0,
d3x2.buzz,buzz,2026-09-08,archive37строформленоv2часть2,206,1.9,0,0,3,-3,-3.0,
xxlx.buzz,buzz,2026-09-08,archive37строформленоv2часть2,206,1.5,0,0,3,-3,-3.0,
casinoa9.buzz,buzz,2026-09-08,archive37строформленоv2часть2,206,3.4,0,0,3,-3,-3.0,
d1n1.buzz,buzz,2026-09-08,archive37строформленоv2часть2,206,1.0,0,0,3,-3,-3.0,
5126.buzz,buzz,2026-09-08,archive37строформленоv2часть2,206,2.9,0,0,3,-3,-3.0,
67casino.buzz,buzz,2026-09-08,archive37строформленоv2часть2,206,9.2,0,0,3,-3,-3.0,
casinoz2.buzz,buzz,2026-09-08,archive37строформленоv2часть2,206,3.4,0,0,3,-3,-3.0,
casino61.buzz,buzz,2026-09-08,archive37строформленоv2часть2,206,12.1,0,0,3,-3,-3.0,
389casino.buzz,buzz,2026-09-08,archive37строформленоv2часть2,206,9.2,0,0,3,-3,-3.0,
uakcasino.buzz,buzz,2026-09-08,archive37строформленоv2часть2,206,1.0,0,0,3,-3,-3.0,
135casino.buzz,buzz,2026-09-08,archive37строформленоv2часть2,206,2.4,0,0,3,-3,-3.0,
26casino.buzz,buzz,2026-09-08,archive37строформленоv2часть2,206,3.4,0,0,3,-3,-3.0,
kpscasino.buzz,buzz,2026-09-08,archive37строформленоv2часть2,206,0.0,0,0,3,-3,-3.0,
vscasino.buzz,buzz,2026-09-08,archive37строформленоv2часть2,206,0.5,0,0,3,-3,-3.0,
xvcasino.buzz,buzz,2026-09-08,archive37строформленоv2часть2,206,12.6,0,0,3,-3,-3.0,
7415.buzz,buzz,2026-09-08,archive37строформленоv2часть2,206,9.2,0,0,3,-3,-3.0,
e8k.buzz,buzz,2026-09-08,archive37строформленоv2часть2,206,0.0,0,0,3,-3,-3.0,
casino5450.buzz,buzz,2026-09-08,archive37строформленоv2часть2,206,7.3,0,0,3,-3,-3.0,
g7u.buzz,buzz,2026-09-08,archive37строформленоv2часть2,206,2.4,0,0,3,-3,-3.0,
casinoqu.buzz,buzz,2026-09-08,archive37строформленоv2часть2,206,2.9,0,0,3,-3,-3.0,
ufdb.buzz,buzz,2026-09-08,archive37строформленоv2часть2,206,6.3,0,0,3,-3,-3.0,
casinofnl.buzz,buzz,2026-09-08,archive37строформленоv2часть2,206,6.3,0,0,3,-3,-3.0,
tqwy.buzz,buzz,2026-09-08,archive37строформленоv2часть2,206,6.8,0,0,3,-3,-3.0,
casinoubf.buzz,buzz,2026-09-08,archive37строформленоv2часть1,206,11.2,0,0,3,-3,-3.0,
l6j.buzz,buzz,2026-09-08,archive37строформленоv2часть1,206,2.4,0,0,3,-3,-3.0,
vfra.buzz,buzz,2026-09-08,archive37строформленоv2часть1,206,0.0,0,0,3,-3,-3.0,
ldwg.buzz,buzz,2026-09-08,archive37строформленоv2часть1,206,3.4,0,0,3,-3,-3.0,
lwta.buzz,buzz,2026-09-08,archive37строформленоv2часть1,206,2.9,0,0,3,-3,-3.0,
n5w2.buzz,buzz,2026-09-08,archive37строформленоv2часть1,206,0.5,0,0,3,-3,-3.0,
oijl.buzz,buzz,2026-09-08,archive37строформленоv2часть1,206,7.3,0,0,3,-3,-3.0,
j9s2.buzz,buzz,2026-09-08,archive37строформленоv2часть1,206,6.3,0,0,3,-3,-3.0,
qqwd.buzz,buzz,2026-09-08,nabory447451_styled_img,206,9.7,0,0,3,-3,-3.0,
9316.buzz,buzz,2026-09-08,nabory447451_styled_img,206,7.8,0,0,3,-3,-3.0,
744casino.buzz,buzz,2026-09-08,archive37строформленоv2часть3,206,4.9,0,0,3,-3,-3.0,
07casino.buzz,buzz,2026-09-08,nabory447451_styled_img,206,15.5,0,0,3,-3,-3.0,
98casino.buzz,buzz,2026-09-08,archive37строформленоv2часть3,206,1.0,0,0,3,-3,-3.0,
z1y.buzz,buzz,2026-09-08,archive37строформленоv2часть3,206,5.8,0,0,3,-3,-3.0,
anxg.buzz,buzz,2026-09-08,archive37строформленоv2часть3,206,1.0,0,0,3,-3,-3.0,
ryqcasino.buzz,buzz,2026-09-08,archive37строформленоv2часть3,206,7.8,0,0,3,-3,-3.0,
858casino.buzz,buzz,2026-09-08,archive37строформленоv2часть3,206,6.3,0,0,3,-3,-3.0,
casinobo.buzz,buzz,2026-09-08,archive37строформленоv2часть3,206,2.9,0,0,3,-3,-3.0,
rmpd.buzz,buzz,2026-09-08,archive37строформленоv2часть3,206,3.9,0,0,3,-3,-3.0,
ptcasino.buzz,buzz,2026-09-08,archive37строформленоv2часть3,206,3.4,0,0,3,-3,-3.0,
xoys.buzz,buzz,2026-09-08,archive37строформленоv2часть3,206,3.9,0,0,3,-3,-3.0,
casinoii.buzz,buzz,2026-09-08,archive37строформленоv2часть3,206,0.0,0,0,3,-3,-3.0,
elzn.buzz,buzz,2026-09-09,archive412_unique12оформлено,206,5.3,0,0,3,-3,-3.0,
gdpu.buzz,buzz,2026-09-09,archive412_unique12оформлено,206,14.6,0,0,3,-3,-3.0,
zrum.buzz,buzz,2026-09-09,archive412_unique12оформлено,206,20.4,0,0,3,-3,-3.0,
geth.buzz,buzz,2026-09-09,archive412_unique12оформлено,206,26.7,0,0,3,-3,-3.0,
g3q3.buzz,buzz,2026-09-09,archive412_unique12оформлено,206,16.0,0,0,3,-3,-3.0,
axuj.buzz,buzz,2026-09-09,archive412_unique12оформлено,205,24.9,0,0,3,-3,-3.0,
0409cas.casino,casino,2026-09-04,NEW20_12pages_nodate_styled_img,206,45.1,2,0,7,-7,9.21,
casino0509h.casino,casino,2026-09-05,NEW21_12pages_withdate_styled_img,206,30.6,2,0,7,-7,9.21,
unxn.casino,casino,2026-09-01,NEW50_12pages_withdate_01.09,206,32.0,1,0,7,-7,1.11,
0409ds.casino,casino,2026-09-04,NEW20_12pages_nodate_styled_img,206,18.0,1,0,7,-7,1.11,
wbji.casino,casino,2026-09-09,nabory461463_styled_img,182,15.9,1,0,7,-7,1.11,
jbrh.casino,casino,2026-09-09,archive47_unique119оформленочасть2,206,11.7,1,0,7,-7,1.11,
1009cas.casino,casino,2026-09-10,archive47_unique119оформленочасть1,206,18.0,1,0,7,-7,1.11,
1209r.casino,casino,2026-09-12,script_yandex_12page,206,15.0,1,0,7,-7,1.11,
1209s.casino,casino,2026-09-12,script_yandex_12page,206,9.7,1,0,7,-7,1.11,
1109m.casino,casino,2026-09-11,NEW102оформленобездаты,206,8.7,1,0,7,-7,1.11,
1009dd.casino,casino,2026-09-11,NEW102оформленобездаты,206,18.0,1,0,7,-7,1.11,
casino1209.casino,casino,2026-09-12,NEW102оформленобездаты,206,35.4,1,0,7,-7,1.11,
qxtl.casino,casino,2026-09-11,clean7_part1_50оформлено,206,25.2,1,0,7,-7,1.11,
baiu.casino,casino,2026-09-01,NEW50_12pages_nodate_01.09,206,30.6,0,0,7,-7,-7.0,
stma.casino,casino,2026-09-01,NEW50_12pages_nodate_01.09,206,36.9,0,0,7,-7,-7.0,
tfys.casino,casino,2026-09-01,NEW50_12pages_nodate_01.09,206,28.2,0,0,7,-7,-7.0,
quu.casino,casino,2026-09-01,NEW50_12pages_nodate_01.09,206,29.6,0,0,7,-7,-7.0,
vgti.casino,casino,2026-09-01,NEW50_12pages_nodate_01.09,206,19.4,0,0,7,-7,-7.0,
u9y.casino,casino,2026-09-01,NEW50_12pages_nodate_01.09,206,19.4,0,0,7,-7,-7.0,
lrwo.casino,casino,2026-09-01,NEW50_12pages_nodate_01.09,206,28.2,0,0,7,-7,-7.0,
llvm.casino,casino,2026-09-01,NEW50_12pages_withdate_01.09,206,38.8,0,0,7,-7,-7.0,
w0w3.casino,casino,2026-09-01,NEW50_12pages_withdate_01.09,206,14.6,0,0,7,-7,-7.0,
x9d7.casino,casino,2026-09-01,NEW50_12pages_withdate_01.09,206,20.4,0,0,7,-7,-7.0,
j1j.casino,casino,2026-09-01,NEW50_12pages_withdate_01.09,206,18.9,0,0,7,-7,-7.0,
rodl.casino,casino,2026-09-01,NEW50_12pages_withdate_01.09,206,25.2,0,0,7,-7,-7.0,
0409gg.casino,casino,2026-09-04,NEW20_12pages_withdate_styled_img,206,4.9,0,0,7,-7,-7.0,
casino0409d.casino,casino,2026-09-04,NEW20_12pages_withdate_styled_img,206,21.8,0,0,7,-7,-7.0,
casino0409m.casino,casino,2026-09-04,NEW20_12pages_withdate_styled_img,206,16.0,0,0,7,-7,-7.0,
0409h.casino,casino,2026-09-04,NEW20_12pages_nodate_styled_img,206,14.6,0,0,7,-7,-7.0,
casino0409s.casino,casino,2026-09-04,NEW20_12pages_nodate_styled_img,206,17.0,0,0,7,-7,-7.0,
0409ss.casino,casino,2026-09-04,NEW20_7pages_withdate_styled_img,206,2.4,0,0,7,-7,-7.0,
0409hh.casino,casino,2026-09-04,NEW20_7pages_withdate_styled_img,206,3.4,0,0,7,-7,-7.0,
casino0509g.casino,casino,2026-09-04,NEW20_7pages_withdate_styled_img,206,11.2,0,0,7,-7,-7.0,
0409casino.casino,casino,2026-09-04,NEW20_7pages_nodate_styled_img,206,6.8,0,0,7,-7,-7.0,
0409gd.casino,casino,2026-09-04,NEW20_7pages_nodate_styled_img,206,8.7,0,0,7,-7,-7.0,
0509casino.casino,casino,2026-09-05,NEW21_12pages_withdate_styled_img,206,31.6,0,0,7,-7,-7.0,
0509rr.casino,casino,2026-09-05,NEW21_12pages_withdate_styled_img,206,23.3,0,0,7,-7,-7.0,
0509s.casino,casino,2026-09-05,NEW21_12pages_nodate_styled_img,206,24.8,0,0,7,-7,-7.0,
0509t.casino,casino,2026-09-05,NEW21_12pages_nodate_styled_img,206,12.1,0,0,7,-7,-7.0,
0509kk.casino,casino,2026-09-05,NEW21_12pages_nodate_styled_img,206,17.0,0,0,7,-7,-7.0,
casino0509m.casino,casino,2026-09-05,NEW21_12pages_nodate_styled_img,206,5.3,0,0,7,-7,-7.0,
0509mg.casino,casino,2026-09-05,NEW21_12pages_nodate_styled_img,206,12.6,0,0,7,-7,-7.0,
0509h.casino,casino,2026-09-05,NEW21_12pages_nodate_styled_img,206,30.1,0,0,7,-7,-7.0,
0509dd.casino,casino,2026-09-05,NEW21_7pages_withdate_styled_img,206,13.1,0,0,7,-7,-7.0,
casino0509s.casino,casino,2026-09-05,NEW21_7pages_withdate_styled_img,206,10.2,0,0,7,-7,-7.0,
0509g.casino,casino,2026-09-05,NEW21_7pages_withdate_styled_img,206,13.1,0,0,7,-7,-7.0,
0509mm.casino,casino,2026-09-05,NEW21_7pages_withdate_styled_img,206,5.8,0,0,7,-7,-7.0,
0509d.casino,casino,2026-09-05,NEW21_7pages_withdate_styled_img,206,1.5,0,0,7,-7,-7.0,
0509ds.casino,casino,2026-09-06,NEW20_3_12pages_nodate_styled_img,206,29.1,0,0,7,-7,-7.0,
0509k.casino,casino,2026-09-06,NEW20_3_12pages_nodate_styled_img,206,40.8,0,0,7,-7,-7.0,
casino0509d.casino,casino,2026-09-06,NEW20_3_12pages_nodate_styled_img,206,20.9,0,0,7,-7,-7.0,
0509ss.casino,casino,2026-09-06,NEW20_3_12pages_nodate_styled_img,206,24.3,0,0,7,-7,-7.0,
skxb.casino,casino,2026-09-09,nabory461463_styled_img,206,33.0,0,0,7,-7,-7.0,
tqab.casino,casino,2026-09-09,nabory461463_styled_img,206,17.0,0,0,7,-7,-7.0,
fgtg.casino,casino,2026-09-10,archive47_unique119оформленочасть1,206,20.9,0,0,7,-7,-7.0,
1009hd.casino,casino,2026-09-10,archive47_unique119оформленочасть1,206,15.0,0,0,7,-7,-7.0,
1009t.casino,casino,2026-09-10,archive47_unique119оформленочасть1,206,11.2,0,0,7,-7,-7.0,
casino1109.casino,casino,2026-09-11,NEW102оформленосдатой,206,14.6,0,0,7,-7,-7.0,
1109h.casino,casino,2026-09-11,NEW102оформленосдатой,206,13.6,0,0,7,-7,-7.0,
1009casino.casino,casino,2026-09-10,NEW102оформленосдатой,206,13.6,0,0,7,-7,-7.0,
1109sh.casino,casino,2026-09-11,NEW102оформленосдатой,206,24.3,0,0,7,-7,-7.0,
bwzs.casino,casino,2026-09-11,NEW102оформленосдатой,206,12.6,0,0,7,-7,-7.0,
1109ss.casino,casino,2026-09-11,NEW102оформленобездаты,206,11.2,0,0,7,-7,-7.0,
1109g.casino,casino,2026-09-11,NEW102оформленобездаты,206,12.6,0,0,7,-7,-7.0,
casino1009.casino,casino,2026-09-11,NEW102оформленобездаты,206,11.2,0,0,7,-7,-7.0,
1009ds.casino,casino,2026-09-10,NEW102оформленобездаты,206,11.2,0,0,7,-7,-7.0,
1009d.casino,casino,2026-09-10,NEW102оформленобездаты,206,7.3,0,0,7,-7,-7.0,
casino1009s.casino,casino,2026-09-11,NEW102оформленобездаты,206,26.7,0,0,7,-7,-7.0,
1009r.casino,casino,2026-09-10,NEW102оформленобездаты,206,13.1,0,0,7,-7,-7.0,
1209k.casino,casino,2026-09-12,script_yandex_12page,206,7.3,0,0,7,-7,-7.0,
1209casino.casino,casino,2026-09-12,script_yandex_12page,206,9.7,0,0,7,-7,-7.0,
1209sg.casino,casino,2026-09-12,script_yandex_12page,206,1.9,0,0,7,-7,-7.0,
p9y.casino,casino,2026-09-12,script_yandex_12page,206,7.3,0,0,7,-7,-7.0,
casino1109g.casino,casino,2026-09-11,script_yandex_12page,206,5.3,0,0,7,-7,-7.0,
1209cas.casino,casino,2026-09-12,script_yandex_12page,206,0.5,0,0,7,-7,-7.0,
1209dk.casino,casino,2026-09-12,script_yandex_12page,206,1.0,0,0,7,-7,-7.0,
pqvb.casino,casino,2026-09-11,script_yandex_12page,206,24.8,0,0,7,-7,-7.0,
1009g.casino,casino,2026-09-11,script_yandex_12page,206,15.5,0,0,7,-7,-7.0,
cgxs.casino,casino,2026-09-11,script_yandex_12page,206,11.2,0,0,7,-7,-7.0,
1209hh.casino,casino,2026-09-12,script_yandex_12page,206,9.2,0,0,7,-7,-7.0,
1109mm.casino,casino,2026-09-11,script_yandex_12page,206,20.4,0,0,7,-7,-7.0,
1109cas.casino,casino,2026-09-11,script_yandex_12page,206,2.4,0,0,7,-7,-7.0,
1009rr.casino,casino,2026-09-11,script_yandex_12page,206,1.0,0,0,7,-7,-7.0,
c8j9.casino,casino,2026-09-12,NEW102оформленобездаты,206,12.1,0,0,7,-7,-7.0,
tapz.casino,casino,2026-09-11,NEW102оформленобездаты,206,2.9,0,0,7,-7,-7.0,
i6w9.casino,casino,2026-09-11,NEW102оформленобездаты,206,8.7,0,0,7,-7,-7.0,
dckd.casino,casino,2026-09-11,NEW102оформленобездаты,206,10.7,0,0,7,-7,-7.0,
1109sd.casino,casino,2026-09-11,NEW102оформленобездаты,206,23.8,0,0,7,-7,-7.0,
u0a3.casino,casino,2026-09-11,NEW102оформленобездаты,206,17.0,0,0,7,-7,-7.0,
1109tt.casino,casino,2026-09-11,NEW102оформленобездаты,206,11.7,0,0,7,-7,-7.0,
efsr.casino,casino,2026-09-11,clean7_part1_50оформлено,206,18.4,0,0,7,-7,-7.0,
e4h1.casino,casino,2026-09-11,clean7_part1_50оформлено,206,10.7,0,0,7,-7,-7.0,
kpkl.casino,casino,2026-09-11,clean7_part1_50оформлено,206,3.4,0,0,7,-7,-7.0,
hshl.casino,casino,2026-09-11,clean7_part1_50оформлено,206,19.4,0,0,7,-7,-7.0,
hdvg.casino,casino,2026-09-12,content-2026-09-12-7str-oform-1,206,2.4,0,0,7,-7,-7.0,
casino1209s.casino,casino,2026-09-12,content-2026-09-12-7str-oform-1,206,4.4,0,0,7,-7,-7.0,
1209ss.casino,casino,2026-09-12,content-2026-09-12-7str-oform-1,206,10.7,0,0,7,-7,-7.0,
1209dd.casino,casino,2026-09-12,content-2026-09-12-7str-oform-1,206,7.8,0,0,7,-7,-7.0,
1209m.casino,casino,2026-09-12,КОНТЕНТ НЕ ЗАПИСАН,206,2.9,0,0,7,-7,-7.0,
dak.casino,casino,2026-09-12,nabory-490-494_styled_img,206,16.5,0,0,7,-7,-7.0,
