домен базы,зона,набор контента,наборов на базе,первый день,дней,сайтов,во второй волне,вышли в поиск за 3 суток,выход3 %,поисковых кликов,регистраций,ФД
casinouep.lol,lol,Content_script_12page_08.09,1,2026-09-08,2,206,56,53,25.7,1835,0,0
113casino.lol,lol,Content_script_12page_08.09,1,2026-09-08,2,206,56,46,22.3,2384,1,0
4609.team,team,Content_script_12page_08.09,1,2026-09-08,2,206,56,46,22.3,3993,1,0
3237.lol,lol,Content_script_12page_08.09,1,2026-09-08,2,206,56,32,15.5,7126,3,0
5826.lol,lol,Content_script_12page_08.09,1,2026-09-08,2,206,56,32,15.5,1449,0,0
bacasino.team,team,Content_script_12page_08.09,1,2026-09-08,2,206,56,27,13.1,1383,1,0
2726.lol,lol,Content_script_12page_08.09,1,2026-09-08,2,206,56,25,12.1,5141,0,0
8773.team,team,Content_script_12page_08.09,1,2026-09-08,2,206,56,19,9.2,2274,0,0
0697.lol,lol,Content_script_12page_08.09,1,2026-09-08,2,206,56,15,7.3,184,0,0
qwsc.lol,lol,Content_script_12page_08.09,1,2026-09-08,2,206,56,9,4.4,14,0,0
5076.team,team,Content_script_12page_08.09,1,2026-09-08,2,206,56,8,3.9,62,0,0
2535.team,team,Generator_11page_NOimg_25.08,1,2026-08-25,2,206,56,53,25.7,10212,0,0
sfkk.team,team,Generator_11page_NOimg_25.08,1,2026-08-25,2,206,56,46,22.3,1262,1,0
3547.team,team,Generator_11page_NOimg_25.08,1,2026-08-25,2,206,56,36,17.5,1284,0,0
zsgl.team,team,Generator_11page_NOimg_25.08,1,2026-08-25,2,206,56,31,15.0,979,0,0
6881.team,team,Generator_11page_NOimg_25.08,1,2026-08-25,2,206,56,26,12.6,4179,1,0
v5gp.team,team,Generator_11page_NOimg_25.08,1,2026-08-25,2,206,56,25,12.1,811,0,0
2169.lol,lol,Generator_11page_NOimg_25.08,1,2026-08-25,2,206,56,24,11.7,2013,0,0
5741.team,team,Generator_11page_NOimg_25.08,1,2026-08-25,2,206,56,24,11.7,329,0,0
f4zh.team,team,Generator_11page_NOimg_25.08,1,2026-08-25,2,206,56,10,4.9,194,0,0
lokd.lol,lol,Generator_11page_NOimg_25.08,1,2026-08-25,2,206,56,7,3.4,53,0,0
9785.team,team,Generator_11page_img_25.08,1,2026-08-25,2,206,56,43,20.9,972,0,0
2674.team,team,Generator_11page_img_25.08,1,2026-08-25,2,206,56,33,16.0,2287,0,0
6977.team,team,Generator_11page_img_25.08,1,2026-08-25,2,206,56,26,12.6,1271,1,0
7912.team,team,Generator_11page_img_25.08,1,2026-08-25,2,206,56,24,11.7,2171,0,0
4811.team,team,Generator_11page_img_25.08,1,2026-08-25,2,206,56,21,10.2,865,0,0
3628.team,team,Generator_11page_test_1…_9 (dorgen com,1,2026-08-31,2,206,56,100,48.5,16375,2,0
2951.team,team,Generator_11page_test_1…_9 (dorgen com,1,2026-08-31,2,206,56,99,48.1,7691,3,0
2386.team,team,Generator_11page_test_1…_9 (dorgen com,1,2026-08-31,2,206,56,90,43.7,8690,0,0
h9mt.team,team,Generator_11page_test_1…_9 (dorgen com,1,2026-08-31,2,206,56,88,42.7,8093,1,0
gmhb.team,team,Generator_11page_test_1…_9 (dorgen com,1,2026-08-31,2,206,56,81,39.3,4887,1,0
1749.team,team,Generator_11page_test_1…_9 (dorgen com,1,2026-08-31,2,206,56,80,38.8,4720,1,0
b3nk.team,team,Generator_11page_test_1…_9 (dorgen com,1,2026-08-31,2,206,56,76,36.9,5387,0,0
f5wq.team,team,Generator_11page_test_1…_9 (dorgen com,1,2026-08-31,2,206,56,63,30.6,2698,0,0
c7vd.team,team,Generator_11page_test_1…_9 (dorgen com,1,2026-08-31,2,206,56,47,22.8,1637,0,0
ombr.team,team,Generator_346353_styled_img,1,2026-09-04,2,206,56,72,35.0,5427,1,0
pddw.team,team,Generator_346353_styled_img,1,2026-09-04,2,206,56,36,17.5,612,0,0
oznv.team,team,Generator_346353_styled_img,1,2026-09-04,2,206,56,27,13.1,232,0,0
decasino.team,team,Generator_346353_styled_img,1,2026-09-04,2,206,56,26,12.6,547,2,0
1276.team,team,Generator_346353_styled_img,1,2026-09-04,2,206,56,16,7.8,147,0,0
2116.team,team,Generator_346353_styled_img,1,2026-09-04,2,206,56,11,5.3,257,0,0
1191.team,team,Generator_346353_styled_img,1,2026-09-04,2,206,56,7,3.4,21,0,0
casino79.team,team,Generator_346353_styled_img,1,2026-09-04,2,206,56,4,1.9,58,0,0
9365.team,team,Generator_354359_styled_img,1,2026-09-04,2,205,55,17,8.3,254,0,0
u9i.team,team,Generator_354359_styled_img,1,2026-09-04,2,206,56,12,5.8,49,0,0
8927casino.team,team,Generator_354359_styled_img,1,2026-09-04,2,206,56,12,5.8,363,0,0
nyfj.team,team,Generator_354359_styled_img,1,2026-09-04,2,206,56,10,4.9,76,0,0
537casino.team,team,Generator_354359_styled_img,1,2026-09-04,2,206,56,9,4.4,498,0,0
1368.team,team,Generator_354359_styled_img,1,2026-09-04,2,206,56,6,2.9,18,0,0
9124.team,team,Generator_368369_styled_img,1,2026-09-04,2,206,56,26,12.6,486,0,0
casino1430.team,team,Generator_368369_styled_img,1,2026-09-04,2,206,56,0,0.0,2,0,0
wzna.team,team,Generator_370382_styled_img,1,2026-09-05,2,206,56,15,7.3,323,0,0
0722.team,team,Generator_370382_styled_img,1,2026-09-05,2,206,56,13,6.3,41,0,0
4358.team,team,Generator_370382_styled_img,1,2026-09-05,2,206,56,12,5.8,89,0,0
9722.team,team,Generator_370382_styled_img,1,2026-09-05,2,206,56,10,4.9,77,0,0
81casino.team,team,Generator_370382_styled_img,1,2026-09-05,2,206,56,10,4.9,87,0,0
2352.team,team,Generator_370382_styled_img,1,2026-09-05,2,206,56,7,3.4,20,0,0
epfy.team,team,Generator_370382_styled_img,1,2026-09-05,2,206,56,4,1.9,18,0,0
vilx.team,team,Generator_370382_styled_img,1,2026-09-05,2,206,56,3,1.5,17,0,0
casino4623.team,team,Generator_370382_styled_img,1,2026-09-05,2,206,56,3,1.5,12,0,0
9699.team,team,Generator_370382_styled_img,1,2026-09-05,2,206,56,3,1.5,38,0,0
9344casino.team,team,Generator_370382_styled_img,1,2026-09-05,2,206,56,2,1.0,4,0,0
casinojr.team,team,Generator_370382_styled_img,1,2026-09-05,2,206,56,2,1.0,35,0,0
casinozyb.team,team,Generator_370382_styled_img,1,2026-09-05,2,206,56,0,0.0,4,0,0
casinoj1.team,team,Generator_385390_styled_img,1,2026-09-05,2,206,56,22,10.7,368,0,0
bvve.team,team,Generator_385390_styled_img,1,2026-09-05,2,206,56,10,4.9,34,0,0
3284.lol,lol,Generator_385390_styled_img,1,2026-09-05,2,206,56,7,3.4,232,0,0
9055.team,team,Generator_385390_styled_img,1,2026-09-05,2,206,56,6,2.9,22,0,0
casinoopk.team,team,Generator_385390_styled_img,1,2026-09-05,2,206,56,6,2.9,14,0,0
casinozfa.team,team,Generator_385390_styled_img,1,2026-09-05,2,206,56,4,1.9,71,0,0
9574.team,team,Generator_392396_styled_img,1,2026-09-06,2,206,56,32,15.5,4748,0,0
rwjd.team,team,Generator_392396_styled_img,1,2026-09-06,2,206,56,32,15.5,788,0,0
jrcg.team,team,Generator_392396_styled_img,1,2026-09-06,2,206,56,16,7.8,144,0,0
2225.team,team,Generator_392396_styled_img,1,2026-09-06,2,206,56,16,7.8,609,0,0
8864casino.team,team,Generator_392396_styled_img,1,2026-09-06,2,206,56,10,4.9,59,0,0
6725.team,team,Generator_A_staryy_stil,1,2026-09-04,2,206,56,11,5.3,101,0,0
4355.team,team,Generator_A_staryy_stil,1,2026-09-04,2,206,56,10,4.9,34,0,0
4283.team,team,Generator_B_novyy_bez_img,1,2026-09-04,2,206,56,13,6.3,46,0,0
casino814.team,team,Generator_B_novyy_bez_img,1,2026-09-04,2,206,56,7,3.4,51,0,0
1009r.casino,casino,NEW102оформленобездаты,1,2026-09-10,2,206,56,27,13.1,191,0,0
1009ds.casino,casino,NEW102оформленобездаты,1,2026-09-10,2,206,56,23,11.2,358,0,0
1009d.casino,casino,NEW102оформленобездаты,1,2026-09-10,2,206,56,15,7.3,263,0,0
i3d.team,team,NEW102оформленобездаты,1,2026-09-11,2,206,56,61,29.6,1645,0,0
casino1009s.casino,casino,NEW102оформленобездаты,1,2026-09-11,2,206,56,55,26.7,2216,0,0
1109sd.casino,casino,NEW102оформленобездаты,1,2026-09-11,2,206,56,49,23.8,1148,0,0
casinos6.lol,lol,NEW102оформленобездаты,1,2026-09-11,2,206,56,42,20.4,1947,0,0
5882.team,team,NEW102оформленобездаты,1,2026-09-11,2,206,56,42,20.4,3431,0,0
7055.team,team,NEW102оформленобездаты,1,2026-09-11,2,206,56,40,19.4,2092,3,0
xpnm.team,team,NEW102оформленобездаты,1,2026-09-11,2,206,56,38,18.4,1379,0,0
1009dd.casino,casino,NEW102оформленобездаты,1,2026-09-11,2,206,56,37,18.0,2194,1,0
mncasino.lol,lol,NEW102оформленобездаты,1,2026-09-11,2,206,56,34,16.5,1031,0,0
u0a3.casino,casino,NEW102оформленобездаты,1,2026-09-11,2,206,56,34,16.5,655,0,0
casino1535.lol,lol,NEW102оформленобездаты,1,2026-09-11,2,206,56,27,13.1,402,0,0
1109g.casino,casino,NEW102оформленобездаты,1,2026-09-11,2,206,56,26,12.6,1770,0,0
casino351.team,team,NEW102оформленобездаты,1,2026-09-11,2,206,56,25,12.1,598,0,0
1109tt.casino,casino,NEW102оформленобездаты,1,2026-09-11,2,206,56,24,11.7,1277,0,0
1109ss.casino,casino,NEW102оформленобездаты,1,2026-09-11,2,206,56,23,11.2,1414,0,0
casinoozz.lol,lol,NEW102оформленобездаты,1,2026-09-11,2,206,56,23,11.2,340,0,0
casino1009.casino,casino,NEW102оформленобездаты,1,2026-09-11,2,206,56,22,10.7,1698,0,0
dckd.casino,casino,NEW102оформленобездаты,1,2026-09-11,2,206,56,22,10.7,241,0,0
6419.lol,lol,NEW102оформленобездаты,1,2026-09-11,2,206,56,20,9.7,568,0,0
casinodp.team,team,NEW102оформленобездаты,1,2026-09-11,2,206,56,19,9.2,231,0,0
casino534.lol,lol,NEW102оформленобездаты,1,2026-09-11,2,206,56,19,9.2,885,1,0
1109m.casino,casino,NEW102оформленобездаты,1,2026-09-11,2,206,56,18,8.7,4524,1,0
casinod1.lol,lol,NEW102оформленобездаты,1,2026-09-11,2,206,56,18,8.7,452,0,0
0946.team,team,NEW102оформленобездаты,1,2026-09-11,2,206,56,16,7.8,508,0,0
i6w9.casino,casino,NEW102оформленобездаты,1,2026-09-11,2,206,56,16,7.8,167,0,0
1040.team,team,NEW102оформленобездаты,1,2026-09-11,2,206,56,15,7.3,405,0,0
0615.lol,lol,NEW102оформленобездаты,1,2026-09-11,2,206,56,14,6.8,103,0,0
5962.lol,lol,NEW102оформленобездаты,1,2026-09-11,2,206,56,11,5.3,287,0,0
6524.lol,lol,NEW102оформленобездаты,1,2026-09-11,2,206,56,11,5.3,139,0,0
6764.lol,lol,NEW102оформленобездаты,1,2026-09-11,2,206,56,10,4.9,1415,0,0
casino2049.lol,lol,NEW102оформленобездаты,1,2026-09-11,2,206,56,6,2.9,202,0,0
tapz.casino,casino,NEW102оформленобездаты,1,2026-09-11,2,206,56,6,2.9,18,0,0
casinoqi.team,team,NEW102оформленобездаты,1,2026-09-11,2,206,56,5,2.4,32,0,0
casino1209.casino,casino,NEW102оформленобездаты,1,2026-09-12,2,206,56,72,35.0,7353,1,0
rzbcasino.team,team,NEW102оформленобездаты,1,2026-09-12,2,206,56,42,20.4,1233,2,1
y0v.team,team,NEW102оформленобездаты,1,2026-09-12,2,206,56,25,12.1,1634,1,1
c8j9.casino,casino,NEW102оформленобездаты,1,2026-09-12,2,206,56,24,11.7,1105,0,0
sdyv.team,team,NEW102оформленобездаты,1,2026-09-12,2,206,56,23,11.2,631,0,0
htqr.team,team,NEW102оформленобездаты,1,2026-09-12,2,206,56,8,3.9,43,0,0
1009casino.casino,casino,NEW102оформленосдатой,1,2026-09-10,2,206,56,28,13.6,422,0,0
0572.team,team,NEW102оформленосдатой,1,2026-09-10,2,206,56,22,10.7,1891,0,0
1109casino.casino,casino,NEW102оформленосдатой,1,2026-09-11,2,206,56,63,30.6,11705,5,3
2835.lol,lol,NEW102оформленосдатой,1,2026-09-11,2,206,56,56,27.2,2703,0,0
2334.team,team,NEW102оформленосдатой,1,2026-09-11,2,206,56,50,24.3,3397,7,2
1109sh.casino,casino,NEW102оформленосдатой,1,2026-09-11,2,206,56,50,24.3,3331,0,0
1109r.casino,casino,NEW102оформленосдатой,1,2026-09-11,2,206,56,50,24.3,4001,2,1
k8z.team,team,NEW102оформленосдатой,1,2026-09-11,2,206,56,43,20.9,3114,1,0
2129.lol,lol,NEW102оформленосдатой,1,2026-09-11,2,206,56,39,18.9,1863,3,1
casino1109.casino,casino,NEW102оформленосдатой,1,2026-09-11,2,206,56,29,14.1,537,0,0
1109h.casino,casino,NEW102оформленосдатой,1,2026-09-11,2,206,56,28,13.6,612,0,0
bwzs.casino,casino,NEW102оформленосдатой,1,2026-09-11,2,206,56,26,12.6,1064,0,0
3745.team,team,NEW102оформленосдатой,1,2026-09-11,2,206,56,22,10.7,751,0,0
casino82.team,team,NEW102оформленосдатой,1,2026-09-11,2,206,56,18,8.7,641,0,0
9903.team,team,NEW102оформленосдатой,1,2026-09-11,2,206,56,14,6.8,1441,0,0
casinoj3.lol,lol,NEW102оформленосдатой,1,2026-09-11,2,206,56,12,5.8,2309,0,0
casino604.team,team,NEW102оформленосдатой,1,2026-09-11,2,206,56,6,2.9,1136,0,0
ywm.lol,lol,NEW102оформленосдатой,1,2026-09-11,2,206,56,5,2.4,15,0,0
s6wb.team,team,NEW17_NOimg_withdate_26.08,1,2026-08-26,2,204,54,44,21.6,6738,1,0
6635.team,team,NEW17_NOimg_withdate_26.08,1,2026-08-26,2,206,56,37,18.0,776,0,0
5552.team,team,NEW17_NOimg_withdate_26.08,1,2026-08-26,2,206,56,32,15.5,1352,0,0
8428.team,team,NEW17_NOimg_withdate_26.08,1,2026-08-26,2,206,56,19,9.2,307,0,0
5012.team,team,NEW17_NOimg_withdate_26.08,1,2026-08-26,2,206,56,16,7.8,3266,1,0
9751.lol,lol,NEW17_NOimg_withdate_26.08,1,2026-08-26,2,206,56,10,4.9,955,0,0
v3zm.team,team,NEW17_NOimg_withdate_26.08,1,2026-08-26,2,206,56,6,2.9,23,0,0
1520.team,team,NEW17_img_withdate_26.08,1,2026-08-26,2,205,55,74,36.1,14578,1,0
3664.team,team,NEW17_img_withdate_26.08,1,2026-08-26,2,206,56,38,18.4,4813,2,0
3615.team,team,NEW17_img_withdate_26.08,1,2026-08-26,2,206,56,35,17.0,2313,2,0
4582.team,team,NEW17_img_withdate_26.08,1,2026-08-26,2,206,56,33,16.0,2253,0,0
2307.team,team,NEW17_img_withdate_26.08,1,2026-08-26,2,206,56,32,15.5,2848,0,0
r3qq.team,team,NEW17_img_withdate_26.08,1,2026-08-26,2,205,55,22,10.7,1396,0,0
5333.team,team,NEW17_img_withdate_26.08,1,2026-08-26,2,206,56,18,8.7,1609,0,0
ndvk.team,team,NEW17_img_withdate_26.08,1,2026-08-26,2,206,56,18,8.7,158,1,0
7224.team,team,NEW17_img_withdate_26.08,1,2026-08-26,2,206,56,15,7.3,101,0,0
0409cas.casino,casino,NEW20_12pages_nodate_styled_img,1,2026-09-04,2,206,56,89,43.2,11548,2,0
0409ds.casino,casino,NEW20_12pages_nodate_styled_img,1,2026-09-04,2,206,56,36,17.5,666,1,0
casino0409s.casino,casino,NEW20_12pages_nodate_styled_img,1,2026-09-04,2,206,56,35,17.0,557,0,0
0409h.casino,casino,NEW20_12pages_nodate_styled_img,1,2026-09-04,2,206,56,30,14.6,791,0,0
3505.team,team,NEW20_12pages_nodate_оформлено,1,2026-09-07,2,206,56,52,25.2,652,0,0
7838.team,team,NEW20_12pages_nodate_оформлено,1,2026-09-07,2,206,56,46,22.3,548,1,0
casino8643.team,team,NEW20_12pages_nodate_оформлено,1,2026-09-07,2,206,56,38,18.4,467,0,0
bacasino.lol,lol,NEW20_12pages_nodate_оформлено,1,2026-09-07,2,206,56,32,15.5,444,0,0
casino8509.lol,lol,NEW20_12pages_nodate_оформлено,1,2026-09-07,2,206,56,24,11.7,242,0,0
kvbcasino.lol,lol,NEW20_12pages_nodate_оформлено,1,2026-09-07,2,206,56,23,11.2,414,0,0
casino4934.lol,lol,NEW20_12pages_withdate_styled_img,1,2026-09-04,2,206,56,62,30.1,2404,1,0
casino0409d.casino,casino,NEW20_12pages_withdate_styled_img,1,2026-09-04,2,206,56,45,21.8,902,0,0
7960.team,team,NEW20_12pages_withdate_styled_img,1,2026-09-04,2,206,56,43,20.9,792,1,0
0778.team,team,NEW20_12pages_withdate_styled_img,1,2026-09-04,2,206,56,35,17.0,546,0,0
casino0409m.casino,casino,NEW20_12pages_withdate_styled_img,1,2026-09-04,2,206,56,33,16.0,2138,0,0
0409gg.casino,casino,NEW20_12pages_withdate_styled_img,1,2026-09-04,2,206,56,10,4.9,134,0,0
3237.team,team,NEW20_12pages_withdate_оформлено,1,2026-09-07,2,206,56,47,22.8,513,0,0
8908.lol,lol,NEW20_12pages_withdate_оформлено,1,2026-09-07,2,206,56,31,15.0,1017,0,0
casinohjk.lol,lol,NEW20_12pages_withdate_оформлено,1,2026-09-07,2,206,56,25,12.1,349,0,0
0876.team,team,NEW20_12pages_withdate_оформлено,1,2026-09-07,2,206,56,21,10.2,63,0,0
0509k.casino,casino,NEW20_3_12pages_nodate_styled_img,1,2026-09-06,2,206,56,84,40.8,3256,0,0
0509ds.casino,casino,NEW20_3_12pages_nodate_styled_img,1,2026-09-06,2,206,56,59,28.6,1476,0,0
0509ss.casino,casino,NEW20_3_12pages_nodate_styled_img,1,2026-09-06,2,206,56,49,23.8,533,0,0
casino0509d.casino,casino,NEW20_3_12pages_nodate_styled_img,1,2026-09-06,2,206,56,43,20.9,653,0,0
fpq.lol,lol,NEW20_3_12pages_withdate_styled_img,1,2026-09-06,2,206,56,50,24.3,1613,0,0
441casino.lol,lol,NEW20_3_12pages_withdate_styled_img,1,2026-09-06,2,206,56,47,22.8,1581,0,0
4832.lol,lol,NEW20_3_12pages_withdate_styled_img,1,2026-09-06,2,206,56,38,18.4,431,0,0
casinoduw.lol,lol,NEW20_3_12pages_withdate_styled_img,1,2026-09-06,2,206,56,34,16.5,781,0,0
casino3704.lol,lol,NEW20_3_12pages_withdate_styled_img,1,2026-09-06,2,206,56,30,14.6,681,0,0
x5i.team,team,NEW20_3_7pages_nodate_styled_img,1,2026-09-06,2,206,56,70,34.0,1010,0,0
1812.team,team,NEW20_3_7pages_nodate_styled_img,1,2026-09-06,2,206,56,58,28.2,1054,0,0
mwrp.team,team,NEW20_3_7pages_nodate_styled_img,1,2026-09-06,2,206,56,57,27.7,815,0,0
3211.team,team,NEW20_3_7pages_nodate_styled_img,1,2026-09-06,2,206,56,29,14.1,263,0,0
5256.lol,lol,NEW20_3_7pages_nodate_styled_img,1,2026-09-06,2,205,55,20,9.8,974,0,0
6808.team,team,NEW20_3_7pages_nodate_styled_img,1,2026-09-06,2,206,56,19,9.2,201,0,0
xycasino.team,team,NEW20_3_7pages_withdate_styled_img,1,2026-09-06,2,206,56,61,29.6,1709,0,0
lwcasino.team,team,NEW20_3_7pages_withdate_styled_img,1,2026-09-06,2,206,56,59,28.6,723,1,0
casinogh.team,team,NEW20_3_7pages_withdate_styled_img,1,2026-09-06,2,206,56,43,20.9,1765,0,0
casino0962.team,team,NEW20_3_7pages_withdate_styled_img,1,2026-09-06,2,206,56,5,2.4,289,0,0
3211.lol,lol,NEW20_4_12pages_nodate,1,2026-09-07,2,206,56,49,23.8,7003,0,0
8483.team,team,NEW20_4_12pages_nodate,1,2026-09-07,2,206,56,40,19.4,465,1,0
5256.team,team,NEW20_4_12pages_nodate,1,2026-09-07,2,206,56,37,18.0,1084,0,0
7978.lol,lol,NEW20_4_12pages_nodate,1,2026-09-07,2,206,56,31,15.0,1390,1,0
939casino.team,team,NEW20_4_12pages_nodate,1,2026-09-07,2,206,56,31,15.0,374,1,1
411casino.team,team,NEW20_4_12pages_nodate,1,2026-09-07,2,206,56,26,12.6,423,0,0
4994.lol,lol,NEW20_4_12pages_withdate,1,2026-09-07,2,206,56,70,34.0,2201,4,0
9413.lol,lol,NEW20_4_12pages_withdate,1,2026-09-07,2,206,56,25,12.1,3818,1,0
5153.lol,lol,NEW20_4_12pages_withdate,1,2026-09-07,2,206,56,24,11.7,628,0,0
k1y.team,team,NEW20_4_7pages_nodate,1,2026-09-07,2,206,56,33,16.0,454,0,0
dqdv.team,team,NEW20_4_7pages_nodate,1,2026-09-07,2,206,56,17,8.3,169,0,0
31casino.team,team,NEW20_4_7pages_nodate,1,2026-09-07,2,206,56,14,6.8,808,0,0
casino072.lol,lol,NEW20_4_7pages_nodate,1,2026-09-07,2,206,56,6,2.9,194,0,0
casinowuf.team,team,NEW20_4_7pages_nodate,1,2026-09-07,2,206,56,5,2.4,179,0,0
jwjcasino.team,team,NEW20_4_7pages_withdate,1,2026-09-07,2,206,56,33,16.0,305,0,0
lmnp.lol,lol,NEW20_4_7pages_withdate,1,2026-09-07,2,206,56,30,14.6,252,0,0
9480.team,team,NEW20_4_7pages_withdate,1,2026-09-07,2,206,56,26,12.6,211,1,1
6027.lol,lol,NEW20_4_7pages_withdate,1,2026-09-07,2,206,56,22,10.7,1047,0,0
bxgi.lol,lol,NEW20_4_7pages_withdate,1,2026-09-07,2,206,56,9,4.4,25,0,0
zyok.team,team,NEW20_7pages_nodate_styled_img,1,2026-09-04,2,206,56,50,24.3,534,0,0
pjxu.team,team,NEW20_7pages_nodate_styled_img,1,2026-09-04,2,206,56,25,12.1,112,0,0
p3y3.team,team,NEW20_7pages_nodate_styled_img,1,2026-09-04,2,206,56,20,9.7,277,0,0
qdcasino.team,team,NEW20_7pages_nodate_styled_img,1,2026-09-04,2,206,56,18,8.7,307,0,0
0409gd.casino,casino,NEW20_7pages_nodate_styled_img,1,2026-09-04,2,206,56,17,8.3,63,0,0
0409casino.casino,casino,NEW20_7pages_nodate_styled_img,1,2026-09-04,2,206,56,14,6.8,201,0,0
fuen.team,team,NEW20_7pages_nodate_оформлено,1,2026-09-07,2,206,56,30,14.6,826,0,0
8908.team,team,NEW20_7pages_nodate_оформлено,1,2026-09-07,2,206,56,15,7.3,92,0,0
6433.team,team,NEW20_7pages_nodate_оформлено,1,2026-09-07,2,206,56,14,6.8,175,0,0
ssycasino.team,team,NEW20_7pages_nodate_оформлено,1,2026-09-07,2,206,56,13,6.3,91,0,0
casinok4.team,team,NEW20_7pages_nodate_оформлено,1,2026-09-07,2,206,56,11,5.3,346,0,0
casino0509g.casino,casino,NEW20_7pages_withdate_styled_img,1,2026-09-04,2,206,56,23,11.2,181,0,0
0409hh.casino,casino,NEW20_7pages_withdate_styled_img,1,2026-09-04,2,206,56,7,3.4,23,0,0
0409ss.casino,casino,NEW20_7pages_withdate_styled_img,1,2026-09-04,2,206,56,5,2.4,58,0,0
8508.team,team,NEW20_7pages_withdate_оформлено,1,2026-09-07,2,206,56,30,14.6,156,0,0
261casino.lol,lol,NEW20_7pages_withdate_оформлено,1,2026-09-07,2,206,56,23,11.2,165,1,0
4321.team,team,NEW20_7pages_withdate_оформлено,1,2026-09-07,2,206,56,22,10.7,363,0,0
0147.team,team,NEW20_7pages_withdate_оформлено,1,2026-09-07,2,206,56,11,5.3,133,0,0
u2b7.team,team,NEW20_7pages_withdate_оформлено,1,2026-09-07,2,206,56,8,3.9,166,0,0
0509h.casino,casino,NEW21_12pages_nodate_styled_img,1,2026-09-05,2,206,56,59,28.6,2595,0,0
0509s.casino,casino,NEW21_12pages_nodate_styled_img,1,2026-09-05,2,206,56,51,24.8,3632,0,0
0509kk.casino,casino,NEW21_12pages_nodate_styled_img,1,2026-09-05,2,206,56,35,17.0,190,0,0
0509t.casino,casino,NEW21_12pages_nodate_styled_img,1,2026-09-05,2,206,56,25,12.1,537,0,0
0509mg.casino,casino,NEW21_12pages_nodate_styled_img,1,2026-09-05,2,206,56,25,12.1,352,0,0
casino0509m.casino,casino,NEW21_12pages_nodate_styled_img,1,2026-09-05,2,206,56,9,4.4,492,0,0
0509casino.casino,casino,NEW21_12pages_withdate_styled_img,1,2026-09-05,2,206,56,63,30.6,1364,0,0
casino0509h.casino,casino,NEW21_12pages_withdate_styled_img,1,2026-09-05,2,206,56,63,30.6,1921,2,0
0509gg.casino,casino,NEW21_12pages_withdate_styled_img,1,2026-09-05,2,206,56,60,29.1,6184,2,1
0509rr.casino,casino,NEW21_12pages_withdate_styled_img,1,2026-09-05,2,206,56,48,23.3,1340,0,0
casinonck.team,team,NEW21_7pages_nodate_styled_img,1,2026-09-05,2,206,56,55,26.7,2935,1,1
lcdj.team,team,NEW21_7pages_nodate_styled_img,1,2026-09-05,2,206,56,30,14.6,226,0,0
qlcasino.team,team,NEW21_7pages_nodate_styled_img,1,2026-09-05,2,206,56,27,13.1,341,0,0
qdcasino.lol,lol,NEW21_7pages_nodate_styled_img,1,2026-09-05,2,206,56,12,5.8,94,0,0
9090.team,team,NEW21_7pages_nodate_styled_img,1,2026-09-05,2,206,56,8,3.9,188,0,0
lvqv.team,team,NEW21_7pages_nodate_styled_img,1,2026-09-05,2,206,56,6,2.9,29,0,0
0509dd.casino,casino,NEW21_7pages_withdate_styled_img,1,2026-09-05,2,206,56,27,13.1,2043,0,0
0509g.casino,casino,NEW21_7pages_withdate_styled_img,1,2026-09-05,2,206,56,27,13.1,411,0,0
casino0509s.casino,casino,NEW21_7pages_withdate_styled_img,1,2026-09-05,2,206,56,20,9.7,170,0,0
0509mm.casino,casino,NEW21_7pages_withdate_styled_img,1,2026-09-05,2,206,56,10,4.9,94,0,0
0509d.casino,casino,NEW21_7pages_withdate_styled_img,1,2026-09-05,2,206,56,3,1.5,29,0,0
bsfg.team,team,NEW33_12pages_nodate+img_25.08,1,2026-08-26,2,206,56,73,35.4,2662,3,1
reyn.team,team,NEW33_12pages_nodate+img_25.08,1,2026-08-26,2,206,56,55,26.7,3940,3,0
2698.team,team,NEW33_12pages_nodate+img_25.08,1,2026-08-26,2,206,56,43,20.9,706,0,0
0058.team,team,NEW33_12pages_nodate+img_25.08,1,2026-08-26,2,206,56,41,19.9,7415,1,0
a3d.team,team,NEW33_12pages_nodate+img_25.08,1,2026-08-26,2,206,56,41,19.9,2139,1,0
5113.team,team,NEW33_12pages_nodate+img_25.08,1,2026-08-26,2,206,56,40,19.4,985,2,0
2584.team,team,NEW33_12pages_nodate+img_25.08,1,2026-08-26,2,206,56,38,18.4,3421,0,0
knkk.team,team,NEW33_12pages_nodate+img_25.08,1,2026-08-26,2,206,56,36,17.5,2886,0,0
9712.team,team,NEW33_12pages_nodate+img_25.08,1,2026-08-26,2,206,56,35,17.0,2262,1,0
4464.team,team,NEW33_12pages_nodate+img_25.08,1,2026-08-26,2,206,56,32,15.5,2566,0,0
t7g.team,team,NEW33_12pages_nodate+img_25.08,1,2026-08-26,2,206,56,30,14.6,3825,0,0
oiiu.team,team,NEW33_12pages_nodate+img_25.08,1,2026-08-26,2,206,56,30,14.6,3026,0,0
3112.team,team,NEW33_12pages_nodate+img_25.08,1,2026-08-26,2,206,56,28,13.6,2016,0,0
3635.team,team,NEW33_12pages_nodate+img_25.08,1,2026-08-26,2,206,56,28,13.6,498,0,0
8616.team,team,NEW33_12pages_nodate+img_25.08,1,2026-08-27,2,206,56,23,11.2,426,1,0
wlxr.team,team,NEW33_12pages_withdate+img_25.08,1,2026-08-26,2,206,56,50,24.3,4216,2,0
g9d.team,team,NEW33_12pages_withdate+img_25.08,1,2026-08-26,2,206,56,37,18.0,2531,0,0
2679.team,team,NEW33_12pages_withdate+img_25.08,1,2026-08-26,2,206,56,36,17.5,5635,1,1
4657.team,team,NEW33_12pages_withdate+img_25.08,1,2026-08-26,2,206,56,35,17.0,4096,1,0
8527.team,team,NEW33_12pages_withdate+img_25.08,1,2026-08-26,2,206,56,31,15.0,2079,0,0
1711.team,team,NEW33_12pages_withdate+img_25.08,1,2026-08-26,2,205,55,27,13.2,2094,0,0
7065.team,team,NEW33_12pages_withdate+img_25.08,1,2026-08-26,2,206,56,27,13.1,2471,3,1
4432.team,team,NEW33_12pages_withdate+img_25.08,1,2026-08-26,2,205,55,25,12.2,1356,0,0
4611.team,team,NEW33_12pages_withdate+img_25.08,1,2026-08-26,2,206,56,25,12.1,786,0,0
9935.team,team,NEW33_12pages_withdate+img_25.08,1,2026-08-26,2,206,56,24,11.7,1885,0,0
q7k.team,team,NEW33_12pages_withdate+img_25.08,1,2026-08-26,2,206,56,22,10.7,714,0,0
n5z.team,team,NEW33_12pages_withdate+img_25.08,1,2026-08-26,2,206,56,22,10.7,1565,0,0
6514.team,team,NEW33_12pages_withdate+img_25.08,1,2026-08-26,2,206,56,19,9.2,381,0,0
7924.team,team,NEW33_12pages_withdate+img_25.08,1,2026-08-26,2,206,56,19,9.2,1504,0,0
5554.team,team,NEW33_12pages_withdate+img_25.08,1,2026-08-26,2,206,56,19,9.2,120,0,0
5010.lol,lol,NEW33_12pages_withdate+img_25.08,1,2026-08-26,2,206,56,13,6.3,570,0,0
j6qz.team,team,NEW33_12pages_withdate+img_25.08,1,2026-08-26,2,206,56,8,3.9,229,0,0
4527.team,team,NEW33_12pages_withdate_25.08,1,2026-08-25,2,206,56,54,26.2,7617,1,0
3045.team,team,NEW33_12pages_withdate_25.08,1,2026-08-25,2,206,56,46,22.3,4585,0,0
5557.team,team,NEW33_12pages_withdate_25.08,1,2026-08-25,2,206,56,33,16.0,1829,0,0
rjff.team,team,NEW33_12pages_withdate_25.08,1,2026-08-25,2,205,55,30,14.6,2121,0,0
1434.team,team,NEW33_12pages_withdate_25.08,1,2026-08-25,2,206,56,26,12.6,1797,0,0
5506.team,team,NEW33_12pages_withdate_25.08,1,2026-08-25,2,206,56,25,12.1,692,0,0
6925.team,team,NEW33_12pages_withdate_25.08,1,2026-08-25,2,206,56,23,11.2,2035,0,0
4257.team,team,NEW33_12pages_withdate_25.08,1,2026-08-25,2,206,56,22,10.7,359,0,0
stma.casino,casino,NEW50_12pages_nodate_01.09,1,2026-09-01,2,206,56,72,35.0,4082,0,0
baiu.casino,casino,NEW50_12pages_nodate_01.09,1,2026-09-01,2,206,56,63,30.6,2011,0,0
quu.casino,casino,NEW50_12pages_nodate_01.09,1,2026-09-01,2,206,56,61,29.6,944,0,0
tfys.casino,casino,NEW50_12pages_nodate_01.09,1,2026-09-01,2,206,56,58,28.2,5462,0,0
lrwo.casino,casino,NEW50_12pages_nodate_01.09,1,2026-09-01,2,206,56,58,28.2,1453,0,0
tghc.casino,casino,NEW50_12pages_nodate_01.09,1,2026-09-01,2,206,56,41,19.9,3452,1,1
vgti.casino,casino,NEW50_12pages_nodate_01.09,1,2026-09-01,2,206,56,39,18.9,519,0,0
u9y.casino,casino,NEW50_12pages_nodate_01.09,1,2026-09-01,2,206,56,39,18.9,668,0,0
gwrl.casino,casino,NEW50_12pages_withdate_01.09,1,2026-09-01,2,206,56,82,39.8,2955,4,2
llvm.casino,casino,NEW50_12pages_withdate_01.09,1,2026-09-01,2,206,56,79,38.3,1159,0,0
unxn.casino,casino,NEW50_12pages_withdate_01.09,1,2026-09-01,2,206,56,61,29.6,976,1,0
1185.lol,lol,NEW50_12pages_withdate_01.09,1,2026-09-01,2,206,56,59,28.6,2477,0,0
l5n.team,team,NEW50_12pages_withdate_01.09,1,2026-09-01,2,206,56,52,25.2,1160,1,0
rodl.casino,casino,NEW50_12pages_withdate_01.09,1,2026-09-01,2,206,56,51,24.8,1430,0,0
x9d7.casino,casino,NEW50_12pages_withdate_01.09,1,2026-09-01,2,206,56,41,19.9,636,0,0
6348.team,team,NEW50_12pages_withdate_01.09,1,2026-09-01,2,206,56,40,19.4,648,0,0
j1j.casino,casino,NEW50_12pages_withdate_01.09,1,2026-09-01,2,206,56,37,18.0,251,0,0
7925.team,team,NEW50_12pages_withdate_01.09,1,2026-09-01,2,206,56,36,17.5,193,0,0
w0w3.casino,casino,NEW50_12pages_withdate_01.09,1,2026-09-01,2,206,56,30,14.6,459,0,0
0403.lol,lol,NEW50_12pages_withdate_01.09,1,2026-09-01,2,206,56,20,9.7,393,0,0
7612.team,team,NEW50_12pages_withdate_01.09,1,2026-09-02,2,206,56,36,17.5,651,0,0
tgmb.team,team,NEW50_12pages_withdate_01.09,1,2026-09-03,2,206,56,76,36.9,2514,5,0
t8n2.team,team,NEW50_12pages_withdate_01.09,1,2026-09-03,2,206,56,44,21.4,823,1,1
8193.team,team,NEW50_12pages_withdate_01.09,1,2026-09-03,2,206,56,43,20.9,1156,0,0
kzgq.team,team,NEW50_12pages_withdate_01.09,1,2026-09-03,2,206,56,25,12.1,495,0,0
1083.lol,lol,NEW50_2_12pages_nodate_02.09,1,2026-09-02,2,206,56,70,34.0,1777,3,1
7395.lol,lol,NEW50_2_12pages_nodate_02.09,1,2026-09-02,2,206,56,63,30.6,3616,3,0
7590.team,team,NEW50_2_12pages_nodate_02.09,1,2026-09-02,2,206,56,56,27.2,697,0,0
2418.lol,lol,NEW50_2_12pages_nodate_02.09,1,2026-09-02,2,206,56,51,24.8,2343,0,0
8829.lol,lol,NEW50_2_12pages_nodate_02.09,1,2026-09-02,2,206,56,45,21.8,1704,1,0
tvuy.team,team,NEW50_2_12pages_nodate_02.09,1,2026-09-02,2,206,56,37,18.0,667,1,0
vzto.team,team,NEW50_2_12pages_withdate_02.09,1,2026-09-02,2,206,56,77,37.4,3678,0,0
0665.team,team,NEW50_2_12pages_withdate_02.09,1,2026-09-02,2,205,55,66,32.2,2483,3,0
4229.team,team,NEW50_2_12pages_withdate_02.09,1,2026-09-02,2,206,56,66,32.0,1633,0,0
rza.lol,lol,NEW50_2_12pages_withdate_02.09,1,2026-09-02,2,206,56,65,31.6,2257,0,0
7395.team,team,NEW50_2_12pages_withdate_02.09,1,2026-09-02,2,206,56,60,29.1,1381,1,0
o5h7.team,team,NEW50_2_12pages_withdate_02.09,1,2026-09-02,2,206,56,57,27.7,858,0,0
9957.team,team,NEW50_2_12pages_withdate_02.09,1,2026-09-02,2,206,56,56,27.2,1749,1,0
2955.team,team,NEW50_2_12pages_withdate_02.09,1,2026-09-02,2,206,56,56,27.2,5118,0,0
9158.lol,lol,NEW50_2_12pages_withdate_02.09,1,2026-09-02,2,206,56,54,26.2,3053,0,0
c2u3.team,team,NEW50_2_12pages_withdate_02.09,1,2026-09-02,2,206,56,52,25.2,377,0,0
q7a.team,team,NEW50_2_12pages_withdate_02.09,1,2026-09-02,2,206,56,52,25.2,1173,0,0
3349.team,team,NEW50_2_12pages_withdate_02.09,1,2026-09-02,2,206,56,50,24.3,1302,0,0
tgmb.lol,lol,NEW50_2_12pages_withdate_02.09,1,2026-09-02,2,206,56,50,24.3,2561,0,0
izlx.team,team,NEW50_2_12pages_withdate_02.09,1,2026-09-02,2,206,56,44,21.4,465,0,0
4729.team,team,NEW50_2_12pages_withdate_02.09,1,2026-09-02,2,206,56,41,19.9,878,0,0
5230.team,team,NEW50_2_12pages_withdate_02.09,1,2026-09-02,2,206,56,28,13.6,751,0,0
2801.team,team,NEW50_2_12pages_withdate_02.09,1,2026-09-02,2,206,56,28,13.6,2623,0,0
oasc.team,team,NEW50_2_7pages_withdate,1,2026-09-02,2,206,56,51,24.8,4561,0,0
4235.team,team,NEW50_2_7pages_withdate,1,2026-09-02,2,206,56,50,24.3,2172,1,0
0413.team,team,NEW50_2_7pages_withdate,1,2026-09-02,2,206,56,49,23.8,1342,0,0
3242.team,team,NEW50_2_7pages_withdate,1,2026-09-02,2,206,56,38,18.4,611,3,1
0540.team,team,NEW50_2_7pages_withdate,1,2026-09-02,2,206,56,37,18.0,480,0,0
8730.team,team,NEW50_2_7pages_withdate,1,2026-09-02,2,206,56,30,14.6,734,0,0
2097.lol,lol,NEW50_3_12pages_nodate_styled,1,2026-09-03,2,206,56,78,37.9,11144,3,0
9957.lol,lol,NEW50_3_12pages_nodate_styled,1,2026-09-03,2,206,56,53,25.7,1537,0,0
n0b5.team,team,NEW50_3_12pages_nodate_styled,1,2026-09-03,2,206,56,39,18.9,1736,0,0
6348.lol,lol,NEW50_3_12pages_nodate_styled,1,2026-09-03,2,206,56,36,17.5,6024,0,0
6012.lol,lol,NEW50_3_12pages_nodate_styled,1,2026-09-03,2,206,56,36,17.5,518,0,0
5335.team,team,NEW50_3_12pages_nodate_styled,1,2026-09-03,2,206,56,31,15.0,1348,0,0
7612.lol,lol,NEW50_3_12pages_nodate_styled,1,2026-09-03,2,206,56,30,14.6,869,0,0
4151.lol,lol,NEW50_3_12pages_nodate_styled,1,2026-09-03,2,206,56,29,14.1,487,0,0
z2u7.team,team,NEW50_3_12pages_nodate_styled,1,2026-09-03,2,206,56,28,13.6,177,0,0
7925.lol,lol,NEW50_3_12pages_nodate_styled,1,2026-09-03,2,206,56,23,11.2,521,0,0
5335.lol,lol,NEW50_3_12pages_nodate_styled,1,2026-09-03,2,206,56,20,9.7,159,0,0
mkmt.team,team,NEW50_3_12pages_withdate_styled,1,2026-09-03,2,206,56,80,38.8,3373,1,0
2097.team,team,NEW50_3_12pages_withdate_styled,1,2026-09-03,2,206,56,77,37.4,5819,1,0
ypur.team,team,NEW50_3_12pages_withdate_styled,1,2026-09-03,2,206,56,74,35.9,4728,0,0
2369.lol,lol,NEW50_3_12pages_withdate_styled,1,2026-09-03,2,206,56,72,35.0,4184,3,1
h6k8.lol,lol,NEW50_3_12pages_withdate_styled,1,2026-09-03,2,206,56,55,26.7,1084,0,0
3242.lol,lol,NEW50_3_12pages_withdate_styled,1,2026-09-03,2,206,56,50,24.3,2279,0,0
5025.team,team,NEW50_3_12pages_withdate_styled,1,2026-09-03,2,206,56,48,23.3,753,1,0
a1j.lol,lol,NEW50_3_12pages_withdate_styled,1,2026-09-03,2,206,56,41,19.9,841,0,0
3375.lol,lol,NEW50_3_12pages_withdate_styled,1,2026-09-03,2,206,56,34,16.5,1465,0,0
7079.team,team,NEW50_3_12pages_withdate_styled,1,2026-09-03,2,206,56,33,16.0,843,2,1
2018.team,team,NEW50_3_12pages_withdate_styled,1,2026-09-03,2,206,56,30,14.6,3021,0,0
7662.team,team,NEW50_3_12pages_withdate_styled,1,2026-09-03,2,206,56,28,13.6,206,0,0
4854.lol,lol,NEW50_3_12pages_withdate_styled,1,2026-09-03,2,206,56,21,10.2,332,0,0
4330.team,team,NEW50_3_12pages_withdate_styled,1,2026-09-03,2,206,56,14,6.8,985,1,0
o5h7.lol,lol,NEW50_3_7pages_nodate_styled,1,2026-09-03,2,206,56,40,19.4,508,0,0
8663.lol,lol,NEW50_3_7pages_nodate_styled,1,2026-09-03,2,206,56,36,17.5,218,0,0
6860.team,team,NEW50_3_7pages_nodate_styled,1,2026-09-03,2,206,56,32,15.5,1243,0,0
5580.lol,lol,NEW50_3_7pages_nodate_styled,1,2026-09-03,2,206,56,29,14.1,235,0,0
2853.team,team,NEW50_3_7pages_nodate_styled,1,2026-09-03,2,206,56,28,13.6,598,1,0
7874.team,team,NEW50_3_7pages_nodate_styled,1,2026-09-03,2,206,56,23,11.2,130,0,0
2760.team,team,NEW50_3_7pages_nodate_styled,1,2026-09-03,2,206,56,22,10.7,496,0,0
7119.team,team,NEW50_3_7pages_nodate_styled,1,2026-09-03,2,206,56,20,9.7,140,0,0
v9g.lol,lol,NEW50_3_7pages_nodate_styled,1,2026-09-03,2,206,56,17,8.3,143,0,0
8474.team,team,NEW50_3_7pages_nodate_styled,1,2026-09-03,2,206,56,17,8.3,54,0,0
4502.lol,lol,NEW50_3_7pages_nodate_styled,1,2026-09-03,2,206,56,16,7.8,304,0,0
6420.team,team,NEW50_3_7pages_nodate_styled,1,2026-09-03,2,206,56,10,4.9,31,0,0
0403.team,team,NEW50_3_7pages_nodate_styled,1,2026-09-03,2,206,56,9,4.4,195,0,0
3064.team,team,NEW50_3_7pages_withdate_styled,1,2026-09-03,2,206,56,54,26.2,1750,0,0
9158.team,team,NEW50_3_7pages_withdate_styled,1,2026-09-03,2,206,56,48,23.3,1870,1,0
oasc.lol,lol,NEW50_3_7pages_withdate_styled,1,2026-09-03,2,206,56,47,22.8,1120,0,0
0190.team,team,NEW50_3_7pages_withdate_styled,1,2026-09-03,2,206,56,34,16.5,155,0,0
3349.lol,lol,NEW50_3_7pages_withdate_styled,1,2026-09-03,2,206,56,31,15.0,181,0,0
3675.lol,lol,NEW50_3_7pages_withdate_styled,1,2026-09-03,2,206,56,29,14.1,462,0,0
z2u7.lol,lol,NEW50_3_7pages_withdate_styled,1,2026-09-03,2,206,56,25,12.1,506,0,0
3191.lol,lol,NEW50_3_7pages_withdate_styled,1,2026-09-03,2,206,56,25,12.1,224,0,0
9485.lol,lol,NEW50_3_7pages_withdate_styled,1,2026-09-03,2,206,56,17,8.3,1444,0,0
4330.lol,lol,NEW50_3_7pages_withdate_styled,1,2026-09-03,2,206,56,12,5.8,229,0,0
2801.lol,lol,NEW50_3_7pages_withdate_styled,1,2026-09-03,2,206,56,11,5.3,421,0,0
6420.lol,lol,NEW50_3_7pages_withdate_styled,1,2026-09-03,2,206,56,3,1.5,55,0,0
0348.team,team,NEW50_7pages_nodate_01.09,1,2026-09-02,2,206,56,57,27.7,3485,1,0
j0s0.team,team,NEW50_7pages_nodate_01.09,1,2026-09-02,2,206,56,56,27.2,1448,0,0
ciye.team,team,NEW50_7pages_nodate_01.09,1,2026-09-02,2,206,56,53,25.7,1541,2,0
5580.team,team,NEW50_7pages_nodate_01.09,1,2026-09-02,2,206,56,42,20.4,7630,5,1
9012.team,team,NEW50_7pages_nodate_01.09,1,2026-09-02,2,206,56,25,12.1,530,0,0
4502.team,team,NEW50_7pages_nodate_01.09,1,2026-09-02,2,206,56,23,11.2,515,0,0
ikmd.team,team,NEW50_7pages_nodate_01.09,1,2026-09-03,2,206,56,57,27.7,4311,0,0
2369.team,team,NEW50_7pages_nodate_01.09,1,2026-09-03,2,206,56,55,26.7,23965,3,0
xfdr.team,team,NEW50_7pages_nodate_01.09,1,2026-09-03,2,206,56,50,24.3,1365,0,0
syoo.team,team,NEW50_7pages_nodate_01.09,1,2026-09-03,2,206,56,49,23.8,836,0,0
7570.team,team,NEW50_7pages_nodate_01.09,1,2026-09-03,2,206,56,42,20.4,1192,0,0
1185.team,team,NEW50_7pages_nodate_01.09,1,2026-09-03,2,206,56,35,17.0,365,0,0
3654.team,team,NEW50_7pages_nodate_01.09,1,2026-09-03,2,206,56,26,12.6,323,0,0
8640.team,team,NEW50_7pages_nodate_01.09,1,2026-09-03,2,206,56,25,12.1,2155,0,0
0864.team,team,NEW50_7pages_withdate_01.09,1,2026-09-01,2,206,56,35,17.0,4635,0,0
rvue.team,team,NEW50_7pages_withdate_01.09,1,2026-09-02,2,206,56,77,37.4,20027,3,1
mmbr.team,team,NEW50_7pages_withdate_01.09,1,2026-09-02,2,206,56,62,30.1,2435,0,0
rvue.lol,lol,NEW50_7pages_withdate_01.09,1,2026-09-02,2,206,56,39,18.9,425,0,0
pbfj.team,team,NEW50_7pages_withdate_01.09,1,2026-09-02,2,206,56,31,15.0,650,0,0
q7a.lol,lol,NEW50_7pages_withdate_01.09,1,2026-09-02,2,206,56,23,11.2,129,0,0
qmpl.team,team,NEW50_7pages_withdate_01.09,1,2026-09-03,2,206,56,41,19.9,675,0,0
7326.team,team,NEW50_7pages_withdate_01.09,1,2026-09-03,2,206,56,38,18.4,1834,1,0
2465.team,team,NEW50_7pages_withdate_01.09,1,2026-09-03,2,206,56,33,16.0,1950,0,0
0040.team,team,NEW50_7pages_withdate_01.09,1,2026-09-03,2,206,56,21,10.2,6291,0,0
4967.team,team,NEW50_7pages_withdate_01.09,1,2026-09-03,2,206,56,15,7.3,274,0,0
389casino.lol,lol,archive37строформленоv2часть1,1,2026-09-08,2,206,56,38,18.4,1823,1,0
casinoubf.buzz,buzz,archive37строформленоv2часть1,1,2026-09-08,2,206,56,22,10.7,1289,0,0
7529.lol,lol,archive37строформленоv2часть1,1,2026-09-08,2,206,56,18,8.7,179,0,0
oijl.buzz,buzz,archive37строформленоv2часть1,1,2026-09-08,2,206,56,14,6.8,572,0,0
3372.lol,lol,archive37строформленоv2часть1,1,2026-09-08,2,206,56,13,6.3,47,0,0
5793.lol,lol,archive37строформленоv2часть1,1,2026-09-08,2,206,56,12,5.8,225,0,0
3553.lol,lol,archive37строформленоv2часть1,1,2026-09-08,2,206,56,12,5.8,122,0,0
3743.lol,lol,archive37строформленоv2часть1,1,2026-09-08,2,206,56,12,5.8,419,0,0
j9s2.buzz,buzz,archive37строформленоv2часть1,1,2026-09-08,2,206,56,11,5.3,87,0,0
7491.lol,lol,archive37строформленоv2часть1,1,2026-09-08,2,206,56,10,4.9,66,0,0
8687.lol,lol,archive37строформленоv2часть1,1,2026-09-08,2,206,56,10,4.9,94,0,0
e8k.lol,lol,archive37строформленоv2часть1,1,2026-09-08,2,206,56,9,4.4,135,0,0
3945.lol,lol,archive37строформленоv2часть1,1,2026-09-08,2,206,56,8,3.9,25,0,0
ldwg.buzz,buzz,archive37строформленоv2часть1,1,2026-09-08,2,206,56,7,3.4,24,0,0
lwta.buzz,buzz,archive37строформленоv2часть1,1,2026-09-08,2,206,56,6,2.9,54,0,0
4944.lol,lol,archive37строформленоv2часть1,1,2026-09-08,2,206,56,6,2.9,57,0,0
casinoa9.lol,lol,archive37строформленоv2часть1,1,2026-09-08,2,206,56,6,2.9,41,0,0
l6j.buzz,buzz,archive37строформленоv2часть1,1,2026-09-08,2,206,56,5,2.4,15,0,0
5205.lol,lol,archive37строформленоv2часть1,1,2026-09-08,2,205,55,5,2.4,30,0,0
7415.lol,lol,archive37строформленоv2часть1,1,2026-09-08,2,206,56,4,1.9,172,0,0
casinoqu.lol,lol,archive37строформленоv2часть1,1,2026-09-08,2,206,56,3,1.5,23,0,0
casinoubf.lol,lol,archive37строформленоv2часть1,1,2026-09-08,2,206,56,1,0.5,6,0,0
n5w2.buzz,buzz,archive37строформленоv2часть1,1,2026-09-08,2,206,56,1,0.5,38,0,0
vfra.buzz,buzz,archive37строформленоv2часть1,1,2026-09-08,2,206,56,0,0.0,4,0,0
8452.lol,lol,archive37строформленоv2часть1,1,2026-09-08,2,206,56,0,0.0,3,0,0
6655.team,team,archive37строформленоv2часть1,1,2026-09-10,2,206,56,41,19.9,1791,2,1
casinojdj.lol,lol,archive37строформленоv2часть1,1,2026-09-10,2,206,56,33,16.0,363,0,0
9942.team,team,archive37строформленоv2часть1,1,2026-09-10,2,206,56,32,15.5,1882,1,0
4316.lol,lol,archive37строформленоv2часть1,1,2026-09-10,2,206,56,29,14.1,2791,0,0
xlod.team,team,archive37строформленоv2часть1,1,2026-09-10,2,206,56,28,13.6,164,0,0
casinoebt.team,team,archive37строформленоv2часть1,1,2026-09-10,2,206,56,23,11.2,419,0,0
tshz.team,team,archive37строформленоv2часть1,1,2026-09-10,2,206,56,20,9.7,489,0,0
kohi.team,team,archive37строформленоv2часть1,1,2026-09-10,2,206,56,11,5.3,66,0,0
jgcasino.team,team,archive37строформленоv2часть1,1,2026-09-11,2,206,56,23,11.2,386,1,1
7188.lol,lol,archive37строформленоv2часть1,1,2026-09-11,2,206,56,20,9.7,1655,0,0
4160.lol,lol,archive37строформленоv2часть1,1,2026-09-11,2,206,56,20,9.7,1349,0,0
8200.team,team,archive37строформленоv2часть1,1,2026-09-11,2,206,56,15,7.3,377,0,0
1668.team,team,archive37строформленоv2часть1,1,2026-09-11,2,206,56,15,7.3,241,0,0
843casino.team,team,archive37строформленоv2часть1,1,2026-09-11,2,206,56,8,3.9,88,0,0
casinor7.team,team,archive37строформленоv2часть1,1,2026-09-11,2,206,56,7,3.4,270,0,0
9726.team,team,archive37строформленоv2часть1,1,2026-09-11,2,206,56,7,3.4,740,0,0
gngv.lol,lol,archive37строформленоv2часть1,1,2026-09-11,2,206,56,6,2.9,310,0,0
npcasino.lol,lol,archive37строформленоv2часть1,1,2026-09-11,2,206,56,3,1.5,109,0,0
sppj.lol,lol,archive37строформленоv2часть1,1,2026-09-11,2,206,56,2,1.0,85,0,0
casino3142.team,team,archive37строформленоv2часть1,1,2026-09-11,2,206,56,0,0.0,0,0,0
5413.lol,lol,archive37строформленоv2часть2,1,2026-09-08,2,206,56,45,21.8,591,0,0
4149.lol,lol,archive37строформленоv2часть2,1,2026-09-08,2,206,56,40,19.4,491,0,0
xvcasino.buzz,buzz,archive37строформленоv2часть2,1,2026-09-08,2,206,56,26,12.6,532,0,0
casino86.buzz,buzz,archive37строформленоv2часть2,1,2026-09-08,2,206,56,25,12.1,2051,0,0
casino61.lol,lol,archive37строформленоv2часть2,1,2026-09-08,2,206,56,25,12.1,339,0,0
casino61.buzz,buzz,archive37строформленоv2часть2,1,2026-09-08,2,206,56,24,11.7,1181,0,0
16casino.lol,lol,archive37строформленоv2часть2,1,2026-09-08,2,206,56,23,11.2,1001,0,0
389casino.buzz,buzz,archive37строформленоv2часть2,1,2026-09-08,2,206,56,19,9.2,78,0,0
7415.buzz,buzz,archive37строформленоv2часть2,1,2026-09-08,2,206,56,19,9.2,265,0,0
67casino.buzz,buzz,archive37строформленоv2часть2,1,2026-09-08,2,206,56,18,8.7,1106,0,0
5191.lol,lol,archive37строформленоv2часть2,1,2026-09-08,2,206,56,18,8.7,492,1,0
casino4244.buzz,buzz,archive37строформленоv2часть2,1,2026-09-08,2,206,56,17,8.3,187,1,1
3855.lol,lol,archive37строформленоv2часть2,1,2026-09-08,2,206,56,15,7.3,476,0,0
l6j.lol,lol,archive37строформленоv2часть2,1,2026-09-08,2,206,56,14,6.8,100,0,0
casino5450.buzz,buzz,archive37строформленоv2часть2,1,2026-09-08,2,206,56,14,6.8,243,0,0
5730.lol,lol,archive37строформленоv2часть2,1,2026-09-08,2,206,56,13,6.3,62,0,0
ufdb.buzz,buzz,archive37строформленоv2часть2,1,2026-09-08,2,206,56,13,6.3,88,0,0
casinofnl.buzz,buzz,archive37строформленоv2часть2,1,2026-09-08,2,206,56,13,6.3,290,0,0
tqwy.buzz,buzz,archive37строформленоv2часть2,1,2026-09-08,2,206,56,13,6.3,654,0,0
26casino.lol,lol,archive37строформленоv2часть2,1,2026-09-08,2,206,56,9,4.4,27,0,0
67casino.lol,lol,archive37строформленоv2часть2,1,2026-09-08,2,206,56,9,4.4,123,0,0
arhd.buzz,buzz,archive37строформленоv2часть2,1,2026-09-08,2,206,56,7,3.4,49,0,0
casinoa9.buzz,buzz,archive37строформленоv2часть2,1,2026-09-08,2,206,56,7,3.4,17,0,0
26casino.buzz,buzz,archive37строформленоv2часть2,1,2026-09-08,2,206,56,7,3.4,51,0,0
5126.buzz,buzz,archive37строформленоv2часть2,1,2026-09-08,2,206,56,6,2.9,36,0,0
casinoz2.buzz,buzz,archive37строформленоv2часть2,1,2026-09-08,2,206,56,6,2.9,42,0,0
d3x2.lol,lol,archive37строформленоv2часть2,1,2026-09-08,2,206,56,6,2.9,31,0,0
casinoqu.buzz,buzz,archive37строформленоv2часть2,1,2026-09-08,2,206,56,6,2.9,25,0,0
135casino.buzz,buzz,archive37строформленоv2часть2,1,2026-09-08,2,206,56,5,2.4,172,0,0
0811.lol,lol,archive37строформленоv2часть2,1,2026-09-08,2,206,56,5,2.4,20,0,0
d3x2.buzz,buzz,archive37строформленоv2часть2,1,2026-09-08,2,206,56,4,1.9,18,0,0
g7u.buzz,buzz,archive37строформленоv2часть2,1,2026-09-08,2,206,56,4,1.9,28,0,0
vfra.lol,lol,archive37строформленоv2часть2,1,2026-09-08,2,206,56,3,1.5,7,0,0
xxlx.buzz,buzz,archive37строформленоv2часть2,1,2026-09-08,2,206,56,3,1.5,57,0,0
0658.lol,lol,archive37строформленоv2часть2,1,2026-09-08,2,206,56,3,1.5,16,0,0
d1n1.buzz,buzz,archive37строформленоv2часть2,1,2026-09-08,2,206,56,2,1.0,334,0,0
g7u.lol,lol,archive37строформленоv2часть2,1,2026-09-08,2,206,56,2,1.0,41,0,0
uakcasino.buzz,buzz,archive37строформленоv2часть2,1,2026-09-08,2,206,56,2,1.0,49,0,0
8568.lol,lol,archive37строформленоv2часть2,1,2026-09-08,2,206,56,2,1.0,8,0,0
1322.lol,lol,archive37строформленоv2часть2,1,2026-09-08,2,206,56,1,0.5,1,0,0
0313.lol,lol,archive37строформленоv2часть2,1,2026-09-08,2,206,56,1,0.5,9,0,0
9281.lol,lol,archive37строформленоv2часть2,1,2026-09-08,2,206,56,1,0.5,439,0,0
kpscasino.buzz,buzz,archive37строформленоv2часть2,1,2026-09-08,2,206,56,0,0.0,6,0,0
vscasino.buzz,buzz,archive37строформленоv2часть2,1,2026-09-08,2,206,56,0,0.0,5,0,0
e8k.buzz,buzz,archive37строформленоv2часть2,1,2026-09-08,2,206,56,0,0.0,11,0,0
1500.lol,lol,archive37строформленоv2часть3,1,2026-09-08,2,206,56,23,11.2,667,0,0
ryqcasino.buzz,buzz,archive37строформленоv2часть3,1,2026-09-08,2,206,56,15,7.3,127,0,0
5974casino.lol,lol,archive37строформленоv2часть3,1,2026-09-08,2,206,56,15,7.3,213,0,0
vlg.lol,lol,archive37строформленоv2часть3,1,2026-09-08,2,206,56,13,6.3,79,0,0
858casino.buzz,buzz,archive37строформленоv2часть3,1,2026-09-08,2,206,56,13,6.3,154,0,0
casinoanb.buzz,buzz,archive37строформленоv2часть3,1,2026-09-08,2,206,56,12,5.8,82,1,0
n4h1.lol,lol,archive37строформленоv2часть3,1,2026-09-08,2,206,56,12,5.8,218,1,0
y4s.lol,lol,archive37строформленоv2часть3,1,2026-09-08,2,206,56,12,5.8,152,0,0
z1y.buzz,buzz,archive37строформленоv2часть3,1,2026-09-08,2,206,56,11,5.3,41,0,0
0336.lol,lol,archive37строформленоv2часть3,1,2026-09-08,2,206,56,11,5.3,7866,0,0
744casino.buzz,buzz,archive37строформленоv2часть3,1,2026-09-08,2,206,56,10,4.9,441,0,0
5597.lol,lol,archive37строформленоv2часть3,1,2026-09-08,2,206,56,10,4.9,39,0,0
0815.lol,lol,archive37строформленоv2часть3,1,2026-09-08,2,206,56,10,4.9,57,0,0
5932.lol,lol,archive37строформленоv2часть3,1,2026-09-08,2,206,56,9,4.4,122,0,0
rmpd.buzz,buzz,archive37строформленоv2часть3,1,2026-09-08,2,206,56,8,3.9,158,0,0
ptcasino.buzz,buzz,archive37строформленоv2часть3,1,2026-09-08,2,206,56,7,3.4,66,0,0
xoys.buzz,buzz,archive37строформленоv2часть3,1,2026-09-08,2,206,56,7,3.4,30,0,0
casinobo.buzz,buzz,archive37строформленоv2часть3,1,2026-09-08,2,206,56,6,2.9,46,0,0
gsbe.lol,lol,archive37строформленоv2часть3,1,2026-09-08,2,206,56,6,2.9,68,0,0
0496.lol,lol,archive37строформленоv2часть3,1,2026-09-08,2,206,56,4,1.9,14,0,0
mpnw.lol,lol,archive37строформленоv2часть3,1,2026-09-08,2,206,56,3,1.5,91,0,0
6249casino.lol,lol,archive37строформленоv2часть3,1,2026-09-08,2,206,56,3,1.5,294,0,0
98casino.buzz,buzz,archive37строформленоv2часть3,1,2026-09-08,2,206,56,2,1.0,19,0,0
61casino.lol,lol,archive37строформленоv2часть3,1,2026-09-08,2,206,56,2,1.0,8,0,0
casino8463.lol,lol,archive37строформленоv2часть3,1,2026-09-08,2,206,56,2,1.0,47,0,0
anxg.buzz,buzz,archive37строформленоv2часть3,1,2026-09-08,2,206,56,0,0.0,34,0,0
casinoii.buzz,buzz,archive37строформленоv2часть3,1,2026-09-08,2,206,56,0,0.0,0,0,0
ajjk.casino,casino,archive37строформленоv2часть3,1,2026-09-10,2,206,56,64,31.1,4701,2,1
1009gg.casino,casino,archive37строформленоv2часть3,1,2026-09-10,2,206,56,46,22.3,3965,2,1
nlel.team,team,archive37строформленоv2часть3,1,2026-09-10,2,206,56,45,21.8,4699,1,0
casino947.lol,lol,archive37строформленоv2часть3,1,2026-09-10,2,206,56,36,17.5,1146,0,0
8739.lol,lol,archive37строформленоv2часть3,1,2026-09-10,2,206,56,21,10.2,1338,1,0
9525casino.team,team,archive37строформленоv2часть3,1,2026-09-10,2,206,56,21,10.2,191,0,0
94casino.lol,lol,archive37строформленоv2часть3,1,2026-09-10,2,206,56,18,8.7,138,0,0
7283.lol,lol,archive37строформленоv2часть3,1,2026-09-10,2,206,56,18,8.7,172,0,0
s3q.lol,lol,archive37строформленоv2часть3,1,2026-09-10,2,206,56,18,8.7,358,0,0
3352.lol,lol,archive37строформленоv2часть3,1,2026-09-10,2,206,56,17,8.3,359,0,0
btj.lol,lol,archive37строформленоv2часть3,1,2026-09-10,2,206,56,17,8.3,128,0,0
casinoq4.lol,lol,archive37строформленоv2часть3,1,2026-09-10,2,206,56,16,7.8,227,0,0
fdls.lol,lol,archive37строформленоv2часть3,1,2026-09-10,2,206,56,15,7.3,480,0,0
qtbh.team,team,archive37строформленоv2часть3,1,2026-09-10,2,206,56,15,7.3,550,0,0
w7k4.lol,lol,archive37строформленоv2часть3,1,2026-09-10,2,206,56,12,5.8,53,0,0
casinocvq.team,team,archive37строформленоv2часть3,1,2026-09-10,2,206,56,4,1.9,187,0,0
4946.team,team,archive37строформленоv2часть3,1,2026-09-10,2,206,56,3,1.5,61,0,0
hhcasino.team,team,archive37строформленоv2часть3,1,2026-09-10,2,206,56,2,1.0,27,0,0
msvcasino.lol,lol,archive412_unique12оформлено,1,2026-09-09,2,206,56,91,44.2,14339,5,0
casinoes.lol,lol,archive412_unique12оформлено,1,2026-09-09,2,206,56,87,42.2,4822,0,0
qlmf.lol,lol,archive412_unique12оформлено,1,2026-09-09,2,206,56,70,34.0,7526,5,1
xpba.lol,lol,archive412_unique12оформлено,1,2026-09-09,2,206,56,67,32.5,2210,3,1
geth.buzz,buzz,archive412_unique12оформлено,1,2026-09-09,2,206,56,55,26.7,1374,0,0
axuj.buzz,buzz,archive412_unique12оформлено,1,2026-09-09,2,205,55,49,23.9,918,0,0
uyyj.lol,lol,archive412_unique12оформлено,1,2026-09-09,2,206,56,45,21.8,2641,1,0
zrum.buzz,buzz,archive412_unique12оформлено,1,2026-09-09,2,206,56,41,19.9,1517,0,0
c9a3.lol,lol,archive412_unique12оформлено,1,2026-09-09,2,206,56,38,18.4,1929,1,0
g3q3.buzz,buzz,archive412_unique12оформлено,1,2026-09-09,2,206,56,32,15.5,593,0,0
gdpu.buzz,buzz,archive412_unique12оформлено,1,2026-09-09,2,206,56,29,14.1,476,0,0
elzn.buzz,buzz,archive412_unique12оформлено,1,2026-09-09,2,206,56,11,5.3,572,0,0
kitg.lol,lol,archive47_unique119оформленочасть1,1,2026-09-09,2,206,56,45,21.8,898,0,0
2865.lol,lol,archive47_unique119оформленочасть1,1,2026-09-09,2,206,56,34,16.5,505,0,0
4236.lol,lol,archive47_unique119оформленочасть1,1,2026-09-09,2,206,56,32,15.5,1626,1,1
psbl.lol,lol,archive47_unique119оформленочасть1,1,2026-09-09,2,206,56,30,14.6,391,1,0
a1f9.lol,lol,archive47_unique119оформленочасть1,1,2026-09-09,2,206,56,30,14.6,721,2,0
5067.lol,lol,archive47_unique119оформленочасть1,1,2026-09-09,2,206,56,28,13.6,900,0,0
4558.lol,lol,archive47_unique119оформленочасть1,1,2026-09-09,2,206,56,27,13.1,672,0,0
qpbcasino.lol,lol,archive47_unique119оформленочасть1,1,2026-09-09,2,206,56,26,12.6,138,0,0
h3f0.lol,lol,archive47_unique119оформленочасть1,1,2026-09-09,2,206,56,25,12.1,442,0,0
casino5615.lol,lol,archive47_unique119оформленочасть1,1,2026-09-09,2,206,56,24,11.7,1120,1,1
casino6809.lol,lol,archive47_unique119оформленочасть1,1,2026-09-09,2,206,56,22,10.7,217,0,0
8489.lol,lol,archive47_unique119оформленочасть1,1,2026-09-09,2,206,56,20,9.7,134,0,0
6134.lol,lol,archive47_unique119оформленочасть1,1,2026-09-09,2,206,56,18,8.7,173,0,0
6912.lol,lol,archive47_unique119оформленочасть1,1,2026-09-09,2,206,56,18,8.7,415,0,0
j5h6.lol,lol,archive47_unique119оформленочасть1,1,2026-09-09,2,206,56,17,8.3,1235,0,0
8616casino.lol,lol,archive47_unique119оформленочасть1,1,2026-09-09,2,206,56,15,7.3,232,0,0
fgtg.casino,casino,archive47_unique119оформленочасть1,1,2026-09-10,2,206,56,43,20.9,2348,0,0
1009cas.casino,casino,archive47_unique119оформленочасть1,1,2026-09-10,2,206,56,36,17.5,2096,1,0
1009hd.casino,casino,archive47_unique119оформленочасть1,1,2026-09-10,2,206,56,31,15.0,1508,0,0
1009t.casino,casino,archive47_unique119оформленочасть1,1,2026-09-10,2,206,56,23,11.2,1037,0,0
369casino.team,team,archive47_unique119оформленочасть1,1,2026-09-10,2,206,56,11,5.3,352,0,0
c4e8.team,team,archive47_unique119оформленочасть1,1,2026-09-10,2,206,56,10,4.9,123,0,0
1053.team,team,archive47_unique119оформленочасть1,1,2026-09-10,2,206,56,10,4.9,749,0,0
casino5675.team,team,archive47_unique119оформленочасть1,1,2026-09-10,2,206,56,8,3.9,547,0,0
2894.team,team,archive47_unique119оформленочасть1,1,2026-09-10,2,206,56,8,3.9,19,0,0
casino84.team,team,archive47_unique119оформленочасть1,1,2026-09-10,2,206,56,8,3.9,299,0,0
casino7274.team,team,archive47_unique119оформленочасть1,1,2026-09-10,2,206,56,8,3.9,292,0,0
6985.team,team,archive47_unique119оформленочасть1,1,2026-09-10,2,206,56,7,3.4,52,0,0
1413.team,team,archive47_unique119оформленочасть1,1,2026-09-10,2,206,56,7,3.4,46,0,0
8292.team,team,archive47_unique119оформленочасть1,1,2026-09-10,2,206,56,6,2.9,65,0,0
casino29.team,team,archive47_unique119оформленочасть1,1,2026-09-10,2,206,56,6,2.9,59,0,0
1038.team,team,archive47_unique119оформленочасть1,1,2026-09-10,2,206,56,6,2.9,144,0,0
luts.team,team,archive47_unique119оформленочасть1,1,2026-09-10,2,206,56,5,2.4,29,0,0
jbyp.team,team,archive47_unique119оформленочасть1,1,2026-09-10,2,206,56,5,2.4,115,0,0
0491.team,team,archive47_unique119оформленочасть1,1,2026-09-10,2,206,56,3,1.5,7,0,0
7761.team,team,archive47_unique119оформленочасть1,1,2026-09-10,2,206,56,3,1.5,4,0,0
tgga.team,team,archive47_unique119оформленочасть1,1,2026-09-10,2,206,56,3,1.5,37,0,0
63casino.team,team,archive47_unique119оформленочасть1,1,2026-09-10,2,206,56,3,1.5,10,0,0
qodu.team,team,archive47_unique119оформленочасть1,1,2026-09-10,2,206,56,2,1.0,5,0,0
casinojj.team,team,archive47_unique119оформленочасть1,1,2026-09-10,2,206,56,2,1.0,39,0,0
pdmw.lol,lol,archive47_unique119оформленочасть2,1,2026-09-09,2,206,56,29,14.1,377,0,0
jbrh.casino,casino,archive47_unique119оформленочасть2,1,2026-09-09,2,206,56,22,10.7,1075,1,0
6480.lol,lol,archive47_unique119оформленочасть2,1,2026-09-09,2,206,56,21,10.2,231,1,0
d8y5.lol,lol,archive47_unique119оформленочасть2,1,2026-09-09,2,206,56,21,10.2,190,0,0
9383.team,team,archive47_unique119оформленочасть2,1,2026-09-10,2,206,56,18,8.7,557,0,0
0299.team,team,archive47_unique119оформленочасть2,1,2026-09-10,2,206,56,14,6.8,894,0,0
9126.team,team,archive47_unique119оформленочасть2,1,2026-09-10,2,206,56,14,6.8,375,0,0
0273.team,team,archive47_unique119оформленочасть2,1,2026-09-10,2,206,56,13,6.3,723,0,0
6973.team,team,archive47_unique119оформленочасть2,1,2026-09-10,2,206,56,12,5.8,301,0,0
pfoi.team,team,archive47_unique119оформленочасть2,1,2026-09-10,2,206,56,12,5.8,330,0,0
oxbh.team,team,archive47_unique119оформленочасть2,1,2026-09-10,2,206,56,11,5.3,47,0,0
2518.team,team,archive47_unique119оформленочасть2,1,2026-09-10,2,206,56,11,5.3,247,0,0
casino6206.team,team,archive47_unique119оформленочасть2,1,2026-09-10,2,206,56,11,5.3,185,0,0
uzgcasino.team,team,archive47_unique119оформленочасть2,1,2026-09-10,2,205,55,10,4.9,114,0,0
5030.team,team,archive47_unique119оформленочасть2,1,2026-09-10,2,206,56,10,4.9,184,0,0
k9v.team,team,archive47_unique119оформленочасть2,1,2026-09-10,2,206,56,10,4.9,677,0,0
casinottb.team,team,archive47_unique119оформленочасть2,1,2026-09-10,2,206,56,9,4.4,116,0,0
casinopo.team,team,archive47_unique119оформленочасть2,1,2026-09-10,2,206,56,7,3.4,68,0,0
casinoq6.team,team,archive47_unique119оформленочасть2,1,2026-09-10,2,206,56,7,3.4,89,0,0
hjpi.team,team,archive47_unique119оформленочасть2,1,2026-09-10,2,206,56,6,2.9,86,0,0
5402.team,team,archive47_unique119оформленочасть2,1,2026-09-10,2,206,56,5,2.4,119,0,0
o6q.team,team,archive47_unique119оформленочасть2,1,2026-09-10,2,206,56,4,1.9,1579,0,0
7740.team,team,archive47_unique119оформленочасть2,1,2026-09-10,2,206,56,3,1.5,139,0,0
6477.team,team,archive47_unique119оформленочасть2,1,2026-09-10,2,206,56,1,0.5,2,0,0
1936.team,team,bortnichiydvor1,1,2026-09-06,2,206,56,31,15.0,404,0,0
5365.team,team,clean12_unique11оформлено,1,2026-09-07,2,206,56,68,33.0,5908,2,0
3434.team,team,clean12_unique11оформлено,1,2026-09-07,2,206,56,68,33.0,726,1,0
casinok7.team,team,clean12_unique11оформлено,1,2026-09-07,2,206,56,61,29.6,1147,0,0
7142.lol,lol,clean12_unique11оформлено,1,2026-09-07,2,206,56,52,25.2,1045,0,0
2528.team,team,clean12_unique11оформлено,1,2026-09-07,2,206,56,49,23.8,895,0,0
p8l7.team,team,clean12_unique11оформлено,1,2026-09-07,2,206,56,48,23.3,917,0,0
opcasino.team,team,clean12_unique11оформлено,1,2026-09-07,2,206,56,38,18.4,446,0,0
rgdf.team,team,clean12_unique11оформлено,1,2026-09-07,2,206,56,37,18.0,622,0,0
casino069.team,team,clean12_unique11оформлено,1,2026-09-07,2,206,56,36,17.5,762,0,0
7816.lol,lol,clean12_unique11оформлено,1,2026-09-07,2,206,56,18,8.7,93,1,1
0626.team,team,clean12_unique11оформлено,1,2026-09-07,2,206,56,12,5.8,227,0,0
3574.team,team,clean7_part1_50оформлено,1,2026-09-08,2,206,56,40,19.4,3390,1,1
opcasino.lol,lol,clean7_part1_50оформлено,1,2026-09-08,2,206,56,35,17.0,1956,0,0
8928.team,team,clean7_part1_50оформлено,1,2026-09-08,2,206,56,33,16.0,527,0,0
5406.lol,lol,clean7_part1_50оформлено,1,2026-09-08,2,206,56,30,14.6,1785,2,0
1556.lol,lol,clean7_part1_50оформлено,1,2026-09-08,2,206,56,30,14.6,1695,0,0
3902.lol,lol,clean7_part1_50оформлено,1,2026-09-08,2,206,56,23,11.2,633,0,0
3970.lol,lol,clean7_part1_50оформлено,1,2026-09-08,2,206,56,15,7.3,748,0,0
l9z.lol,lol,clean7_part1_50оформлено,1,2026-09-08,2,206,56,10,4.9,49,0,0
5307.lol,lol,clean7_part1_50оформлено,1,2026-09-08,2,206,56,8,3.9,29,0,0
xret.lol,lol,clean7_part1_50оформлено,1,2026-09-08,2,206,56,5,2.4,26,0,0
qxtl.casino,casino,clean7_part1_50оформлено,1,2026-09-11,2,206,56,52,25.2,3076,1,0
casinoah.team,team,clean7_part1_50оформлено,1,2026-09-11,2,206,56,49,23.8,5445,1,0
3142.team,team,clean7_part1_50оформлено,1,2026-09-11,2,206,56,40,19.4,2970,0,0
efsr.casino,casino,clean7_part1_50оформлено,1,2026-09-11,2,206,56,38,18.4,2391,0,0
hshl.casino,casino,clean7_part1_50оформлено,1,2026-09-11,2,206,56,37,18.0,2309,0,0
slkz.team,team,clean7_part1_50оформлено,1,2026-09-11,2,206,56,32,15.5,366,0,0
5609.team,team,clean7_part1_50оформлено,1,2026-09-11,2,206,56,32,15.5,331,0,0
1025.team,team,clean7_part1_50оформлено,1,2026-09-11,2,206,56,28,13.6,475,2,0
casinowm.lol,lol,clean7_part1_50оформлено,1,2026-09-11,2,206,56,26,12.6,156,0,0
j4l8.team,team,clean7_part1_50оформлено,1,2026-09-11,2,206,56,25,12.1,347,0,0
9799.team,team,clean7_part1_50оформлено,1,2026-09-11,2,206,56,25,12.1,1513,1,0
casinog1.team,team,clean7_part1_50оформлено,1,2026-09-11,2,206,56,24,11.7,689,0,0
e4h1.casino,casino,clean7_part1_50оформлено,1,2026-09-11,2,206,56,22,10.7,756,0,0
5648.lol,lol,clean7_part1_50оформлено,1,2026-09-11,2,206,56,22,10.7,980,0,0
d1c3.team,team,clean7_part1_50оформлено,1,2026-09-11,2,206,56,21,10.2,283,0,0
2930.team,team,clean7_part1_50оформлено,1,2026-09-11,2,206,56,21,10.2,585,0,0
8975.team,team,clean7_part1_50оформлено,1,2026-09-11,2,206,56,21,10.2,166,0,0
854casino.team,team,clean7_part1_50оформлено,1,2026-09-11,2,206,56,19,9.2,204,0,0
casinojxu.team,team,clean7_part1_50оформлено,1,2026-09-11,2,206,56,19,9.2,540,0,0
casino62.lol,lol,clean7_part1_50оформлено,1,2026-09-11,2,206,56,18,8.7,936,0,0
xqzs.team,team,clean7_part1_50оформлено,1,2026-09-11,2,206,56,17,8.3,644,1,0
2384.lol,lol,clean7_part1_50оформлено,1,2026-09-11,2,206,56,16,7.8,2215,0,0
casino4552.team,team,clean7_part1_50оформлено,1,2026-09-11,2,206,56,15,7.3,287,0,0
4797.lol,lol,clean7_part1_50оформлено,1,2026-09-11,2,206,56,14,6.8,162,0,0
ybcc.lol,lol,clean7_part1_50оформлено,1,2026-09-11,2,206,56,13,6.3,446,0,0
3411.lol,lol,clean7_part1_50оформлено,1,2026-09-11,2,206,56,13,6.3,311,0,0
butcasino.team,team,clean7_part1_50оформлено,1,2026-09-11,2,206,56,13,6.3,281,0,0
4100.team,team,clean7_part1_50оформлено,1,2026-09-11,2,206,56,13,6.3,340,0,0
5659.team,team,clean7_part1_50оформлено,1,2026-09-11,2,206,56,12,5.8,547,0,0
casino8189.lol,lol,clean7_part1_50оформлено,1,2026-09-11,2,206,56,11,5.3,194,0,0
5523.lol,lol,clean7_part1_50оформлено,1,2026-09-11,2,206,56,10,4.9,117,0,0
0831.lol,lol,clean7_part1_50оформлено,1,2026-09-11,2,206,56,8,3.9,300,0,0
mscasino.lol,lol,clean7_part1_50оформлено,1,2026-09-11,2,206,56,8,3.9,42,0,0
2771.lol,lol,clean7_part1_50оформлено,1,2026-09-11,2,206,56,8,3.9,596,0,0
kpkl.casino,casino,clean7_part1_50оформлено,1,2026-09-11,2,206,56,7,3.4,55,0,0
1819.lol,lol,clean7_part1_50оформлено,1,2026-09-11,2,206,56,6,2.9,26,0,0
y1n.lol,lol,clean7_part1_50оформлено,1,2026-09-11,2,206,56,6,2.9,38,0,0
casinoycm.team,team,clean7_part1_50оформлено,1,2026-09-11,2,206,56,6,2.9,25,0,0
7342.lol,lol,clean7_part1_50оформлено,1,2026-09-11,2,206,56,4,1.9,268,0,0
uyqcasino.team,team,clean7_part1_50оформлено,1,2026-09-11,2,206,56,2,1.0,23,1,0
qwmt.lol,lol,content-2026-09-12-12str-oform,1,2026-09-14,2,206,56,6,2.9,11,0,0
0189.lol,lol,content-2026-09-12-12str-oform,1,2026-09-14,2,206,56,1,0.5,2,0,0
2848.lol,lol,content-2026-09-12-12str-oform,1,2026-09-14,2,206,56,0,0.0,0,0,0
rzacasino.lol,lol,content-2026-09-12-7str-oform,1,2026-09-12,2,206,56,42,20.4,488,0,0
1081.team,team,content-2026-09-12-7str-oform,1,2026-09-12,2,206,56,38,18.4,5916,0,0
mhpl.lol,lol,content-2026-09-12-7str-oform,1,2026-09-12,2,206,56,35,17.0,1298,0,0
9051.team,team,content-2026-09-12-7str-oform,1,2026-09-12,2,206,56,35,17.0,1315,2,2
casinoar.team,team,content-2026-09-12-7str-oform,1,2026-09-12,2,206,56,30,14.6,778,0,0
casinob3.lol,lol,content-2026-09-12-7str-oform,1,2026-09-12,2,206,56,29,14.1,684,2,0
yxuk.team,team,content-2026-09-12-7str-oform,1,2026-09-12,2,206,56,27,13.1,426,0,0
zgin.team,team,content-2026-09-12-7str-oform,1,2026-09-12,2,206,56,27,13.1,899,0,0
t8s4.lol,lol,content-2026-09-12-7str-oform,1,2026-09-12,2,206,56,27,13.1,246,1,0
wssi.team,team,content-2026-09-12-7str-oform,1,2026-09-12,2,206,56,24,11.7,456,0,0
0417.team,team,content-2026-09-12-7str-oform,1,2026-09-12,2,206,56,22,10.7,374,0,0
0328.team,team,content-2026-09-12-7str-oform,1,2026-09-12,2,206,56,22,10.7,647,0,0
1209ss.casino,casino,content-2026-09-12-7str-oform,1,2026-09-12,2,206,56,22,10.7,270,0,0
brlu.team,team,content-2026-09-12-7str-oform,1,2026-09-12,2,206,56,21,10.2,688,1,0
7969.team,team,content-2026-09-12-7str-oform,1,2026-09-12,2,206,56,20,9.7,447,0,0
casino8915.lol,lol,content-2026-09-12-7str-oform,1,2026-09-12,2,206,56,19,9.2,247,0,0
casino378.lol,lol,content-2026-09-12-7str-oform,1,2026-09-12,2,206,56,18,8.7,1439,0,0
42casino.lol,lol,content-2026-09-12-7str-oform,1,2026-09-12,2,206,56,18,8.7,384,0,0
n9t.team,team,content-2026-09-12-7str-oform,1,2026-09-12,2,206,56,18,8.7,269,0,0
2250.team,team,content-2026-09-12-7str-oform,1,2026-09-12,2,206,56,18,8.7,439,0,0
g3p0.lol,lol,content-2026-09-12-7str-oform,1,2026-09-12,2,206,56,18,8.7,224,0,0
0574.team,team,content-2026-09-12-7str-oform,1,2026-09-12,2,206,56,17,8.3,130,0,0
3002.lol,lol,content-2026-09-12-7str-oform,1,2026-09-12,2,206,56,17,8.3,645,0,0
casinojih.lol,lol,content-2026-09-12-7str-oform,1,2026-09-12,2,206,56,17,8.3,425,0,0
v2b.team,team,content-2026-09-12-7str-oform,1,2026-09-12,2,206,56,17,8.3,208,0,0
h8v.team,team,content-2026-09-12-7str-oform,1,2026-09-12,2,206,56,17,8.3,136,0,0
3885casino.team,team,content-2026-09-12-7str-oform,1,2026-09-12,2,206,56,16,7.8,942,0,0
2120.team,team,content-2026-09-12-7str-oform,1,2026-09-12,2,206,56,16,7.8,111,0,0
21casino.team,team,content-2026-09-12-7str-oform,1,2026-09-12,2,206,56,16,7.8,316,0,0
9263casino.team,team,content-2026-09-12-7str-oform,1,2026-09-12,2,206,56,16,7.8,85,0,0
1209dd.casino,casino,content-2026-09-12-7str-oform,1,2026-09-12,2,206,56,16,7.8,216,0,0
npj.lol,lol,content-2026-09-12-7str-oform,1,2026-09-12,2,206,56,15,7.3,563,0,0
xwbw.team,team,content-2026-09-12-7str-oform,1,2026-09-12,2,206,56,15,7.3,236,0,0
0148.team,team,content-2026-09-12-7str-oform,1,2026-09-12,2,206,56,15,7.3,103,0,0
ovucasino.team,team,content-2026-09-12-7str-oform,1,2026-09-12,2,206,56,14,6.8,383,0,0
watc.team,team,content-2026-09-12-7str-oform,1,2026-09-12,2,206,56,13,6.3,101,0,0
615casino.team,team,content-2026-09-12-7str-oform,1,2026-09-12,2,206,56,13,6.3,144,0,0
o0n4.lol,lol,content-2026-09-12-7str-oform,1,2026-09-12,2,206,56,12,5.8,160,0,0
tuoa.team,team,content-2026-09-12-7str-oform,1,2026-09-12,2,206,56,11,5.3,389,0,0
7728.team,team,content-2026-09-12-7str-oform,1,2026-09-12,2,206,56,11,5.3,284,0,0
5740.team,team,content-2026-09-12-7str-oform,1,2026-09-12,2,206,56,11,5.3,137,0,0
khev.lol,lol,content-2026-09-12-7str-oform,1,2026-09-12,2,206,56,11,5.3,276,0,0
casino5829.team,team,content-2026-09-12-7str-oform,1,2026-09-12,2,206,56,10,4.9,367,0,0
8491.team,team,content-2026-09-12-7str-oform,1,2026-09-12,2,206,56,10,4.9,131,0,0
5046.team,team,content-2026-09-12-7str-oform,1,2026-09-12,2,206,56,10,4.9,91,0,0
3001.lol,lol,content-2026-09-12-7str-oform,1,2026-09-12,2,206,56,10,4.9,87,0,0
3508.lol,lol,content-2026-09-12-7str-oform,1,2026-09-12,2,206,56,9,4.4,46,0,0
8436casino.lol,lol,content-2026-09-12-7str-oform,1,2026-09-12,2,206,56,9,4.4,65,0,0
hfhf.team,team,content-2026-09-12-7str-oform,1,2026-09-12,2,206,56,8,3.9,81,0,0
casino1209s.casino,casino,content-2026-09-12-7str-oform,1,2026-09-12,2,206,56,8,3.9,282,0,0
vngr.team,team,content-2026-09-12-7str-oform,1,2026-09-12,2,206,56,8,3.9,21,0,0
7410.team,team,content-2026-09-12-7str-oform,1,2026-09-12,2,206,56,8,3.9,162,0,0
tiff.team,team,content-2026-09-12-7str-oform,1,2026-09-12,2,206,56,7,3.4,193,0,0
u5k4.team,team,content-2026-09-12-7str-oform,1,2026-09-12,2,206,56,7,3.4,68,0,0
1970.team,team,content-2026-09-12-7str-oform,1,2026-09-12,2,206,56,7,3.4,39,0,0
378casino.team,team,content-2026-09-12-7str-oform,1,2026-09-12,2,206,56,7,3.4,857,0,0
oopf.team,team,content-2026-09-12-7str-oform,1,2026-09-12,2,206,56,6,2.9,29,0,0
rplcasino.lol,lol,content-2026-09-12-7str-oform,1,2026-09-12,2,206,56,6,2.9,23,0,0
6581casino.team,team,content-2026-09-12-7str-oform,1,2026-09-12,2,206,56,6,2.9,54,0,0
1373.lol,lol,content-2026-09-12-7str-oform,1,2026-09-12,2,206,56,6,2.9,167,0,0
022casino.team,team,content-2026-09-12-7str-oform,1,2026-09-12,2,206,56,6,2.9,81,0,0
casino4614.team,team,content-2026-09-12-7str-oform,1,2026-09-12,2,206,56,6,2.9,253,0,0
uqg.lol,lol,content-2026-09-12-7str-oform,1,2026-09-12,2,206,56,5,2.4,12,0,0
evcasino.team,team,content-2026-09-12-7str-oform,1,2026-09-12,2,206,56,5,2.4,69,0,0
2532.team,team,content-2026-09-12-7str-oform,1,2026-09-12,2,206,56,5,2.4,26,0,0
hdvg.casino,casino,content-2026-09-12-7str-oform,1,2026-09-12,2,206,56,5,2.4,226,0,0
vitt.lol,lol,content-2026-09-12-7str-oform,1,2026-09-12,2,206,56,5,2.4,69,0,0
4489.lol,lol,content-2026-09-12-7str-oform,1,2026-09-12,2,206,56,5,2.4,42,0,0
2273.team,team,content-2026-09-12-7str-oform,1,2026-09-12,2,205,55,4,2.0,42,0,0
8347.team,team,content-2026-09-12-7str-oform,1,2026-09-12,2,206,56,4,1.9,207,0,0
casino806.lol,lol,content-2026-09-12-7str-oform,1,2026-09-12,2,206,56,4,1.9,114,0,0
8374casino.lol,lol,content-2026-09-12-7str-oform,1,2026-09-12,2,206,56,3,1.5,11,0,0
4253.team,team,content-2026-09-12-7str-oform,1,2026-09-12,2,206,56,3,1.5,65,0,0
0784.team,team,content-2026-09-12-7str-oform,1,2026-09-12,2,206,56,3,1.5,43,0,0
5076casino.lol,lol,content-2026-09-12-7str-oform,1,2026-09-12,2,206,56,3,1.5,13,0,0
itrv.team,team,content-2026-09-12-7str-oform,1,2026-09-12,2,206,56,2,1.0,15,0,0
qcfi.team,team,content-2026-09-12-7str-oform,1,2026-09-12,2,206,56,1,0.5,18,0,0
casinorlj.team,team,content-2026-09-12-7str-oform,1,2026-09-12,2,206,56,0,0.0,13,0,0
2163.lol,lol,content-2026-09-12-7str-oform,1,2026-09-13,2,206,56,34,16.5,392,0,0
casino122.team,team,content-2026-09-12-7str-oform,1,2026-09-13,2,206,56,30,14.6,3332,1,0
5831.lol,lol,content-2026-09-12-7str-oform,1,2026-09-13,2,206,56,27,13.1,295,0,0
cxqj.team,team,content-2026-09-12-7str-oform,1,2026-09-13,2,206,56,23,11.2,823,0,0
casinolg.team,team,content-2026-09-12-7str-oform,1,2026-09-13,2,206,56,21,10.2,330,0,0
3176.team,team,content-2026-09-12-7str-oform,1,2026-09-13,2,206,56,20,9.7,688,0,0
diou.lol,lol,content-2026-09-12-7str-oform,1,2026-09-13,2,206,56,19,9.2,1225,0,0
6800.lol,lol,content-2026-09-12-7str-oform,1,2026-09-13,2,206,56,19,9.2,1605,0,0
4591.lol,lol,content-2026-09-12-7str-oform,1,2026-09-13,2,206,56,18,8.7,194,0,0
casino69.team,team,content-2026-09-12-7str-oform,1,2026-09-13,2,206,56,18,8.7,2190,0,0
zimy.lol,lol,content-2026-09-12-7str-oform,1,2026-09-13,2,206,56,16,7.8,310,0,0
nmle.team,team,content-2026-09-12-7str-oform,1,2026-09-13,2,206,56,16,7.8,2447,0,0
4212.team,team,content-2026-09-12-7str-oform,1,2026-09-13,2,206,56,15,7.3,256,0,0
2242.team,team,content-2026-09-12-7str-oform,1,2026-09-13,2,206,56,13,6.3,65,0,0
8848.lol,lol,content-2026-09-12-7str-oform,1,2026-09-13,2,206,56,12,5.8,175,0,0
casinos7.team,team,content-2026-09-12-7str-oform,1,2026-09-13,2,206,56,11,5.3,467,0,0
9765.team,team,content-2026-09-12-7str-oform,1,2026-09-13,2,206,56,8,3.9,267,0,0
casinoqqo.team,team,content-2026-09-12-7str-oform,1,2026-09-13,2,206,56,7,3.4,157,0,0
0427.lol,lol,content-2026-09-12-7str-oform,1,2026-09-13,2,206,56,6,2.9,14,0,0
gqfw.lol,lol,content-2026-09-12-7str-oform,1,2026-09-13,2,206,56,6,2.9,84,0,0
casinou1.team,team,content-2026-09-12-7str-oform,1,2026-09-13,2,206,56,6,2.9,296,0,0
p7x7.team,team,content-2026-09-12-7str-oform,1,2026-09-13,2,206,56,6,2.9,49,0,0
t6n1.team,team,content-2026-09-12-7str-oform,1,2026-09-13,2,206,56,5,2.4,26,0,0
e6c.team,team,content-2026-09-12-7str-oform,1,2026-09-13,2,206,56,5,2.4,16,0,0
p3p.team,team,content-2026-09-12-7str-oform,1,2026-09-13,2,206,56,1,0.5,3,0,0
tpzz.lol,lol,content-2026-09-12-7str-oform,1,2026-09-13,2,206,56,0,0.0,2,0,0
casinocky.lol,lol,content-2026-09-12-7str-oform,1,2026-09-13,2,206,56,0,0.0,0,0,0
lrch.lol,lol,content-2026-09-12-7str-oform,1,2026-09-13,2,206,56,0,0.0,0,0,0
vbiz.lol,lol,content-2026-09-12-7str-oform,1,2026-09-13,2,206,56,0,0.0,1,0,0
llnh.team,team,content-2026-09-12-7str-oform,1,2026-09-13,2,206,56,0,0.0,15,0,0
ejucasino.lol,lol,content-2026-09-12-7str-oform,1,2026-09-14,2,206,56,18,8.7,554,0,0
gmcasino.lol,lol,content-2026-09-12-7str-oform,1,2026-09-14,2,206,56,17,8.3,309,0,0
x2v4.lol,lol,content-2026-09-12-7str-oform,1,2026-09-14,2,206,56,10,4.9,31,1,0
casinot0.lol,lol,content-2026-09-12-7str-oform,1,2026-09-14,2,206,56,8,3.9,72,0,0
5377.lol,lol,content-2026-09-12-7str-oform,1,2026-09-14,2,206,56,5,2.4,12,0,0
casinox5.lol,lol,content-2026-09-12-7str-oform,1,2026-09-14,2,206,56,4,1.9,20,0,0
2494.lol,lol,content-2026-09-12-7str-oform,1,2026-09-14,2,206,56,4,1.9,6,0,0
9766.lol,lol,content-2026-09-12-7str-oform,1,2026-09-14,2,206,56,3,1.5,9,0,0
3469.lol,lol,content-2026-09-12-7str-oform,1,2026-09-14,2,206,56,0,0.0,0,0,0
0085.lol,lol,content-2026-09-12-7str-oform,1,2026-09-14,2,206,56,0,0.0,0,0,0
eyoz.lol,lol,content-2026-09-12-7str-oform,1,2026-09-14,2,206,56,0,0.0,0,0,0
0036.lol,lol,content-2026-09-12-7str-oform,1,2026-09-14,2,206,56,0,0.0,22,0,0
453casino.lol,lol,content-2026-09-12-7str-oform,1,2026-09-14,2,206,56,0,0.0,0,0,0
3709.team,team,content-2026-09-14-12str-oform,1,2026-09-14,2,206,56,53,25.7,433,1,0
casino3416.team,team,content-2026-09-14-12str-oform,1,2026-09-14,2,206,56,49,23.8,2227,0,0
casinor4.lol,lol,content-2026-09-14-12str-oform,1,2026-09-14,2,206,56,49,23.8,522,0,0
casinoucp.lol,lol,content-2026-09-14-12str-oform,1,2026-09-14,2,206,56,47,22.8,1148,0,0
casinogsl.lol,lol,content-2026-09-14-12str-oform,1,2026-09-14,2,206,56,45,21.8,461,0,0
9456.lol,lol,content-2026-09-14-12str-oform,1,2026-09-14,2,206,56,41,19.9,498,0,0
4691.lol,lol,content-2026-09-14-12str-oform,1,2026-09-14,2,206,56,38,18.4,487,0,0
lbpy.team,team,content-2026-09-14-12str-oform,1,2026-09-14,2,206,56,31,15.0,401,0,0
0783.lol,lol,content-2026-09-14-12str-oform,1,2026-09-14,2,206,56,28,13.6,1026,0,0
ykvm.team,team,content-2026-09-14-12str-oform,1,2026-09-14,2,206,56,26,12.6,175,0,0
8995.team,team,content-2026-09-14-12str-oform,1,2026-09-14,2,206,56,24,11.7,105,0,0
4982.team,team,content-2026-09-14-12str-oform,1,2026-09-14,2,206,56,22,10.7,239,1,0
xsjb.team,team,content-2026-09-14-12str-oform,1,2026-09-14,2,206,56,16,7.8,206,0,0
2138.team,team,content-2026-09-14-12str-oform,1,2026-09-14,2,206,56,4,1.9,14,0,0
9237.team,team,content-2026-09-14-12str-oform,1,2026-09-14,2,206,56,3,1.5,8,0,0
casino395.team,team,content-2026-09-14-12str-oform,1,2026-09-14,2,206,56,0,0.0,13,0,0
casinorty.lol,lol,content-2026-09-14-7str-oform-1,1,2026-09-15,2,206,56,33,16.0,255,0,0
casino00.team,team,content-2026-09-14-7str-oform-1,1,2026-09-15,2,206,56,28,13.6,435,0,0
9131.lol,lol,content-2026-09-14-7str-oform-1,1,2026-09-15,2,206,56,26,12.6,117,0,0
1287.lol,lol,content-2026-09-14-7str-oform-1,1,2026-09-15,2,206,56,15,7.3,108,0,0
662casino.lol,lol,content-2026-09-14-7str-oform-1,1,2026-09-15,2,206,56,10,4.9,21,0,0
8083.team,team,content-2026-09-14-7str-oform-1,1,2026-09-15,2,206,56,8,3.9,505,1,0
8325.lol,lol,content-2026-09-14-7str-oform-1,1,2026-09-15,2,206,56,8,3.9,19,0,0
3989.team,team,content-2026-09-14-7str-oform-1,1,2026-09-15,2,206,56,7,3.4,27,0,0
8380.team,team,content-2026-09-14-7str-oform-1,1,2026-09-15,2,206,56,7,3.4,33,0,0
76casino.team,team,content-2026-09-14-7str-oform-8,1,2026-09-14,2,206,56,28,13.6,235,0,0
5652.team,team,content-2026-09-14-7str-oform-8,1,2026-09-14,2,206,56,28,13.6,123,0,0
f8t4.team,team,content-2026-09-14-7str-oform-8,1,2026-09-14,2,206,56,28,13.6,134,0,0
casinojq.team,team,content-2026-09-14-7str-oform-8,1,2026-09-14,2,206,56,25,12.1,106,0,0
casino160.lol,lol,content-2026-09-14-7str-oform-8,1,2026-09-14,2,206,56,25,12.1,145,0,0
6390.lol,lol,content-2026-09-14-7str-oform-8,1,2026-09-14,2,206,56,23,11.2,330,0,0
1494.lol,lol,content-2026-09-14-7str-oform-8,1,2026-09-14,2,206,56,19,9.2,51,0,0
1959.team,team,content-2026-09-14-7str-oform-8,1,2026-09-14,2,206,56,18,8.7,97,0,0
4885.lol,lol,content-2026-09-14-7str-oform-8,1,2026-09-14,2,206,56,16,7.8,58,0,0
f3a.lol,lol,content-2026-09-14-7str-oform-8,1,2026-09-14,2,206,56,16,7.8,54,0,0
9341.lol,lol,content-2026-09-14-7str-oform-8,1,2026-09-14,2,206,56,16,7.8,171,0,0
4970.team,team,content-2026-09-14-7str-oform-8,1,2026-09-14,2,206,56,13,6.3,58,0,0
h9y9.lol,lol,content-2026-09-14-7str-oform-8,1,2026-09-14,3,206,157,13,6.3,79,0,0
1061.lol,lol,content-2026-09-14-7str-oform-8,1,2026-09-14,2,206,56,10,4.9,24,0,0
1054.lol,lol,content-2026-09-14-7str-oform-8,1,2026-09-14,2,206,56,8,3.9,48,0,0
7412.team,team,content-2026-09-14-7str-oform-8,1,2026-09-14,2,206,56,6,2.9,33,0,0
9085.team,team,content-2026-09-14-7str-oform-8,1,2026-09-14,2,206,56,5,2.4,206,0,0
689casino.lol,lol,content-2026-09-14-7str-oform-8,1,2026-09-14,2,206,56,4,1.9,6,0,0
cpcasino.lol,lol,content-2026-09-14-7str-oform-8,1,2026-09-15,2,206,56,38,18.4,615,0,0
casinofgp.lol,lol,content-2026-09-14-7str-oform-8,1,2026-09-15,2,206,56,32,15.5,586,0,0
oxin.lol,lol,content-2026-09-14-7str-oform-8,1,2026-09-15,2,206,56,27,13.1,1148,0,0
m3e.lol,lol,content-2026-09-14-7str-oform-8,1,2026-09-15,2,206,56,21,10.2,158,0,0
d7w5.lol,lol,content-2026-09-14-7str-oform-8,1,2026-09-15,2,206,56,11,5.3,184,0,0
8159.lol,lol,content-2026-09-14-7str-oform-8,1,2026-09-15,2,206,56,9,4.4,45,0,0
q8l4.lol,lol,content-2026-09-14-7str-oform-8,1,2026-09-15,2,206,56,9,4.4,877,0,0
0786.team,team,content-2026-09-14-7str-oform-9,1,2026-09-15,2,206,56,42,20.4,510,0,0
r6a3.lol,lol,content-2026-09-14-7str-oform-9,1,2026-09-15,2,206,56,42,20.4,349,1,1
1530.team,team,content-2026-09-14-7str-oform-9,1,2026-09-15,2,206,56,41,19.9,1441,3,0
59casino.team,team,content-2026-09-14-7str-oform-9,1,2026-09-15,2,206,56,40,19.4,626,0,0
jqcasino.team,team,content-2026-09-14-7str-oform-9,1,2026-09-15,2,206,56,35,17.0,533,0,0
4860.team,team,content-2026-09-14-7str-oform-9,1,2026-09-15,2,206,56,34,16.5,548,0,0
9836.team,team,content-2026-09-14-7str-oform-9,1,2026-09-15,2,206,56,34,16.5,189,0,0
3789.team,team,content-2026-09-14-7str-oform-9,1,2026-09-15,2,206,56,31,15.0,513,0,0
7790.team,team,content-2026-09-14-7str-oform-9,1,2026-09-15,2,206,56,30,14.6,154,0,0
zlxm.team,team,content-2026-09-14-7str-oform-9,1,2026-09-15,2,206,56,29,14.1,439,0,0
o3d.team,team,content-2026-09-14-7str-oform-9,1,2026-09-15,2,206,56,28,13.6,778,0,0
fjuw.lol,lol,content-2026-09-14-7str-oform-9,1,2026-09-15,2,206,56,26,12.6,256,0,0
casino63.team,team,content-2026-09-14-7str-oform-9,1,2026-09-15,2,206,56,24,11.7,153,0,0
3744.team,team,content-2026-09-14-7str-oform-9,1,2026-09-15,2,206,56,19,9.2,92,0,0
yadn.lol,lol,content-2026-09-14-7str-oform-9,1,2026-09-15,2,206,56,19,9.2,384,0,0
casinoxm.team,team,content-2026-09-14-7str-oform-9,1,2026-09-15,2,206,56,16,7.8,233,0,0
6775casino.team,team,content-2026-09-14-7str-oform-9,1,2026-09-15,2,206,56,16,7.8,166,0,0
0431.team,team,content-2026-09-14-7str-oform-9,1,2026-09-15,2,206,56,16,7.8,76,0,0
kjrcasino.team,team,content-2026-09-14-7str-oform-9,1,2026-09-15,2,206,56,15,7.3,652,0,0
1820casino.team,team,content-2026-09-14-7str-oform-9,1,2026-09-15,2,206,56,15,7.3,461,0,0
casinoqr.team,team,content-2026-09-14-7str-oform-9,1,2026-09-15,2,206,56,14,6.8,574,0,0
nfdh.team,team,content-2026-09-14-7str-oform-9,1,2026-09-15,2,206,56,14,6.8,35,0,0
6277.team,team,content-2026-09-14-7str-oform-9,1,2026-09-15,2,206,56,14,6.8,55,0,0
39casino.lol,lol,content-2026-09-14-7str-oform-9,1,2026-09-15,2,206,56,14,6.8,69,0,0
682casino.team,team,content-2026-09-14-7str-oform-9,1,2026-09-15,2,206,56,13,6.3,743,0,0
7859.team,team,content-2026-09-14-7str-oform-9,1,2026-09-15,2,206,56,13,6.3,1163,0,0
6907.team,team,content-2026-09-14-7str-oform-9,1,2026-09-15,2,206,56,11,5.3,75,0,0
9882.team,team,content-2026-09-14-7str-oform-9,1,2026-09-15,2,206,56,10,4.9,256,0,0
6393.team,team,content-2026-09-14-7str-oform-9,1,2026-09-15,2,206,56,4,1.9,13,0,0
casinorca.team,team,content-2026-09-14b-7str-oform-1,1,2026-09-17,2,206,56,53,25.7,883,0,0
1980.lol,lol,content-2026-09-14b-7str-oform-1,1,2026-09-17,2,206,56,52,25.2,2254,0,0
7983.team,team,content-2026-09-14b-7str-oform-1,1,2026-09-17,2,206,56,44,21.4,345,0,0
casino5341.lol,lol,content-2026-09-14b-7str-oform-1,1,2026-09-17,2,206,56,37,18.0,502,0,0
jnpz.lol,lol,content-2026-09-14b-7str-oform-1,1,2026-09-17,2,206,56,32,15.5,327,0,0
5628.team,team,content-2026-09-14b-7str-oform-1,1,2026-09-17,2,206,56,32,15.5,384,0,0
casinoni.lol,lol,content-2026-09-14b-7str-oform-1,1,2026-09-17,2,206,56,25,12.1,475,0,0
yjim.team,team,content-2026-09-14b-7str-oform-1,1,2026-09-17,2,206,56,23,11.2,619,0,0
casinofg.team,team,content-2026-09-14b-7str-oform-1,1,2026-09-17,2,206,56,23,11.2,378,0,0
8077.team,team,content-2026-09-14b-7str-oform-1,1,2026-09-17,2,206,56,21,10.2,814,0,0
5403.team,team,content-2026-09-14b-7str-oform-1,1,2026-09-17,2,206,56,14,6.8,71,0,0
8514.lol,lol,content-2026-09-14b-7str-oform-1,1,2026-09-17,2,206,56,10,4.9,44,0,0
0887.lol,lol,content-2026-09-14b-7str-oform-1,1,2026-09-17,2,206,56,5,2.4,6,0,0
casino423.lol,lol,content-2026-09-14b-7str-oform-1,1,2026-09-17,2,206,56,4,1.9,69,0,0
casino0469.lol,lol,content-2026-09-14b-7str-oform-1,1,2026-09-17,2,206,56,3,1.5,6,0,0
6258.team,team,content-2026-09-14b-7str-oform-1,1,2026-09-17,2,206,56,2,1.0,2,0,0
0581.lol,lol,content-2026-09-14b-7str-oform-1,1,2026-09-17,2,206,56,1,0.5,11,0,0
casinoz7.lol,lol,content-2026-09-14b-7str-oform-1,1,2026-09-17,2,206,56,0,0.0,0,0,0
8352.team,team,content-2026-09-14b-7str-oform-1,1,2026-09-17,2,206,56,0,0.0,7,0,0
casinozr.lol,lol,content-2026-09-14b-7str-oform-1,1,2026-09-18,1,150,0,23,15.3,511,0,0
jgd.lol,lol,content-2026-09-14b-7str-oform-1,1,2026-09-18,1,150,0,10,6.7,169,0,0
zodd.lol,lol,content-2026-09-14b-7str-oform-1,1,2026-09-18,1,150,0,5,3.3,16,0,0
vecasino.lol,lol,content-2026-09-14b-7str-oform-2,1,2026-09-15,2,206,56,68,33.0,4714,1,1
csccasino.team,team,content-2026-09-14b-7str-oform-2,1,2026-09-15,2,206,56,63,30.6,2943,0,0
casinoxr.lol,lol,content-2026-09-14b-7str-oform-2,1,2026-09-15,2,206,56,58,28.2,2889,0,0
itym.team,team,content-2026-09-14b-7str-oform-2,1,2026-09-15,2,206,56,57,27.7,2816,2,1
d5r.team,team,content-2026-09-14b-7str-oform-2,1,2026-09-15,2,206,56,55,26.7,504,0,0
3479.team,team,content-2026-09-14b-7str-oform-2,1,2026-09-15,2,206,56,52,25.2,1956,0,0
678casino.team,team,content-2026-09-14b-7str-oform-2,1,2026-09-15,2,206,56,50,24.3,705,0,0
g5c3.lol,lol,content-2026-09-14b-7str-oform-2,1,2026-09-15,2,206,56,41,19.9,541,0,0
nffn.team,team,content-2026-09-14b-7str-oform-2,1,2026-09-15,2,206,56,37,18.0,757,0,0
ttbz.team,team,content-2026-09-14b-7str-oform-2,1,2026-09-15,2,206,56,36,17.5,178,0,0
8531.team,team,content-2026-09-14b-7str-oform-2,1,2026-09-15,2,206,56,35,17.0,794,0,0
diii.team,team,content-2026-09-14b-7str-oform-2,1,2026-09-15,2,206,56,35,17.0,847,0,0
2159casino.team,team,content-2026-09-14b-7str-oform-2,1,2026-09-15,2,206,56,34,16.5,1536,1,0
1014.lol,lol,content-2026-09-14b-7str-oform-2,1,2026-09-15,2,206,56,34,16.5,352,0,0
3294casino.team,team,content-2026-09-14b-7str-oform-2,1,2026-09-15,2,206,56,34,16.5,305,0,0
lwqm.team,team,content-2026-09-14b-7str-oform-2,1,2026-09-15,2,206,56,29,14.1,948,0,0
566casino.team,team,content-2026-09-14b-7str-oform-2,1,2026-09-15,2,206,56,29,14.1,219,0,0
4954.team,team,content-2026-09-14b-7str-oform-2,1,2026-09-15,2,206,56,29,14.1,141,0,0
3081.team,team,content-2026-09-14b-7str-oform-2,1,2026-09-15,2,206,56,28,13.6,287,0,0
2404.lol,lol,content-2026-09-14b-7str-oform-2,1,2026-09-15,2,206,56,27,13.1,216,0,0
k3b5.team,team,content-2026-09-14b-7str-oform-2,1,2026-09-15,2,206,56,25,12.1,158,0,0
xxhcasino.team,team,content-2026-09-14b-7str-oform-2,1,2026-09-15,2,206,56,24,11.7,353,0,0
2837.team,team,content-2026-09-14b-7str-oform-2,1,2026-09-15,2,206,56,23,11.2,638,1,1
6715.team,team,content-2026-09-14b-7str-oform-2,1,2026-09-15,2,206,56,22,10.7,88,1,0
7497.team,team,content-2026-09-14b-7str-oform-2,1,2026-09-15,2,206,56,22,10.7,2698,0,0
9814.team,team,content-2026-09-14b-7str-oform-2,1,2026-09-15,2,206,56,21,10.2,212,0,0
7847.team,team,content-2026-09-14b-7str-oform-2,1,2026-09-15,2,206,56,18,8.7,97,0,0
b1l2.team,team,content-2026-09-14b-7str-oform-2,1,2026-09-15,2,206,56,17,8.3,497,0,0
hmhh.team,team,content-2026-09-14b-7str-oform-2,1,2026-09-15,2,206,56,16,7.8,47,0,0
6965.team,team,content-2026-09-14b-7str-oform-2,1,2026-09-15,2,206,56,16,7.8,346,0,0
q8k0.team,team,content-2026-09-14b-7str-oform-2,1,2026-09-15,2,206,56,15,7.3,114,0,0
0416.team,team,content-2026-09-14b-7str-oform-2,1,2026-09-15,2,206,56,10,4.9,37,0,0
5211.team,team,content-2026-09-14b-7str-oform-2,1,2026-09-15,2,206,56,3,1.5,99,0,0
casinou5.team,team,content-2026-09-14b-7str-oform-2,1,2026-09-15,2,205,55,1,0.5,274,0,0
dwyv.team,team,content-2026-09-14b-7str-oform-2,1,2026-09-16,2,206,56,35,17.0,2677,0,0
0291.lol,lol,content-2026-09-14b-7str-oform-2,1,2026-09-16,2,206,56,33,16.0,932,0,0
7371.lol,lol,content-2026-09-14b-7str-oform-2,1,2026-09-16,2,206,56,29,14.1,1225,0,0
casinob4.team,team,content-2026-09-14b-7str-oform-2,1,2026-09-16,2,206,56,25,12.1,564,0,0
d4n.lol,lol,content-2026-09-14b-7str-oform-2,1,2026-09-16,2,206,56,22,10.7,81,0,0
vdvg.lol,lol,content-2026-09-14b-7str-oform-2,1,2026-09-16,2,206,56,12,5.8,40,0,0
casinonw.team,team,content-2026-09-14b-7str-oform-2,1,2026-09-17,2,206,56,39,18.9,612,0,0
iuic.team,team,content-2026-09-14b-7str-oform-2,1,2026-09-17,2,206,56,35,17.0,388,0,0
5027.lol,lol,content-2026-09-14b-7str-oform-2,1,2026-09-17,2,206,56,33,16.0,352,0,0
vafe.team,team,content-2026-09-14b-7str-oform-2,1,2026-09-17,2,206,56,21,10.2,252,0,0
2363.lol,lol,content-2026-09-14b-7str-oform-2,1,2026-09-17,2,206,56,18,8.7,305,0,0
788casino.lol,lol,content-2026-09-14b-7str-oform-2,1,2026-09-17,2,206,56,12,5.8,74,0,0
casinoc9.team,team,content-2026-09-14b-7str-oform-2,1,2026-09-17,2,206,56,10,4.9,305,0,0
651casino.lol,lol,content-2026-09-14b-7str-oform-2,1,2026-09-17,2,206,56,9,4.4,32,0,0
casino5308.team,team,content-2026-09-14b-7str-oform-2,1,2026-09-17,2,206,56,8,3.9,61,0,0
pkbh.team,team,content-2026-09-14b-7str-oform-2,1,2026-09-17,2,206,56,7,3.4,31,0,0
casinoc7.team,team,content-2026-09-14b-7str-oform-2,1,2026-09-17,2,206,56,4,1.9,181,0,0
casinobzb.team,team,content-2026-09-14c-12str-oform,1,2026-09-15,2,206,56,93,45.1,4662,2,0
ploo.team,team,content-2026-09-14c-12str-oform,1,2026-09-15,2,206,56,86,41.7,5671,4,2
2388.team,team,content-2026-09-14c-12str-oform,1,2026-09-15,2,206,56,50,24.3,4161,0,0
wgcasino.team,team,content-2026-09-14c-12str-oform,1,2026-09-15,2,206,56,32,15.5,2542,0,0
2551.team,team,content-2026-09-14c-7str-oform-1,1,2026-09-15,2,206,56,92,44.7,8590,0,0
6200.team,team,content-2026-09-14c-7str-oform-1,1,2026-09-15,2,206,56,79,38.3,3972,1,0
1206.lol,lol,content-2026-09-14c-7str-oform-1,1,2026-09-15,2,206,56,61,29.6,2118,1,1
8130.team,team,content-2026-09-14c-7str-oform-1,1,2026-09-15,2,206,56,61,29.6,2253,0,0
588casino.lol,lol,content-2026-09-14c-7str-oform-1,1,2026-09-15,2,206,56,56,27.2,863,0,0
0558.lol,lol,content-2026-09-14c-7str-oform-1,1,2026-09-15,2,206,56,55,26.7,721,1,0
46casino.lol,lol,content-2026-09-14c-7str-oform-1,1,2026-09-15,2,206,56,53,25.7,373,0,0
2544.team,team,content-2026-09-14c-7str-oform-1,1,2026-09-15,2,206,56,51,24.8,5620,1,0
4232.team,team,content-2026-09-14c-7str-oform-1,1,2026-09-15,2,206,56,51,24.8,2832,3,0
9430.team,team,content-2026-09-14c-7str-oform-1,1,2026-09-15,2,206,56,48,23.3,3836,1,0
1792.lol,lol,content-2026-09-14c-7str-oform-1,1,2026-09-15,2,206,56,47,22.8,1818,0,0
4092.team,team,content-2026-09-14c-7str-oform-1,1,2026-09-15,2,206,56,45,21.8,2899,0,0
4269casino.team,team,content-2026-09-14c-7str-oform-1,1,2026-09-15,2,206,56,45,21.8,497,0,0
8510.team,team,content-2026-09-14c-7str-oform-1,1,2026-09-15,2,206,56,39,18.9,427,0,0
3833.lol,lol,content-2026-09-14c-7str-oform-1,1,2026-09-15,2,206,56,37,18.0,1313,0,0
3453.team,team,content-2026-09-14c-7str-oform-1,1,2026-09-15,2,206,56,35,17.0,288,0,0
7516casino.team,team,content-2026-09-14c-7str-oform-1,1,2026-09-15,2,206,56,35,17.0,599,0,0
6166.lol,lol,content-2026-09-14c-7str-oform-1,1,2026-09-15,2,206,56,34,16.5,192,0,0
8459.lol,lol,content-2026-09-14c-7str-oform-1,1,2026-09-15,2,206,56,34,16.5,369,0,0
2593.lol,lol,content-2026-09-14c-7str-oform-1,1,2026-09-15,2,206,56,33,16.0,293,0,0
1523.lol,lol,content-2026-09-14c-7str-oform-1,1,2026-09-15,2,206,56,28,13.6,819,0,0
nmii.team,team,content-2026-09-14c-7str-oform-1,1,2026-09-16,2,206,56,64,31.1,2002,0,0
aulcasino.team,team,content-2026-09-14c-7str-oform-1,1,2026-09-16,2,206,56,62,30.1,5696,1,0
casinocr.lol,lol,content-2026-09-14c-7str-oform-1,1,2026-09-16,2,206,56,60,29.1,2067,1,1
zics.team,team,content-2026-09-14c-7str-oform-1,1,2026-09-16,2,206,56,59,28.6,3094,0,0
w1l4.team,team,content-2026-09-14c-7str-oform-1,1,2026-09-16,2,206,56,53,25.7,1878,0,0
casino27.team,team,content-2026-09-14c-7str-oform-1,1,2026-09-16,2,206,56,48,23.3,1799,0,0
casinodqt.lol,lol,content-2026-09-14c-7str-oform-1,1,2026-09-16,2,206,56,47,22.8,684,0,0
p4q8.lol,lol,content-2026-09-14c-7str-oform-1,1,2026-09-16,2,206,56,46,22.3,531,1,0
t2h6.team,team,content-2026-09-14c-7str-oform-1,1,2026-09-16,2,206,56,44,21.4,258,0,0
casinox1.lol,lol,content-2026-09-14c-7str-oform-1,1,2026-09-16,2,206,56,43,20.9,1099,0,0
8838.lol,lol,content-2026-09-14c-7str-oform-1,1,2026-09-16,2,206,56,41,19.9,727,0,0
casinobwf.team,team,content-2026-09-14c-7str-oform-1,1,2026-09-16,2,206,56,40,19.4,2408,0,0
casino6166.team,team,content-2026-09-14c-7str-oform-1,1,2026-09-16,2,206,56,38,18.4,3016,0,0
casinoi0.team,team,content-2026-09-14c-7str-oform-1,1,2026-09-16,2,206,56,36,17.5,187,0,0
ymrb.team,team,content-2026-09-14c-7str-oform-1,1,2026-09-16,2,206,56,36,17.5,503,0,0
hsrk.lol,lol,content-2026-09-14c-7str-oform-1,1,2026-09-16,2,206,56,35,17.0,473,0,0
casino6204.team,team,content-2026-09-14c-7str-oform-1,1,2026-09-16,2,206,56,34,16.5,4075,0,0
xwmcasino.team,team,content-2026-09-14c-7str-oform-1,1,2026-09-16,2,206,56,32,15.5,746,0,0
iqcasino.team,team,content-2026-09-14c-7str-oform-1,1,2026-09-16,2,206,56,30,14.6,207,0,0
casino72.team,team,content-2026-09-14c-7str-oform-1,1,2026-09-16,2,206,56,26,12.6,190,0,0
casino9923.team,team,content-2026-09-14c-7str-oform-1,1,2026-09-16,2,206,56,24,11.7,685,0,0
hhsw.team,team,content-2026-09-14c-7str-oform-1,1,2026-09-16,2,206,56,21,10.2,207,0,0
hmdcasino.lol,lol,content-2026-09-14c-7str-oform-1,1,2026-09-16,2,206,56,18,8.7,130,0,0
casinoqw.lol,lol,content-2026-09-14c-7str-oform-1,1,2026-09-16,2,206,56,10,4.9,121,0,0
itsr.team,team,content-2026-09-14c-7str-oform-2,1,2026-09-15,2,206,56,94,45.6,6568,2,0
imic.team,team,content-2026-09-14c-7str-oform-2,1,2026-09-15,2,206,56,76,36.9,1952,4,0
xlqd.team,team,content-2026-09-14c-7str-oform-2,1,2026-09-15,2,206,56,70,34.0,3592,0,0
2600.team,team,content-2026-09-14c-7str-oform-2,1,2026-09-15,2,206,56,69,33.5,1443,3,0
3255.lol,lol,content-2026-09-14c-7str-oform-2,1,2026-09-15,2,206,56,67,32.5,3222,0,0
2659.team,team,content-2026-09-14c-7str-oform-2,1,2026-09-15,2,206,56,62,30.1,3271,1,0
0749.team,team,content-2026-09-14c-7str-oform-2,1,2026-09-15,2,206,56,55,26.7,2767,1,1
2211.team,team,content-2026-09-14c-7str-oform-2,1,2026-09-15,2,206,56,53,25.7,1283,0,0
1831.lol,lol,content-2026-09-14c-7str-oform-2,1,2026-09-15,2,206,56,51,24.8,4274,0,0
0760.team,team,content-2026-09-14c-7str-oform-2,1,2026-09-15,2,206,56,49,23.8,845,0,0
0938.team,team,content-2026-09-14c-7str-oform-2,1,2026-09-15,2,206,56,48,23.3,3079,0,0
casinoez.team,team,content-2026-09-14c-7str-oform-2,1,2026-09-15,2,206,56,48,23.3,1044,0,0
casino088.team,team,content-2026-09-14c-7str-oform-2,1,2026-09-15,2,206,56,48,23.3,2427,1,0
7492.lol,lol,content-2026-09-14c-7str-oform-2,1,2026-09-15,2,206,56,48,23.3,2974,1,1
4118.team,team,content-2026-09-14c-7str-oform-2,1,2026-09-15,2,206,56,46,22.3,1690,0,0
casinorj.lol,lol,content-2026-09-14c-7str-oform-2,1,2026-09-15,2,206,56,46,22.3,1042,0,0
cyfd.team,team,content-2026-09-14c-7str-oform-2,1,2026-09-15,2,206,56,44,21.4,528,0,0
85casino.team,team,content-2026-09-14c-7str-oform-2,1,2026-09-15,2,206,56,43,20.9,588,0,0
25casino.lol,lol,content-2026-09-14c-7str-oform-2,1,2026-09-15,2,206,56,42,20.4,884,1,0
8792.lol,lol,content-2026-09-14c-7str-oform-2,1,2026-09-15,2,206,56,40,19.4,381,0,0
0964.lol,lol,content-2026-09-14c-7str-oform-2,1,2026-09-15,2,206,56,38,18.4,494,0,0
hnur.team,team,content-2026-09-14c-7str-oform-2,1,2026-09-15,2,206,56,38,18.4,2371,0,0
4773.lol,lol,content-2026-09-14c-7str-oform-2,1,2026-09-15,2,206,56,37,18.0,2476,0,0
wkdp.lol,lol,content-2026-09-14c-7str-oform-2,1,2026-09-15,2,206,56,35,17.0,318,0,0
7663.lol,lol,content-2026-09-14c-7str-oform-2,1,2026-09-15,2,206,56,34,16.5,386,0,0
7311.team,team,content-2026-09-14c-7str-oform-2,1,2026-09-15,2,206,56,34,16.5,376,0,0
5713.lol,lol,content-2026-09-14c-7str-oform-2,1,2026-09-15,2,206,56,34,16.5,277,1,1
50casino.team,team,content-2026-09-14c-7str-oform-2,1,2026-09-15,2,206,56,33,16.0,872,0,0
y6o.lol,lol,content-2026-09-14c-7str-oform-2,1,2026-09-15,2,206,56,33,16.0,266,0,0
ngxo.team,team,content-2026-09-14c-7str-oform-2,1,2026-09-15,2,206,56,32,15.5,679,0,0
kztt.lol,lol,content-2026-09-14c-7str-oform-2,1,2026-09-15,2,206,56,31,15.0,221,0,0
8334.lol,lol,content-2026-09-14c-7str-oform-2,1,2026-09-15,2,206,56,31,15.0,1737,0,0
0343.lol,lol,content-2026-09-14c-7str-oform-2,1,2026-09-15,2,206,56,28,13.6,125,0,0
sclw.lol,lol,content-2026-09-14c-7str-oform-2,1,2026-09-15,2,206,56,28,13.6,478,0,0
6834.lol,lol,content-2026-09-14c-7str-oform-2,1,2026-09-15,2,206,56,28,13.6,363,0,0
4110.team,team,content-2026-09-14c-7str-oform-2,1,2026-09-15,2,206,56,27,13.1,433,0,0
3343.lol,lol,content-2026-09-14c-7str-oform-2,1,2026-09-15,2,206,56,25,12.1,332,0,0
dkwq.team,team,content-2026-09-14c-7str-oform-2,1,2026-09-15,2,206,56,22,10.7,379,0,0
8414.team,team,content-2026-09-14c-7str-oform-2,1,2026-09-15,2,206,56,21,10.2,651,0,0
qlhc.lol,lol,content-2026-09-14c-7str-oform-2,1,2026-09-15,2,206,56,20,9.7,141,0,0
e1h3.team,team,content-2026-09-14c-7str-oform-2,1,2026-09-15,2,206,56,20,9.7,1017,0,0
fvso.lol,lol,content-2026-09-14c-7str-oform-2,1,2026-09-16,2,206,56,60,29.1,1922,0,0
casino4420.lol,lol,content-2026-09-14c-7str-oform-2,1,2026-09-16,2,206,56,48,23.3,6372,0,0
gzb.lol,lol,content-2026-09-14c-7str-oform-2,1,2026-09-16,2,206,56,38,18.4,791,0,0
m3o.team,team,content-2026-09-15-12str-oform,1,2026-09-17,2,206,56,26,12.6,100,0,0
8831.team,team,content-2026-09-15-12str-oform,1,2026-09-17,2,206,56,10,4.9,122,0,0
casino307.lol,lol,content-2026-09-15-12str-oform,1,2026-09-17,2,206,56,1,0.5,2,0,0
5155.team,team,content-2026-09-15-7str-oform-1,1,2026-09-16,2,206,56,64,31.1,1361,0,0
2245.team,team,content-2026-09-15-7str-oform-1,1,2026-09-16,2,206,56,44,21.4,1571,0,0
2154.lol,lol,content-2026-09-15-7str-oform-1,1,2026-09-16,2,206,56,37,18.0,369,1,0
3134.team,team,content-2026-09-15-7str-oform-1,1,2026-09-16,2,206,56,19,9.2,2256,1,1
0305.lol,lol,content-2026-09-15-7str-oform-1,1,2026-09-16,2,206,56,18,8.7,152,0,0
2557.team,team,content-2026-09-15-7str-oform-1,1,2026-09-16,2,206,56,12,5.8,516,0,0
0717.team,team,content-2026-09-15-7str-oform-1,1,2026-09-16,2,206,56,12,5.8,1236,0,0
0141.lol,lol,content-2026-09-15-7str-oform-1,1,2026-09-16,2,206,56,3,1.5,7,0,0
ynr.team,team,content-2026-09-15-7str-oform-1,1,2026-09-17,2,206,56,48,23.3,616,2,0
jflj.team,team,content-2026-09-15-7str-oform-1,1,2026-09-17,2,206,56,46,22.3,461,0,0
5779.team,team,content-2026-09-15-7str-oform-1,1,2026-09-17,2,206,56,39,18.9,511,3,1
0346.lol,lol,content-2026-09-15-7str-oform-1,1,2026-09-17,2,206,56,30,14.6,257,0,0
8763.lol,lol,content-2026-09-15-7str-oform-1,1,2026-09-17,2,206,56,26,12.6,243,0,0
casinosw.team,team,content-2026-09-15-7str-oform-1,1,2026-09-17,2,206,56,25,12.1,721,0,0
1018.lol,lol,content-2026-09-15-7str-oform-1,1,2026-09-17,2,206,56,25,12.1,546,0,0
ujvcasino.team,team,content-2026-09-15-7str-oform-1,1,2026-09-17,2,206,56,24,11.7,367,0,0
casino4761.team,team,content-2026-09-15-7str-oform-1,1,2026-09-17,2,205,55,24,11.7,231,0,0
zkmt.lol,lol,content-2026-09-15-7str-oform-1,1,2026-09-17,2,206,56,24,11.7,241,0,0
s8e.lol,lol,content-2026-09-15-7str-oform-1,1,2026-09-17,2,206,56,23,11.2,190,0,0
6691.lol,lol,content-2026-09-15-7str-oform-1,1,2026-09-17,2,206,56,23,11.2,597,0,0
tzeq.lol,lol,content-2026-09-15-7str-oform-1,1,2026-09-17,2,206,56,21,10.2,70,0,0
casinomol.lol,lol,content-2026-09-15-7str-oform-1,1,2026-09-17,2,206,56,21,10.2,269,0,0
yaid.team,team,content-2026-09-15-7str-oform-1,1,2026-09-17,2,206,56,19,9.2,800,0,0
kfrcasino.lol,lol,content-2026-09-15-7str-oform-1,1,2026-09-17,2,206,56,19,9.2,120,0,0
5295.lol,lol,content-2026-09-15-7str-oform-1,1,2026-09-17,2,206,56,18,8.7,68,0,0
e5m9.lol,lol,content-2026-09-15-7str-oform-1,1,2026-09-17,2,206,56,16,7.8,39,0,0
fwl.lol,lol,content-2026-09-15-7str-oform-1,1,2026-09-17,2,206,56,16,7.8,61,0,0
0649.lol,lol,content-2026-09-15-7str-oform-1,1,2026-09-17,2,206,56,15,7.3,61,0,0
casino8768.lol,lol,content-2026-09-15-7str-oform-1,1,2026-09-17,2,206,56,15,7.3,102,0,0
1697casino.lol,lol,content-2026-09-15-7str-oform-1,1,2026-09-17,2,206,56,15,7.3,146,0,0
6465.team,team,content-2026-09-15-7str-oform-1,1,2026-09-17,2,206,56,14,6.8,199,0,0
cnlu.lol,lol,content-2026-09-15-7str-oform-1,1,2026-09-17,2,206,56,14,6.8,90,0,0
yqzcasino.team,team,content-2026-09-15-7str-oform-1,1,2026-09-17,2,206,56,13,6.3,178,0,0
plol.lol,lol,content-2026-09-15-7str-oform-1,1,2026-09-17,2,206,56,13,6.3,223,0,0
casino97.lol,lol,content-2026-09-15-7str-oform-1,1,2026-09-17,2,206,56,13,6.3,218,0,0
ktto.lol,lol,content-2026-09-15-7str-oform-1,1,2026-09-17,2,206,56,11,5.3,24,0,0
casinofdv.lol,lol,content-2026-09-15-7str-oform-1,1,2026-09-17,2,206,56,11,5.3,73,0,0
6749.lol,lol,content-2026-09-15-7str-oform-1,1,2026-09-17,2,206,56,9,4.4,39,0,0
hhal.lol,lol,content-2026-09-15-7str-oform-1,1,2026-09-17,2,206,56,8,3.9,18,0,0
casino04.team,team,content-2026-09-15-7str-oform-1,1,2026-09-17,2,206,56,8,3.9,35,0,0
3093casino.lol,lol,content-2026-09-15-7str-oform-1,1,2026-09-17,2,206,56,7,3.4,41,0,0
6297.lol,lol,content-2026-09-15-7str-oform-1,1,2026-09-17,2,206,56,7,3.4,28,0,0
7383.lol,lol,content-2026-09-15-7str-oform-1,1,2026-09-17,2,206,56,6,2.9,10,0,0
9758.team,team,content-2026-09-15-7str-oform-1,1,2026-09-17,2,206,56,5,2.4,33,0,0
6839.lol,lol,content-2026-09-15-7str-oform-1,1,2026-09-17,2,206,56,5,2.4,174,0,0
bkny.team,team,content-2026-09-15-7str-oform-1,1,2026-09-17,2,206,56,5,2.4,11,0,0
casinorvx.team,team,content-2026-09-15-7str-oform-1,1,2026-09-17,2,206,56,4,1.9,5,0,0
3744casino.team,team,content-2026-09-15-7str-oform-1,1,2026-09-17,2,206,56,2,1.0,46,0,0
1424.lol,lol,content-2026-09-15-7str-oform-1,1,2026-09-17,2,206,56,2,1.0,2,0,0
gvcasino.lol,lol,content-2026-09-15-7str-oform-1,1,2026-09-17,2,206,56,2,1.0,3,0,0
casinosz.lol,lol,content-2026-09-15-7str-oform-2,1,2026-09-16,2,206,56,69,33.5,2700,2,1
3665.lol,lol,content-2026-09-15-7str-oform-2,1,2026-09-16,2,206,56,50,24.3,385,0,0
1274.lol,lol,content-2026-09-15-7str-oform-2,1,2026-09-16,2,206,56,48,23.3,345,0,0
wfcasino.team,team,content-2026-09-15-7str-oform-2,1,2026-09-16,2,206,56,44,21.4,357,0,0
kccasino.team,team,content-2026-09-15-7str-oform-2,1,2026-09-16,2,206,56,44,21.4,2321,0,0
7966.lol,lol,content-2026-09-15-7str-oform-2,1,2026-09-16,2,206,56,43,20.9,894,0,0
qpcasino.lol,lol,content-2026-09-15-7str-oform-2,1,2026-09-16,2,206,56,41,19.9,705,0,0
3152.team,team,content-2026-09-15-7str-oform-2,1,2026-09-16,2,206,56,41,19.9,2342,1,0
w7o3.team,team,content-2026-09-15-7str-oform-2,1,2026-09-16,2,206,56,38,18.4,246,0,0
2974.team,team,content-2026-09-15-7str-oform-2,1,2026-09-16,2,206,56,36,17.5,3273,0,0
dsrt.team,team,content-2026-09-15-7str-oform-2,1,2026-09-16,2,206,56,36,17.5,1086,0,0
5202.team,team,content-2026-09-15-7str-oform-2,1,2026-09-16,2,206,56,34,16.5,538,1,0
3616.lol,lol,content-2026-09-15-7str-oform-2,1,2026-09-16,2,206,56,34,16.5,829,0,0
b6t.lol,lol,content-2026-09-15-7str-oform-2,1,2026-09-16,2,206,56,34,16.5,3209,0,0
6874.team,team,content-2026-09-15-7str-oform-2,1,2026-09-16,2,206,56,32,15.5,3705,1,1
8648.lol,lol,content-2026-09-15-7str-oform-2,1,2026-09-16,2,206,56,31,15.0,4011,0,0
37casino.lol,lol,content-2026-09-15-7str-oform-2,1,2026-09-16,2,206,56,31,15.0,1378,0,0
moqcasino.lol,lol,content-2026-09-15-7str-oform-2,1,2026-09-16,2,206,56,31,15.0,743,0,0
713casino.team,team,content-2026-09-15-7str-oform-2,1,2026-09-16,2,206,56,31,15.0,637,0,0
9825.lol,lol,content-2026-09-15-7str-oform-2,1,2026-09-16,2,206,56,29,14.1,186,0,0
3774.team,team,content-2026-09-15-7str-oform-2,1,2026-09-16,2,206,56,29,14.1,335,0,0
2063.team,team,content-2026-09-15-7str-oform-2,1,2026-09-16,2,206,56,28,13.6,346,0,0
0318.team,team,content-2026-09-15-7str-oform-2,1,2026-09-16,2,206,56,28,13.6,480,0,0
8095.team,team,content-2026-09-15-7str-oform-2,1,2026-09-16,2,206,56,27,13.1,300,0,0
wxvb.team,team,content-2026-09-15-7str-oform-2,1,2026-09-16,2,206,56,27,13.1,328,0,0
499casino.team,team,content-2026-09-15-7str-oform-2,1,2026-09-16,2,206,56,26,12.6,390,0,0
k6r.team,team,content-2026-09-15-7str-oform-2,1,2026-09-16,2,206,56,26,12.6,562,0,0
gvgcasino.team,team,content-2026-09-15-7str-oform-2,1,2026-09-16,2,206,56,25,12.1,337,0,0
y6u3.lol,lol,content-2026-09-15-7str-oform-2,1,2026-09-16,2,206,56,24,11.7,78,0,0
669casino.lol,lol,content-2026-09-15-7str-oform-2,1,2026-09-16,2,206,56,24,11.7,2766,0,0
2473.lol,lol,content-2026-09-15-7str-oform-2,1,2026-09-16,2,206,56,23,11.2,420,0,0
ccrcasino.lol,lol,content-2026-09-15-7str-oform-2,1,2026-09-16,2,206,56,23,11.2,670,0,0
casinoc8.team,team,content-2026-09-15-7str-oform-2,1,2026-09-16,2,206,56,23,11.2,169,0,0
3472.team,team,content-2026-09-15-7str-oform-2,1,2026-09-16,2,206,56,23,11.2,518,0,0
8625.team,team,content-2026-09-15-7str-oform-2,1,2026-09-16,2,206,56,22,10.7,312,0,0
casinoja.team,team,content-2026-09-15-7str-oform-2,1,2026-09-16,2,206,56,20,9.7,484,0,0
nywv.lol,lol,content-2026-09-15-7str-oform-2,1,2026-09-16,2,206,56,19,9.2,135,0,0
0248.lol,lol,content-2026-09-15-7str-oform-2,1,2026-09-16,2,206,56,17,8.3,221,0,0
8723.team,team,content-2026-09-15-7str-oform-2,1,2026-09-16,2,206,56,17,8.3,72,0,0
m9h6.team,team,content-2026-09-15-7str-oform-2,1,2026-09-16,2,206,56,16,7.8,592,0,0
8618.team,team,content-2026-09-15-7str-oform-2,1,2026-09-16,2,206,56,15,7.3,94,0,0
gwrt.team,team,content-2026-09-15-7str-oform-2,1,2026-09-16,2,206,56,14,6.8,46,0,0
8057.team,team,content-2026-09-15-7str-oform-2,1,2026-09-16,2,206,56,12,5.8,234,0,0
74casino.lol,lol,content-2026-09-15-7str-oform-2,1,2026-09-16,2,206,56,11,5.3,40,0,0
6408.team,team,content-2026-09-15-7str-oform-2,1,2026-09-16,2,206,56,9,4.4,41,0,0
casinoy1.team,team,content-2026-09-15-7str-oform-2,1,2026-09-16,2,206,56,8,3.9,221,0,0
casinohy.team,team,content-2026-09-15-7str-oform-2,1,2026-09-16,2,206,56,8,3.9,163,0,0
ozts.lol,lol,content-2026-09-15-7str-oform-2,1,2026-09-16,2,206,56,6,2.9,26,0,0
lmlx.lol,lol,content-2026-09-15-7str-oform-2,1,2026-09-16,2,206,56,2,1.0,15,0,0
casino716.lol,lol,content-2026-09-15-7str-oform-2,1,2026-09-16,2,206,56,1,0.5,15,0,0
o1l.team,team,content-2026-09-16-12str,1,2026-09-17,2,206,56,68,33.0,2158,0,0
5347.lol,lol,content-2026-09-16-12str,1,2026-09-17,2,206,56,30,14.6,453,0,0
5772.team,team,content-2026-09-16-12str,1,2026-09-17,2,206,56,27,13.1,432,0,0
zxcasino.team,team,content-2026-09-16-12str,1,2026-09-17,2,206,56,19,9.2,63,0,0
8374.lol,lol,content-2026-09-16-12str,1,2026-09-17,2,206,56,16,7.8,555,0,0
nzbcasino.team,team,content-2026-09-16-12str,1,2026-09-17,2,206,56,3,1.5,5,0,0
levu.team,team,content-2026-09-16-7str,1,2026-09-17,2,206,56,90,43.7,1858,1,0
9031.team,team,content-2026-09-16-7str,1,2026-09-17,2,206,56,64,31.1,1086,0,0
1978.lol,lol,content-2026-09-16-7str,1,2026-09-17,2,206,56,54,26.2,3509,2,0
casinonb.lol,lol,content-2026-09-16-7str,1,2026-09-17,2,206,56,49,23.8,1527,0,0
538casino.team,team,content-2026-09-16-7str,1,2026-09-17,2,206,56,46,22.3,1081,0,0
5420.team,team,content-2026-09-16-7str,1,2026-09-17,2,206,56,36,17.5,184,0,0
2272.team,team,content-2026-09-16-7str,1,2026-09-17,2,206,56,35,17.0,284,0,0
h1s.lol,lol,content-2026-09-16-7str,1,2026-09-17,2,206,56,35,17.0,160,0,0
2815.team,team,content-2026-09-16-7str,1,2026-09-17,2,206,56,34,16.5,147,1,1
y3z5.team,team,content-2026-09-16-7str,1,2026-09-17,2,206,56,33,16.0,343,0,0
bzcasino.team,team,content-2026-09-16-7str,1,2026-09-17,2,206,56,33,16.0,1421,0,0
opue.team,team,content-2026-09-16-7str,1,2026-09-17,2,206,56,32,15.5,920,0,0
7817.team,team,content-2026-09-16-7str,1,2026-09-17,2,206,56,32,15.5,147,0,0
5255.lol,lol,content-2026-09-16-7str,1,2026-09-17,2,206,56,28,13.6,547,0,0
yciu.lol,lol,content-2026-09-16-7str,1,2026-09-17,2,206,56,26,12.6,155,0,0
lvcasino.lol,lol,content-2026-09-16-7str,1,2026-09-17,2,206,56,26,12.6,214,0,0
6100.lol,lol,content-2026-09-16-7str,1,2026-09-17,2,206,56,26,12.6,1463,0,0
5863.team,team,content-2026-09-16-7str,1,2026-09-17,2,206,56,24,11.7,313,0,0
9747.team,team,content-2026-09-16-7str,1,2026-09-17,2,206,56,22,10.7,59,0,0
nztj.team,team,content-2026-09-16-7str,1,2026-09-17,2,206,56,21,10.2,350,0,0
9058.team,team,content-2026-09-16-7str,1,2026-09-17,2,206,56,21,10.2,77,0,0
n2m.team,team,content-2026-09-16-7str,1,2026-09-17,2,206,56,18,8.7,770,0,0
x5j.lol,lol,content-2026-09-16-7str,1,2026-09-17,2,206,56,18,8.7,67,0,0
casinodh.lol,lol,content-2026-09-16-7str,1,2026-09-17,2,206,56,18,8.7,1268,0,0
emot.team,team,content-2026-09-16-7str,1,2026-09-17,2,206,56,17,8.3,54,0,0
5368casino.team,team,content-2026-09-16-7str,1,2026-09-17,2,206,56,17,8.3,197,0,0
nkrh.team,team,content-2026-09-16-7str,1,2026-09-17,2,206,56,16,7.8,91,0,0
d8c3.team,team,content-2026-09-16-7str,1,2026-09-17,2,206,56,16,7.8,62,0,0
4457.lol,lol,content-2026-09-16-7str,1,2026-09-17,2,206,56,15,7.3,27,0,0
7163.lol,lol,content-2026-09-16-7str,1,2026-09-17,2,206,56,14,6.8,110,0,0
nidcasino.lol,lol,content-2026-09-16-7str,1,2026-09-17,2,206,56,14,6.8,70,0,0
6709.team,team,content-2026-09-16-7str,1,2026-09-17,2,206,56,14,6.8,58,0,0
casino60.team,team,content-2026-09-16-7str,1,2026-09-17,2,206,56,13,6.3,67,0,0
casino50.team,team,content-2026-09-16-7str,1,2026-09-17,2,206,56,13,6.3,51,0,0
anpl.lol,lol,content-2026-09-16-7str,1,2026-09-17,2,206,56,10,4.9,69,0,0
lkcasino.lol,lol,content-2026-09-16-7str,1,2026-09-17,2,206,56,8,3.9,136,0,0
6106.lol,lol,content-2026-09-16-7str,1,2026-09-17,2,206,56,3,1.5,15,0,0
hkucasino.team,team,content-2026-09-16-7str,1,2026-09-18,1,150,0,42,28.0,5234,1,0
hlfa.lol,lol,content-2026-09-16-7str,1,2026-09-18,1,150,0,17,11.3,391,0,0
qwzn.lol,lol,content-2026-09-16-7str,1,2026-09-18,1,150,0,5,3.3,11,0,0
y0e7.lol,lol,content-2026-09-16-7str,1,2026-09-18,1,150,0,2,1.3,6,0,0
ihkx.lol,lol,content-2026-09-16-7str,1,2026-09-18,1,150,0,2,1.3,5,0,0
k6x.team,team,content-2026-09-17-7str-oform-2,1,2026-09-18,1,150,0,79,52.7,1203,1,0
2596.team,team,content-2026-09-17-7str-oform-2,1,2026-09-18,1,150,0,52,34.7,576,3,0
2385.lol,lol,content-2026-09-17-7str-oform-2,1,2026-09-18,1,150,0,48,32.0,511,1,0
5988.team,team,content-2026-09-17-7str-oform-2,1,2026-09-18,1,150,0,38,25.3,303,0,0
casinok9.team,team,content-2026-09-17-7str-oform-2,1,2026-09-18,1,150,0,38,25.3,342,0,0
0860.team,team,content-2026-09-17-7str-oform-2,1,2026-09-18,1,150,0,35,23.3,2677,1,0
3578.lol,lol,content-2026-09-17-7str-oform-2,1,2026-09-18,1,150,0,32,21.3,390,1,0
btum.team,team,content-2026-09-17-7str-oform-2,1,2026-09-18,1,150,0,30,20.0,151,0,0
dyxo.lol,lol,content-2026-09-17-7str-oform-2,1,2026-09-18,1,150,0,30,20.0,291,0,0
7957.lol,lol,content-2026-09-17-7str-oform-2,1,2026-09-18,1,150,0,27,18.0,2478,0,0
1806.lol,lol,content-2026-09-17-7str-oform-2,1,2026-09-18,1,150,0,25,16.7,627,0,0
2669.lol,lol,content-2026-09-17-7str-oform-2,1,2026-09-18,1,150,0,23,15.3,157,0,0
casinoaa.lol,lol,content-2026-09-17-7str-oform-2,1,2026-09-18,1,150,0,22,14.7,77,0,0
casinoun.lol,lol,content-2026-09-17-7str-oform-2,1,2026-09-18,1,150,0,21,14.0,349,0,0
casinoxn.lol,lol,content-2026-09-17-7str-oform-2,1,2026-09-18,1,150,0,18,12.0,84,0,0
3523.lol,lol,content-2026-09-17-7str-oform-2,1,2026-09-18,1,150,0,18,12.0,44,0,0
6806.lol,lol,content-2026-09-17-7str-oform-2,1,2026-09-18,1,150,0,17,11.3,1135,0,0
dbcasino.lol,lol,content-2026-09-17-7str-oform-2,1,2026-09-18,1,150,0,17,11.3,110,0,0
t8z9.lol,lol,content-2026-09-17-7str-oform-2,1,2026-09-18,1,150,0,15,10.0,21,0,0
4705.lol,lol,content-2026-09-17-7str-oform-2,1,2026-09-18,1,150,0,14,9.3,153,0,0
0908.lol,lol,content-2026-09-17-7str-oform-2,1,2026-09-18,1,150,0,13,8.7,35,0,0
6099.team,team,content-2026-09-17-7str-oform-2,1,2026-09-18,1,150,0,12,8.0,44,1,0
8208.lol,lol,content-2026-09-17-7str-oform-2,1,2026-09-18,1,150,0,12,8.0,35,0,0
33casino.lol,lol,content-2026-09-17-7str-oform-2,1,2026-09-18,1,150,0,10,6.7,92,0,0
3089.team,team,content-2026-09-17-7str-oform-2,1,2026-09-18,1,150,0,8,5.3,49,0,0
2753casino.lol,lol,content-2026-09-17-7str-oform-2,1,2026-09-18,1,150,0,8,5.3,13,0,0
1490.team,team,content-2026-09-17-7str-oform-2,1,2026-09-18,1,150,0,8,5.3,71,0,0
1153.team,team,content-2026-09-17-7str-oform-2,1,2026-09-18,1,150,0,6,4.0,28,0,0
casinov7.lol,lol,content-2026-09-17-7str-oform-2,1,2026-09-18,1,150,0,6,4.0,49,0,0
casinoiho.lol,lol,content-2026-09-17-7str-oform-2,1,2026-09-18,1,150,0,5,3.3,45,0,0
8959.lol,lol,content-2026-09-17-7str-oform-2,1,2026-09-18,1,150,0,4,2.7,5,0,0
casinoz3.lol,lol,content-2026-09-17-7str-oform-2,1,2026-09-18,1,150,0,4,2.7,8,0,0
7569.lol,lol,content-2026-09-17-7str-oform-2,1,2026-09-18,1,150,0,3,2.0,4,0,0
7694.team,team,content-2026-09-17-7str-oform-2,1,2026-09-18,1,150,0,2,1.3,2,0,0
6606.lol,lol,content-2026-09-17-7str-oform-2,1,2026-09-18,1,150,0,2,1.3,6,0,0
9614.lol,lol,content-2026-09-17-7str-oform-2,1,2026-09-18,1,150,0,1,0.7,1,0,0
3785.lol,lol,content-2026-09-17b-7str-oform,1,2026-09-18,1,150,0,76,50.7,3066,1,0
2756.lol,lol,content-2026-09-17b-7str-oform,1,2026-09-18,1,150,0,63,42.0,859,1,0
2928.lol,lol,content-2026-09-17b-7str-oform,1,2026-09-18,1,150,0,59,39.3,740,0,0
casino45.lol,lol,content-2026-09-17b-7str-oform,1,2026-09-18,1,150,0,54,36.0,1333,0,0
bihl.lol,lol,content-2026-09-17b-7str-oform,1,2026-09-18,1,150,0,51,34.0,1777,0,0
2991.lol,lol,content-2026-09-17b-7str-oform,1,2026-09-18,1,150,0,46,30.7,286,0,0
6578.lol,lol,content-2026-09-17b-7str-oform,1,2026-09-18,1,150,0,42,28.0,1283,0,0
1558.lol,lol,content-2026-09-17b-7str-oform,1,2026-09-18,1,150,0,41,27.3,211,0,0
4333.lol,lol,content-2026-09-17b-7str-oform,1,2026-09-18,1,150,0,33,22.0,199,0,0
2966.lol,lol,content-2026-09-17b-7str-oform,1,2026-09-18,1,150,0,32,21.3,530,0,0
czfe.lol,lol,content-2026-09-17b-7str-oform,1,2026-09-18,1,150,0,31,20.7,135,0,0
1578.lol,lol,content-2026-09-17b-7str-oform,1,2026-09-18,1,150,0,26,17.3,180,0,0
7213.lol,lol,content-2026-09-17b-7str-oform,1,2026-09-18,1,150,0,23,15.3,476,0,0
tbvi.lol,lol,content-2026-09-17b-7str-oform,1,2026-09-18,1,150,0,21,14.0,64,0,0
0269.lol,lol,content-2026-09-17b-7str-oform,1,2026-09-18,1,150,0,11,7.3,48,0,0
7829.lol,lol,content-2026-09-17b-7str-oform,1,2026-09-18,1,150,0,9,6.0,12,0,0
8069casino.lol,lol,content-2026-09-17b-7str-oform,1,2026-09-18,1,150,0,9,6.0,435,0,0
6015casino.lol,lol,content-2026-09-17b-7str-oform,1,2026-09-18,1,150,0,9,6.0,23,0,0
t1g7.lol,lol,content-2026-09-17b-7str-oform,1,2026-09-18,1,150,0,7,4.7,11,0,0
0858.lol,lol,content-2026-09-17b-7str-oform,1,2026-09-18,1,150,0,4,2.7,166,0,0
tgwv.lol,lol,content-2026-09-17b-7str-oform,1,2026-09-18,1,150,0,0,0.0,0,0,0
u4f5.team,team,degtyarnya,1,2026-09-05,2,206,56,8,3.9,41,0,0
65casino.lol,lol,drobilnyydvor1,1,2026-09-06,2,206,56,15,7.3,33,0,0
qneh.team,team,kruzhevnayamasterskaya1html,1,2026-09-04,2,206,56,62,30.1,1065,0,0
4693.team,team,nabor391,1,2026-09-05,2,206,56,6,2.9,38,0,0
dak.casino,casino,nabory-490-494_styled_img,1,2026-09-12,2,206,56,33,16.0,294,0,0
0338.team,team,nabory-490-494_styled_img,1,2026-09-12,2,206,56,17,8.3,222,0,0
casino5457.team,team,nabory-490-494_styled_img,1,2026-09-12,2,206,56,10,4.9,65,0,0
5562.team,team,nabory-490-494_styled_img,1,2026-09-12,2,206,56,7,3.4,33,0,0
casino5463.team,team,nabory-490-494_styled_img,1,2026-09-12,2,206,56,6,2.9,28,0,0
4781.team,team,nabory-495-499_styled_img,1,2026-09-13,2,206,56,21,10.2,228,0,0
0108.team,team,nabory-495-499_styled_img,1,2026-09-13,2,206,56,14,6.8,187,0,0
casinoj5.lol,lol,nabory-495-499_styled_img,1,2026-09-13,2,206,56,9,4.4,70,0,0
tccasino.team,team,nabory-495-499_styled_img,1,2026-09-13,2,206,56,7,3.4,376,0,0
xpph.team,team,nabory-495-499_styled_img,1,2026-09-13,2,206,56,4,1.9,126,0,0
1163.team,team,nabory-500-509_styled_img,1,2026-09-14,2,206,56,9,4.4,60,0,0
hhfr.team,team,nabory-500-509_styled_img,1,2026-09-14,2,206,56,7,3.4,32,0,0
3155.team,team,nabory-500-509_styled_img,1,2026-09-14,2,206,56,4,1.9,75,0,0
pocasino.team,team,nabory-500-509_styled_img,1,2026-09-14,2,206,56,4,1.9,34,0,0
drdj.team,team,nabory-500-509_styled_img,1,2026-09-14,2,206,56,2,1.0,2,0,0
0569.team,team,nabory-500-509_styled_img,1,2026-09-14,2,206,56,2,1.0,6,0,0
casino936.team,team,nabory-500-509_styled_img,1,2026-09-14,2,206,56,1,0.5,6,0,0
3121.team,team,nabory-500-509_styled_img,1,2026-09-14,2,206,56,1,0.5,3,0,0
0444.lol,lol,nabory-500-509_styled_img,1,2026-09-14,2,206,56,1,0.5,2,0,0
1787.team,team,nabory-500-509_styled_img,1,2026-09-14,2,206,56,0,0.0,0,0,0
5894.team,team,nabory-510-514_styled_img,1,2026-09-14,2,205,55,3,1.5,6,0,0
casinostt.team,team,nabory-510-514_styled_img,1,2026-09-14,2,206,56,3,1.5,35,0,0
ustn.team,team,nabory-510-514_styled_img,1,2026-09-14,2,206,56,1,0.5,6,0,0
4631.team,team,nabory-510-514_styled_img,1,2026-09-14,2,206,56,0,0.0,0,0,0
casino0645.team,team,nabory-510-514_styled_img,1,2026-09-14,2,206,56,0,0.0,0,0,0
2233.team,team,nabory-515-524_styled_img,1,2026-09-14,2,206,56,21,10.2,128,0,0
3613.team,team,nabory-515-524_styled_img,1,2026-09-14,2,206,56,17,8.3,94,0,0
584casino.team,team,nabory-515-524_styled_img,1,2026-09-14,2,206,56,12,5.8,33,0,0
7841casino.team,team,nabory-515-524_styled_img,1,2026-09-14,2,206,56,11,5.3,44,0,0
6996.team,team,nabory-515-524_styled_img,1,2026-09-14,2,206,56,9,4.4,482,0,0
5494.team,team,nabory-515-524_styled_img,1,2026-09-14,2,206,56,8,3.9,50,0,0
casinos9.team,team,nabory-515-524_styled_img,1,2026-09-15,2,206,56,26,12.6,1917,0,0
casinobqy.team,team,nabory-515-524_styled_img,1,2026-09-15,2,206,56,21,10.2,85,0,0
casinozzx.team,team,nabory-515-524_styled_img,1,2026-09-15,2,206,56,21,10.2,941,0,0
casinof8.team,team,nabory-515-524_styled_img,1,2026-09-15,2,206,56,4,1.9,18,0,0
3318.team,team,nabory-525-534_styled_img,1,2026-09-15,2,206,56,22,10.7,136,0,0
casino1543.lol,lol,nabory-525-534_styled_img,1,2026-09-15,2,206,56,16,7.8,99,0,0
0699.lol,lol,nabory-525-534_styled_img,1,2026-09-15,2,206,56,16,7.8,54,0,0
tyfh.lol,lol,nabory-525-534_styled_img,1,2026-09-15,2,206,56,16,7.8,126,0,0
90casino.lol,lol,nabory-525-534_styled_img,1,2026-09-15,2,206,56,9,4.4,123,0,0
oqnd.lol,lol,nabory-525-534_styled_img,1,2026-09-15,2,206,56,9,4.4,49,0,0
5638casino.lol,lol,nabory-525-534_styled_img,1,2026-09-15,2,206,56,8,3.9,25,0,0
0652.team,team,nabory-525-534_styled_img,1,2026-09-15,2,206,56,7,3.4,22,0,0
0592.team,team,nabory-525-534_styled_img,1,2026-09-15,2,206,56,5,2.4,10,0,0
7114casino.lol,lol,nabory-525-534_styled_img,1,2026-09-15,2,206,56,5,2.4,36,0,0
aqqr.team,team,nabory-535-544_styled_img,1,2026-09-16,2,206,56,60,29.1,2332,0,0
5442.lol,lol,nabory-535-544_styled_img,1,2026-09-16,2,206,56,44,21.4,892,0,0
casinobl.lol,lol,nabory-535-544_styled_img,1,2026-09-16,2,206,56,43,20.9,3588,0,0
daoi.lol,lol,nabory-535-544_styled_img,1,2026-09-16,2,206,56,34,16.5,420,0,0
7888.team,team,nabory-535-544_styled_img,1,2026-09-16,2,206,56,32,15.5,283,0,0
1734.lol,lol,nabory-535-544_styled_img,1,2026-09-16,2,206,56,30,14.6,1087,0,0
rdpo.lol,lol,nabory-535-544_styled_img,1,2026-09-16,2,206,56,30,14.6,241,1,0
8271.lol,lol,nabory-535-544_styled_img,1,2026-09-16,2,206,56,18,8.7,255,0,0
casino1596.team,team,nabory-535-544_styled_img,1,2026-09-16,2,206,56,15,7.3,906,0,0
casinoe8.lol,lol,nabory-535-544_styled_img,1,2026-09-16,2,206,56,12,5.8,98,0,0
mfmj.lol,lol,nabory-545-554_styled_img,1,2026-09-16,2,206,56,46,22.3,1653,0,0
3305.lol,lol,nabory-545-554_styled_img,1,2026-09-16,2,206,56,43,20.9,3107,0,0
s2f.lol,lol,nabory-545-554_styled_img,1,2026-09-16,2,206,56,41,19.9,1465,0,0
684casino.lol,lol,nabory-545-554_styled_img,1,2026-09-16,2,206,56,31,15.0,387,0,0
w9i2.lol,lol,nabory-545-554_styled_img,1,2026-09-16,2,206,56,28,13.6,787,0,0
s7w.lol,lol,nabory-545-554_styled_img,1,2026-09-16,2,206,56,27,13.1,342,0,0
1543.lol,lol,nabory-545-554_styled_img,1,2026-09-16,2,206,56,26,12.6,233,0,0
casinov6.lol,lol,nabory-545-554_styled_img,1,2026-09-16,1,94,0,11,11.7,406,0,0
casinoph.lol,lol,nabory-545-554_styled_img,1,2026-09-16,2,206,56,19,9.2,124,0,0
casino705.lol,lol,nabory-545-554_styled_img,1,2026-09-16,2,206,56,19,9.2,350,0,0
2514.team,team,nabory-555-564_styled_img,1,2026-09-16,2,206,56,47,22.8,573,0,0
kogk.team,team,nabory-555-564_styled_img,1,2026-09-16,2,206,56,46,22.3,904,1,0
3663.team,team,nabory-555-564_styled_img,1,2026-09-16,2,206,56,42,20.4,555,0,0
2198.lol,lol,nabory-555-564_styled_img,1,2026-09-16,2,206,56,37,18.0,1445,0,0
5653.lol,lol,nabory-555-564_styled_img,1,2026-09-16,2,206,56,33,16.0,428,0,0
5226casino.lol,lol,nabory-555-564_styled_img,1,2026-09-16,2,206,56,31,15.0,1790,1,0
0332casino.team,team,nabory-555-564_styled_img,1,2026-09-16,2,206,56,27,13.1,256,0,0
7907.team,team,nabory-555-564_styled_img,1,2026-09-16,2,206,56,24,11.7,159,1,0
casinoaun.lol,lol,nabory-555-564_styled_img,1,2026-09-16,2,206,56,23,11.2,1073,0,0
casinoz1.lol,lol,nabory-555-564_styled_img,1,2026-09-16,2,206,56,17,8.3,284,0,0
9412.team,team,nabory-565-580,1,2026-09-16,2,205,55,47,22.9,844,0,0
casinodx.team,team,nabory-565-580,1,2026-09-16,2,206,56,36,17.5,831,0,0
nrcasino.team,team,nabory-565-580,1,2026-09-16,2,206,56,35,17.0,623,0,0
cztz.team,team,nabory-565-580,1,2026-09-16,2,206,56,34,16.5,438,0,0
7574.lol,lol,nabory-565-580,1,2026-09-16,2,206,56,32,15.5,130,0,0
jfgcasino.team,team,nabory-565-580,1,2026-09-16,2,206,56,30,14.6,433,0,0
casino624.lol,lol,nabory-565-580,1,2026-09-16,2,206,56,30,14.6,752,0,0
3520.team,team,nabory-565-580,1,2026-09-16,2,206,56,29,14.1,548,0,0
casino862.lol,lol,nabory-565-580,1,2026-09-16,2,206,56,26,12.6,1583,0,0
5751.lol,lol,nabory-565-580,1,2026-09-16,2,206,56,25,12.1,1053,0,0
6804.team,team,nabory-565-580,1,2026-09-16,2,206,56,20,9.7,1338,0,0
xwo.lol,lol,nabory-565-580,1,2026-09-16,2,206,56,17,8.3,64,0,0
0472.lol,lol,nabory-565-580,1,2026-09-16,2,206,56,16,7.8,74,0,0
0400.lol,lol,nabory-565-580,1,2026-09-16,2,206,56,14,6.8,57,0,0
4468.team,team,nabory-565-580,1,2026-09-16,2,206,56,13,6.3,45,0,0
v5w.lol,lol,nabory-565-580,1,2026-09-16,2,206,56,10,4.9,19,0,0
3533.team,team,nabory-581-590,1,2026-09-16,2,206,56,22,10.7,130,0,0
6399.team,team,nabory-581-590,1,2026-09-17,2,206,56,33,16.0,442,0,0
bepcasino.team,team,nabory-581-590,1,2026-09-17,2,206,56,23,11.2,463,0,0
4421.lol,lol,nabory-581-590,1,2026-09-17,1,150,0,16,10.7,579,0,0
7473.lol,lol,nabory-581-590,1,2026-09-17,2,206,56,18,8.7,100,0,0
8275.team,team,nabory-581-590,1,2026-09-17,2,206,56,18,8.7,107,0,0
9243.team,team,nabory-581-590,1,2026-09-17,2,206,56,17,8.3,123,0,0
casino2861.team,team,nabory-581-590,1,2026-09-17,2,206,56,11,5.3,46,0,0
awzt.team,team,nabory-581-590,1,2026-09-17,2,206,56,8,3.9,201,0,0
9426.team,team,nabory-581-590,1,2026-09-17,2,206,56,6,2.9,115,0,0
8736.team,team,nabory-591-600,1,2026-09-17,2,206,56,33,16.0,1227,0,0
3129.team,team,nabory-591-600,1,2026-09-17,2,206,56,31,15.0,2893,0,0
8391.team,team,nabory-591-600,1,2026-09-17,2,206,56,26,12.6,381,0,0
0196.team,team,nabory-591-600,1,2026-09-17,2,206,56,24,11.7,151,0,0
2429.lol,lol,nabory-591-600,1,2026-09-17,2,206,56,19,9.2,540,0,0
6856casino.team,team,nabory-591-600,1,2026-09-17,2,206,56,14,6.8,22,0,0
1916.team,team,nabory-591-600,1,2026-09-17,2,206,56,13,6.3,137,0,0
6375.team,team,nabory-591-600,1,2026-09-17,2,206,56,9,4.4,85,0,0
kdjm.lol,lol,nabory-591-600,1,2026-09-17,2,206,56,8,3.9,16,0,0
casino42.lol,lol,nabory-591-600,1,2026-09-17,2,206,56,8,3.9,556,0,0
0079.lol,lol,nabory-601-610,1,2026-09-17,2,206,56,27,13.1,360,0,0
3087.team,team,nabory-601-610,1,2026-09-17,2,206,56,24,11.7,841,1,1
5228.lol,lol,nabory-601-610,1,2026-09-17,2,206,56,23,11.2,298,0,0
514casino.team,team,nabory-601-610,1,2026-09-17,2,206,56,23,11.2,2183,1,0
n7t0.team,team,nabory-601-610,1,2026-09-17,2,206,56,17,8.3,288,0,0
1779.lol,lol,nabory-601-610,1,2026-09-17,2,206,56,17,8.3,189,0,0
0503.team,team,nabory-601-610,1,2026-09-17,2,206,56,17,8.3,196,0,0
lvma.lol,lol,nabory-601-610,1,2026-09-17,2,206,56,6,2.9,21,0,0
casinow7.team,team,nabory-601-610,1,2026-09-17,2,206,56,6,2.9,22,0,0
m0w5.team,team,nabory-601-610,1,2026-09-17,2,206,56,5,2.4,15,0,0
casinole.lol,lol,nabory-611-620,1,2026-09-17,2,206,56,27,13.1,284,0,0
7316.team,team,nabory-611-620,1,2026-09-17,2,206,56,26,12.6,126,0,0
1186.lol,lol,nabory-611-620,1,2026-09-17,2,206,56,25,12.1,137,0,0
casinou0.team,team,nabory-611-620,1,2026-09-17,2,204,54,14,6.9,440,0,0
3655.lol,lol,nabory-611-620,1,2026-09-17,2,206,56,7,3.4,11,0,0
casinonz.team,team,nabory-611-620,1,2026-09-18,1,150,0,11,7.3,118,0,0
3829.lol,lol,nabory-611-620,1,2026-09-18,1,150,0,8,5.3,11,0,0
4572.lol,lol,nabory-611-620,1,2026-09-18,1,150,0,7,4.7,13,0,0
casino0752.team,team,nabory-611-620,1,2026-09-18,1,150,0,6,4.0,144,0,0
casinoydl.team,team,nabory-611-620,1,2026-09-18,1,150,0,2,1.3,4,0,0
casinog4.lol,lol,nabory-621-630,1,2026-09-18,1,150,0,58,38.7,586,0,0
3442.lol,lol,nabory-621-630,1,2026-09-18,1,150,0,42,28.0,665,0,0
1794.lol,lol,nabory-621-630,1,2026-09-18,1,150,0,35,23.3,383,0,0
fhml.lol,lol,nabory-621-630,1,2026-09-18,1,150,0,35,23.3,291,0,0
k2x1.lol,lol,nabory-621-630,1,2026-09-18,1,150,0,27,18.0,405,0,0
rxdu.lol,lol,nabory-621-630,1,2026-09-18,1,150,0,25,16.7,162,0,0
5649.lol,lol,nabory-631-640,1,2026-09-18,1,150,0,47,31.3,254,0,0
4497.lol,lol,nabory-631-640,1,2026-09-18,1,150,0,11,7.3,40,1,0
k3u.team,team,nabory264268_01.09,1,2026-09-01,2,206,56,40,19.4,264,0,0
p2v.team,team,nabory264268_01.09,1,2026-09-01,2,206,56,19,9.2,77,0,0
m8t.team,team,nabory264268_01.09,1,2026-09-01,2,206,56,13,6.3,54,0,0
32gf.team,team,nabory264268_01.09,1,2026-09-01,2,206,56,9,4.4,27,0,0
5671.team,team,nabory274283,1,2026-09-02,2,206,56,38,18.4,824,0,0
7027.team,team,nabory274283,1,2026-09-02,2,206,56,37,18.0,664,0,0
h6k8.team,team,nabory274283,1,2026-09-02,2,206,56,36,17.5,386,2,1
7590.lol,lol,nabory274283,1,2026-09-02,2,206,56,29,14.1,945,0,0
0040.lol,lol,nabory274283,1,2026-09-02,2,206,56,17,8.3,463,0,0
8730.lol,lol,nabory274283,1,2026-09-02,2,206,56,8,3.9,64,0,0
zyok.lol,lol,nabory274283,1,2026-09-04,2,206,56,32,15.5,546,0,0
pjxu.lol,lol,nabory274283,1,2026-09-04,2,206,56,15,7.3,72,1,0
casino922.lol,lol,nabory274283,1,2026-09-04,2,206,56,12,5.8,241,0,0
z6z.lol,lol,nabory274283,1,2026-09-04,2,206,56,10,4.9,97,0,0
7119.lol,lol,nabory284293,1,2026-09-02,2,206,56,18,8.7,181,0,0
0728.lol,lol,nabory284293,1,2026-09-02,2,206,56,14,6.8,289,0,0
9061.lol,lol,nabory284293,1,2026-09-02,2,206,56,14,6.8,72,0,0
casinonck.lol,lol,nabory284293,1,2026-09-04,2,206,56,21,10.2,460,0,0
xoacasino.lol,lol,nabory284293,1,2026-09-04,2,206,56,17,8.3,557,0,0
casinoopk.lol,lol,nabory284293,1,2026-09-04,2,206,56,16,7.8,54,0,0
u4f5.lol,lol,nabory284293,1,2026-09-04,2,206,56,13,6.3,77,0,0
lcdj.lol,lol,nabory284293,1,2026-09-04,2,206,56,6,2.9,35,0,0
dpcasino.lol,lol,nabory284293,1,2026-09-04,2,206,56,6,2.9,50,0,0
ukfw.lol,lol,nabory284293,1,2026-09-04,2,206,56,5,2.4,19,0,0
u0s.team,team,nabory294303,1,2026-09-02,2,206,56,36,17.5,566,0,0
4202.team,team,nabory294303,1,2026-09-02,2,206,56,35,17.0,685,0,0
c4x3.team,team,nabory294303,1,2026-09-02,2,206,56,34,16.5,765,0,0
3064.lol,lol,nabory294303,1,2026-09-02,2,206,56,21,10.2,52,0,0
7180.lol,lol,nabory294303,1,2026-09-02,2,206,56,16,7.8,88,0,0
f4w.lol,lol,nabory294303,1,2026-09-02,2,206,56,14,6.8,61,0,0
casinozfa.lol,lol,nabory294303,1,2026-09-04,2,206,56,27,13.1,657,0,0
emnc.lol,lol,nabory294303,1,2026-09-04,2,206,56,17,8.3,235,0,0
ubgh.lol,lol,nabory294303,1,2026-09-04,2,206,56,11,5.3,198,0,0
lwcasino.lol,lol,nabory294303,1,2026-09-04,2,206,56,10,4.9,383,0,0
274casino.team,team,nabory400410_styled_img,1,2026-09-06,2,206,56,33,16.0,552,0,0
1812.lol,lol,nabory400410_styled_img,1,2026-09-06,2,206,56,27,13.1,319,0,0
6294.lol,lol,nabory400410_styled_img,1,2026-09-06,2,206,56,19,9.2,136,0,0
7960.lol,lol,nabory400410_styled_img,1,2026-09-06,2,206,56,18,8.7,707,0,0
4893.lol,lol,nabory400410_styled_img,1,2026-09-06,2,206,56,16,7.8,75,0,0
casinoh2.team,team,nabory400410_styled_img,1,2026-09-06,2,206,56,15,7.3,36,0,0
0778.lol,lol,nabory400410_styled_img,1,2026-09-06,2,206,56,12,5.8,34,0,0
0697.team,team,nabory400410_styled_img,1,2026-09-06,2,206,56,12,5.8,79,0,0
4994.team,team,nabory400410_styled_img,1,2026-09-06,2,206,56,11,5.3,915,0,0
0934.lol,lol,nabory400410_styled_img,1,2026-09-06,2,206,56,11,5.3,25,0,0
vjkd.lol,lol,nabory400410_styled_img,1,2026-09-06,2,206,56,10,4.9,47,0,0
5448.team,team,nabory411420_styled_img,1,2026-09-06,2,206,56,64,31.1,1364,0,0
9800.team,team,nabory411420_styled_img,1,2026-09-06,2,206,56,58,28.2,1637,1,1
274casino.lol,lol,nabory411420_styled_img,1,2026-09-06,2,206,56,20,9.7,1007,0,0
7827.team,team,nabory411420_styled_img,1,2026-09-06,2,206,56,18,8.7,144,0,0
4313.lol,lol,nabory411420_styled_img,1,2026-09-06,2,206,56,18,8.7,440,0,0
7827.lol,lol,nabory411420_styled_img,1,2026-09-06,2,206,56,17,8.3,322,0,0
411casino.lol,lol,nabory411420_styled_img,1,2026-09-06,2,206,56,14,6.8,425,1,1
9413.team,team,nabory411420_styled_img,1,2026-09-06,2,206,56,11,5.3,775,0,0
casinoli.team,team,nabory411420_styled_img,1,2026-09-06,2,206,56,10,4.9,551,0,0
6808.lol,lol,nabory411420_styled_img,1,2026-09-06,2,206,56,8,3.9,246,0,0
casinoodm.team,team,nabory421425_styled_img,1,2026-09-06,2,206,56,55,26.7,1015,0,0
casinofsd.lol,lol,nabory421425_styled_img,1,2026-09-06,2,206,56,50,24.3,2020,1,1
939casino.lol,lol,nabory421425_styled_img,1,2026-09-06,2,205,55,32,15.6,620,0,0
fks.lol,lol,nabory421425_styled_img,1,2026-09-06,2,206,56,16,7.8,303,1,0
5153.team,team,nabory421425_styled_img,1,2026-09-06,2,206,56,12,5.8,118,0,0
casinouep.team,team,nabory431435_styled_img,1,2026-09-07,2,206,56,36,17.5,521,0,0
3902.team,team,nabory431435_styled_img,1,2026-09-07,2,206,56,30,14.6,903,0,0
3869.lol,lol,nabory431435_styled_img,1,2026-09-07,2,206,56,27,13.1,1894,0,0
9421.team,team,nabory431435_styled_img,1,2026-09-07,2,206,56,22,10.7,1196,0,0
5954.lol,lol,nabory431435_styled_img,1,2026-09-07,2,206,56,10,4.9,23,0,0
0311.team,team,nabory436440_styled_img,1,2026-09-07,2,206,56,28,13.6,932,0,0
5406.team,team,nabory436440_styled_img,1,2026-09-07,2,206,56,23,11.2,344,0,0
casinomw.team,team,nabory436440_styled_img,1,2026-09-07,2,206,56,22,10.7,565,0,0
v3w0.team,team,nabory436440_styled_img,1,2026-09-07,2,206,56,13,6.3,64,0,0
0765.team,team,nabory436440_styled_img,1,2026-09-07,2,206,56,10,4.9,114,0,0
casinoyso.team,team,nabory441443_styled_img,1,2026-09-07,2,206,56,18,8.7,96,0,0
tsnb.team,team,nabory441443_styled_img,1,2026-09-07,2,206,56,12,5.8,210,0,0
9511.team,team,nabory441443_styled_img,1,2026-09-07,2,206,56,8,3.9,1322,0,0
07casino.buzz,buzz,nabory447451_styled_img,1,2026-09-08,2,206,56,32,15.5,893,0,0
qqwd.buzz,buzz,nabory447451_styled_img,1,2026-09-08,2,206,56,20,9.7,592,0,0
9316.buzz,buzz,nabory447451_styled_img,1,2026-09-08,2,206,56,15,7.3,125,0,0
1514.lol,lol,nabory447451_styled_img,1,2026-09-08,2,206,56,10,4.9,109,0,0
w8h.lol,lol,nabory447451_styled_img,1,2026-09-08,2,206,56,5,2.4,12,0,0
casino91.lol,lol,nabory455457_styled_img,1,2026-09-09,2,206,56,6,2.9,34,0,0
4945casino.lol,lol,nabory455457_styled_img,1,2026-09-09,2,206,56,5,2.4,676,0,0
casino6629.lol,lol,nabory455457_styled_img,1,2026-09-09,2,206,56,3,1.5,41,0,0
skxb.casino,casino,nabory461463_styled_img,1,2026-09-09,2,206,56,64,31.1,4083,0,0
tqab.casino,casino,nabory461463_styled_img,1,2026-09-09,2,206,56,35,17.0,614,0,0
wbji.casino,casino,nabory461463_styled_img,1,2026-09-09,2,182,32,29,15.9,1101,1,0
mhob.team,team,nabory464466,1,2026-09-10,2,206,56,18,8.7,1471,0,0
9147.team,team,nabory464466,1,2026-09-10,2,206,56,11,5.3,146,0,0
6591.team,team,nabory464466,1,2026-09-10,2,206,56,5,2.4,1426,0,0
75casino.team,team,nabory470472_styled_img,1,2026-09-10,2,206,56,36,17.5,917,0,0
d6t5.team,team,nabory470472_styled_img,1,2026-09-10,2,206,56,27,13.1,144,1,0
u1y1.team,team,nabory470472_styled_img,1,2026-09-10,2,206,56,20,9.7,362,0,0
casino753.team,team,nabory481483_styled_img_dark,1,2026-09-11,2,206,56,40,19.4,467,0,0
1938.team,team,nabory481483_styled_img_dark,1,2026-09-11,2,206,56,25,12.1,245,0,0
h1p5.team,team,nabory481483_styled_img_dark,1,2026-09-11,2,206,56,20,9.7,3475,0,0
z1n9.team,team,nabory484486_styled_img,1,2026-09-11,2,206,56,21,10.2,176,0,0
5600.team,team,nabory484486_styled_img,1,2026-09-11,2,206,56,20,9.7,248,0,0
kura.team,team,nabory484486_styled_img,1,2026-09-11,2,206,56,17,8.3,162,0,0
pqvb.casino,casino,script_yandex_12page,1,2026-09-11,2,206,56,51,24.8,1660,0,0
1109mm.casino,casino,script_yandex_12page,1,2026-09-11,2,206,56,42,20.4,2612,0,0
9165.team,team,script_yandex_12page,1,2026-09-11,2,206,56,42,20.4,813,1,0
1009g.casino,casino,script_yandex_12page,1,2026-09-11,2,206,56,32,15.5,1465,0,0
9442.team,team,script_yandex_12page,1,2026-09-11,2,206,56,31,15.0,2298,0,0
5512.team,team,script_yandex_12page,1,2026-09-11,2,206,56,25,12.1,127,1,0
cgxs.casino,casino,script_yandex_12page,1,2026-09-11,2,206,56,23,11.2,587,0,0
164casino.team,team,script_yandex_12page,1,2026-09-11,2,206,56,17,8.3,392,0,0
casino1109g.casino,casino,script_yandex_12page,1,2026-09-11,2,206,56,11,5.3,89,0,0
1109cas.casino,casino,script_yandex_12page,1,2026-09-11,2,206,56,5,2.4,454,0,0
8367.lol,lol,script_yandex_12page,1,2026-09-11,2,206,56,4,1.9,12,0,0
1009rr.casino,casino,script_yandex_12page,1,2026-09-11,2,206,56,2,1.0,7,0,0
1209r.casino,casino,script_yandex_12page,1,2026-09-12,2,206,56,31,15.0,368,1,0
1209casino.casino,casino,script_yandex_12page,1,2026-09-12,2,206,56,20,9.7,680,0,0
1209s.casino,casino,script_yandex_12page,1,2026-09-12,2,206,56,20,9.7,487,1,0
1209hh.casino,casino,script_yandex_12page,1,2026-09-12,2,206,56,19,9.2,176,0,0
p9y.casino,casino,script_yandex_12page,1,2026-09-12,2,206,56,15,7.3,71,0,0
1209k.casino,casino,script_yandex_12page,1,2026-09-12,2,206,56,13,6.3,199,0,0
1209sg.casino,casino,script_yandex_12page,1,2026-09-12,2,206,56,4,1.9,15,0,0
1209dk.casino,casino,script_yandex_12page,1,2026-09-12,2,206,56,2,1.0,3,0,0
1209cas.casino,casino,script_yandex_12page,1,2026-09-12,2,206,56,1,0.5,10,0,0
9866.team,team,shponnayarezka1,1,2026-09-05,2,206,56,14,6.8,88,0,0
muacasino.team,team,struktura8x7,1,2026-09-06,2,206,56,51,24.8,876,0,0
9670.team,team,struktura8x7,1,2026-09-06,2,206,56,50,24.3,1294,0,0
7142.team,team,struktura8x7,1,2026-09-06,2,206,56,39,18.9,322,0,0
2663.team,team,struktura8x7,1,2026-09-06,2,206,56,37,18.0,2067,0,0
casinodxp.team,team,struktura8x7,1,2026-09-06,2,206,56,26,12.6,351,0,0
q7g3.team,team,struktura8x7,1,2026-09-06,2,206,56,23,11.2,3976,0,0
4809.team,team,struktura8x7,1,2026-09-06,2,206,56,17,8.3,211,0,0
9859casino.team,team,struktura8x7,1,2026-09-06,2,206,56,16,7.8,155,0,0
1818.team,team,tesemochnaya1,1,2026-09-05,2,206,56,32,15.5,241,0,0
h5g5.team,team,trikomplekta,1,2026-09-04,2,206,56,43,20.9,664,0,0
9274.team,team,trikomplekta,1,2026-09-04,2,206,56,37,18.0,249,0,0
pqow.team,team,trikomplekta,1,2026-09-04,2,206,56,20,9.7,424,0,0
5298.team,team,trikomplektaB,1,2026-09-05,2,206,56,25,12.1,203,1,1
hkcasino.lol,lol,trikomplektaB,1,2026-09-05,2,206,56,21,10.2,132,0,0
7190.team,team,trikomplektaB,1,2026-09-05,2,206,56,20,9.7,137,0,0
7978.team,team,troykaC,1,2026-09-06,2,206,56,25,12.1,923,0,0
u3i.team,team,troykaC,1,2026-09-06,2,206,56,21,10.2,100,0,0
uphv.team,team,troykaC,1,2026-09-06,2,206,56,15,7.3,233,0,0
0017.team,team,Выдача_06.09_12стр,1,2026-09-07,2,206,56,43,20.9,5572,1,0
5448.lol,lol,Выдача_06.09_12стр,1,2026-09-07,2,206,56,43,20.9,882,1,0
4287.team,team,Выдача_06.09_12стр,1,2026-09-07,2,206,56,34,16.5,1143,0,0
4287.lol,lol,Выдача_06.09_12стр,1,2026-09-07,2,206,56,30,14.6,604,0,0
8061.lol,lol,Выдача_06.09_12стр,1,2026-09-07,2,206,56,25,12.1,488,0,0
4313.team,team,Выдача_06.09_12стр,1,2026-09-07,2,206,56,22,10.7,638,0,0
4809.lol,lol,Выдача_06.09_12стр,1,2026-09-07,2,206,56,16,7.8,227,1,0
ixkf.lol,lol,Выдача_06.09_12стр,1,2026-09-07,2,206,56,7,3.4,51,0,0
2663.lol,lol,Выдача_06.09_7стр,1,2026-09-07,2,206,56,35,17.0,1280,0,0
8081.team,team,Выдача_06.09_7стр,1,2026-09-07,2,206,56,2,1.0,9,0,0
5374.team,team,КОНТРОЛЬ NEW50_5_7pages_nodate_21.08,1,2026-08-25,2,206,56,65,31.6,10258,2,1
2424.team,team,КОНТРОЛЬ NEW50_5_7pages_nodate_21.08,1,2026-08-25,2,206,56,60,29.1,21722,0,0
wknc.team,team,КОНТРОЛЬ NEW50_5_7pages_nodate_21.08,1,2026-08-25,2,206,56,51,24.8,6727,1,0
2291.team,team,КОНТРОЛЬ NEW50_5_7pages_nodate_21.08,1,2026-08-25,2,206,56,33,16.0,2531,0,0
1106.team,team,КОНТРОЛЬ NEW50_5_7pages_nodate_21.08,1,2026-08-25,2,206,56,30,14.6,3056,0,0
wgxx.team,team,КОНТРОЛЬ NEW50_5_7pages_nodate_21.08,1,2026-08-25,2,206,56,29,14.1,2765,1,0
7201.team,team,КОНТРОЛЬ NEW50_5_7pages_nodate_21.08,1,2026-08-25,2,206,56,28,13.6,690,0,0
9279.team,team,КОНТРОЛЬ NEW50_5_7pages_nodate_21.08,1,2026-08-25,2,206,56,24,11.7,1086,0,0
3803.lol,lol,КОНТРОЛЬ NEW50_5_7pages_nodate_21.08,1,2026-08-25,2,206,56,23,11.2,1066,0,0
8359.team,team,КОНТРОЛЬ NEW50_5_7pages_nodate_21.08,1,2026-08-25,2,206,56,14,6.8,217,0,0
fkjj.lol,lol,КОНТРОЛЬ NEW50_5_7pages_nodate_21.08,1,2026-08-25,2,206,56,11,5.3,68,0,0
amtx.team,team,КОНТРОЛЬ NEW50_5_7pages_nodate_21.08,1,2026-08-26,2,206,56,38,18.4,1921,0,0
9779.team,team,КОНТРОЛЬ NEW50_5_7pages_nodate_21.08,1,2026-08-26,2,205,55,34,16.6,690,0,0
r7p0.team,team,КОНТРОЛЬ NEW50_5_7pages_nodate_21.08,1,2026-08-26,2,206,56,32,15.5,708,0,0
gylz.team,team,КОНТРОЛЬ NEW50_5_7pages_nodate_21.08,1,2026-08-26,2,206,56,29,14.1,270,0,0
7014.team,team,КОНТРОЛЬ NEW50_5_7pages_nodate_21.08,1,2026-08-26,2,206,56,26,12.6,1112,0,0
4184.team,team,КОНТРОЛЬ NEW50_5_7pages_nodate_21.08,1,2026-08-26,2,206,56,23,11.2,260,0,0
jkzr.team,team,КОНТРОЛЬ NEW50_5_7pages_nodate_21.08,1,2026-08-26,2,206,56,19,9.2,126,0,0
4827s.team,team,КОНТЕНТ НЕ ЗАПИСАН,1,2026-08-11,2,166,16,2,1.2,77,0,0
cokd4.team,team,КОНТЕНТ НЕ ЗАПИСАН,1,2026-08-17,2,174,24,28,16.1,983,1,1
hg98da.buzz,buzz,КОНТЕНТ НЕ ЗАПИСАН,1,2026-08-17,2,174,24,0,0.0,0,0,0
gltb.team,team,КОНТЕНТ НЕ ЗАПИСАН,1,2026-08-18,2,184,34,125,67.9,11267,1,0
fkmz.team,team,КОНТЕНТ НЕ ЗАПИСАН,1,2026-08-18,2,184,34,120,65.2,18005,1,1
cgnr.team,team,КОНТЕНТ НЕ ЗАПИСАН,1,2026-08-18,2,184,34,99,53.8,4493,0,0
4863.team,team,КОНТЕНТ НЕ ЗАПИСАН,1,2026-08-18,2,184,34,96,52.2,31354,3,0
2385.team,team,КОНТЕНТ НЕ ЗАПИСАН,1,2026-08-18,2,184,34,91,49.5,10144,2,0
mtbf.team,team,КОНТЕНТ НЕ ЗАПИСАН,1,2026-08-18,2,184,34,90,48.9,9660,2,1
lrzn.team,team,КОНТЕНТ НЕ ЗАПИСАН,1,2026-08-18,2,184,34,89,48.4,4949,0,0
n2rf.team,team,КОНТЕНТ НЕ ЗАПИСАН,1,2026-08-18,2,184,34,88,47.8,3915,0,0
bdqv.team,team,КОНТЕНТ НЕ ЗАПИСАН,1,2026-08-18,2,184,34,85,46.2,2466,0,0
1052.team,team,КОНТЕНТ НЕ ЗАПИСАН,1,2026-08-18,2,184,34,83,45.1,5638,0,0
c3qm.team,team,КОНТЕНТ НЕ ЗАПИСАН,1,2026-08-18,2,184,34,73,39.7,2762,0,0
2916.team,team,КОНТЕНТ НЕ ЗАПИСАН,1,2026-08-18,2,184,34,66,35.9,1878,0,0
kmwq.team,team,КОНТЕНТ НЕ ЗАПИСАН,1,2026-08-18,2,184,34,66,35.9,7363,0,0
dhpw.team,team,КОНТЕНТ НЕ ЗАПИСАН,1,2026-08-18,2,184,34,65,35.3,1512,0,0
p6kv.team,team,КОНТЕНТ НЕ ЗАПИСАН,1,2026-08-18,2,184,34,63,34.2,3700,0,0
nvgp.team,team,КОНТЕНТ НЕ ЗАПИСАН,1,2026-08-18,2,184,34,63,34.2,2461,0,0
5074.team,team,КОНТЕНТ НЕ ЗАПИСАН,1,2026-08-18,2,184,34,59,32.1,581,0,0
4519.team,team,КОНТЕНТ НЕ ЗАПИСАН,1,2026-08-18,2,184,34,59,32.1,2086,0,0
hnvc.team,team,КОНТЕНТ НЕ ЗАПИСАН,1,2026-08-18,2,184,34,55,29.9,2985,0,0
4899da.online,online,КОНТЕНТ НЕ ЗАПИСАН,1,2026-08-18,2,184,34,52,28.3,447,0,0
1794.team,team,КОНТЕНТ НЕ ЗАПИСАН,1,2026-08-18,2,184,34,51,27.7,842,1,0
6948.team,team,КОНТЕНТ НЕ ЗАПИСАН,1,2026-08-18,2,184,34,49,26.6,1889,0,0
k6ms.team,team,КОНТЕНТ НЕ ЗАПИСАН,1,2026-08-18,2,184,34,47,25.5,916,0,0
h2vd.team,team,КОНТЕНТ НЕ ЗАПИСАН,1,2026-08-18,2,184,34,45,24.5,1260,0,0
6135.team,team,КОНТЕНТ НЕ ЗАПИСАН,1,2026-08-18,2,184,34,43,23.4,1504,0,0
j9cw.team,team,КОНТЕНТ НЕ ЗАПИСАН,1,2026-08-18,2,184,34,41,22.3,9905,1,0
l4nq.team,team,КОНТЕНТ НЕ ЗАПИСАН,1,2026-08-18,2,184,34,40,21.7,241,0,0
g4pb.team,team,КОНТЕНТ НЕ ЗАПИСАН,1,2026-08-18,2,184,34,39,21.2,986,0,0
d8nk.team,team,КОНТЕНТ НЕ ЗАПИСАН,1,2026-08-18,2,184,34,38,20.7,685,0,0
f7zr.team,team,КОНТЕНТ НЕ ЗАПИСАН,1,2026-08-18,2,184,34,37,20.1,486,0,0
jpsd.team,team,КОНТЕНТ НЕ ЗАПИСАН,1,2026-08-18,2,184,34,33,17.9,510,0,0
b5wt.team,team,КОНТЕНТ НЕ ЗАПИСАН,1,2026-08-18,2,184,34,27,14.7,213,0,0
m8dt.team,team,КОНТЕНТ НЕ ЗАПИСАН,1,2026-08-18,2,184,34,21,11.4,1407,0,0
gbf5.team,team,КОНТЕНТ НЕ ЗАПИСАН,1,2026-08-18,2,184,34,6,3.3,53,0,0
837f.team,team,КОНТЕНТ НЕ ЗАПИСАН,1,2026-08-18,2,184,34,6,3.3,64,0,0
nnn7.team,team,КОНТЕНТ НЕ ЗАПИСАН,1,2026-08-18,2,184,34,4,2.2,119,0,0
bdwn.team,team,КОНТЕНТ НЕ ЗАПИСАН,1,2026-08-19,2,186,36,112,60.2,18996,2,0
4392.team,team,КОНТЕНТ НЕ ЗАПИСАН,1,2026-08-19,2,186,36,101,54.3,3886,1,0
gkrd.team,team,КОНТЕНТ НЕ ЗАПИСАН,1,2026-08-19,2,186,36,101,54.3,4879,1,0
1085.team,team,КОНТЕНТ НЕ ЗАПИСАН,1,2026-08-19,2,186,36,96,51.6,7332,0,0
rwdk.team,team,КОНТЕНТ НЕ ЗАПИСАН,1,2026-08-19,2,184,34,86,46.7,8532,0,0
mpdg.team,team,КОНТЕНТ НЕ ЗАПИСАН,1,2026-08-19,2,186,36,84,45.2,3217,1,0
k2n.team,team,КОНТЕНТ НЕ ЗАПИСАН,1,2026-08-19,2,185,35,75,40.5,3881,2,0
7592.team,team,КОНТЕНТ НЕ ЗАПИСАН,1,2026-08-19,2,184,34,72,39.1,14581,0,0
pqcl.team,team,КОНТЕНТ НЕ ЗАПИСАН,1,2026-08-19,2,184,34,72,39.1,1941,0,0
gjpz.team,team,КОНТЕНТ НЕ ЗАПИСАН,1,2026-08-19,2,185,35,62,33.5,1188,0,0
2153.team,team,КОНТЕНТ НЕ ЗАПИСАН,1,2026-08-19,2,185,35,60,32.4,3151,0,0
hlwm.team,team,КОНТЕНТ НЕ ЗАПИСАН,1,2026-08-19,2,185,35,58,31.4,781,0,0
3019.team,team,КОНТЕНТ НЕ ЗАПИСАН,1,2026-08-19,2,198,48,56,28.3,2400,0,0
5726.team,team,КОНТЕНТ НЕ ЗАПИСАН,1,2026-08-19,2,184,34,51,27.7,3291,1,1
3247.team,team,КОНТЕНТ НЕ ЗАПИСАН,1,2026-08-19,2,184,34,48,26.1,1946,0,0
2691.team,team,КОНТЕНТ НЕ ЗАПИСАН,1,2026-08-19,2,185,35,45,24.3,2239,0,0
jkzq.team,team,КОНТЕНТ НЕ ЗАПИСАН,1,2026-08-19,2,198,48,48,24.2,1125,0,0
2470.team,team,КОНТЕНТ НЕ ЗАПИСАН,1,2026-08-19,2,198,48,46,23.2,683,0,0
dlnb.team,team,КОНТЕНТ НЕ ЗАПИСАН,1,2026-08-19,2,198,48,45,22.7,922,0,0
3608.team,team,КОНТЕНТ НЕ ЗАПИСАН,1,2026-08-19,2,184,34,41,22.3,2334,0,0
1908po.buzz,buzz,КОНТЕНТ НЕ ЗАПИСАН,1,2026-08-19,2,184,34,41,22.3,437,0,0
k5cr.team,team,КОНТЕНТ НЕ ЗАПИСАН,1,2026-08-19,2,198,48,36,18.2,1105,0,0
r7mc.team,team,КОНТЕНТ НЕ ЗАПИСАН,1,2026-08-19,2,184,34,33,17.9,486,0,0
c5tw.team,team,КОНТЕНТ НЕ ЗАПИСАН,1,2026-08-19,2,198,48,30,15.2,474,1,0
b8t.team,team,КОНТЕНТ НЕ ЗАПИСАН,1,2026-08-19,2,184,34,27,14.7,1637,0,0
h3ns.team,team,КОНТЕНТ НЕ ЗАПИСАН,1,2026-08-19,2,198,48,29,14.6,1069,0,0
l9tb.team,team,КОНТЕНТ НЕ ЗАПИСАН,1,2026-08-19,2,185,35,25,13.5,1186,0,0
g7ld.team,team,КОНТЕНТ НЕ ЗАПИСАН,1,2026-08-19,2,198,48,26,13.1,110,0,0
5148.team,team,КОНТЕНТ НЕ ЗАПИСАН,1,2026-08-19,2,198,48,25,12.6,388,0,0
d9mq.team,team,КОНТЕНТ НЕ ЗАПИСАН,1,2026-08-19,2,198,48,25,12.6,136,0,0
1908by.buzz,buzz,КОНТЕНТ НЕ ЗАПИСАН,1,2026-08-19,2,185,35,22,11.9,217,0,0
5867.team,team,КОНТЕНТ НЕ ЗАПИСАН,1,2026-08-19,2,198,48,21,10.6,371,0,0
6204.team,team,КОНТЕНТ НЕ ЗАПИСАН,1,2026-08-19,2,184,34,19,10.3,162,0,0
n4kd.team,team,КОНТЕНТ НЕ ЗАПИСАН,1,2026-08-19,2,184,34,18,9.8,120,0,0
j8vp.team,team,КОНТЕНТ НЕ ЗАПИСАН,1,2026-08-19,2,198,48,19,9.6,43,0,0
1908jd.buzz,buzz,КОНТЕНТ НЕ ЗАПИСАН,1,2026-08-19,2,184,34,16,8.7,64,0,0
m2wf.team,team,КОНТЕНТ НЕ ЗАПИСАН,1,2026-08-19,2,184,34,16,8.7,1797,0,0
1908xc.buzz,buzz,КОНТЕНТ НЕ ЗАПИСАН,1,2026-08-19,2,184,34,15,8.2,149,0,0
ip4nd.cyou,cyou,КОНТЕНТ НЕ ЗАПИСАН,1,2026-08-19,2,198,48,16,8.1,379,0,0
3584.team,team,КОНТЕНТ НЕ ЗАПИСАН,1,2026-08-19,2,198,48,15,7.6,405,0,0
tvmk7.bond,bond,КОНТЕНТ НЕ ЗАПИСАН,1,2026-08-19,2,184,34,11,6.0,38,0,0
2008qw.buzz,buzz,КОНТЕНТ НЕ ЗАПИСАН,1,2026-08-19,2,198,48,10,5.1,47,0,0
b2kn.team,team,КОНТЕНТ НЕ ЗАПИСАН,1,2026-08-19,2,184,34,9,4.9,278,0,0
dwb7.top,top,КОНТЕНТ НЕ ЗАПИСАН,1,2026-08-19,2,184,34,8,4.3,45,0,0
h7zb.quest,quest,КОНТЕНТ НЕ ЗАПИСАН,1,2026-08-19,2,184,34,8,4.3,38,0,0
im8tq.icu,icu,КОНТЕНТ НЕ ЗАПИСАН,1,2026-08-19,2,184,34,6,3.3,55,0,0
1908.team,team,КОНТЕНТ НЕ ЗАПИСАН,1,2026-08-20,2,199,49,119,59.8,36962,5,0
bcqr.team,team,КОНТЕНТ НЕ ЗАПИСАН,1,2026-08-20,2,199,49,68,34.2,1854,1,0
cfpm.team,team,КОНТЕНТ НЕ ЗАПИСАН,1,2026-08-20,2,199,49,67,33.7,3750,3,0
v5d.team,team,КОНТЕНТ НЕ ЗАПИСАН,1,2026-08-20,2,199,49,61,30.7,1833,1,0
jmbt.team,team,КОНТЕНТ НЕ ЗАПИСАН,1,2026-08-20,2,199,49,60,30.2,1002,1,0
3726.team,team,КОНТЕНТ НЕ ЗАПИСАН,1,2026-08-20,2,199,49,60,30.2,2403,0,0
dhkt.team,team,КОНТЕНТ НЕ ЗАПИСАН,1,2026-08-20,2,199,49,60,30.2,2536,1,0
9536.lol,lol,КОНТЕНТ НЕ ЗАПИСАН,1,2026-08-20,2,199,49,59,29.6,3304,0,0
wcht.team,team,КОНТЕНТ НЕ ЗАПИСАН,1,2026-08-20,2,197,47,58,29.4,5253,0,0
1467.team,team,КОНТЕНТ НЕ ЗАПИСАН,1,2026-08-20,2,199,49,56,28.1,14386,0,0
klvr.team,team,КОНТЕНТ НЕ ЗАПИСАН,1,2026-08-20,2,199,49,52,26.1,644,0,0
3728.team,team,КОНТЕНТ НЕ ЗАПИСАН,1,2026-08-20,2,204,54,49,24.0,7861,0,0
fhmv.team,team,КОНТЕНТ НЕ ЗАПИСАН,1,2026-08-20,2,199,49,47,23.6,1289,1,0
5390.team,team,КОНТЕНТ НЕ ЗАПИСАН,1,2026-08-20,2,199,49,47,23.6,6877,0,0
qtbm.team,team,КОНТЕНТ НЕ ЗАПИСАН,1,2026-08-20,2,202,52,47,23.3,1759,0,0
cgvz.team,team,КОНТЕНТ НЕ ЗАПИСАН,1,2026-08-20,2,199,49,46,23.1,1450,0,0
1236.team,team,КОНТЕНТ НЕ ЗАПИСАН,1,2026-08-20,2,199,49,43,21.6,1942,1,0
pszk.team,team,КОНТЕНТ НЕ ЗАПИСАН,1,2026-08-20,2,204,54,44,21.6,1141,0,0
p3zv.team,team,КОНТЕНТ НЕ ЗАПИСАН,1,2026-08-20,2,199,49,42,21.1,740,0,0
4671.team,team,КОНТЕНТ НЕ ЗАПИСАН,1,2026-08-20,2,199,49,42,21.1,754,0,0
knvr7.sbs,sbs,КОНТЕНТ НЕ ЗАПИСАН,1,2026-08-20,2,199,49,41,20.6,766,0,0
2008jd.buzz,buzz,КОНТЕНТ НЕ ЗАПИСАН,1,2026-08-20,2,199,49,40,20.1,876,0,0
4085.team,team,КОНТЕНТ НЕ ЗАПИСАН,1,2026-08-20,2,199,49,40,20.1,1002,1,0
hlqz.team,team,КОНТЕНТ НЕ ЗАПИСАН,1,2026-08-20,2,206,56,40,19.4,464,0,0
5719.team,team,КОНТЕНТ НЕ ЗАПИСАН,1,2026-08-20,2,202,52,35,17.3,2185,0,0
5027.team,team,КОНТЕНТ НЕ ЗАПИСАН,1,2026-08-20,2,204,54,34,16.7,1269,0,0
s5bg.team,team,КОНТЕНТ НЕ ЗАПИСАН,1,2026-08-20,2,203,53,33,16.3,1047,0,0
lptf.team,team,КОНТЕНТ НЕ ЗАПИСАН,1,2026-08-20,2,204,54,33,16.2,768,0,0
nrwg.team,team,КОНТЕНТ НЕ ЗАПИСАН,1,2026-08-20,2,205,55,33,16.1,565,0,0
5942.team,team,КОНТЕНТ НЕ ЗАПИСАН,1,2026-08-20,2,202,52,31,15.3,1114,0,0
cqrw.rest,rest,КОНТЕНТ НЕ ЗАПИСАН,1,2026-08-20,2,199,49,29,14.6,682,0,0
vbgq.team,team,КОНТЕНТ НЕ ЗАПИСАН,1,2026-08-20,2,202,52,29,14.4,926,0,0
swdp.team,team,КОНТЕНТ НЕ ЗАПИСАН,1,2026-08-20,2,204,54,28,13.7,891,0,0
2650.team,team,КОНТЕНТ НЕ ЗАПИСАН,1,2026-08-20,2,205,55,27,13.2,1728,2,0
lnwc.team,team,КОНТЕНТ НЕ ЗАПИСАН,1,2026-08-20,2,199,49,26,13.1,1200,0,0
c9m.team,team,КОНТЕНТ НЕ ЗАПИСАН,1,2026-08-20,2,203,53,26,12.8,640,0,0
rvcn.team,team,КОНТЕНТ НЕ ЗАПИСАН,1,2026-08-20,2,203,53,26,12.8,170,0,0
hpvn.team,team,КОНТЕНТ НЕ ЗАПИСАН,1,2026-08-20,2,199,49,25,12.6,1627,0,0
f6bz.team,team,КОНТЕНТ НЕ ЗАПИСАН,1,2026-08-20,2,199,49,23,11.6,293,0,0
tzfl.team,team,КОНТЕНТ НЕ ЗАПИСАН,1,2026-08-20,2,189,39,22,11.6,717,1,0
2008vu.buzz,buzz,КОНТЕНТ НЕ ЗАПИСАН,1,2026-08-20,2,199,49,22,11.1,393,0,0
fgqw.team,team,КОНТЕНТ НЕ ЗАПИСАН,1,2026-08-20,2,199,49,21,10.6,68,0,0
4839.team,team,КОНТЕНТ НЕ ЗАПИСАН,1,2026-08-20,2,202,52,21,10.4,220,0,0
xdkr.team,team,КОНТЕНТ НЕ ЗАПИСАН,1,2026-08-20,2,195,45,19,9.7,1998,2,0
2328.team,team,КОНТЕНТ НЕ ЗАПИСАН,1,2026-08-20,2,202,52,19,9.4,192,0,0
jmrc.team,team,КОНТЕНТ НЕ ЗАПИСАН,1,2026-08-20,2,205,55,19,9.3,591,0,0
k7ln.team,team,КОНТЕНТ НЕ ЗАПИСАН,1,2026-08-20,2,204,54,18,8.8,588,0,0
gkpw.team,team,КОНТЕНТ НЕ ЗАПИСАН,1,2026-08-20,2,206,56,18,8.7,113,0,0
3405.team,team,КОНТЕНТ НЕ ЗАПИСАН,1,2026-08-20,2,204,54,17,8.3,74,0,0
mqvb.team,team,КОНТЕНТ НЕ ЗАПИСАН,1,2026-08-20,2,205,55,17,8.3,277,0,0
knsd.team,team,КОНТЕНТ НЕ ЗАПИСАН,1,2026-08-20,2,205,55,17,8.3,476,0,0
fjnv.team,team,КОНТЕНТ НЕ ЗАПИСАН,1,2026-08-20,2,206,56,17,8.3,156,0,0
r2km.team,team,КОНТЕНТ НЕ ЗАПИСАН,1,2026-08-20,2,203,53,16,7.9,107,0,0
d4v.team,team,КОНТЕНТ НЕ ЗАПИСАН,1,2026-08-20,2,203,53,15,7.4,76,0,0
5364.team,team,КОНТЕНТ НЕ ЗАПИСАН,1,2026-08-20,2,204,54,15,7.4,71,0,0
b6t.team,team,КОНТЕНТ НЕ ЗАПИСАН,1,2026-08-20,2,202,52,14,6.9,125,0,0
f2mw.team,team,КОНТЕНТ НЕ ЗАПИСАН,1,2026-08-20,2,204,54,14,6.9,35,1,0
b3nq.team,team,КОНТЕНТ НЕ ЗАПИСАН,1,2026-08-20,2,204,54,13,6.4,54,0,0
j4rd.team,team,КОНТЕНТ НЕ ЗАПИСАН,1,2026-08-20,2,203,53,12,5.9,24,0,0
2872.team,team,КОНТЕНТ НЕ ЗАПИСАН,1,2026-08-20,2,205,55,12,5.9,65,0,0
3164.team,team,КОНТЕНТ НЕ ЗАПИСАН,1,2026-08-20,2,205,55,11,5.4,77,0,0
g5pb.team,team,КОНТЕНТ НЕ ЗАПИСАН,1,2026-08-20,2,204,54,10,4.9,139,0,0
w4rz.team,team,КОНТЕНТ НЕ ЗАПИСАН,1,2026-08-20,2,202,52,9,4.5,933,1,0
6820.team,team,КОНТЕНТ НЕ ЗАПИСАН,1,2026-08-20,2,202,52,9,4.5,87,0,0
4213.team,team,КОНТЕНТ НЕ ЗАПИСАН,1,2026-08-20,2,203,53,9,4.4,60,0,0
6473.team,team,КОНТЕНТ НЕ ЗАПИСАН,1,2026-08-20,2,204,54,8,3.9,839,0,0
4586.team,team,КОНТЕНТ НЕ ЗАПИСАН,1,2026-08-20,2,204,54,8,3.9,95,0,0
5273r.cfd,cfd,КОНТЕНТ НЕ ЗАПИСАН,1,2026-08-20,2,199,49,6,3.0,31,0,0
c6vr.team,team,КОНТЕНТ НЕ ЗАПИСАН,1,2026-08-20,2,202,52,6,3.0,42,0,0
h8cz.team,team,КОНТЕНТ НЕ ЗАПИСАН,1,2026-08-20,2,204,54,6,2.9,76,0,0
n6qf.team,team,КОНТЕНТ НЕ ЗАПИСАН,1,2026-08-20,2,203,53,5,2.5,17,0,0
6158.team,team,КОНТЕНТ НЕ ЗАПИСАН,1,2026-08-20,2,204,54,5,2.5,28,0,0
d9tk.team,team,КОНТЕНТ НЕ ЗАПИСАН,1,2026-08-20,2,204,54,4,2.0,57,0,0
p9td.team,team,КОНТЕНТ НЕ ЗАПИСАН,1,2026-08-20,2,203,53,3,1.5,298,0,0
m3wv.team,team,КОНТЕНТ НЕ ЗАПИСАН,1,2026-08-20,2,204,54,3,1.5,236,0,0
3961.team,team,КОНТЕНТ НЕ ЗАПИСАН,1,2026-08-20,2,204,54,3,1.5,44,0,0
i182.xyz,xyz,КОНТЕНТ НЕ ЗАПИСАН,1,2026-08-20,2,199,49,0,0.0,3,0,0
1947.team,team,КОНТЕНТ НЕ ЗАПИСАН,1,2026-08-21,2,206,56,112,54.4,46130,6,0
bnwk.casino,casino,КОНТЕНТ НЕ ЗАПИСАН,1,2026-08-21,2,206,56,109,52.9,10539,2,0
blsr.team,team,КОНТЕНТ НЕ ЗАПИСАН,1,2026-08-21,2,206,56,108,52.4,12483,2,0
2568.team,team,КОНТЕНТ НЕ ЗАПИСАН,1,2026-08-21,2,206,56,90,43.7,22859,2,0
3982.team,team,КОНТЕНТ НЕ ЗАПИСАН,1,2026-08-21,2,206,56,76,36.9,6145,1,0
gnxb.team,team,КОНТЕНТ НЕ ЗАПИСАН,1,2026-08-21,2,206,56,73,35.4,12016,3,0
smzk.lol,lol,КОНТЕНТ НЕ ЗАПИСАН,1,2026-08-21,2,206,56,64,31.1,3269,2,0
hprl.team,team,КОНТЕНТ НЕ ЗАПИСАН,1,2026-08-21,2,206,56,60,29.1,5669,0,0
5297-4.casino,casino,КОНТЕНТ НЕ ЗАПИСАН,1,2026-08-21,2,206,56,57,27.7,1649,1,0
h2x.online,online,КОНТЕНТ НЕ ЗАПИСАН,1,2026-08-21,2,206,56,55,26.7,1543,0,0
vfkd.team,team,КОНТЕНТ НЕ ЗАПИСАН,1,2026-08-21,2,205,55,51,24.9,3214,0,0
1305.team,team,КОНТЕНТ НЕ ЗАПИСАН,1,2026-08-21,2,206,56,48,23.3,3028,1,0
k8n.lol,lol,КОНТЕНТ НЕ ЗАПИСАН,1,2026-08-21,2,206,56,45,21.8,2947,0,0
2214.team,team,КОНТЕНТ НЕ ЗАПИСАН,1,2026-08-21,2,206,56,45,21.8,748,1,0
m5tv.store,store,КОНТЕНТ НЕ ЗАПИСАН,1,2026-08-21,2,206,56,42,20.4,5131,1,0
h3rb.team,team,КОНТЕНТ НЕ ЗАПИСАН,1,2026-08-21,2,206,56,40,19.4,2758,0,0
k9ml.team,team,КОНТЕНТ НЕ ЗАПИСАН,1,2026-08-21,2,206,56,36,17.5,571,0,0
6829.lol,lol,КОНТЕНТ НЕ ЗАПИСАН,1,2026-08-21,2,206,56,36,17.5,2952,0,0
rdwt.lol,lol,КОНТЕНТ НЕ ЗАПИСАН,1,2026-08-21,2,206,56,33,16.0,1439,0,0
qbnv.lol,lol,КОНТЕНТ НЕ ЗАПИСАН,1,2026-08-21,2,206,56,28,13.6,906,0,0
n5wk.team,team,КОНТЕНТ НЕ ЗАПИСАН,1,2026-08-21,2,206,56,26,12.6,1568,0,0
trqm.casino,casino,КОНТЕНТ НЕ ЗАПИСАН,1,2026-08-21,2,206,56,26,12.6,759,0,0
m2vc.team,team,КОНТЕНТ НЕ ЗАПИСАН,1,2026-08-21,2,206,56,25,12.1,2113,1,0
2108io.buzz,buzz,КОНТЕНТ НЕ ЗАПИСАН,1,2026-08-21,2,206,56,25,12.1,2349,0,0
bnkd.shop,shop,КОНТЕНТ НЕ ЗАПИСАН,1,2026-08-21,2,206,56,23,11.2,1150,1,0
v2ld.lol,lol,КОНТЕНТ НЕ ЗАПИСАН,1,2026-08-21,2,205,55,22,10.7,890,0,0
2108ee.buzz,buzz,КОНТЕНТ НЕ ЗАПИСАН,1,2026-08-21,2,206,56,19,9.2,298,0,0
wrfn.cloud,cloud,КОНТЕНТ НЕ ЗАПИСАН,1,2026-08-21,2,206,56,18,8.7,643,0,0
d2wq.team,team,КОНТЕНТ НЕ ЗАПИСАН,1,2026-08-21,2,206,56,17,8.3,536,0,0
c7mt.team,team,КОНТЕНТ НЕ ЗАПИСАН,1,2026-08-21,2,206,56,13,6.3,128,0,0
2108jd.buzz,buzz,КОНТЕНТ НЕ ЗАПИСАН,1,2026-08-21,2,206,56,13,6.3,70,0,0
b4kr.team,team,КОНТЕНТ НЕ ЗАПИСАН,1,2026-08-21,2,206,56,12,5.8,3870,0,0
x284.site,site,КОНТЕНТ НЕ ЗАПИСАН,1,2026-08-21,2,206,56,10,4.9,139,0,0
j6td.team,team,КОНТЕНТ НЕ ЗАПИСАН,1,2026-08-21,2,206,56,7,3.4,29,0,0
3096.team,team,КОНТЕНТ НЕ ЗАПИСАН,1,2026-08-22,2,206,56,120,58.3,32771,5,1
fmwc.team,team,КОНТЕНТ НЕ ЗАПИСАН,1,2026-08-22,2,206,56,105,51.0,17206,1,0
3719.team,team,КОНТЕНТ НЕ ЗАПИСАН,1,2026-08-22,2,206,56,92,44.7,3696,1,0
dwev.team,team,КОНТЕНТ НЕ ЗАПИСАН,1,2026-08-22,2,206,56,84,40.8,14612,6,0
f5nv.team,team,КОНТЕНТ НЕ ЗАПИСАН,1,2026-08-22,2,206,56,79,38.3,8713,1,0
wgmr.team,team,КОНТЕНТ НЕ ЗАПИСАН,1,2026-08-22,2,206,56,78,37.9,13179,1,0
4173.lol,lol,КОНТЕНТ НЕ ЗАПИСАН,1,2026-08-22,2,206,56,78,37.9,4661,3,0
1682.team,team,КОНТЕНТ НЕ ЗАПИСАН,1,2026-08-22,2,206,56,63,30.6,13855,4,0
3457.team,team,КОНТЕНТ НЕ ЗАПИСАН,1,2026-08-22,2,206,56,57,27.7,4034,2,0
ldtq.click,click,КОНТЕНТ НЕ ЗАПИСАН,1,2026-08-22,2,206,56,53,25.7,2340,1,0
g8pz.team,team,КОНТЕНТ НЕ ЗАПИСАН,1,2026-08-22,2,206,56,46,22.3,394,0,0
zjnq.team,team,КОНТЕНТ НЕ ЗАПИСАН,1,2026-08-22,2,206,56,45,21.8,1925,0,0
3506.lol,lol,КОНТЕНТ НЕ ЗАПИСАН,1,2026-08-22,2,206,56,45,21.8,2151,1,0
2831.team,team,КОНТЕНТ НЕ ЗАПИСАН,1,2026-08-22,2,206,56,43,20.9,1328,1,0
jqtz.team,team,КОНТЕНТ НЕ ЗАПИСАН,1,2026-08-22,2,206,56,40,19.4,1369,1,0
xhpt.team,team,КОНТЕНТ НЕ ЗАПИСАН,1,2026-08-22,2,206,56,35,17.0,614,0,0
5847.live,live,КОНТЕНТ НЕ ЗАПИСАН,1,2026-08-22,2,206,56,28,13.6,1103,0,0
w5mq.lol,lol,КОНТЕНТ НЕ ЗАПИСАН,1,2026-08-22,2,206,56,27,13.1,142,0,0
zmbv.work,work,КОНТЕНТ НЕ ЗАПИСАН,1,2026-08-22,2,206,56,26,12.6,236,0,0
c6p.fun,fun,КОНТЕНТ НЕ ЗАПИСАН,1,2026-08-22,2,206,56,22,10.7,654,0,0
tfpc.lol,lol,КОНТЕНТ НЕ ЗАПИСАН,1,2026-08-22,2,206,56,17,8.3,187,0,0
9316.space,space,КОНТЕНТ НЕ ЗАПИСАН,1,2026-08-22,2,206,56,0,0.0,2,0,0
5803.team,team,КОНТЕНТ НЕ ЗАПИСАН,1,2026-08-24,2,206,56,51,24.8,1365,0,0
sblv.team,team,КОНТЕНТ НЕ ЗАПИСАН,1,2026-08-24,2,206,56,50,24.3,1569,1,0
c3c.lol,lol,КОНТЕНТ НЕ ЗАПИСАН,1,2026-08-24,2,206,56,48,23.3,2708,0,0
9928.team,team,КОНТЕНТ НЕ ЗАПИСАН,1,2026-08-24,2,206,56,48,23.3,1829,0,0
4150.team,team,КОНТЕНТ НЕ ЗАПИСАН,1,2026-08-24,2,206,56,43,20.9,809,1,0
f6zn.team,team,КОНТЕНТ НЕ ЗАПИСАН,1,2026-08-24,2,206,56,39,18.9,1307,0,0
3677.lol,lol,КОНТЕНТ НЕ ЗАПИСАН,1,2026-08-24,2,206,56,35,17.0,1714,0,0
w2yn.team,team,КОНТЕНТ НЕ ЗАПИСАН,1,2026-08-24,2,206,56,26,12.6,417,0,0
4814.team,team,КОНТЕНТ НЕ ЗАПИСАН,1,2026-08-24,2,206,56,21,10.2,3129,0,0
6574.team,team,КОНТЕНТ НЕ ЗАПИСАН,1,2026-08-24,2,206,56,21,10.2,377,0,0
qluj.team,team,КОНТЕНТ НЕ ЗАПИСАН,1,2026-08-24,2,206,56,19,9.2,322,0,0
2519.team,team,КОНТЕНТ НЕ ЗАПИСАН,1,2026-08-25,2,206,56,81,39.3,10812,2,0
2489.team,team,КОНТЕНТ НЕ ЗАПИСАН,1,2026-08-25,2,206,56,75,36.4,16136,1,0
d9d.team,team,КОНТЕНТ НЕ ЗАПИСАН,1,2026-08-25,2,206,56,48,23.3,2433,0,0
2654.team,team,КОНТЕНТ НЕ ЗАПИСАН,1,2026-08-25,2,206,56,48,23.3,7146,0,0
1409.team,team,КОНТЕНТ НЕ ЗАПИСАН,1,2026-08-25,2,206,56,41,19.9,3034,0,0
p8rs.team,team,КОНТЕНТ НЕ ЗАПИСАН,1,2026-08-25,2,206,56,32,15.5,1114,0,0
7873.team,team,КОНТЕНТ НЕ ЗАПИСАН,1,2026-08-25,2,206,56,21,10.2,859,0,0
7227.team,team,КОНТЕНТ НЕ ЗАПИСАН,1,2026-08-25,2,206,56,18,8.7,432,0,0
9720.team,team,КОНТЕНТ НЕ ЗАПИСАН,1,2026-08-26,2,206,56,53,25.7,3663,0,0
o0c.team,team,КОНТЕНТ НЕ ЗАПИСАН,1,2026-08-27,2,206,56,37,18.0,2658,0,0
3596.team,team,КОНТЕНТ НЕ ЗАПИСАН,1,2026-08-27,2,206,56,36,17.5,2012,0,0
ogax.team,team,КОНТЕНТ НЕ ЗАПИСАН,1,2026-08-27,2,206,56,35,17.0,2387,3,1
c5vt.team,team,КОНТЕНТ НЕ ЗАПИСАН,1,2026-08-27,2,206,56,33,16.0,1349,1,1
r9v.team,team,КОНТЕНТ НЕ ЗАПИСАН,1,2026-08-27,2,206,56,30,14.6,750,0,0
2084.team,team,КОНТЕНТ НЕ ЗАПИСАН,1,2026-08-27,2,206,56,27,13.1,2765,0,0
0302.team,team,КОНТЕНТ НЕ ЗАПИСАН,1,2026-08-27,2,206,56,26,12.6,1075,0,0
f9pb.team,team,КОНТЕНТ НЕ ЗАПИСАН,1,2026-08-27,2,206,56,24,11.7,160,0,0
4087.team,team,КОНТЕНТ НЕ ЗАПИСАН,1,2026-08-27,2,206,56,24,11.7,922,0,0
7440.team,team,КОНТЕНТ НЕ ЗАПИСАН,1,2026-08-27,2,206,56,20,9.7,296,0,0
2483.team,team,КОНТЕНТ НЕ ЗАПИСАН,1,2026-08-27,2,206,56,20,9.7,473,0,0
k6m.team,team,КОНТЕНТ НЕ ЗАПИСАН,1,2026-08-27,2,206,56,19,9.2,411,1,0
h7nd.team,team,КОНТЕНТ НЕ ЗАПИСАН,1,2026-08-27,2,206,56,19,9.2,259,0,0
2304.team,team,КОНТЕНТ НЕ ЗАПИСАН,1,2026-08-27,2,206,56,18,8.7,670,0,0
byai.team,team,КОНТЕНТ НЕ ЗАПИСАН,1,2026-08-27,2,206,56,17,8.3,200,0,0
j2t.team,team,КОНТЕНТ НЕ ЗАПИСАН,1,2026-08-27,2,206,56,16,7.8,379,0,0
7186.team,team,КОНТЕНТ НЕ ЗАПИСАН,1,2026-08-27,2,206,56,16,7.8,534,0,0
2139.team,team,КОНТЕНТ НЕ ЗАПИСАН,1,2026-08-27,2,206,56,14,6.8,318,0,0
f9kq.team,team,КОНТЕНТ НЕ ЗАПИСАН,1,2026-08-27,2,206,56,11,5.3,979,0,0
d3mw.team,team,КОНТЕНТ НЕ ЗАПИСАН,1,2026-08-27,2,206,56,11,5.3,234,0,0
b8rn.team,team,КОНТЕНТ НЕ ЗАПИСАН,1,2026-08-27,2,206,56,11,5.3,43,0,0
bqvr.team,team,КОНТЕНТ НЕ ЗАПИСАН,1,2026-08-28,2,206,56,63,30.6,2157,2,0
cktw.team,team,КОНТЕНТ НЕ ЗАПИСАН,1,2026-08-28,2,206,56,56,27.2,2643,1,1
dnfz.team,team,КОНТЕНТ НЕ ЗАПИСАН,1,2026-08-28,2,206,56,32,15.5,995,0,0
2885.team,team,КОНТЕНТ НЕ ЗАПИСАН,1,2026-08-31,2,206,56,87,42.2,7859,2,0
1327.team,team,КОНТЕНТ НЕ ЗАПИСАН,1,2026-08-31,2,206,56,79,38.3,4278,0,0
7079.lol,lol,КОНТЕНТ НЕ ЗАПИСАН,1,2026-09-03,2,206,56,53,25.7,1779,0,0
3375.team,team,КОНТЕНТ НЕ ЗАПИСАН,1,2026-09-03,2,206,56,51,24.8,431,0,0
8474.lol,lol,КОНТЕНТ НЕ ЗАПИСАН,1,2026-09-03,2,206,56,50,24.3,2164,1,0
ikmd.lol,lol,КОНТЕНТ НЕ ЗАПИСАН,1,2026-09-03,2,206,56,44,21.4,913,0,0
5329.lol,lol,КОНТЕНТ НЕ ЗАПИСАН,1,2026-09-03,2,206,56,39,18.9,2505,0,0
soxv.team,team,КОНТЕНТ НЕ ЗАПИСАН,1,2026-09-03,2,206,56,38,18.4,2247,0,0
6860.lol,lol,КОНТЕНТ НЕ ЗАПИСАН,1,2026-09-03,2,206,56,35,17.0,4673,0,0
7448.lol,lol,КОНТЕНТ НЕ ЗАПИСАН,1,2026-09-03,2,206,56,33,16.0,6740,0,0
qmpl.lol,lol,КОНТЕНТ НЕ ЗАПИСАН,1,2026-09-03,2,206,56,29,14.1,233,0,0
2853.lol,lol,КОНТЕНТ НЕ ЗАПИСАН,1,2026-09-03,2,206,56,29,14.1,1454,0,0
6418.team,team,КОНТЕНТ НЕ ЗАПИСАН,1,2026-09-03,2,206,56,28,13.6,304,1,1
5472.lol,lol,КОНТЕНТ НЕ ЗАПИСАН,1,2026-09-03,2,206,56,25,12.1,136,0,0
izlx.lol,lol,КОНТЕНТ НЕ ЗАПИСАН,1,2026-09-03,2,206,56,23,11.2,170,0,0
xjl.lol,lol,КОНТЕНТ НЕ ЗАПИСАН,1,2026-09-03,2,206,56,21,10.2,259,0,0
kzgq.lol,lol,КОНТЕНТ НЕ ЗАПИСАН,1,2026-09-03,2,206,56,21,10.2,658,0,0
2882.team,team,КОНТЕНТ НЕ ЗАПИСАН,1,2026-09-03,2,206,56,19,9.2,512,0,0
5329.team,team,КОНТЕНТ НЕ ЗАПИСАН,1,2026-09-03,2,206,56,18,8.7,1096,0,0
1414.lol,lol,КОНТЕНТ НЕ ЗАПИСАН,1,2026-09-03,2,206,56,17,8.3,55,0,0
t8n2.lol,lol,КОНТЕНТ НЕ ЗАПИСАН,1,2026-09-03,2,206,56,15,7.3,563,0,0
7653.team,team,КОНТЕНТ НЕ ЗАПИСАН,1,2026-09-03,2,206,56,13,6.3,83,0,0
f4w.team,team,КОНТЕНТ НЕ ЗАПИСАН,1,2026-09-03,2,206,56,10,4.9,215,0,0
ubgh.team,team,КОНТЕНТ НЕ ЗАПИСАН,1,2026-09-04,2,206,56,46,22.3,1665,0,0
seft.team,team,КОНТЕНТ НЕ ЗАПИСАН,1,2026-09-04,2,206,56,40,19.4,320,0,0
casino01.lol,lol,КОНТЕНТ НЕ ЗАПИСАН,1,2026-09-04,2,206,56,38,18.4,1379,0,0
xoacasino.team,team,КОНТЕНТ НЕ ЗАПИСАН,1,2026-09-04,2,206,56,35,17.0,438,0,0
9124.lol,lol,КОНТЕНТ НЕ ЗАПИСАН,1,2026-09-04,2,206,56,30,14.6,869,3,0
dpcasino.team,team,КОНТЕНТ НЕ ЗАПИСАН,1,2026-09-04,2,206,56,27,13.1,271,0,0
n7k.team,team,КОНТЕНТ НЕ ЗАПИСАН,1,2026-09-04,2,206,56,27,13.1,379,0,0
qbkn.team,team,КОНТЕНТ НЕ ЗАПИСАН,1,2026-09-04,2,206,56,27,13.1,377,1,0
c2u3.lol,lol,КОНТЕНТ НЕ ЗАПИСАН,1,2026-09-04,2,206,56,25,12.1,344,0,0
casino1430.lol,lol,КОНТЕНТ НЕ ЗАПИСАН,1,2026-09-04,2,206,56,19,9.2,307,0,0
t1o.team,team,КОНТЕНТ НЕ ЗАПИСАН,1,2026-09-04,2,206,56,16,7.8,309,0,0
casinoj1.lol,lol,КОНТЕНТ НЕ ЗАПИСАН,1,2026-09-04,2,206,56,14,6.8,372,0,0
casinogh.lol,lol,КОНТЕНТ НЕ ЗАПИСАН,1,2026-09-04,2,206,56,11,5.3,171,0,0
casino876.team,team,КОНТЕНТ НЕ ЗАПИСАН,1,2026-09-04,2,206,56,11,5.3,94,0,0
emnc.team,team,КОНТЕНТ НЕ ЗАПИСАН,1,2026-09-04,2,206,56,9,4.4,42,0,0
bvve.lol,lol,КОНТЕНТ НЕ ЗАПИСАН,1,2026-09-04,2,206,56,7,3.4,64,0,0
qlcasino.lol,lol,КОНТЕНТ НЕ ЗАПИСАН,1,2026-09-04,2,206,56,6,2.9,124,0,0
casinoprb.team,team,КОНТЕНТ НЕ ЗАПИСАН,1,2026-09-04,2,206,56,6,2.9,35,0,0
casino01.team,team,КОНТЕНТ НЕ ЗАПИСАН,1,2026-09-04,2,206,56,6,2.9,133,0,0
9090.lol,lol,КОНТЕНТ НЕ ЗАПИСАН,1,2026-09-04,2,206,56,5,2.4,24,0,0
casinoprb.lol,lol,КОНТЕНТ НЕ ЗАПИСАН,1,2026-09-04,2,206,56,5,2.4,551,0,0
m7s3.team,team,КОНТЕНТ НЕ ЗАПИСАН,1,2026-09-04,2,206,56,5,2.4,15,0,0
casino0962.lol,lol,КОНТЕНТ НЕ ЗАПИСАН,1,2026-09-04,2,206,56,4,1.9,27,0,0
xycasino.lol,lol,КОНТЕНТ НЕ ЗАПИСАН,1,2026-09-04,2,206,56,4,1.9,13,0,0
ukfw.team,team,КОНТЕНТ НЕ ЗАПИСАН,1,2026-09-04,2,206,56,4,1.9,14,0,0
lvqv.lol,lol,КОНТЕНТ НЕ ЗАПИСАН,1,2026-09-04,2,206,56,3,1.5,90,0,0
casino876.lol,lol,КОНТЕНТ НЕ ЗАПИСАН,1,2026-09-04,2,206,56,2,1.0,18,0,0
oxvl.lol,lol,КОНТЕНТ НЕ ЗАПИСАН,1,2026-09-04,2,206,56,2,1.0,5,0,0
2279.team,team,КОНТЕНТ НЕ ЗАПИСАН,1,2026-09-10,2,206,56,20,9.7,166,0,0
3416.team,team,КОНТЕНТ НЕ ЗАПИСАН,1,2026-09-10,2,206,56,16,7.8,125,0,0
2298.team,team,КОНТЕНТ НЕ ЗАПИСАН,1,2026-09-10,2,206,56,15,7.3,399,0,0
casinoerr.team,team,КОНТЕНТ НЕ ЗАПИСАН,1,2026-09-10,2,206,56,15,7.3,578,0,0
9940.team,team,КОНТЕНТ НЕ ЗАПИСАН,1,2026-09-10,2,206,56,14,6.8,262,0,0
casinow2.team,team,КОНТЕНТ НЕ ЗАПИСАН,1,2026-09-10,2,206,56,10,4.9,123,0,0
0739.team,team,КОНТЕНТ НЕ ЗАПИСАН,1,2026-09-10,2,206,56,9,4.4,610,0,0
0779.team,team,КОНТЕНТ НЕ ЗАПИСАН,1,2026-09-10,2,206,56,9,4.4,73,0,0
casinosdc.team,team,КОНТЕНТ НЕ ЗАПИСАН,1,2026-09-10,2,206,56,9,4.4,139,0,0
casino2552.team,team,КОНТЕНТ НЕ ЗАПИСАН,1,2026-09-10,2,206,56,9,4.4,306,0,0
hhfp.team,team,КОНТЕНТ НЕ ЗАПИСАН,1,2026-09-10,2,206,56,8,3.9,192,0,0
1293.team,team,КОНТЕНТ НЕ ЗАПИСАН,1,2026-09-10,2,206,56,8,3.9,666,1,0
8988.team,team,КОНТЕНТ НЕ ЗАПИСАН,1,2026-09-10,2,206,56,7,3.4,286,0,0
hfkg.team,team,КОНТЕНТ НЕ ЗАПИСАН,1,2026-09-10,2,206,56,7,3.4,44,0,0
casinoq2.team,team,КОНТЕНТ НЕ ЗАПИСАН,1,2026-09-10,2,206,56,4,1.9,42,0,0
casinoybc.team,team,КОНТЕНТ НЕ ЗАПИСАН,1,2026-09-10,2,206,56,3,1.5,316,0,0
casino66.team,team,КОНТЕНТ НЕ ЗАПИСАН,1,2026-09-11,2,205,55,31,15.1,912,0,0
r4p4.team,team,КОНТЕНТ НЕ ЗАПИСАН,1,2026-09-11,2,206,56,24,11.7,294,0,0
z1o4.team,team,КОНТЕНТ НЕ ЗАПИСАН,1,2026-09-11,2,206,56,19,9.2,58,0,0
8405.team,team,КОНТЕНТ НЕ ЗАПИСАН,1,2026-09-12,2,206,56,7,3.4,31,0,0
1209m.casino,casino,КОНТЕНТ НЕ ЗАПИСАН,1,2026-09-12,2,206,56,6,2.9,42,0,0
0902.team,team,КОНТЕНТ НЕ ЗАПИСАН,1,2026-09-12,2,206,56,3,1.5,12,0,0
i5x.team,team,ТЕСТ B Generator_11page_NOimg_24.08,1,2026-08-24,2,206,56,78,37.9,6562,0,0
3286.team,team,ТЕСТ B Generator_11page_NOimg_24.08,1,2026-08-24,2,206,56,54,26.2,4299,1,0
w4g.team,team,ТЕСТ B Generator_11page_NOimg_24.08,1,2026-08-24,2,206,56,37,18.0,819,0,0
2824.team,team,ТЕСТ B Generator_11page_NOimg_24.08,1,2026-08-24,2,206,56,35,17.0,2462,0,0
1750.team,team,ТЕСТ B Generator_11page_NOimg_24.08,1,2026-08-24,2,206,56,31,15.0,854,0,0
mkuk.team,team,ТЕСТ B Generator_11page_NOimg_24.08,1,2026-08-24,2,206,56,31,15.0,655,0,0
xabd.team,team,ТЕСТ B Generator_11page_NOimg_24.08,1,2026-08-24,2,206,56,25,12.1,695,1,0
7216.lol,lol,ТЕСТ B Generator_11page_NOimg_24.08,1,2026-08-24,2,206,56,21,10.2,448,0,0
w4lv.team,team,ТЕСТ B Generator_11page_NOimg_24.08,1,2026-08-24,2,206,56,17,8.3,643,0,0
8573.lol,lol,ТЕСТ B Generator_11page_NOimg_24.08,1,2026-08-24,2,206,56,16,7.8,249,3,0
4733.team,team,ТЕСТ B Generator_11page_NOimg_24.08,1,2026-08-24,2,206,56,14,6.8,651,0,0
