домен,зона,день запуска,последний день,дней,окно закрыто,набор контента,семейство,наборов на домене,страниц,оформление,шаблон,паттерн имени,длина метки,аккаунт вебмастера,который раз аккаунт,аккаунт: баз всего,аккаунт свежий,cf-аккаунт,час запуска,блок часа,день недели,"ночью, сайтов","в выходной, сайтов",сайтов,сайтов в окне,брендов,сайтов в 1-й волне,сайтов во 2-й волне,ошибок верификации,кликов всего,ботов,ботов %,из поиска,из поиска %,прочих,прочих %,сайтов с поиском,доля сайтов с поиском %,вышли за 1 сутки,вышли за 3 суток,вышли за 7 суток,выход 3 суток %,"задержка до поиска, медиана",кликов на сайт с поиском,регистраций,ФД,рег на 10 тыс. поисковых,кликов на регистрацию,брендов с конверсией,какие бренды конвертили
2334.team,team,2026-09-11,2026-09-12,2,да,NEW102оформленосдатой,NEW,1,,оформлено,Theme1,numeric,4,923,1,1,да,147,0,00-05,5,206,0,206,206,206,150,56,0,4425,485,11.0,3405,76.9,535,12.1,68,33.0,44,50,59,24.3,0.0,50.1,7,2,20.6,486,4,"Martin (5), Twin (2), Jetton (1), Spin City (1)"
1947.team,team,2026-08-21,2026-08-22,2,да,КОНТЕНТ НЕ ЗАПИСАН,не записан,1,,,Theme1,numeric,4,158,1,2,да,178,19,18-23,5,0,0,206,206,206,150,56,0,49986,1755,3.5,46307,92.6,1924,3.8,121,58.7,97,112,116,54.4,1.0,382.7,6,0,1.3,7717,5,"Mellstroy (2), Vodka (1), R7 (1), 1Go (1), Вулкан Старс (1)"
dwev.team,team,2026-08-22,2026-08-23,2,да,КОНТЕНТ НЕ ЗАПИСАН,не записан,1,,,Theme1,alpha_other,4,178,1,2,да,171,14,12-17,6,0,206,206,206,206,150,56,0,18167,1879,10.3,14613,80.4,1675,9.2,94,45.6,78,84,84,40.8,0.0,155.5,6,0,4.1,2435,5,"Pinco (2), New Retro (1), Zooma (1), Trix (1), Vulkan Pobeda (1)"
1908.team,team,2026-08-20,2026-08-21,2,да,КОНТЕНТ НЕ ЗАПИСАН,не записан,1,,,Theme1,numeric,4,86,1,2,да,66,12,12-17,4,0,0,199,199,199,150,49,0,41440,2257,5.4,36962,89.2,2221,5.4,135,67.8,112,119,119,59.8,0,273.8,5,0,1.4,7392,5,"Lucky Bird (1), Twin (1), Spin City (1), Sol (1), Sweet (1)"
3096.team,team,2026-08-22,2026-08-23,2,да,КОНТЕНТ НЕ ЗАПИСАН,не записан,1,,,Theme1,numeric,4,189,1,2,да,182,20,18-23,6,0,206,206,206,206,150,56,0,36906,2381,6.5,32771,88.8,1754,4.8,121,58.7,97,120,120,58.3,1.0,270.8,5,1,1.5,6554,4,"Twin (3), Cactus (1), Nomad (1), Luckybear (1)"
msvcasino.lol,lol,2026-09-09,2026-09-10,2,да,archive412_unique12оформлено,archive,1,,оформлено,Theme1,casino_infix,9,794,1,1,да,440,13,12-17,3,0,0,206,206,206,150,56,0,16464,1618,9.8,14424,87.6,422,2.6,122,59.2,85,91,103,44.2,1.0,118.2,5,0,3.5,2884,4,"Mellstroy (2), Lucky Bird (1), Martin (1), Eva (1)"
1109casino.casino,casino,2026-09-11,2026-09-12,2,да,NEW102оформленосдатой,NEW,1,,оформлено,Theme1,casino_infix,10,919,1,1,да,117,0,00-05,5,206,0,206,206,206,150,56,0,12746,677,5.3,11732,92.0,337,2.6,85,41.3,57,63,74,30.6,0,138.0,5,3,4.3,2346,5,"Stake (2), Trix (2), Fenix (2), Vodka (1), Mellstroy (1)"
5580.team,team,2026-09-02,2026-09-03,2,да,NEW50_7pages_nodate_01.09,NEW,1,7,без оформления,Theme1,numeric,4,404,1,2,да,428,20,18-23,3,0,0,206,206,206,150,56,0,8899,822,9.2,7660,86.1,417,4.7,50,24.3,34,42,45,20.4,1.0,153.2,5,1,6.5,1532,4,"Goodwin (3), Dbbet (1), Onlybets (1), Like (1)"
qlmf.lol,lol,2026-09-09,2026-09-10,2,да,archive412_unique12оформлено,archive,1,,оформлено,Theme1,alpha_other,4,795,1,1,да,422,13,12-17,3,0,0,206,206,206,150,56,0,9480,1399,14.8,7585,80.0,496,5.2,95,46.1,66,70,79,34.0,1,79.8,5,1,6.6,1517,4,"Brillx (2), Leebet (2), Bounty (1), Lucky Bird (1)"
tgmb.team,team,2026-09-03,2026-09-04,2,да,NEW50_12pages_withdate_01.09,NEW,1,12,без оформления,Theme1,alpha_other,4,466,1,2,да,477,9,06-11,4,0,0,206,206,206,150,56,0,4532,1094,24.1,2518,55.6,920,20.3,93,45.1,67,76,79,36.9,0,27.1,5,0,19.9,503,4,"Shuffle (2), Vivaro (1), Beef (1), Jvspin (1)"
1682.team,team,2026-08-22,2026-08-23,2,да,КОНТЕНТ НЕ ЗАПИСАН,не записан,1,,,Theme1,numeric,4,180,1,2,да,177,16,12-17,6,0,206,206,206,206,150,56,0,16888,1782,10.6,13856,82.0,1250,7.4,66,32.0,44,63,64,30.6,1.0,209.9,4,0,2.9,3464,4,"MostBet Bookmaker (1), Pinco (1), 1xbet (1), Fonbet (1)"
ploo.team,team,2026-09-15,2026-09-16,2,да,content-2026-09-14c-12str-oform_2,content-дата,1,12,оформлено,Theme1,alpha_other,4,3,4,4,нет,794,12,12-17,2,0,0,206,206,206,150,56,0,7684,1243,16.2,5828,75.8,613,8.0,95,46.1,69,86,86,41.7,1.0,61.3,4,2,6.9,1457,4,"GetX (2), Marathon (2), Lucky Bird (1), Eva (1)"
gwrl.casino,casino,2026-09-01,2026-09-02,2,да,NEW50_12pages_withdate_01.09,NEW,1,12,без оформления,Theme1,alpha_other,4,360,1,2,да,384,18,18-23,2,0,0,206,206,206,150,56,0,6599,2640,40.0,2956,44.8,1003,15.2,84,40.8,72,82,82,39.8,1.0,35.2,4,2,13.5,739,4,"1Go (2), Spinto (2), Kent (1), Million (1)"
4994.lol,lol,2026-09-07,2026-09-08,2,да,NEW20_4_12pages_withdate,NEW,1,12,без оформления,Theme1,numeric,4,593,1,1,да,246,15,12-17,1,0,0,206,206,206,150,56,0,4188,1087,26.0,2203,52.6,898,21.4,81,39.3,64,70,71,34.0,1.0,27.2,4,0,18.2,550,4,"Vodka (1), Dragon Money (1), GetX (1), Spinwin (1)"
imic.team,team,2026-09-15,2026-09-16,2,да,content-2026-09-14c-7str-oform-2_17,content-дата,1,7,оформлено,Theme1,alpha_other,4,140,2,2,нет,769,15,12-17,2,0,0,206,206,206,150,56,0,2781,703,25.3,1963,70.6,115,4.1,83,40.3,60,76,76,36.9,1.0,23.7,4,0,20.4,490,3,"Lucky Bird (2), Leon (1), Bigsbet (1)"
4863.team,team,2026-08-18,2026-08-19,2,да,КОНТЕНТ НЕ ЗАПИСАН,не записан,1,,,Theme1,numeric,4,17,1,3,да,28,20,18-23,2,0,0,184,184,184,150,34,0,46172,1570,3.4,31486,68.2,13116,28.4,98,53.3,88,96,97,52.2,1,321.3,3,0,1.0,10495,2,"Pinco (2), Pin Up (1)"
2369.team,team,2026-09-03,2026-09-04,2,да,NEW50_7pages_nodate_01.09,NEW,1,7,без оформления,Theme1,numeric,4,453,1,2,да,47,6,06-11,4,0,0,206,206,206,150,56,0,25672,824,3.2,23978,93.4,870,3.4,65,31.6,54,55,59,26.7,0,368.9,3,0,1.3,7992,3,"Shuffle (1), Volta (1), Fenix (1)"
rvue.team,team,2026-09-02,2026-09-03,2,да,NEW50_7pages_withdate_01.09,NEW,1,7,без оформления,Theme1,alpha_other,4,379,1,2,да,401,0,00-05,3,206,0,206,206,206,150,56,0,24052,2543,10.6,20072,83.5,1437,6.0,90,43.7,71,77,77,37.4,0.0,223.0,3,1,1.5,6690,3,"Олимп (2), 1win (1), Fenix (1)"
gnxb.team,team,2026-08-21,2026-08-22,2,да,КОНТЕНТ НЕ ЗАПИСАН,не записан,1,,,Theme1,alpha_other,4,146,1,2,да,173,18,18-23,5,0,0,206,206,206,150,56,0,14771,1317,8.9,12016,81.3,1438,9.7,77,37.4,72,73,73,35.4,1,156.1,3,0,2.5,4005,3,"Lucky Bird (1), Luckybear (1), Shuffle (1)"
2097.lol,lol,2026-09-03,2026-09-04,2,да,NEW50_3_12pages_nodate_styled,NEW,1,12,без оформления,Theme1,numeric,4,471,1,2,да,37,18,18-23,4,0,0,206,206,206,150,56,0,13953,1737,12.4,11144,79.9,1072,7.7,82,39.8,70,78,79,37.9,1,135.9,3,0,2.7,3714,3,"Brillx (1), Twin (1), Эверум (1)"
2951.team,team,2026-08-31,2026-09-01,2,да,Generator_11page_test_1…_9 (dorgen com,Generator,1,11,,Theme1,numeric,4,341,1,2,да,367,17,12-17,1,0,0,206,206,206,150,56,0,10241,1686,16.5,7694,75.1,861,8.4,105,51.0,94,99,99,48.1,1,73.3,3,0,3.9,2564,2,"Martin (2), Pinco (1)"
3237.lol,lol,2026-09-08,2026-09-09,2,да,Content_script_12page_08.09,script,1,12,,Theme1,numeric,4,665,1,1,да,332,10,06-11,2,0,0,206,206,206,150,56,0,7981,655,8.2,7126,89.3,200,2.5,42,20.4,30,32,32,15.5,0,169.7,3,0,4.2,2375,3,"Kush (1), Cactus (1), Like (1)"
4173.lol,lol,2026-08-22,2026-08-23,2,да,КОНТЕНТ НЕ ЗАПИСАН,не записан,1,,,Theme1,numeric,4,184,1,2,да,200,20,18-23,6,0,206,206,206,206,150,56,0,8754,2706,30.9,4661,53.2,1387,15.8,80,38.8,61,78,80,37.9,1.0,58.3,3,0,6.4,1553,3,"Casino X (1), Олимп (1), Fonbet (1)"
2369.lol,lol,2026-09-03,2026-09-04,2,да,NEW50_3_12pages_withdate_styled,NEW,1,12,без оформления,Theme1,numeric,4,473,1,2,да,54,18,18-23,4,0,0,206,206,206,150,56,0,6396,1296,20.3,4203,65.7,897,14.0,75,36.4,63,72,73,35.0,1,56.0,3,1,7.1,1401,3,"Bounty (2), Lucky Bird (1), Клуб Вулкан (1)"
reyn.team,team,2026-08-26,2026-08-27,2,да,NEW33_12pages_nodate+img_25.08,NEW,1,12,без оформления,Theme1,alpha_other,4,309,1,2,да,345,18,18-23,3,0,0,206,206,206,150,56,0,5952,967,16.2,3946,66.3,1039,17.5,67,32.5,40,55,61,26.7,1,58.9,3,0,7.6,1315,2,"Metelitsa (2), Parimatch (1)"
cfpm.team,team,2026-08-20,2026-08-21,2,да,КОНТЕНТ НЕ ЗАПИСАН,не записан,1,,,Theme1,alpha_other,4,96,1,2,да,48,12,12-17,4,0,0,199,199,199,150,49,0,6755,1554,23.0,3756,55.6,1445,21.4,83,41.7,60,67,67,33.7,0.0,45.3,3,0,8.0,1252,3,"Dragon Money (1), Luckybear (1), Like (1)"
7395.lol,lol,2026-09-02,2026-09-03,2,да,NEW50_2_12pages_nodate_02.09,NEW,1,12,без оформления,Theme1,numeric,4,391,1,2,да,425,18,18-23,3,0,0,206,206,206,150,56,0,5069,823,16.2,3620,71.4,626,12.3,72,35.0,56,63,70,30.6,1.0,50.3,3,0,8.3,1206,3,"Legzo (1), Maxline (1), Like (1)"
4232.team,team,2026-09-15,2026-09-16,2,да,content-2026-09-14c-7str-oform-1_36,content-дата,1,7,оформлено,Theme1,numeric,4,148,2,2,нет,854,19,18-23,2,0,0,206,206,206,150,56,0,4194,943,22.5,2907,69.3,344,8.2,57,27.7,33,51,55,24.8,1,51.0,3,0,10.3,969,1,Mellstroy (3)
bsfg.team,team,2026-08-26,2026-08-27,2,да,NEW33_12pages_nodate+img_25.08,NEW,1,12,без оформления,Theme1,alpha_other,4,306,1,2,да,326,18,18-23,3,0,0,206,206,206,150,56,0,4961,1357,27.4,2662,53.7,942,19.0,75,36.4,68,73,73,35.4,1,35.5,3,1,11.3,887,3,"Dragon Money (2), Lucky Bird (1), Luckybear (1)"
0665.team,team,2026-09-02,2026-09-03,2,да,NEW50_2_12pages_withdate_02.09,NEW,1,12,без оформления,Theme1,numeric,4,419,1,2,да,442,22,18-23,3,0,0,205,205,205,150,55,0,5430,1941,35.7,2487,45.8,1002,18.5,73,35.6,48,66,70,32.2,1,34.1,3,0,12.1,829,3,"Bounty (1), Lucky Bird (1), Why (1)"
7065.team,team,2026-08-26,2026-08-27,2,да,NEW33_12pages_withdate+img_25.08,NEW,1,12,без оформления,Theme1,numeric,4,278,1,2,да,270,14,12-17,3,0,0,206,206,206,150,56,0,4627,1307,28.2,2473,53.4,847,18.3,32,15.5,20,27,29,13.1,1,77.3,3,1,12.1,824,2,"R7 (2), Leon (2)"
ogax.team,team,2026-08-27,2026-08-28,2,да,КОНТЕНТ НЕ ЗАПИСАН,не записан,1,,,Theme1,alpha_other,4,337,1,2,да,323,19,18-23,4,0,0,206,206,206,150,56,0,3535,923,26.1,2390,67.6,222,6.3,36,17.5,28,35,36,17.0,1.0,66.4,3,1,12.6,796,3,"Fugu (2), Cactus (1), Iris (1)"
xpba.lol,lol,2026-09-09,2026-09-10,2,да,archive412_unique12оформлено,archive,1,,оформлено,Theme1,alpha_other,4,797,1,1,да,436,13,12-17,3,0,0,206,206,206,150,56,0,4426,1674,37.8,2213,50.0,539,12.2,81,39.3,59,67,69,32.5,1,27.3,3,1,13.6,737,2,"Leon (3), Pinco (1)"
7055.team,team,2026-09-11,2026-09-12,2,да,NEW102оформленобездаты,NEW,1,,оформлено,Theme1,numeric,4,970,1,1,да,142,16,12-17,5,0,0,206,206,206,150,56,0,3177,626,19.7,2131,67.1,420,13.2,58,28.2,36,40,54,19.4,1,36.7,3,0,14.1,710,3,"Bounty (1), Вулкан Вегас (1), Leovegas (1)"
2129.lol,lol,2026-09-11,2026-09-12,2,да,NEW102оформленосдатой,NEW,1,,оформлено,Theme1,numeric,4,922,1,1,да,171,0,00-05,5,206,0,206,206,206,150,56,0,2941,630,21.4,1875,63.8,436,14.8,59,28.6,35,39,50,18.9,0,31.8,3,1,16.0,625,3,"Slotozal (2), Boost (1), Frank (1)"
1083.lol,lol,2026-09-02,2026-09-03,2,да,NEW50_2_12pages_nodate_02.09,NEW,1,12,без оформления,Theme1,numeric,4,386,1,2,да,426,18,18-23,3,0,0,206,206,206,150,56,0,4090,1510,36.9,1781,43.5,799,19.5,71,34.5,63,70,70,34.0,1.0,25.1,3,1,16.8,593,2,"Slotgames (3), Eva (1)"
2600.team,team,2026-09-15,2026-09-16,2,да,content-2026-09-14c-7str-oform-2_24,content-дата,1,7,оформлено,Theme1,numeric,4,120,2,2,нет,801,14,12-17,2,0,0,206,206,206,150,56,0,2392,763,31.9,1448,60.5,181,7.6,78,37.9,57,69,71,33.5,0,18.6,3,0,20.7,482,3,"Олимп (1), Лутран (1), Shuffle (1)"
1530.team,team,2026-09-15,2026-09-16,2,да,content-2026-09-14-7str-oform-9_39,content-дата,1,7,оформлено,Theme1,numeric,4,1180,1,1,да,712,1,00-05,2,206,0,206,206,206,150,56,0,2818,1254,44.5,1442,51.2,122,4.3,51,24.8,37,41,43,19.9,0,28.3,3,0,20.8,480,3,"Вулкан 24 (1), Winline (1), Realslots (1)"
9124.lol,lol,2026-09-04,2026-09-05,2,да,КОНТЕНТ НЕ ЗАПИСАН,не записан,1,,,Theme1,numeric,4,534,1,2,да,94,14,12-17,5,0,0,206,206,206,150,56,0,2128,804,37.8,869,40.8,455,21.4,32,15.5,25,30,30,14.6,1,27.2,3,0,34.5,289,3,"Onion (1), Lucky Bird (1), Spinto (1)"
2596.team,team,2026-09-18,2026-09-18,1,да,content-2026-09-17-7str-oform-2_34,content-дата,1,7,оформлено,Theme1,numeric,4,466,2,2,нет,705,2,00-05,5,150,0,150,150,150,150,0,0,1142,458,40.1,621,54.4,63,5.5,52,34.7,49,52,52,34.7,0.0,11.9,3,0,48.3,207,3,"1xSlots (1), 1xbet (1), Maxline (1)"
3242.team,team,2026-09-02,2026-09-03,2,да,NEW50_2_7pages_withdate,NEW,1,7,без оформления,Theme1,numeric,4,401,1,2,да,431,20,18-23,3,0,0,206,206,206,150,56,0,1897,910,48.0,611,32.2,376,19.8,42,20.4,34,38,38,18.4,1.0,14.5,3,1,49.1,203,1,Leon (4)
5779.team,team,2026-09-17,2026-09-18,2,да,content-2026-09-15-7str-oform-1_43,content-дата,1,7,оформлено,Theme1,numeric,4,301,2,2,нет,579,1,00-05,4,206,0,206,206,206,150,56,0,1975,1227,62.1,545,27.6,203,10.3,46,22.3,35,39,39,18.9,0,11.8,3,1,55.0,181,3,"Frank (2), Mellstroy (1), Luckybear (1)"
8573.lol,lol,2026-08-24,2026-08-25,2,да,ТЕСТ B Generator_11page_NOimg_24.08,тест,1,11,,Theme1,numeric,4,215,1,2,да,314,18,18-23,1,0,0,206,206,206,150,56,0,2437,1694,69.5,249,10.2,494,20.3,19,9.2,14,16,19,7.8,1,13.1,3,0,120.5,83,1,Олимп (3)
2568.team,team,2026-08-21,2026-08-22,2,да,КОНТЕНТ НЕ ЗАПИСАН,не записан,1,,,Theme1,numeric,4,164,1,2,да,180,22,18-23,5,0,0,206,206,206,150,56,0,25584,1593,6.2,22859,89.3,1132,4.4,95,46.1,76,90,94,43.7,1,240.6,2,0,0.9,11429,1,Gama (2)
bdwn.team,team,2026-08-19,2026-08-20,2,да,КОНТЕНТ НЕ ЗАПИСАН,не записан,1,,,Theme1,alpha_other,4,66,1,2,да,47,17,12-17,3,0,0,186,186,186,150,36,0,22156,1492,6.7,18998,85.7,1666,7.5,117,62.9,105,112,116,60.2,1.0,162.4,2,0,1.1,9499,2,"Lucky Bird (1), Eva (1)"
3628.team,team,2026-08-31,2026-09-01,2,да,Generator_11page_test_1…_9 (dorgen com,Generator,1,11,,Theme1,numeric,4,342,1,2,да,368,17,12-17,1,0,0,206,206,206,150,56,0,19716,2125,10.8,16375,83.1,1216,6.2,107,51.9,99,100,100,48.5,1.0,153.0,2,0,1.2,8187,2,"Эверум (1), Volta (1)"
blsr.team,team,2026-08-21,2026-08-22,2,да,КОНТЕНТ НЕ ЗАПИСАН,не записан,1,,,Theme1,alpha_other,4,160,1,2,да,170,20,18-23,5,0,0,206,206,206,150,56,0,16746,2188,13.1,12486,74.6,2072,12.4,110,53.4,101,108,108,52.4,1.0,113.5,2,0,1.6,6243,2,"Lucky Bird (1), Like (1)"
0409cas.casino,casino,2026-09-04,2026-09-05,2,да,NEW20_12pages_nodate_styled_img,NEW,1,12,styled_img,Theme1,alpha_other,7,1211,1,2,да,146,19,18-23,5,0,0,206,206,206,150,56,0,13728,1464,10.7,11559,84.2,705,5.1,99,48.1,80,89,92,43.2,1.0,116.8,2,0,1.7,5779,2,"Cactus (1), Kraken (1)"
2519.team,team,2026-08-25,2026-08-26,2,да,КОНТЕНТ НЕ ЗАПИСАН,не записан,1,,,Theme1,numeric,4,250,1,2,да,268,18,18-23,2,0,0,206,206,206,150,56,0,12780,874,6.8,10813,84.6,1093,8.6,83,40.3,75,81,81,39.3,1,130.3,2,0,1.8,5406,2,"Fontan (1), Nomad (1)"
bnwk.casino,casino,2026-08-21,2026-08-22,2,да,КОНТЕНТ НЕ ЗАПИСАН,не записан,1,,,Theme1,alpha_other,4,145,1,2,да,216,18,18-23,5,0,0,206,206,206,150,56,0,13385,1216,9.1,10539,78.7,1630,12.2,114,55.3,100,109,109,52.9,1,92.4,2,0,1.9,5269,2,"Cactus (1), Покердом (1)"
5374.team,team,2026-08-25,2026-08-26,2,да,КОНТРОЛЬ NEW50_5_7pages_nodate_21.08,контроль,1,7,без оформления,Theme1,numeric,4,240,1,2,да,298,15,12-17,2,0,0,206,206,206,150,56,0,11770,789,6.7,10258,87.2,723,6.1,65,31.6,64,65,65,31.6,1,157.8,2,1,1.9,5129,1,Martin (3)
2385.team,team,2026-08-18,2026-08-19,2,да,КОНТЕНТ НЕ ЗАПИСАН,не записан,1,,,Theme1,numeric,4,15,1,3,да,23,21,18-23,2,0,0,184,184,184,150,34,0,13243,1976,14.9,10147,76.6,1120,8.5,92,50.0,86,91,91,49.5,1,110.3,2,0,2.0,5073,2,"Frank (1), Eva (1)"
mtbf.team,team,2026-08-18,2026-08-19,2,да,КОНТЕНТ НЕ ЗАПИСАН,не записан,1,,,Theme1,alpha_other,4,24,1,2,да,17,21,18-23,2,0,0,184,184,184,150,34,0,12716,1821,14.3,9665,76.0,1230,9.7,100,54.3,81,90,93,48.9,1,96.7,2,1,2.1,4832,2,"Eva (2), Slotozal (1)"
2885.team,team,2026-08-31,2026-09-01,2,да,КОНТЕНТ НЕ ЗАПИСАН,не записан,1,,,Theme1,numeric,4,112,2,3,нет,376,17,12-17,1,0,0,206,206,206,150,56,0,11622,2687,23.1,7861,67.6,1074,9.2,93,45.1,81,87,87,42.2,1,84.5,2,0,2.5,3930,2,"Money X (1), Ezcash (1)"
itsr.team,team,2026-09-15,2026-09-16,2,да,content-2026-09-14c-7str-oform-2_25,content-дата,1,7,оформлено,Theme1,alpha_other,4,141,2,2,нет,805,15,12-17,2,0,0,206,206,206,150,56,0,8755,1449,16.6,6791,77.6,515,5.9,104,50.5,71,94,96,45.6,1.0,65.3,2,0,2.9,3395,2,"Pinco (1), 1win (1)"
0509gg.casino,casino,2026-09-05,2026-09-06,2,да,NEW21_12pages_withdate_styled_img,NEW,1,12,styled_img,Theme1,alpha_other,6,1263,1,2,да,140,17,12-17,6,0,206,206,206,206,150,56,0,7266,590,8.1,6184,85.1,492,6.8,66,32.0,53,60,60,29.1,1.0,93.7,2,1,3.2,3092,2,"Vulkan Platinum (2), Turbo (1)"
5365.team,team,2026-09-07,2026-09-08,2,да,clean12_unique11оформлено,clean,1,,оформлено,Theme1,numeric,4,647,1,1,да,302,21,18-23,1,0,0,206,206,206,150,56,0,7128,680,9.5,5918,83.0,530,7.4,82,39.8,65,68,72,33.0,1,72.2,2,0,3.4,2959,1,Pinco (2)
3664.team,team,2026-08-26,2026-08-27,2,да,NEW17_img_withdate_26.08,NEW,1,,без оформления,Theme1,numeric,4,269,1,2,да,288,16,12-17,3,0,0,206,206,206,150,56,0,6931,1389,20.0,4816,69.5,726,10.5,45,21.8,30,38,42,18.4,1,107.0,2,0,4.2,2408,2,"Goodwin (1), Dune (1)"
ajjk.casino,casino,2026-09-10,2026-09-11,2,да,archive37строформленоv2часть3,archive,1,7,оформлено,Theme1,alpha_other,4,881,1,1,да,85,9,06-11,4,0,0,206,206,206,150,56,0,5288,370,7.0,4701,88.9,217,4.1,74,35.9,60,64,68,31.1,0,63.5,2,1,4.3,2350,2,"Sol (2), Fugu (1)"
casinobzb.team,team,2026-09-15,2026-09-16,2,да,content-2026-09-14c-12str-oform_1,content-дата,1,12,оформлено,Theme1,casino_prefix,9,103,2,2,нет,792,11,06-11,2,0,0,206,206,206,150,56,0,6240,1093,17.5,4672,74.9,475,7.6,99,48.1,82,93,94,45.1,0.0,47.2,2,0,4.3,2336,2,"Cactus (1), Lucky Bird (1)"
wlxr.team,team,2026-08-26,2026-08-27,2,да,NEW33_12pages_withdate+img_25.08,NEW,1,12,без оформления,Theme1,alpha_other,4,287,1,2,да,250,14,12-17,3,0,0,206,206,206,150,56,0,8270,1886,22.8,4216,51.0,2168,26.2,60,29.1,41,50,56,24.3,1.0,70.3,2,0,4.7,2108,2,"Arkada (1), Martin (1)"
3457.team,team,2026-08-22,2026-08-23,2,да,КОНТЕНТ НЕ ЗАПИСАН,не записан,1,,,Theme1,numeric,4,181,1,2,да,183,20,18-23,6,0,206,206,206,206,150,56,0,7046,1885,26.8,4034,57.3,1127,16.0,58,28.2,47,57,58,27.7,1.0,69.6,2,0,5.0,2017,2,"888starz (1), Olympus-play (1)"
1109r.casino,casino,2026-09-11,2026-09-12,2,да,NEW102оформленосдатой,NEW,1,,оформлено,Theme1,alpha_other,5,926,1,1,да,124,5,00-05,5,206,0,206,206,206,150,56,0,4759,390,8.2,4001,84.1,368,7.7,67,32.5,50,50,59,24.3,0.0,59.7,2,1,5.0,2000,2,"R7 (2), Leon (1)"
1009gg.casino,casino,2026-09-10,2026-09-11,2,да,archive37строформленоv2часть3,archive,1,7,оформлено,Theme1,alpha_other,6,886,1,1,да,90,10,06-11,4,0,0,206,206,206,150,56,0,4678,372,8.0,3967,84.8,339,7.2,61,29.6,45,46,50,22.3,0,65.0,2,1,5.0,1983,2,"Spinto (2), Luckybear (1)"
k2n.team,team,2026-08-19,2026-08-20,2,да,КОНТЕНТ НЕ ЗАПИСАН,не записан,1,,,Theme1,alpha_other,3,58,1,2,да,94,17,12-17,3,0,0,185,185,185,150,35,0,7489,2131,28.5,3885,51.9,1473,19.7,77,41.6,68,75,76,40.5,1,50.5,2,0,5.1,1942,1,Jetton (2)
fvqcasino.lol,lol,2026-09-19,2026-09-20,2,нет,nabory-621-630_2,nabory,1,,,Theme1,casino_infix,9,737,2,2,нет,288,13,12-17,6,0,206,206,0,206,150,56,0,4587,625,13.6,3869,84.3,93,2.0,85,41.3,,,,,0.0,45.5,2,0,5.2,1934,2,"Мелбет (1), Spinto (1)"
1978.lol,lol,2026-09-17,2026-09-18,2,да,content-2026-09-16-7str_1,content-дата,1,7,,Theme1,numeric,4,433,2,2,нет,750,21,18-23,4,0,0,206,206,206,150,56,0,4699,786,16.7,3833,81.6,80,1.7,54,26.2,41,54,54,26.2,1.0,71.0,2,0,5.2,1916,1,Casino X (2)
qucasino.team,team,2026-09-20,2026-09-21,2,нет,content-2026-09-17-7str-oform-2_28,content-дата,1,7,оформлено,Theme1,casino_infix,8,1217,2,2,нет,699,5,00-05,7,206,206,206,0,206,150,56,0,4194,370,8.8,3746,89.3,78,1.9,73,35.4,,,,,0.0,51.3,2,1,5.3,1873,2,"Irwin (2), Gizbo (1)"
smzk.lol,lol,2026-08-21,2026-08-22,2,да,КОНТЕНТ НЕ ЗАПИСАН,не записан,1,,,Theme1,alpha_other,4,156,1,2,да,198,19,18-23,5,0,0,206,206,206,150,56,0,5387,1149,21.3,3269,60.7,969,18.0,69,33.5,58,64,66,31.1,1.0,47.4,2,0,6.1,1634,2,"Spin City (1), Apex (1)"
itym.team,team,2026-09-15,2026-09-16,2,да,content-2026-09-14b-7str-oform-2_20,content-дата,1,7,оформлено,Theme1,alpha_other,4,7,3,3,нет,717,12,12-17,2,0,0,206,206,206,150,56,0,4305,957,22.2,2890,67.1,458,10.6,64,31.1,46,57,59,27.7,1,45.2,2,1,6.9,1445,2,"UP-X (2), Friends (1)"
casinosz.lol,lol,2026-09-16,2026-09-17,2,да,content-2026-09-15-7str-oform-2_48,content-дата,1,7,оформлено,Theme1,casino_prefix,8,239,2,2,нет,644,13,12-17,3,0,0,206,206,206,150,56,0,4666,1641,35.2,2820,60.4,205,4.4,75,36.4,53,69,69,33.5,1,37.6,2,1,7.1,1410,2,"Unlim Casino (2), Селектор (1)"
3615.team,team,2026-08-26,2026-08-27,2,да,NEW17_img_withdate_26.08,NEW,1,,без оформления,Theme1,numeric,4,268,1,2,да,283,16,12-17,3,0,0,206,206,206,150,56,0,1276568,1095,0.1,2313,0.2,1273160,99.7,42,20.4,31,35,40,17.0,1.0,55.1,2,0,8.6,1156,2,"Jet (1), Fenix (1)"
bqvr.team,team,2026-08-28,2026-08-29,2,да,КОНТЕНТ НЕ ЗАПИСАН,не записан,1,,,Theme1,alpha_other,4,108,2,3,нет,361,17,12-17,5,0,0,206,206,206,150,56,0,5287,2304,43.6,2157,40.8,826,15.6,69,33.5,58,63,64,30.6,1.0,31.3,2,0,9.3,1078,2,"Mellstroy (1), Spin City (1)"
xdkr.team,team,2026-08-20,2026-08-21,2,да,КОНТЕНТ НЕ ЗАПИСАН,не записан,1,,,Theme1,alpha_other,4,22,2,3,нет,131,22,18-23,4,0,0,195,195,195,150,45,0,3864,1281,33.2,1998,51.7,585,15.1,22,11.3,16,19,20,9.7,1.0,90.8,2,0,10.0,999,1,Apex (2)
casino0509h.casino,casino,2026-09-05,2026-09-06,2,да,NEW21_12pages_withdate_styled_img,NEW,1,12,styled_img,Theme1,casino_prefix,11,1276,1,2,да,141,18,18-23,6,0,206,206,206,206,150,56,0,3244,743,22.9,1934,59.6,567,17.5,67,32.5,57,63,65,30.6,1,28.9,2,0,10.3,967,1,Slott (2)
6655.team,team,2026-09-10,2026-09-11,2,да,archive37строформленоv2часть1,archive,1,7,оформлено,Theme1,numeric,4,903,1,1,да,168,16,12-17,4,0,0,206,206,206,150,56,0,2415,413,17.1,1798,74.5,204,8.4,54,26.2,37,41,51,19.9,1,33.3,2,1,11.1,899,2,"Iris (2), Shuffle (1)"
5406.lol,lol,2026-09-08,2026-09-09,2,да,clean7_part1_50оформлено,clean,1,,оформлено,Theme1,numeric,4,670,1,1,да,346,10,06-11,2,0,0,206,206,206,150,56,0,2463,553,22.5,1785,72.5,125,5.1,40,19.4,29,30,33,14.6,0.5,44.6,2,0,11.2,892,2,"Goodwin (1), Селектор (1)"
2650.team,team,2026-08-20,2026-08-21,2,да,КОНТЕНТ НЕ ЗАПИСАН,не записан,1,,,Theme1,numeric,4,139,1,2,да,133,22,18-23,4,0,0,205,205,205,150,55,0,3027,714,23.6,1728,57.1,585,19.3,31,15.1,24,27,28,13.2,1,55.7,2,0,11.6,864,2,"Vodka (1), Fenix (1)"
ciye.team,team,2026-09-02,2026-09-03,2,да,NEW50_7pages_nodate_01.09,NEW,1,7,без оформления,Theme1,alpha_other,4,407,1,2,да,418,20,18-23,3,0,0,206,206,206,150,56,0,3455,1013,29.3,1545,44.7,897,26.0,60,29.1,45,53,55,25.7,1.0,25.8,2,0,12.9,772,1,Pinco (2)
9051.team,team,2026-09-12,2026-09-13,2,да,content-2026-09-12-7str-oform-2,content-дата,1,7,оформлено,Theme1,numeric,4,1376,1,1,да,558,17,12-17,6,0,206,206,206,206,150,56,0,2219,603,27.2,1316,59.3,300,13.5,45,21.8,26,35,44,17.0,1.0,29.2,2,2,15.2,658,1,Martin (4)
rzbcasino.team,team,2026-09-12,2026-09-13,2,да,NEW102оформленобездаты,NEW,1,,оформлено,Theme1,casino_infix,9,995,1,1,да,155,8,06-11,6,0,206,206,206,206,150,56,0,2238,647,28.9,1233,55.1,358,16.0,53,25.7,39,42,49,20.4,0,23.3,2,1,16.2,616,2,"R7 (2), F1 (1)"
l3c7.lol,lol,2026-09-19,2026-09-20,2,нет,content-2026-09-17b-7str-oform_25,content-дата,1,7,оформлено,Theme1,alpha_other,4,566,2,2,нет,321,16,12-17,6,0,206,206,0,206,150,56,0,1801,507,28.2,1220,67.7,74,4.1,64,31.1,,,,,0,19.1,2,1,16.4,610,2,"Селектор (2), Lucky Bird (1)"
5113.team,team,2026-08-26,2026-08-27,2,да,NEW33_12pages_nodate+img_25.08,NEW,1,12,без оформления,Theme1,numeric,4,301,1,2,да,328,18,18-23,3,0,0,206,206,206,150,56,0,2790,904,32.4,985,35.3,901,32.3,43,20.9,33,40,41,19.4,1,22.9,2,0,20.3,492,2,"Lucky Bird (1), Iris (1)"
7079.team,team,2026-09-03,2026-09-04,2,да,NEW50_3_12pages_withdate_styled,NEW,1,12,без оформления,Theme1,numeric,4,497,1,2,да,59,20,18-23,4,0,0,206,206,206,150,56,0,2841,1247,43.9,843,29.7,751,26.4,35,17.0,27,33,33,16.0,1,24.1,2,1,23.7,421,2,"Frank (2), Azino888 (1)"
a1f9.lol,lol,2026-09-09,2026-09-10,2,да,archive47_unique119оформленочасть1,archive,1,,оформлено,Theme1,alpha_other,4,865,1,1,да,447,21,18-23,3,0,0,206,206,206,150,56,0,3176,2093,65.9,723,22.8,360,11.3,45,21.8,28,30,34,14.6,1,16.1,2,0,27.7,361,2,"AUF (1), Slotoro (1)"
casinob3.lol,lol,2026-09-12,2026-09-13,2,да,content-2026-09-12-7str-oform-1,content-дата,1,7,оформлено,Theme1,casino_prefix,8,1388,1,1,да,255,20,18-23,6,0,206,206,206,206,150,56,0,1322,436,33.0,684,51.7,202,15.3,37,18.0,17,29,37,14.1,2,18.5,2,0,29.2,342,2,"Turbo (1), Мелбет (1)"
ynr.team,team,2026-09-17,2026-09-18,2,да,content-2026-09-15-7str-oform-1_23,content-дата,1,7,оформлено,Theme1,alpha_other,3,347,2,2,нет,539,8,06-11,4,0,0,206,206,206,150,56,0,1896,1095,57.8,654,34.5,147,7.8,51,24.8,39,48,48,23.3,0.5,12.8,2,0,30.6,327,1,Leon (2)
decasino.team,team,2026-09-04,2026-09-05,2,да,Generator_346353_styled_img,Generator,1,,styled_img,Theme1,casino_infix,8,1198,1,2,да,211,17,12-17,5,0,0,206,206,206,150,56,0,2222,1279,57.6,547,24.6,396,17.8,30,14.6,24,26,26,12.6,1.0,18.2,2,0,36.6,273,2,"Betera (1), Winline (1)"
1025.team,team,2026-09-11,2026-09-12,2,да,clean7_part1_50оформлено,clean,1,,оформлено,Theme1,numeric,4,1007,1,1,да,263,3,00-05,5,206,0,206,206,206,150,56,0,1168,461,39.5,476,40.8,231,19.8,33,16.0,23,28,31,13.6,0,14.4,2,0,42.0,238,2,"1xbet (1), Marathon (1)"
h6k8.team,team,2026-09-02,2026-09-03,2,да,nabory274283,nabory,1,,,Theme1,alpha_other,4,384,1,2,да,472,17,12-17,3,0,0,206,206,206,150,56,0,2662,1486,55.8,386,14.5,790,29.7,43,20.9,32,36,38,17.5,1.0,9.0,2,1,51.8,193,2,"Bigsbet (2), Epicstar (1)"
fkmz.team,team,2026-08-18,2026-08-19,2,да,КОНТЕНТ НЕ ЗАПИСАН,не записан,1,,,Theme1,alpha_other,4,14,1,3,да,11,16,12-17,2,0,0,184,184,184,150,34,0,21931,2142,9.8,18008,82.1,1781,8.1,137,74.5,119,120,120,65.2,0.0,131.4,1,1,0.6,18008,1,Leon (2)
fmwc.team,team,2026-08-22,2026-08-23,2,да,КОНТЕНТ НЕ ЗАПИСАН,не записан,1,,,Theme1,alpha_other,4,192,1,2,да,172,20,18-23,6,0,206,206,206,206,150,56,0,21019,2267,10.8,17206,81.9,1546,7.4,106,51.5,90,105,105,51.0,1,162.3,1,0,0.6,17206,1,Shuffle (1)
2489.team,team,2026-08-25,2026-08-26,2,да,КОНТЕНТ НЕ ЗАПИСАН,не записан,1,,,Theme1,numeric,4,249,1,2,да,302,18,18-23,2,0,0,206,206,206,150,56,0,18728,1165,6.2,16137,86.2,1426,7.6,77,37.4,65,75,77,36.4,1,209.6,1,0,0.6,16137,1,Martin (1)
1520.team,team,2026-08-26,2026-08-27,2,да,NEW17_img_withdate_26.08,NEW,1,,без оформления,Theme1,numeric,4,261,2,3,нет,266,16,12-17,3,0,0,205,205,205,150,55,0,16977,1290,7.6,14585,85.9,1102,6.5,87,42.4,61,74,79,36.1,1.0,167.6,1,0,0.7,14585,1,Stake (1)
wgmr.team,team,2026-08-22,2026-08-23,2,да,КОНТЕНТ НЕ ЗАПИСАН,не записан,1,,,Theme1,alpha_other,4,167,1,2,да,167,16,12-17,6,0,206,206,206,206,150,56,0,16381,1939,11.8,13179,80.5,1263,7.7,83,40.3,71,78,78,37.9,1.0,158.8,1,0,0.8,13179,1,Олимп (1)
gltb.team,team,2026-08-18,2026-08-19,2,да,КОНТЕНТ НЕ ЗАПИСАН,не записан,1,,,Theme1,alpha_other,4,10,1,3,да,12,16,12-17,2,0,0,184,184,184,150,34,0,14920,1876,12.6,11271,75.5,1773,11.9,139,75.5,125,125,125,67.9,0,81.1,1,0,0.9,11271,1,Money X (1)
j9cw.team,team,2026-08-18,2026-08-19,2,да,КОНТЕНТ НЕ ЗАПИСАН,не записан,1,,,Theme1,alpha_other,4,34,1,2,да,40,23,18-23,2,0,0,184,184,184,150,34,0,12744,1968,15.4,9905,77.7,871,6.8,44,23.9,35,41,42,22.3,1.0,225.1,1,0,1.0,9905,1,Олимп (1)
f5nv.team,team,2026-08-22,2026-08-23,2,да,КОНТЕНТ НЕ ЗАПИСАН,не записан,1,,,Theme1,alpha_other,4,191,1,2,да,189,20,18-23,6,0,206,206,206,206,150,56,0,13196,2766,21.0,8713,66.0,1717,13.0,82,39.8,60,79,79,38.3,1,106.3,1,0,1.1,8713,1,Mad (1)
h9mt.team,team,2026-08-31,2026-09-01,2,да,Generator_11page_test_1…_9 (dorgen com,Generator,1,11,,Theme1,alpha_other,4,347,1,2,да,372,17,12-17,1,0,0,206,206,206,150,56,0,11337,2141,18.9,8095,71.4,1101,9.7,95,46.1,81,88,88,42.7,1.0,85.2,1,0,1.2,8095,1,Eva (1)
4527.team,team,2026-08-25,2026-08-26,2,да,NEW33_12pages_withdate_25.08,NEW,1,12,без оформления,Theme1,numeric,4,254,1,2,да,249,18,18-23,2,0,0,206,206,206,150,56,0,9444,1031,10.9,7620,80.7,793,8.4,59,28.6,43,54,59,26.2,1,129.2,1,0,1.3,7620,1,Winline (1)
0058.team,team,2026-08-26,2026-08-27,2,да,NEW33_12pages_nodate+img_25.08,NEW,1,12,без оформления,Theme1,numeric,4,355,1,2,да,347,17,12-17,3,0,0,206,206,206,150,56,0,9892,1756,17.8,7415,75.0,721,7.3,46,22.3,24,41,43,19.9,1.0,161.2,1,0,1.3,7415,1,Jvspin (1)
casino1209.casino,casino,2026-09-12,2026-09-13,2,да,NEW102оформленобездаты,NEW,1,,оформлено,Theme1,casino_prefix,10,1000,1,1,да,101,19,18-23,6,0,206,206,206,206,150,56,0,8157,523,6.4,7353,90.1,281,3.4,89,43.2,64,72,84,35.0,1.0,82.6,1,0,1.4,7353,1,Frank (1)
s6wb.team,team,2026-08-26,2026-08-27,2,да,NEW17_NOimg_withdate_26.08,NEW,1,,без оформления,Theme1,alpha_other,4,294,1,2,да,234,16,12-17,3,0,0,204,204,204,150,54,0,8454,1256,14.9,6739,79.7,459,5.4,50,24.5,35,44,50,21.6,1.0,134.8,1,0,1.5,6739,1,Lucky Bird (1)
wknc.team,team,2026-08-25,2026-08-26,2,да,КОНТРОЛЬ NEW50_5_7pages_nodate_21.08,контроль,1,7,без оформления,Theme1,alpha_other,4,246,1,2,да,278,15,12-17,2,0,0,206,206,206,150,56,0,8228,726,8.8,6733,81.8,769,9.3,52,25.2,43,51,52,24.8,1.0,129.5,1,0,1.5,6733,1,Pin Up (1)
3982.team,team,2026-08-21,2026-08-22,2,да,КОНТЕНТ НЕ ЗАПИСАН,не записан,1,,,Theme1,numeric,4,165,1,2,да,185,22,18-23,5,0,0,206,206,206,150,56,0,8925,1522,17.1,6145,68.9,1258,14.1,76,36.9,67,76,76,36.9,1.0,80.9,1,0,1.6,6145,1,Fraga (1)
aulcasino.team,team,2026-09-16,2026-09-17,2,да,content-2026-09-14c-7str-oform-1_13,content-дата,1,7,оформлено,Theme1,casino_infix,9,162,2,2,нет,790,0,00-05,2,0,0,206,206,206,150,56,0,6738,533,7.9,6132,91.0,73,1.1,69,33.5,56,62,63,30.1,0,88.9,1,0,1.6,6132,1,Aurora Casino (1)
2097.team,team,2026-09-03,2026-09-04,2,да,NEW50_3_12pages_withdate_styled,NEW,1,12,без оформления,Theme1,numeric,4,472,1,2,да,48,18,18-23,4,0,0,206,206,206,150,56,0,8211,1444,17.6,5823,70.9,944,11.5,80,38.8,66,77,80,37.4,1.0,72.8,1,0,1.7,5823,1,Luckybear (1)
2544.team,team,2026-09-15,2026-09-16,2,да,content-2026-09-14c-7str-oform-1_43,content-дата,1,7,оформлено,Theme1,numeric,4,21,3,3,нет,871,17,12-17,2,0,0,206,206,206,150,56,0,7159,1089,15.2,5732,80.1,338,4.7,57,27.7,31,51,53,24.8,1,100.6,1,0,1.7,5732,1,Cactus (1)
2679.team,team,2026-08-26,2026-08-27,2,да,NEW33_12pages_withdate+img_25.08,NEW,1,12,без оформления,Theme1,numeric,4,266,1,2,да,306,14,12-17,3,0,0,206,206,206,150,56,0,7653,1495,19.5,5636,73.6,522,6.8,39,18.9,24,36,37,17.5,1,144.5,1,1,1.8,5636,1,Banda (2)
hkucasino.team,team,2026-09-18,2026-09-18,1,да,content-2026-09-16-7str_3,content-дата,1,7,,Theme1,casino_infix,9,448,2,2,нет,752,0,00-05,5,150,0,150,150,150,150,0,0,6684,953,14.3,5628,84.2,103,1.5,42,28.0,42,42,42,28.0,0.0,134.0,1,0,1.8,5628,1,Kush (1)
0017.team,team,2026-09-07,2026-09-08,2,да,Выдача_06.09_12стр,прочее,1,12,,Theme1,numeric,4,582,1,1,да,241,9,06-11,1,0,0,206,206,206,150,56,0,6955,941,13.5,5583,80.3,431,6.2,52,25.2,40,43,44,20.9,0,107.4,1,0,1.8,5583,1,Smoky (1)
casinoah.team,team,2026-09-11,2026-09-12,2,да,clean7_part1_50оформлено,clean,1,,оформлено,Theme1,casino_prefix,8,1032,1,1,да,228,14,12-17,5,0,0,206,206,206,150,56,0,6827,662,9.7,5453,79.9,712,10.4,66,32.0,45,49,57,23.8,1.0,82.6,1,0,1.8,5453,1,Pinco (1)
ombr.team,team,2026-09-04,2026-09-05,2,да,Generator_346353_styled_img,Generator,1,,styled_img,Theme1,alpha_other,4,1199,1,2,да,217,17,12-17,5,0,0,206,206,206,150,56,0,7614,1479,19.4,5428,71.3,707,9.3,79,38.3,67,72,73,35.0,1.0,68.7,1,0,1.8,5428,1,Eva (1)
m5tv.store,store,2026-08-21,2026-08-22,2,да,КОНТЕНТ НЕ ЗАПИСАН,не записан,1,,,Theme1,alpha_other,4,152,1,2,да,208,19,18-23,5,0,0,206,206,206,150,56,0,8649,1991,23.0,5131,59.3,1527,17.7,48,23.3,33,42,44,20.4,1.0,106.9,1,0,1.9,5131,1,Leon (1)
gmhb.team,team,2026-08-31,2026-09-01,2,да,Generator_11page_test_1…_9 (dorgen com,Generator,1,11,,Theme1,alpha_other,4,346,1,2,да,364,17,12-17,1,0,0,206,206,206,150,56,0,8307,2332,28.1,4889,58.9,1086,13.1,93,45.1,80,81,82,39.3,1.0,52.6,1,0,2.0,4889,1,Olympus-play (1)
gkrd.team,team,2026-08-19,2026-08-20,2,да,КОНТЕНТ НЕ ЗАПИСАН,не записан,1,,,Theme1,alpha_other,4,65,1,2,да,55,17,12-17,3,0,0,186,186,186,150,36,0,9945,3057,30.7,4884,49.1,2004,20.2,109,58.6,97,101,106,54.3,1.0,44.8,1,0,2.0,4884,1,Nomad (1)
vecasino.lol,lol,2026-09-15,2026-09-16,2,да,content-2026-09-14b-7str-oform-2_21,content-дата,1,7,оформлено,Theme1,casino_infix,8,8,3,3,нет,723,12,12-17,2,0,0,206,206,206,150,56,0,6353,1145,18.0,4840,76.2,368,5.8,81,39.3,52,68,73,33.0,1,59.8,1,1,2.1,4840,1,Why (2)
1749.team,team,2026-08-31,2026-09-01,2,да,Generator_11page_test_1…_9 (dorgen com,Generator,1,11,,Theme1,numeric,4,339,1,2,да,365,17,12-17,1,0,0,206,206,206,150,56,0,8231,2242,27.2,4720,57.3,1269,15.4,83,40.3,76,80,80,38.8,1.0,56.9,1,0,2.1,4720,1,Trix (1)
nlel.team,team,2026-09-10,2026-09-11,2,да,archive37строформленоv2часть3,archive,1,7,оформлено,Theme1,alpha_other,4,913,1,1,да,173,17,12-17,4,0,0,206,206,206,150,56,0,5990,683,11.4,4710,78.6,597,10.0,52,25.2,42,45,48,21.8,1.0,90.6,1,0,2.1,4710,1,Cactus (1)
kicasino.team,team,2026-09-19,2026-09-20,2,нет,content-2026-09-17-7str-oform-2_56,content-дата,1,7,оформлено,Theme1,casino_infix,8,563,2,2,нет,727,16,12-17,6,0,206,206,0,206,150,56,0,5181,531,10.2,4573,88.3,77,1.5,94,45.6,,,,,0.0,48.6,1,0,2.2,4573,1,Million (1)
1109m.casino,casino,2026-09-11,2026-09-12,2,да,NEW102оформленобездаты,NEW,1,,оформлено,Theme1,alpha_other,5,961,1,1,да,112,13,12-17,5,0,0,206,206,206,150,56,0,5406,580,10.7,4524,83.7,302,5.6,28,13.6,14,18,26,8.7,1.0,161.6,1,0,2.2,4524,1,Avocado (1)
3286.team,team,2026-08-24,2026-08-25,2,да,ТЕСТ B Generator_11page_NOimg_24.08,тест,1,11,,Theme1,numeric,4,212,1,2,да,263,18,18-23,1,0,0,206,206,206,150,56,0,800121,1726,0.2,4299,0.5,794096,99.2,55,26.7,52,54,54,26.2,1.0,78.2,1,0,2.3,4299,1,Олимп (1)
6881.team,team,2026-08-25,2026-08-26,2,да,Generator_11page_NOimg_25.08,Generator,1,11,,Theme1,numeric,4,227,1,2,да,223,15,12-17,2,0,0,206,206,206,150,56,0,5627,862,15.3,4182,74.3,583,10.4,30,14.6,25,26,30,12.6,1.0,139.4,1,0,2.4,4182,1,Kraken (1)
6200.team,team,2026-09-15,2026-09-16,2,да,content-2026-09-14c-7str-oform-1_25,content-дата,1,7,оформлено,Theme1,numeric,4,154,2,2,нет,837,21,18-23,2,0,0,206,206,206,150,56,0,5040,767,15.2,4112,81.6,161,3.2,80,38.8,56,79,80,38.3,1.0,51.4,1,0,2.4,4112,1,Селектор (1)
4657.team,team,2026-08-26,2026-08-27,2,да,NEW33_12pages_withdate+img_25.08,NEW,1,12,без оформления,Theme1,numeric,4,271,1,2,да,261,14,12-17,3,0,0,206,206,206,150,56,0,5749,1066,18.5,4096,71.2,587,10.2,42,20.4,23,35,38,17.0,1.0,97.5,1,0,2.4,4096,1,Luckybear (1)
4609.team,team,2026-09-08,2026-09-09,2,да,Content_script_12page_08.09,script,1,12,,Theme1,numeric,4,668,1,1,да,306,10,06-11,2,0,0,206,206,206,150,56,0,5041,694,13.8,3993,79.2,354,7.0,54,26.2,45,46,46,22.3,0.0,73.9,1,0,2.5,3993,1,Aurora Casino (1)
9430.team,team,2026-09-15,2026-09-16,2,да,content-2026-09-14c-7str-oform-1_31,content-дата,1,7,оформлено,Theme1,numeric,4,161,2,2,нет,845,23,18-23,2,0,0,206,206,206,150,56,0,4818,672,13.9,3968,82.4,178,3.7,53,25.7,33,48,53,23.3,1,74.9,1,0,2.5,3968,1,Shuffle (1)
6874.team,team,2026-09-16,2026-09-17,2,да,content-2026-09-15-7str-oform-2_23,content-дата,1,7,оформлено,Theme1,numeric,4,287,2,2,нет,619,20,18-23,3,0,0,206,206,206,150,56,0,4905,817,16.7,3897,79.4,191,3.9,33,16.0,25,32,33,15.5,1,118.1,1,1,2.6,3897,1,Pinco (2)
4392.team,team,2026-08-19,2026-08-20,2,да,КОНТЕНТ НЕ ЗАПИСАН,не записан,1,,,Theme1,numeric,4,64,1,2,да,74,17,12-17,3,0,0,186,186,186,150,36,0,7049,1864,26.4,3886,55.1,1299,18.4,102,54.8,98,101,101,54.3,1,38.1,1,0,2.6,3886,1,Leon (1)
9413.lol,lol,2026-09-07,2026-09-08,2,да,NEW20_4_12pages_withdate,NEW,1,12,без оформления,Theme1,numeric,4,596,1,1,да,240,15,12-17,1,0,0,206,206,206,150,56,0,5344,829,15.5,3818,71.4,697,13.0,35,17.0,25,25,26,12.1,1.0,109.1,1,0,2.6,3818,1,Lucky Bird (1)
3719.team,team,2026-08-22,2026-08-23,2,да,КОНТЕНТ НЕ ЗАПИСАН,не записан,1,,,Theme1,numeric,4,183,1,2,да,184,20,18-23,6,0,206,206,206,206,150,56,0,7469,2296,30.7,3696,49.5,1477,19.8,93,45.1,78,92,92,44.7,1.0,39.7,1,0,2.7,3696,1,Tonplay (1)
0348.team,team,2026-09-02,2026-09-03,2,да,NEW50_7pages_nodate_01.09,NEW,1,7,без оформления,Theme1,numeric,4,398,1,2,да,416,19,18-23,3,0,0,206,206,206,150,56,0,5210,995,19.1,3496,67.1,719,13.8,64,31.1,50,57,62,27.7,1,54.6,1,0,2.9,3496,1,Mellstroy (1)
tghc.casino,casino,2026-09-01,2026-09-02,2,да,NEW50_12pages_nodate_01.09,NEW,1,12,без оформления,Theme1,alpha_other,4,349,1,2,да,385,17,12-17,2,0,0,206,206,206,150,56,0,7416,3065,41.3,3452,46.5,899,12.1,45,21.8,37,41,42,19.9,1,76.7,1,1,2.9,3452,1,Fenix (2)
v1t.team,team,2026-09-20,2026-09-21,2,нет,content-2026-09-17-7str-oform-2_32,content-дата,1,7,оформлено,Theme1,alpha_other,3,1219,2,2,нет,703,6,06-11,7,0,206,206,0,206,150,56,0,4372,702,16.1,3434,78.5,236,5.4,57,27.7,,,,,0,60.2,1,0,2.9,3434,1,Lucky Bird (1)
casino792.lol,lol,2026-09-20,2026-09-21,2,нет,content-2026-09-17-7str-oform-1_28,content-дата,1,7,оформлено,Theme1,casino_prefix,9,1257,2,2,нет,858,17,12-17,7,0,206,206,0,206,150,56,0,4279,720,16.8,3429,80.1,130,3.0,82,39.8,,,,,0.0,41.8,1,0,2.9,3429,1,Drip (1)
3574.team,team,2026-09-08,2026-09-09,2,да,clean7_part1_50оформлено,clean,1,,оформлено,Theme1,numeric,4,666,1,1,да,318,6,06-11,2,0,0,206,206,206,150,56,0,4040,363,9.0,3390,83.9,287,7.1,44,21.4,38,40,41,19.4,0,77.0,1,1,2.9,3390,1,Leon (2)
mkmt.team,team,2026-09-03,2026-09-04,2,да,NEW50_3_12pages_withdate_styled,NEW,1,12,без оформления,Theme1,alpha_other,4,510,1,2,да,52,21,18-23,4,0,0,206,206,206,150,56,0,5696,1492,26.2,3375,59.3,829,14.6,90,43.7,69,80,82,38.8,1.0,37.5,1,0,3.0,3375,1,Luckybear (1)
casino122.team,team,2026-09-13,2026-09-14,2,да,content-2026-09-12-7str-oform-3,content-дата,1,7,оформлено,Theme1,casino_prefix,9,1094,1,1,да,489,15,12-17,7,0,206,206,206,206,150,56,0,3695,272,7.4,3332,90.2,91,2.5,37,18.0,26,30,36,14.6,1.0,90.1,1,0,3.0,3332,1,Фреш (1)
5726.team,team,2026-08-19,2026-08-20,2,да,КОНТЕНТ НЕ ЗАПИСАН,не записан,1,,,Theme1,numeric,4,1,4,5,нет,30,0,00-05,3,184,0,184,184,184,150,34,0,6841,2507,36.6,3291,48.1,1043,15.2,64,34.8,50,51,53,27.7,0,51.4,1,1,3.0,3291,1,Trix (2)
2659.team,team,2026-09-15,2026-09-16,2,да,content-2026-09-14c-7str-oform-2_23,content-дата,1,7,оформлено,Theme1,numeric,4,121,2,2,нет,800,14,12-17,2,0,0,206,206,206,150,56,0,4573,1095,23.9,3271,71.5,207,4.5,69,33.5,56,62,63,30.1,1,47.4,1,0,3.1,3271,1,Lucky Bird (1)
kkci.lol,lol,2026-09-19,2026-09-20,2,нет,content-2026-09-17-7str-oform-2_37,content-дата,1,7,оформлено,Theme1,alpha_other,4,564,2,2,нет,708,16,12-17,6,0,206,206,0,206,150,56,0,3986,577,14.5,3267,82.0,142,3.6,73,35.4,,,,,1,44.8,1,1,3.1,3267,1,Eva (2)
5012.team,team,2026-08-26,2026-08-27,2,да,NEW17_NOimg_withdate_26.08,NEW,1,,без оформления,Theme1,numeric,4,274,1,2,да,279,16,12-17,3,0,0,206,206,206,150,56,0,4864,1003,20.6,3266,67.1,595,12.2,20,9.7,11,16,19,7.8,1,163.3,1,0,3.1,3266,1,Вулкан Вегас (1)
mpdg.team,team,2026-08-19,2026-08-20,2,да,КОНТЕНТ НЕ ЗАПИСАН,не записан,1,,,Theme1,alpha_other,4,68,1,2,да,62,17,12-17,3,0,0,186,186,186,150,36,0,7270,2540,34.9,3217,44.3,1513,20.8,84,45.2,77,84,84,45.2,1.0,38.3,1,0,3.1,3217,1,Dragon Money (1)
qxtl.casino,casino,2026-09-11,2026-09-12,2,да,clean7_part1_50оформлено,clean,1,,оформлено,Theme1,alpha_other,4,1048,1,1,да,267,15,12-17,5,0,0,206,206,206,150,56,0,4224,714,16.9,3153,74.6,357,8.5,60,29.1,46,52,57,25.2,1,52.5,1,0,3.2,3153,1,Leebet (1)
3785.lol,lol,2026-09-18,2026-09-18,1,да,content-2026-09-17b-7str-oform_38,content-дата,1,7,оформлено,Theme1,numeric,4,514,2,2,нет,334,17,12-17,5,0,0,150,150,150,150,0,0,3697,485,13.1,3129,84.6,83,2.2,76,50.7,70,76,76,50.7,1.0,41.2,1,0,3.2,3129,1,Stake (1)
k8z.team,team,2026-09-11,2026-09-12,2,да,NEW102оформленосдатой,NEW,1,,оформлено,Theme1,alpha_other,3,955,1,1,да,153,7,06-11,5,0,0,206,206,206,150,56,0,4185,597,14.3,3116,74.5,472,11.3,53,25.7,40,43,49,20.9,0,58.8,1,0,3.2,3116,1,Motor (1)
7492.lol,lol,2026-09-15,2026-09-16,2,да,content-2026-09-14c-7str-oform-2_2,content-дата,1,7,оформлено,Theme1,numeric,4,155,2,2,нет,878,22,18-23,2,0,0,206,206,206,150,56,0,4319,1038,24.0,3107,71.9,174,4.0,50,24.3,34,48,50,23.3,1.0,62.1,1,1,3.2,3107,1,Beef (2)
1305.team,team,2026-08-21,2026-08-22,2,да,КОНТЕНТ НЕ ЗАПИСАН,не записан,1,,,Theme1,numeric,4,143,1,2,да,176,18,18-23,5,0,0,206,206,206,150,56,0,5339,1292,24.2,3028,56.7,1019,19.1,54,26.2,41,48,49,23.3,1,56.1,1,0,3.3,3028,1,Олимп (1)
casinonck.team,team,2026-09-05,2026-09-06,2,да,NEW21_7pages_nodate_styled_img,NEW,1,7,styled_img,Theme1,casino_prefix,9,1279,1,2,да,103,20,18-23,6,0,206,206,206,206,150,56,0,3743,421,11.2,2935,78.4,387,10.3,60,29.1,51,55,57,26.7,1.0,48.9,1,1,3.4,2935,1,R7 (2)
iitm.team,team,2026-09-19,2026-09-20,2,нет,content-2026-09-17-7str-oform-2_52,content-дата,1,7,оформлено,Theme1,alpha_other,4,1204,2,2,нет,723,14,12-17,6,0,206,206,0,206,150,56,0,3511,481,13.7,2934,83.6,96,2.7,67,32.5,,,,,0.0,43.8,1,0,3.4,2934,1,Mellstroy (1)
0749.team,team,2026-09-15,2026-09-16,2,да,content-2026-09-14c-7str-oform-2_3,content-дата,1,7,оформлено,Theme1,numeric,4,16,3,3,нет,880,17,12-17,2,0,0,206,206,206,150,56,0,3942,858,21.8,2849,72.3,235,6.0,56,27.2,38,55,55,26.7,1,50.9,1,1,3.5,2849,1,Trix (2)
wgxx.team,team,2026-08-25,2026-08-26,2,да,КОНТРОЛЬ NEW50_5_7pages_nodate_21.08,контроль,1,7,без оформления,Theme1,alpha_other,4,245,1,2,да,247,15,12-17,2,0,0,206,206,206,150,56,0,4221,903,21.4,2766,65.5,552,13.1,33,16.0,24,29,32,14.1,1,83.8,1,0,3.6,2766,1,Winity (1)
0860.team,team,2026-09-18,2026-09-18,1,да,content-2026-09-17-7str-oform-2_8,content-дата,1,7,оформлено,Theme1,numeric,4,460,2,2,нет,679,2,00-05,5,150,0,150,150,150,150,0,0,3222,434,13.5,2732,84.8,56,1.7,35,23.3,32,35,35,23.3,0,78.1,1,0,3.7,2732,1,Покердом (1)
uyyj.lol,lol,2026-09-09,2026-09-10,2,да,archive412_unique12оформлено,archive,1,,оформлено,Theme1,alpha_other,4,796,1,1,да,424,13,12-17,3,0,0,206,206,206,150,56,0,4989,1808,36.2,2673,53.6,508,10.2,57,27.7,40,45,51,21.8,1,46.9,1,0,3.7,2673,1,Dragon Money (1)
cktw.team,team,2026-08-28,2026-08-29,2,да,КОНТЕНТ НЕ ЗАПИСАН,не записан,1,,,Theme1,alpha_other,4,109,2,3,нет,362,17,12-17,5,0,0,206,206,206,150,56,0,5166,1933,37.4,2643,51.2,590,11.4,59,28.6,53,56,57,27.2,1.0,44.8,1,1,3.8,2643,1,Cactus (2)
dhkt.team,team,2026-08-20,2026-08-21,2,да,КОНТЕНТ НЕ ЗАПИСАН,не записан,1,,,Theme2,alpha_other,4,98,1,2,да,50,12,12-17,4,0,0,199,199,199,150,49,0,4935,1113,22.6,2536,51.4,1286,26.1,67,33.7,54,60,61,30.2,1.0,37.9,1,0,3.9,2536,1,Олимп (1)
3152.team,team,2026-09-16,2026-09-17,2,да,content-2026-09-15-7str-oform-2_7,content-дата,1,7,оформлено,Theme1,numeric,4,280,2,2,нет,603,19,18-23,3,0,0,206,206,206,150,56,0,4241,1535,36.2,2512,59.2,194,4.6,41,19.9,30,41,41,19.9,1,61.3,1,0,4.0,2512,1,Селектор (1)
casino088.team,team,2026-09-15,2026-09-16,2,да,content-2026-09-14c-7str-oform-2_31,content-дата,1,7,оформлено,Theme1,casino_prefix,9,133,2,2,нет,822,15,12-17,2,0,0,206,206,206,150,56,0,3209,554,17.3,2493,77.7,162,5.0,49,23.8,35,48,48,23.3,1.0,50.9,1,0,4.0,2493,1,Cactus (1)
ckcasino.lol,lol,2026-09-20,2026-09-21,2,нет,content-2026-09-17-7str-oform-1_34,content-дата,1,7,оформлено,Theme1,casino_infix,8,1281,2,2,нет,864,23,18-23,7,0,206,206,0,206,150,56,0,2962,406,13.7,2490,84.1,66,2.2,65,31.6,,,,,1,38.3,1,1,4.0,2490,1,Bwin (2)
casino4934.lol,lol,2026-09-04,2026-09-05,2,да,NEW20_12pages_withdate_styled_img,NEW,1,12,styled_img,Theme1,casino_prefix,10,1225,1,2,да,158,20,18-23,5,0,0,206,206,206,150,56,0,3759,817,21.7,2405,64.0,537,14.3,67,32.5,58,62,65,30.1,1,35.9,1,0,4.2,2405,1,Cat (1)
113casino.lol,lol,2026-09-08,2026-09-09,2,да,Content_script_12page_08.09,script,1,12,,Theme1,casino_infix,9,649,1,1,да,326,8,06-11,2,0,0,206,206,206,150,56,0,2988,446,14.9,2384,79.8,158,5.3,65,31.6,43,46,47,22.3,0,36.7,1,0,4.2,2384,1,Kush (1)
ldtq.click,click,2026-08-22,2026-08-23,2,да,КОНТЕНТ НЕ ЗАПИСАН,не записан,1,,,Theme1,alpha_other,4,196,1,2,да,213,21,18-23,6,0,206,206,206,206,150,56,0,5637,1896,33.6,2340,41.5,1401,24.9,54,26.2,39,53,54,25.7,1.0,43.3,1,0,4.3,2340,1,Monro (1)
hch.lol,lol,2026-09-19,2026-09-20,2,нет,content-2026-09-17-7str-oform-2_47,content-дата,1,7,оформлено,Theme1,alpha_other,3,1201,2,2,нет,718,14,12-17,6,0,206,206,0,206,150,56,0,3053,580,19.0,2331,76.4,142,4.7,82,39.8,,,,,0.0,28.4,1,0,4.3,2331,1,Mellstroy (1)
3134.team,team,2026-09-16,2026-09-17,2,да,content-2026-09-15-7str-oform-1_45,content-дата,1,7,оформлено,Theme1,numeric,4,355,2,2,нет,581,23,18-23,3,0,0,206,206,206,150,56,0,3421,998,29.2,2293,67.0,130,3.8,19,9.2,15,19,19,9.2,1,120.7,1,1,4.4,2293,1,Kush (2)
9712.team,team,2026-08-26,2026-08-27,2,да,NEW33_12pages_nodate+img_25.08,NEW,1,12,без оформления,Theme1,numeric,4,303,1,2,да,325,18,18-23,3,0,0,206,206,206,150,56,0,3309,605,18.3,2263,68.4,441,13.3,37,18.0,34,35,35,17.0,1.0,61.2,1,0,4.4,2263,1,BitStarz (1)
514casino.team,team,2026-09-17,2026-09-18,2,да,nabory-601-610_4,nabory,1,,,Theme1,casino_infix,9,108,3,3,нет,546,6,06-11,4,0,0,206,206,206,150,56,0,3562,1015,28.5,2198,61.7,349,9.8,24,11.7,18,23,23,11.2,1,91.6,1,0,4.5,2198,1,Why (1)
1009dd.casino,casino,2026-09-11,2026-09-12,2,да,NEW102оформленобездаты,NEW,1,,оформлено,Theme1,alpha_other,6,949,1,1,да,109,0,00-05,4,0,0,206,206,206,150,56,0,2515,162,6.4,2194,87.2,159,6.3,54,26.2,35,37,43,18.0,0,40.6,1,0,4.6,2194,1,Like (1)
1206.lol,lol,2026-09-15,2026-09-16,2,да,content-2026-09-14c-7str-oform-1_22,content-дата,1,7,оформлено,Theme1,numeric,4,17,3,3,нет,824,17,12-17,2,0,0,206,206,206,150,56,0,3413,993,29.1,2187,64.1,233,6.8,66,32.0,47,61,63,29.6,1,33.1,1,1,4.6,2187,1,Iris (2)
casinocr.lol,lol,2026-09-16,2026-09-17,2,да,content-2026-09-14c-7str-oform-1_38,content-дата,1,7,оформлено,Theme1,casino_prefix,8,169,2,2,нет,856,2,00-05,3,206,0,206,206,206,150,56,0,3484,1097,31.5,2175,62.4,212,6.1,67,32.5,53,60,60,29.1,0.0,32.5,1,1,4.6,2175,1,UP-X (2)
4235.team,team,2026-09-02,2026-09-03,2,да,NEW50_2_7pages_withdate,NEW,1,7,без оформления,Theme1,numeric,4,402,1,2,да,429,20,18-23,3,0,0,206,206,206,150,56,0,3816,1045,27.4,2173,56.9,598,15.7,60,29.1,38,50,56,24.3,1,36.2,1,0,4.6,2173,1,Rox (1)
8474.lol,lol,2026-09-03,2026-09-04,2,да,КОНТЕНТ НЕ ЗАПИСАН,не записан,1,,,Theme1,numeric,4,449,1,2,да,456,4,00-05,4,206,0,206,206,206,150,56,0,3919,980,25.0,2165,55.2,774,19.7,63,30.6,49,50,51,24.3,0.0,34.4,1,0,4.6,2165,1,Dragon Money (1)
3506.lol,lol,2026-08-22,2026-08-23,2,да,КОНТЕНТ НЕ ЗАПИСАН,не записан,1,,,Theme1,numeric,4,182,1,2,да,202,20,18-23,6,0,206,206,206,206,150,56,0,5565,2016,36.2,2151,38.7,1398,25.1,49,23.8,34,45,48,21.8,1.0,43.9,1,0,4.6,2151,1,Покердом (1)
a3d.team,team,2026-08-26,2026-08-27,2,да,NEW33_12pages_nodate+img_25.08,NEW,1,12,без оформления,Theme1,alpha_other,3,305,1,2,да,346,18,18-23,3,0,0,206,206,206,150,56,0,4002,1245,31.1,2139,53.4,618,15.4,46,22.3,31,41,45,19.9,1.0,46.5,1,0,4.7,2139,1,Olympus-play (1)
m2vc.team,team,2026-08-21,2026-08-22,2,да,КОНТЕНТ НЕ ЗАПИСАН,не записан,1,,,Theme1,alpha_other,4,151,1,2,да,194,19,18-23,5,0,0,206,206,206,150,56,0,4846,1776,36.6,2113,43.6,957,19.7,27,13.1,22,25,25,12.1,1.0,78.3,1,0,4.7,2113,1,Maxline (1)
1009cas.casino,casino,2026-09-10,2026-09-11,2,да,archive47_unique119оформленочасть1,archive,1,,оформлено,Theme1,alpha_other,7,885,1,1,да,120,10,06-11,4,0,0,206,206,206,150,56,0,2791,377,13.5,2097,75.1,317,11.4,51,24.8,36,36,39,17.5,0,41.1,1,0,4.8,2097,1,Money X (1)
casinofsd.lol,lol,2026-09-06,2026-09-07,2,да,nabory421425_styled_img,nabory,1,,styled_img,Theme1,casino_prefix,9,579,1,1,да,268,21,18-23,7,0,206,206,206,206,150,56,0,3385,840,24.8,2039,60.2,506,14.9,54,26.2,44,50,51,24.3,1.0,37.8,1,1,4.9,2039,1,Iris (2)
casinoasg.lol,lol,2026-09-19,2026-09-20,2,нет,nabory-621-630_4,nabory,1,,,Theme1,casino_prefix,9,537,2,2,нет,290,12,12-17,6,0,206,206,0,206,150,56,0,2714,616,22.7,2034,74.9,64,2.4,80,38.8,,,,,0.0,25.4,1,0,4.9,2034,1,Клуб Вулкан (1)
levu.team,team,2026-09-17,2026-09-18,2,да,content-2026-09-16-7str_21,content-дата,1,7,,Theme1,alpha_other,4,416,2,2,нет,770,16,12-17,4,0,0,206,206,206,150,56,0,3103,1031,33.2,1950,62.8,122,3.9,91,44.2,77,90,90,43.7,1.0,21.4,1,0,5.1,1950,1,1Go (1)
1236.team,team,2026-08-20,2026-08-21,2,да,КОНТЕНТ НЕ ЗАПИСАН,не записан,1,,,Theme1,numeric,4,84,1,2,да,64,12,12-17,4,0,0,199,199,199,150,49,0,5463,2402,44.0,1942,35.5,1119,20.5,50,25.1,38,43,44,21.6,1.0,38.8,1,0,5.1,1942,1,Enomo (1)
c9a3.lol,lol,2026-09-09,2026-09-10,2,да,archive412_unique12оформлено,archive,1,,оформлено,Theme1,alpha_other,4,788,1,1,да,429,12,12-17,3,0,0,206,206,206,150,56,0,3830,1656,43.2,1937,50.6,237,6.2,61,29.6,33,38,48,18.4,1,31.8,1,0,5.2,1937,1,Pinco (1)
9942.team,team,2026-09-10,2026-09-11,2,да,archive37строформленоv2часть1,archive,1,7,оформлено,Theme1,numeric,4,906,1,1,да,161,16,12-17,4,0,0,206,206,206,150,56,0,2515,409,16.3,1887,75.0,219,8.7,38,18.4,30,32,34,15.5,1,49.7,1,0,5.3,1887,1,Epicstar (1)
9158.team,team,2026-09-03,2026-09-04,2,да,NEW50_3_7pages_withdate_styled,NEW,1,7,без оформления,Theme1,numeric,4,505,1,2,да,12,21,18-23,4,0,0,206,206,206,150,56,0,3373,991,29.4,1870,55.4,512,15.2,50,24.3,40,48,49,23.3,1.0,37.4,1,0,5.3,1870,1,Эверум (1)
5226casino.lol,lol,2026-09-16,2026-09-17,2,да,nabory-555-564_styled_img_2,nabory,1,,styled_img,Theme1,casino_infix,10,210,2,2,нет,783,8,06-11,3,0,0,206,206,206,150,56,0,2678,644,24.0,1861,69.5,173,6.5,36,17.5,30,31,32,15.0,0.0,51.7,1,0,5.4,1861,1,Money X (1)
bcqr.team,team,2026-08-20,2026-08-21,2,да,КОНТЕНТ НЕ ЗАПИСАН,не записан,1,,,Theme1,alpha_other,4,95,1,2,да,46,12,12-17,4,0,0,199,199,199,150,49,0,4340,1182,27.2,1855,42.7,1303,30.0,78,39.2,64,68,71,34.2,1.0,23.8,1,0,5.4,1855,1,Marathon (1)
v5d.team,team,2026-08-20,2026-08-21,2,да,КОНТЕНТ НЕ ЗАПИСАН,не записан,1,,,Theme2,alpha_other,3,8,2,3,нет,95,12,12-17,4,0,0,199,199,199,150,49,0,5092,1841,36.2,1836,36.1,1415,27.8,69,34.7,58,61,61,30.7,0,26.6,1,0,5.4,1836,1,Spin City (1)
7326.team,team,2026-09-03,2026-09-04,2,да,NEW50_7pages_withdate_01.09,NEW,1,7,без оформления,Theme1,numeric,4,457,1,2,да,16,6,06-11,4,0,0,206,206,206,150,56,0,2835,559,19.7,1834,64.7,442,15.6,47,22.8,35,38,40,18.4,0,39.0,1,0,5.5,1834,1,Martin (1)
389casino.lol,lol,2026-09-08,2026-09-09,2,да,archive37строформленоv2часть1,archive,1,7,оформлено,Theme1,casino_infix,9,745,1,1,да,377,15,12-17,2,0,0,206,206,206,150,56,0,2836,811,28.6,1823,64.3,202,7.1,54,26.2,32,38,39,18.4,1.0,33.8,1,0,5.5,1823,1,Eva (1)
9957.team,team,2026-09-02,2026-09-03,2,да,NEW50_2_12pages_withdate_02.09,NEW,1,12,без оформления,Theme1,numeric,4,395,1,2,да,469,18,18-23,3,0,0,206,206,206,150,56,0,3692,1167,31.6,1749,47.4,776,21.0,58,28.2,51,56,57,27.2,1,30.2,1,0,5.7,1749,1,Zooma (1)
8829.lol,lol,2026-09-02,2026-09-03,2,да,NEW50_2_12pages_nodate_02.09,NEW,1,12,без оформления,Theme1,numeric,4,394,1,2,да,422,18,18-23,3,0,0,206,206,206,150,56,0,3673,1302,35.4,1707,46.5,664,18.1,49,23.8,36,45,47,21.8,1,34.8,1,0,5.9,1707,1,Mers (1)
5297-4.casino,casino,2026-08-21,2026-08-22,2,да,КОНТЕНТ НЕ ЗАПИСАН,не записан,1,,,Theme1,alpha_other,6,144,1,2,да,218,18,18-23,5,0,0,206,206,206,150,56,0,3061,688,22.5,1649,53.9,724,23.7,58,28.2,45,57,58,27.7,1.0,28.4,1,0,6.1,1649,1,Martin (1)
9800.team,team,2026-09-06,2026-09-07,2,да,nabory411420_styled_img,nabory,1,,styled_img,Theme1,numeric,4,572,1,1,да,272,20,18-23,7,0,206,206,206,206,150,56,0,2782,749,26.9,1640,59.0,393,14.1,63,30.6,55,58,59,28.2,1,26.0,1,1,6.1,1640,1,Onion (2)
y0v.team,team,2026-09-12,2026-09-13,2,да,NEW102оформленобездаты,NEW,1,,оформлено,Theme1,alpha_other,3,991,1,1,да,143,0,00-05,6,206,206,206,206,206,150,56,0,3735,1566,41.9,1634,43.7,535,14.3,40,19.4,22,25,38,12.1,1.0,40.9,1,1,6.1,1634,1,Unlim Casino (2)
4236.lol,lol,2026-09-09,2026-09-10,2,да,archive47_unique119оформленочасть1,archive,1,,оформлено,Theme1,numeric,4,851,1,1,да,11,18,18-23,3,0,0,206,206,206,150,56,0,5388,3400,63.1,1627,30.2,361,6.7,46,22.3,28,32,37,15.5,1.0,35.4,1,1,6.1,1627,1,Bounty (2)
2159casino.team,team,2026-09-15,2026-09-16,2,да,content-2026-09-14b-7str-oform-2_41,content-дата,1,7,оформлено,Theme1,casino_infix,10,67,2,2,нет,660,6,06-11,2,0,0,206,206,206,150,56,0,2268,510,22.5,1576,69.5,182,8.0,39,18.9,28,34,39,16.5,1,40.4,1,0,6.3,1576,1,Селектор (1)
sblv.team,team,2026-08-24,2026-08-25,2,да,КОНТЕНТ НЕ ЗАПИСАН,не записан,1,,,Theme1,alpha_other,4,206,1,2,да,246,17,12-17,1,0,0,206,206,206,150,56,0,3687,1242,33.7,1570,42.6,875,23.7,54,26.2,49,50,51,24.3,1,29.1,1,0,6.4,1570,1,Arkada (1)
9799.team,team,2026-09-11,2026-09-12,2,да,clean7_part1_50оформлено,clean,1,,оформлено,Theme1,numeric,4,1022,1,1,да,209,8,06-11,5,0,0,206,206,206,150,56,0,2281,468,20.5,1528,67.0,285,12.5,38,18.4,23,25,34,12.1,1,40.2,1,0,6.5,1528,1,Leebet (1)
7978.lol,lol,2026-09-07,2026-09-08,2,да,NEW20_4_12pages_nodate,NEW,1,12,без оформления,Theme1,numeric,4,607,1,1,да,231,17,12-17,1,0,0,206,206,206,150,56,0,2192,441,20.1,1404,64.1,347,15.8,40,19.4,25,31,32,15.0,1,35.1,1,0,7.1,1404,1,Riobet (1)
bacasino.team,team,2026-09-08,2026-09-09,2,да,Content_script_12page_08.09,script,1,12,,Theme1,casino_infix,8,659,1,1,да,287,8,06-11,2,0,0,206,206,206,150,56,0,2376,722,30.4,1383,58.2,271,11.4,39,18.9,26,27,27,13.1,0.0,35.5,1,0,7.2,1383,1,Lucky Bird (1)
7395.team,team,2026-09-02,2026-09-03,2,да,NEW50_2_12pages_withdate_02.09,NEW,1,12,без оформления,Theme1,numeric,4,392,1,2,да,449,18,18-23,3,0,0,206,206,206,150,56,0,3500,1359,38.8,1382,39.5,759,21.7,69,33.5,52,60,64,29.1,1,20.0,1,0,7.2,1382,1,Slott (1)
jqtz.team,team,2026-08-22,2026-08-23,2,да,КОНТЕНТ НЕ ЗАПИСАН,не записан,1,,,Theme1,alpha_other,4,187,1,2,да,175,20,18-23,6,0,206,206,206,206,150,56,0,5226,2462,47.1,1369,26.2,1395,26.7,48,23.3,33,40,45,19.4,1,28.5,1,0,7.3,1369,1,Joycasino (1)
c5vt.team,team,2026-08-27,2026-08-28,2,да,КОНТЕНТ НЕ ЗАПИСАН,не записан,1,,,Theme1,alpha_other,4,331,1,2,да,352,19,18-23,4,0,0,206,206,206,150,56,0,3357,1525,45.4,1350,40.2,482,14.4,37,18.0,25,33,35,16.0,1,36.5,1,1,7.4,1350,1,Lucky Bird (2)
8739.lol,lol,2026-09-10,2026-09-11,2,да,archive37строформленоv2часть3,archive,1,7,оформлено,Theme1,numeric,4,890,1,1,да,479,10,06-11,4,0,0,206,206,206,150,56,0,1676,196,11.7,1339,79.9,141,8.4,27,13.1,21,21,25,10.2,0.0,49.6,1,0,7.5,1339,1,Casino7 (1)
2831.team,team,2026-08-22,2026-08-23,2,да,КОНТЕНТ НЕ ЗАПИСАН,не записан,1,,,Theme1,numeric,4,179,1,2,да,181,20,18-23,6,0,206,206,206,206,150,56,0,4534,2039,45.0,1328,29.3,1167,25.7,52,25.2,34,43,47,20.9,1.0,25.5,1,0,7.5,1328,1,Покердом (1)
fhmv.team,team,2026-08-20,2026-08-21,2,да,КОНТЕНТ НЕ ЗАПИСАН,не записан,1,,,Theme1,alpha_other,4,101,1,2,да,53,12,12-17,4,0,0,199,199,199,150,49,0,4268,1767,41.4,1291,30.2,1210,28.4,61,30.7,44,47,49,23.6,1.0,21.2,1,0,7.7,1291,1,Faro (1)
6977.team,team,2026-08-25,2026-08-26,2,да,Generator_11page_img_25.08,Generator,1,11,,Theme1,numeric,4,228,1,2,да,235,15,12-17,2,0,0,206,206,206,150,56,0,3229,1237,38.3,1272,39.4,720,22.3,29,14.1,21,26,29,12.6,1,43.9,1,0,7.9,1272,1,Leon (1)
k6x.team,team,2026-09-18,2026-09-18,1,да,content-2026-09-17-7str-oform-2_42,content-дата,1,7,оформлено,Theme1,alpha_other,3,504,2,2,нет,713,15,12-17,5,0,0,150,150,150,150,0,0,2373,957,40.3,1272,53.6,144,6.1,79,52.7,71,79,79,52.7,1,16.1,1,0,7.9,1272,1,Riobet (1)
sfkk.team,team,2026-08-25,2026-08-26,2,да,Generator_11page_NOimg_25.08,Generator,1,11,,Theme1,alpha_other,4,233,1,2,да,230,15,12-17,2,0,0,206,206,206,150,56,0,3235,1230,38.0,1262,39.0,743,23.0,53,25.7,43,46,53,22.3,1,23.8,1,0,7.9,1262,1,Pin Up (1)
l5n.team,team,2026-09-01,2026-09-02,2,да,NEW50_12pages_withdate_01.09,NEW,1,12,без оформления,Theme1,alpha_other,3,373,1,2,да,393,23,18-23,2,0,0,206,206,206,150,56,0,4404,2144,48.7,1161,26.4,1099,25.0,55,26.7,43,52,52,25.2,1,21.1,1,0,8.6,1161,1,Вулкан 24 (1)
bnkd.shop,shop,2026-08-21,2026-08-22,2,да,КОНТЕНТ НЕ ЗАПИСАН,не записан,1,,,Theme1,alpha_other,4,169,1,2,да,206,22,18-23,5,0,0,206,206,206,150,56,0,3417,1400,41.0,1150,33.7,867,25.4,25,12.1,18,23,24,11.2,1,46.0,1,0,8.7,1150,1,Leon (1)
casino5615.lol,lol,2026-09-09,2026-09-10,2,да,archive47_unique119оформленочасть1,archive,1,,оформлено,Theme1,casino_prefix,10,827,1,1,да,473,16,12-17,3,0,0,206,206,206,150,56,0,1899,612,32.2,1123,59.1,164,8.6,28,13.6,20,24,26,11.7,1.0,40.1,1,1,8.9,1123,1,Winline (2)
wbji.casino,casino,2026-09-09,2026-09-10,2,да,nabory461463_styled_img,nabory,1,,styled_img,Theme1,alpha_other,4,839,1,1,да,104,17,12-17,3,0,0,182,182,182,150,32,0,2325,705,30.3,1101,47.4,519,22.3,33,18.1,26,29,30,15.9,1,33.4,1,0,9.1,1101,1,Fraga (1)
jbrh.casino,casino,2026-09-09,2026-09-10,2,да,archive47_unique119оформленочасть2,archive,1,,оформлено,Theme1,alpha_other,4,857,1,1,да,80,20,18-23,3,0,0,206,206,206,150,56,0,2446,1084,44.3,1076,44.0,286,11.7,33,16.0,17,22,25,10.7,1.0,32.6,1,0,9.3,1076,1,Why (1)
jmbt.team,team,2026-08-20,2026-08-21,2,да,КОНТЕНТ НЕ ЗАПИСАН,не записан,1,,,Theme1,alpha_other,4,6,1,2,да,58,12,12-17,4,0,0,199,199,199,150,49,0,3295,1132,34.4,1003,30.4,1160,35.2,66,33.2,54,60,60,30.2,0,15.2,1,0,10.0,1003,1,Ezcash (1)
4085.team,team,2026-08-20,2026-08-21,2,да,КОНТЕНТ НЕ ЗАПИСАН,не записан,1,,,Theme1,numeric,4,90,1,2,да,73,12,12-17,4,0,0,199,199,199,150,49,0,3719,1760,47.3,1003,27.0,956,25.7,53,26.6,36,40,45,20.1,0.0,18.9,1,0,10.0,1003,1,Mellstroy (1)
4330.team,team,2026-09-03,2026-09-04,2,да,NEW50_3_12pages_withdate_styled,NEW,1,12,без оформления,Theme1,numeric,4,485,1,2,да,53,19,18-23,4,0,0,206,206,206,150,56,0,2599,947,36.4,990,38.1,662,25.5,18,8.7,12,14,14,6.8,1,55.0,1,0,10.1,990,1,Slotgames (1)
cokd4.team,team,2026-08-17,2026-08-18,2,да,КОНТЕНТ НЕ ЗАПИСАН,не записан,1,,,Theme1,alpha_other,5,1,2,5,нет,2,16,12-17,1,0,0,174,174,174,150,24,0,3627,1771,48.8,983,27.1,873,24.1,35,20.1,27,28,31,16.1,0,28.1,1,1,10.2,983,1,Лутран (2)
unxn.casino,casino,2026-09-01,2026-09-02,2,да,NEW50_12pages_withdate_01.09,NEW,1,12,без оформления,Theme1,alpha_other,4,351,1,2,да,382,17,12-17,2,0,0,206,206,206,150,56,0,5245,3121,59.5,979,18.7,1145,21.8,76,36.9,43,61,67,29.6,1,12.9,1,0,10.2,979,1,GetX (1)
kogk.team,team,2026-09-16,2026-09-17,2,да,nabory-555-564_styled_img_6,nabory,1,,styled_img,Theme1,alpha_other,4,223,2,2,нет,787,10,06-11,3,0,0,206,206,206,150,56,0,2888,1777,61.5,949,32.9,162,5.6,48,23.3,36,46,46,22.3,0.0,19.8,1,0,10.5,949,1,Shuffle (1)
2756.lol,lol,2026-09-18,2026-09-18,1,да,content-2026-09-17b-7str-oform_2,content-дата,1,7,оформлено,Theme1,numeric,4,493,2,2,нет,298,14,12-17,5,0,0,150,150,150,150,0,0,2190,1179,53.8,940,42.9,71,3.2,63,42.0,53,63,63,42.0,1,14.9,1,0,10.6,940,1,Селектор (1)
w4rz.team,team,2026-08-20,2026-08-21,2,да,КОНТЕНТ НЕ ЗАПИСАН,не записан,1,,,Theme2,alpha_other,4,137,1,2,да,162,21,18-23,4,0,0,202,202,202,150,52,0,2549,1007,39.5,938,36.8,604,23.7,11,5.4,8,9,10,4.5,1,85.3,1,0,10.7,938,1,Kush (1)
casino534.lol,lol,2026-09-11,2026-09-12,2,да,NEW102оформленобездаты,NEW,1,,оформлено,Theme1,casino_prefix,9,973,1,1,да,6,16,12-17,5,0,0,206,206,206,150,56,0,1521,367,24.1,913,60.0,241,15.8,30,14.6,18,19,25,9.2,1,30.4,1,0,11.0,913,1,Atom (1)
25casino.lol,lol,2026-09-15,2026-09-16,2,да,content-2026-09-14c-7str-oform-2_7,content-дата,1,7,оформлено,Theme1,casino_infix,8,143,2,2,нет,886,18,18-23,2,0,0,206,206,206,150,56,0,2239,1073,47.9,904,40.4,262,11.7,42,20.4,28,42,42,20.4,1.0,21.5,1,0,11.1,904,1,Vodka (1)
5448.lol,lol,2026-09-07,2026-09-08,2,да,Выдача_06.09_12стр,прочее,1,12,,Theme1,numeric,4,588,1,1,да,236,10,06-11,1,0,0,206,206,206,150,56,0,2375,1032,43.5,882,37.1,461,19.4,50,24.3,38,43,44,20.9,1,17.6,1,0,11.3,882,1,Lex (1)
3087.team,team,2026-09-17,2026-09-18,2,да,nabory-601-610_2,nabory,1,,,Theme1,numeric,4,338,2,2,нет,544,6,06-11,4,0,0,206,206,206,150,56,0,1965,937,47.7,863,43.9,165,8.4,26,12.6,19,24,24,11.7,0.0,33.2,1,1,11.6,863,1,Shuffle (2)
1794.team,team,2026-08-18,2026-08-19,2,да,КОНТЕНТ НЕ ЗАПИСАН,не записан,1,,,Theme1,numeric,4,13,1,3,да,22,21,18-23,2,0,0,184,184,184,150,34,0,3232,1619,50.1,842,26.1,771,23.9,55,29.9,42,51,52,27.7,1,15.3,1,0,11.9,842,1,Pokerok (1)
t8n2.team,team,2026-09-03,2026-09-04,2,да,NEW50_12pages_withdate_01.09,NEW,1,12,без оформления,Theme1,alpha_other,4,465,1,2,да,10,9,06-11,4,0,0,206,206,206,150,56,0,3147,992,31.5,823,26.2,1332,42.3,52,25.2,40,44,46,21.4,0.0,15.8,1,1,12.2,823,1,Kent (2)
9165.team,team,2026-09-11,2026-09-12,2,да,script_yandex_12page,script,1,12,,Theme1,numeric,4,1326,1,1,да,207,19,18-23,5,0,0,206,206,206,150,56,0,2151,787,36.6,819,38.1,545,25.3,55,26.7,34,42,52,20.4,1,14.9,1,0,12.2,819,1,Betera (1)
4150.team,team,2026-08-24,2026-08-25,2,да,КОНТЕНТ НЕ ЗАПИСАН,не записан,1,,,Theme1,numeric,4,199,1,2,да,227,17,12-17,1,0,0,206,206,206,150,56,0,3358,1361,40.5,809,24.1,1188,35.4,49,23.8,34,43,47,20.9,1,16.5,1,0,12.4,809,1,Олимп (1)
7960.team,team,2026-09-04,2026-09-05,2,да,NEW20_12pages_withdate_styled_img,NEW,1,12,styled_img,Theme1,numeric,4,1220,1,2,да,156,19,18-23,5,0,0,206,206,206,150,56,0,2321,960,41.4,794,34.2,567,24.4,52,25.2,37,43,43,20.9,1.0,15.3,1,0,12.6,794,1,Goldfishka (1)
0558.lol,lol,2026-09-15,2026-09-16,2,да,content-2026-09-14c-7str-oform-1_45,content-дата,1,7,оформлено,Theme1,numeric,4,15,3,3,нет,874,16,12-17,2,0,0,206,206,206,150,56,0,2220,1130,50.9,765,34.5,325,14.6,56,27.2,34,55,56,26.7,1.0,13.7,1,0,13.1,765,1,Lucky Bird (1)
5025.team,team,2026-09-03,2026-09-04,2,да,NEW50_3_12pages_withdate_styled,NEW,1,12,без оформления,Theme1,numeric,4,488,1,2,да,51,19,18-23,4,0,0,206,206,206,150,56,0,2577,947,36.7,753,29.2,877,34.0,51,24.8,38,48,49,23.3,1,14.8,1,0,13.3,753,1,Вулкан 24 (1)
2214.team,team,2026-08-21,2026-08-22,2,да,КОНТЕНТ НЕ ЗАПИСАН,не записан,1,,,Theme1,numeric,4,159,1,2,да,179,20,18-23,5,0,0,206,206,206,150,56,0,3302,1676,50.8,748,22.7,878,26.6,46,22.3,35,45,46,21.8,1.0,16.3,1,0,13.4,748,1,1xbet (1)
3434.team,team,2026-09-07,2026-09-08,2,да,clean12_unique11оформлено,clean,1,,оформлено,Theme1,numeric,4,646,1,1,да,279,21,18-23,1,0,0,206,206,206,150,56,0,1837,724,39.4,726,39.5,387,21.1,68,33.0,67,68,68,33.0,1.0,10.7,1,0,13.8,726,1,Mad (1)
lwcasino.team,team,2026-09-06,2026-09-07,2,да,NEW20_3_7pages_withdate_styled_img,NEW,1,7,styled_img,Theme1,casino_infix,8,1304,1,2,да,74,16,12-17,7,0,206,206,206,206,150,56,0,1176,295,25.1,723,61.5,158,13.4,66,32.0,58,59,59,28.6,1.0,11.0,1,0,13.8,723,1,Luckybear (1)
tzfl.team,team,2026-08-20,2026-08-21,2,да,КОНТЕНТ НЕ ЗАПИСАН,не записан,1,,,Theme1,alpha_other,4,20,2,3,нет,128,22,18-23,4,0,0,189,189,189,150,39,0,2097,964,46.0,717,34.2,416,19.8,24,12.7,21,22,23,11.6,1.0,29.9,1,0,13.9,717,1,Vodka (1)
brlu.team,team,2026-09-12,2026-09-13,2,да,content-2026-09-12-7str-oform-1,content-дата,1,7,оформлено,Theme1,alpha_other,4,1381,1,1,да,205,18,18-23,6,0,206,206,206,206,150,56,0,1210,318,26.3,709,58.6,183,15.1,26,12.6,17,21,25,10.2,1,27.3,1,0,14.1,709,1,1win (1)
xabd.team,team,2026-08-24,2026-08-25,2,да,ТЕСТ B Generator_11page_NOimg_24.08,тест,1,11,,Theme1,alpha_other,4,220,1,2,да,274,18,18-23,1,0,0,206,206,206,150,56,0,2944,1589,54.0,695,23.6,660,22.4,28,13.6,24,25,27,12.1,1,24.8,1,0,14.4,695,1,Вулкан Вегас (1)
6081.lol,lol,2026-09-20,2026-09-21,2,нет,content-2026-09-17-7str-oform-1_22,content-дата,1,7,оформлено,Theme1,numeric,4,1234,2,2,нет,852,14,12-17,7,0,205,205,0,205,150,55,0,1435,613,42.7,691,48.2,131,9.1,50,24.4,,,,,0.0,13.8,1,0,14.5,691,1,GetX (1)
1293.team,team,2026-09-10,2026-09-11,2,да,КОНТЕНТ НЕ ЗАПИСАН,не записан,1,,,Theme1,numeric,4,801,1,1,да,62,21,18-23,3,0,0,206,206,206,150,56,0,979,169,17.3,668,68.2,142,14.5,14,6.8,7,8,12,3.9,1.5,47.7,1,0,15.0,668,1,Goodwin (1)
tvuy.team,team,2026-09-02,2026-09-03,2,да,NEW50_2_12pages_nodate_02.09,NEW,1,12,без оформления,Theme1,alpha_other,4,397,1,2,да,424,18,18-23,3,0,0,206,206,206,150,56,0,2410,1081,44.9,667,27.7,662,27.5,44,21.4,32,37,39,18.0,1,15.2,1,0,15.0,667,1,Vulkan Platinum (1)
0409ds.casino,casino,2026-09-04,2026-09-05,2,да,NEW20_12pages_nodate_styled_img,NEW,1,12,styled_img,Theme1,alpha_other,6,1213,1,2,да,144,19,18-23,5,0,0,206,206,206,150,56,0,2064,860,41.7,666,32.3,538,26.1,37,18.0,31,36,37,17.5,1,18.0,1,0,15.0,666,1,Олимп (1)
2385.lol,lol,2026-09-18,2026-09-18,1,да,content-2026-09-17-7str-oform-2_38,content-дата,1,7,оформлено,Theme1,numeric,4,465,2,2,нет,709,2,00-05,5,150,0,150,150,150,150,0,0,1472,721,49.0,660,44.8,91,6.2,48,32.0,48,48,48,32.0,0.0,13.8,1,0,15.2,660,1,Покердом (1)
xqzs.team,team,2026-09-11,2026-09-12,2,да,clean7_part1_50оформлено,clean,1,,оформлено,Theme1,alpha_other,4,1042,1,1,да,233,2,00-05,5,206,0,206,206,206,150,56,0,1357,464,34.2,646,47.6,247,18.2,25,12.1,15,17,23,8.3,1,25.8,1,0,15.5,646,1,Mellstroy (1)
2837.team,team,2026-09-15,2026-09-16,2,да,content-2026-09-14b-7str-oform-2_37,content-дата,1,7,оформлено,Theme1,numeric,4,65,2,2,нет,656,6,06-11,2,0,0,206,206,206,150,56,0,1194,465,38.9,645,54.0,84,7.0,24,11.7,9,23,23,11.2,2,26.9,1,1,15.5,645,1,Leon (2)
2853.team,team,2026-09-03,2026-09-04,2,да,NEW50_3_7pages_nodate_styled,NEW,1,7,без оформления,Theme1,numeric,4,476,1,2,да,1,18,18-23,4,0,0,206,206,206,150,56,0,2751,1481,53.8,599,21.8,671,24.4,44,21.4,23,28,34,13.6,1.0,13.6,1,0,16.7,599,1,Dragon Money (1)
5202.team,team,2026-09-16,2026-09-17,2,да,content-2026-09-15-7str-oform-2_46,content-дата,1,7,оформлено,Theme1,numeric,4,252,2,2,нет,642,15,12-17,3,0,0,206,206,206,150,56,0,1551,846,54.5,562,36.2,143,9.2,38,18.4,23,34,34,16.5,1.0,14.8,1,0,17.8,562,1,Вулкан 24 (1)
p4q8.lol,lol,2026-09-16,2026-09-17,2,да,content-2026-09-14c-7str-oform-1_28,content-дата,1,7,оформлено,Theme1,alpha_other,4,180,2,2,нет,840,4,00-05,3,206,0,206,206,206,150,56,0,1258,552,43.9,558,44.4,148,11.8,48,23.3,44,46,47,22.3,0,11.6,1,0,17.9,558,1,1xbet (1)
7838.team,team,2026-09-07,2026-09-08,2,да,NEW20_12pages_nodate_оформлено,NEW,1,12,оформлено,Theme1,numeric,4,628,1,1,да,324,19,18-23,1,0,0,206,206,206,150,56,0,1550,589,38.0,548,35.4,413,26.6,55,26.7,40,46,47,22.3,1,10.0,1,0,18.2,548,1,Dragon Money (1)
5656.team,team,2026-09-21,2026-09-21,1,нет,content-2026-09-14b-7str-oform-1_19,content-дата,1,7,оформлено,Theme1,numeric,4,1274,2,2,нет,530,2,00-05,1,150,0,150,0,150,150,0,0,1120,531,47.4,530,47.3,59,5.3,36,24.0,,,,,0.0,14.7,1,0,18.9,530,1,GetX (1)
8083.team,team,2026-09-15,2026-09-16,2,да,content-2026-09-14-7str-oform-1_21,content-дата,1,7,оформлено,Theme1,numeric,4,1190,1,1,да,633,1,00-05,2,206,0,206,206,206,150,56,0,1074,512,47.7,518,48.2,44,4.1,8,3.9,6,8,8,3.9,1.0,64.8,1,0,19.3,518,1,UP-X (1)
5191.lol,lol,2026-09-08,2026-09-09,2,да,archive37строформленоv2часть2,archive,1,7,оформлено,Theme1,numeric,4,727,1,1,да,388,18,18-23,2,0,0,206,206,206,150,56,0,1090,467,42.8,492,45.1,131,12.0,20,9.7,18,18,19,8.7,1,24.6,1,0,20.3,492,1,Casino7 (1)
1209s.casino,casino,2026-09-12,2026-09-13,2,да,script_yandex_12page,script,1,12,,Theme1,alpha_other,5,988,1,1,да,87,0,00-05,6,206,206,206,206,206,150,56,0,2307,1444,62.6,489,21.2,374,16.2,33,16.0,15,20,27,9.7,1.0,14.8,1,0,20.4,489,1,Iris (1)
c5tw.team,team,2026-08-19,2026-08-20,2,да,КОНТЕНТ НЕ ЗАПИСАН,не записан,1,,,Theme2,alpha_other,4,75,1,2,да,81,23,18-23,3,0,0,198,198,198,150,48,0,2209,1118,50.6,474,21.5,617,27.9,34,17.2,25,30,31,15.2,1.0,13.9,1,0,21.1,474,1,Вулкан Вегас (1)
8483.team,team,2026-09-07,2026-09-08,2,да,NEW20_4_12pages_nodate,NEW,1,12,без оформления,Theme1,numeric,4,595,1,1,да,238,15,12-17,1,0,0,206,206,206,150,56,0,1365,450,33.0,467,34.2,448,32.8,53,25.7,36,40,41,19.4,1.0,8.8,1,0,21.4,467,1,Dragon Money (1)
3709.team,team,2026-09-14,2026-09-15,2,да,content-2026-09-14-12str-oform_8,content-дата,1,12,оформлено,Theme1,numeric,4,1144,1,1,да,624,17,12-17,1,0,0,206,206,206,150,56,0,1673,977,58.4,433,25.9,263,15.7,55,26.7,44,53,54,25.7,1.0,7.9,1,0,23.1,433,1,Martin (1)
3578.lol,lol,2026-09-18,2026-09-18,1,да,content-2026-09-17-7str-oform-2_13,content-дата,1,7,оформлено,Theme1,numeric,4,516,2,2,нет,684,3,00-05,5,150,0,150,150,150,150,0,0,1185,669,56.5,431,36.4,85,7.2,32,21.3,29,32,32,21.3,0.0,13.5,1,0,23.2,431,1,Pokerok (1)
411casino.lol,lol,2026-09-06,2026-09-07,2,да,nabory411420_styled_img,nabory,1,,styled_img,Theme1,casino_infix,9,542,1,1,да,270,18,18-23,7,0,206,206,206,206,150,56,0,1318,625,47.4,430,32.6,263,20.0,16,7.8,12,14,14,6.8,1.0,26.9,1,1,23.3,430,1,Kraken (2)
8616.team,team,2026-08-27,2026-08-28,2,да,NEW33_12pages_nodate+img_25.08,NEW,1,12,без оформления,Theme1,numeric,4,330,1,2,да,322,13,12-17,3,0,0,206,206,206,150,56,0,2297,1599,69.6,426,18.5,272,11.8,25,12.1,18,23,24,11.2,0.0,17.0,1,0,23.5,426,1,Pin Up (1)
k6m.team,team,2026-08-27,2026-08-28,2,да,КОНТЕНТ НЕ ЗАПИСАН,не записан,1,,,Theme1,alpha_other,3,222,2,3,нет,358,19,18-23,4,0,0,206,206,206,150,56,0,2621,1807,68.9,412,15.7,402,15.3,24,11.7,14,19,23,9.2,1.0,17.2,1,0,24.3,412,1,Shuffle (1)
2154.lol,lol,2026-09-16,2026-09-17,2,да,content-2026-09-15-7str-oform-1_42,content-дата,1,7,оформлено,Theme1,numeric,4,293,2,2,нет,578,23,18-23,3,0,0,206,206,206,150,56,0,1500,1006,67.1,395,26.3,99,6.6,38,18.4,21,37,38,18.0,1.0,10.4,1,0,25.3,395,1,888starz (1)
psbl.lol,lol,2026-09-09,2026-09-10,2,да,archive47_unique119оформленочасть1,archive,1,,оформлено,Theme1,alpha_other,4,834,1,1,да,450,17,12-17,3,0,0,206,206,206,150,56,0,1883,1263,67.1,391,20.8,229,12.2,39,18.9,24,30,33,14.6,1,10.0,1,0,25.6,391,1,Luckybear (1)
jgcasino.team,team,2026-09-11,2026-09-12,2,да,archive37строформленоv2часть1,archive,1,7,оформлено,Theme1,casino_infix,8,942,1,1,да,192,23,18-23,5,0,0,206,206,206,150,56,0,1029,461,44.8,386,37.5,182,17.7,28,13.6,18,23,28,11.2,1.0,13.8,1,1,25.9,386,1,Eva (2)
qbkn.team,team,2026-09-04,2026-09-05,2,да,КОНТЕНТ НЕ ЗАПИСАН,не записан,1,,,Theme1,alpha_other,4,1201,1,2,да,208,16,12-17,5,0,0,206,206,206,150,56,0,1309,632,48.3,378,28.9,299,22.8,28,13.6,25,27,28,13.1,1.0,13.5,1,0,26.5,378,1,GetX (1)
939casino.team,team,2026-09-07,2026-09-08,2,да,NEW20_4_12pages_nodate,NEW,1,12,без оформления,Theme1,casino_infix,9,604,1,1,да,226,16,12-17,1,0,0,206,206,206,150,56,0,1290,592,45.9,374,29.0,324,25.1,37,18.0,28,31,31,15.0,0,10.1,1,1,26.7,374,1,Martin (2)
1209r.casino,casino,2026-09-12,2026-09-13,2,да,script_yandex_12page,script,1,12,,Theme1,alpha_other,5,996,1,1,да,95,19,18-23,6,0,206,206,206,206,150,56,0,1148,482,42.0,368,32.1,298,26.0,41,19.9,28,31,40,15.0,1.0,9.0,1,0,27.2,368,1,Winline (1)
r6a3.lol,lol,2026-09-15,2026-09-16,2,да,content-2026-09-14-7str-oform-9_3,content-дата,1,7,оформлено,Theme1,alpha_other,4,60,2,2,нет,617,6,06-11,2,206,0,206,206,206,150,56,0,989,522,52.8,354,35.8,113,11.4,45,21.8,31,42,43,20.4,1,7.9,1,1,28.2,354,1,Vodka (2)
fks.lol,lol,2026-09-06,2026-09-07,2,да,nabory421425_styled_img,nabory,1,,styled_img,Theme1,alpha_other,3,581,1,1,да,245,21,18-23,7,0,206,206,206,206,150,56,0,1286,608,47.3,305,23.7,373,29.0,16,7.8,16,16,16,7.8,1.0,19.1,1,0,32.8,305,1,Мелбет (1)
ofhy.lol,lol,2026-09-20,2026-09-21,2,нет,content-2026-09-17-7str-oform-1_44,content-дата,1,7,оформлено,Theme1,alpha_other,4,1268,2,2,нет,874,17,12-17,7,0,206,206,0,206,150,56,0,1035,563,54.4,305,29.5,167,16.1,49,23.8,,,,,1.0,6.2,1,0,32.8,305,1,Money X (1)
6418.team,team,2026-09-03,2026-09-04,2,да,КОНТЕНТ НЕ ЗАПИСАН,не записан,1,,,Theme1,numeric,4,444,1,2,да,406,2,00-05,4,206,0,206,206,206,150,56,0,2012,1168,58.1,304,15.1,540,26.8,33,16.0,26,28,29,13.6,0.0,9.2,1,1,32.9,304,1,R7 (2)
7743casino.lol,lol,2026-09-19,2026-09-20,2,нет,content-2026-09-17-7str-oform-2_6,content-дата,1,7,оформлено,Theme1,casino_infix,10,527,2,2,нет,286,1,00-05,6,206,206,206,0,206,150,56,0,848,487,57.4,297,35.0,64,7.5,37,18.0,,,,,0,8.0,1,0,33.7,297,1,Lucky Bird (1)
5713.lol,lol,2026-09-15,2026-09-16,2,да,content-2026-09-14c-7str-oform-2_13,content-дата,1,7,оформлено,Theme1,numeric,4,127,2,2,нет,758,14,12-17,2,0,0,206,206,206,150,56,0,1096,666,60.8,284,25.9,146,13.3,38,18.4,22,34,36,16.5,1.0,7.5,1,1,35.2,284,1,Leon (2)
t8s4.lol,lol,2026-09-12,2026-09-13,2,да,content-2026-09-12-7str-oform-2,content-дата,1,7,оформлено,Theme1,alpha_other,4,1064,1,1,да,530,22,18-23,6,0,206,206,206,206,150,56,0,1503,748,49.8,248,16.5,507,33.7,40,19.4,20,27,40,13.1,1.5,6.2,1,0,40.3,248,1,Flagman (1)
rdpo.lol,lol,2026-09-16,2026-09-17,2,да,nabory-535-544_styled_img_1,nabory,1,,styled_img,Theme1,alpha_other,4,201,2,2,нет,815,7,06-11,3,0,0,206,206,206,150,56,0,1067,652,61.1,246,23.1,169,15.8,34,16.5,26,30,30,14.6,0.5,7.2,1,0,40.7,246,1,Lucky Bird (1)
4982.team,team,2026-09-14,2026-09-15,2,да,content-2026-09-14-12str-oform_9,content-дата,1,12,оформлено,Theme1,numeric,4,1147,1,1,да,625,17,12-17,1,0,0,206,206,206,150,56,0,1377,899,65.3,241,17.5,237,17.2,28,13.6,13,22,28,10.7,2.0,8.6,1,0,41.5,241,1,Вулкан Россия (1)
6480.lol,lol,2026-09-09,2026-09-10,2,да,archive47_unique119оформленочасть2,archive,1,,оформлено,Theme1,numeric,4,823,1,1,да,482,16,12-17,3,0,0,206,206,206,150,56,0,2284,1754,76.8,231,10.1,299,13.1,34,16.5,19,21,25,10.2,1,6.8,1,0,43.3,231,1,Cactus (1)
4809.lol,lol,2026-09-07,2026-09-08,2,да,Выдача_06.09_12стр,прочее,1,12,,Theme1,numeric,4,587,1,1,да,234,10,06-11,1,0,0,206,206,206,150,56,0,1533,972,63.4,227,14.8,334,21.8,22,10.7,15,16,17,7.8,1,10.3,1,0,44.1,227,1,Kent (1)
n4h1.lol,lol,2026-09-08,2026-09-09,2,да,archive37строформленоv2часть3,archive,1,7,оформлено,Theme1,alpha_other,4,771,1,1,да,449,21,18-23,2,0,0,206,206,206,150,56,0,873,528,60.5,219,25.1,126,14.4,15,7.3,11,12,14,5.8,1,14.6,1,0,45.7,219,1,Goodwin (1)
9480.team,team,2026-09-07,2026-09-08,2,да,NEW20_4_7pages_withdate,NEW,1,7,без оформления,Theme1,numeric,4,606,1,1,да,330,16,12-17,1,0,0,206,206,206,150,56,0,959,502,52.3,211,22.0,246,25.7,30,14.6,24,26,28,12.6,0.0,7.0,1,1,47.4,211,1,Mellstroy (2)
5298.team,team,2026-09-05,2026-09-06,2,да,trikomplektaB,прочее,1,,,Theme1,numeric,4,1253,1,2,да,181,12,12-17,6,0,206,206,206,206,150,56,0,806,337,41.8,203,25.2,266,33.0,30,14.6,25,25,25,12.1,0.0,6.8,1,1,49.3,203,1,Martin (2)
casino4244.buzz,buzz,2026-09-08,2026-09-09,2,да,archive37строформленоv2часть2,archive,1,7,оформлено,Theme1,casino_prefix,10,704,1,1,да,397,16,12-17,2,0,0,206,206,206,150,56,0,532,246,46.2,187,35.2,99,18.6,21,10.2,13,17,17,8.3,1,8.9,1,1,53.5,187,1,Leon (2)
wujcasino.lol,lol,2026-09-20,2026-09-21,2,нет,content-2026-09-17b-7str-oform_21,content-дата,1,7,оформлено,Theme1,casino_infix,9,1258,2,2,нет,317,11,06-11,7,0,206,206,0,206,150,56,0,704,461,65.5,185,26.3,58,8.2,35,17.0,,,,,0,5.3,1,0,54.1,185,1,888 (1)
261casino.lol,lol,2026-09-07,2026-09-08,2,да,NEW20_7pages_withdate_оформлено,NEW,1,7,оформлено,Theme1,casino_infix,9,623,1,1,да,315,19,18-23,1,0,0,206,206,206,150,56,0,913,457,50.1,165,18.1,291,31.9,24,11.7,22,23,23,11.2,1,6.9,1,0,60.6,165,1,Bitz (1)
7907.team,team,2026-09-16,2026-09-17,2,да,nabory-555-564_styled_img_7,nabory,1,,styled_img,Theme1,numeric,4,213,2,2,нет,793,8,06-11,3,0,0,206,206,206,150,56,0,1272,966,75.9,165,13.0,141,11.1,28,13.6,22,24,24,11.7,0.5,5.9,1,0,60.6,165,1,Olympus-play (1)
ndvk.team,team,2026-08-26,2026-08-27,2,да,NEW17_img_withdate_26.08,NEW,1,,без оформления,Theme1,alpha_other,4,292,1,2,да,262,16,12-17,3,0,0,206,206,206,150,56,0,1440,825,57.3,158,11.0,457,31.7,21,10.2,14,18,20,8.7,1.0,7.5,1,0,63.3,158,1,Lucky Bird (1)
2815.team,team,2026-09-17,2026-09-18,2,да,content-2026-09-16-7str_23,content-дата,1,7,,Theme1,numeric,4,391,2,2,нет,772,13,12-17,4,0,0,206,206,206,150,56,0,1422,1171,82.3,157,11.0,94,6.6,34,16.5,30,34,34,16.5,1.0,4.6,1,1,63.7,157,1,Lucky Bird (2)
d6t5.team,team,2026-09-10,2026-09-11,2,да,nabory470472_styled_img,nabory,1,,styled_img,Theme1,alpha_other,4,911,1,1,да,186,17,12-17,4,0,0,206,206,206,150,56,0,1051,503,47.9,145,13.8,403,38.3,38,18.4,26,27,34,13.1,1,3.8,1,0,69.0,145,1,Izzi (1)
5512.team,team,2026-09-11,2026-09-12,2,да,script_yandex_12page,script,1,12,,Theme1,numeric,4,1324,1,1,да,227,19,18-23,5,0,0,206,206,206,150,56,0,1197,648,54.1,129,10.8,420,35.1,35,17.0,21,25,34,12.1,1,3.7,1,0,77.5,129,1,Goodwin (1)
j9x4.lol,lol,2026-09-20,2026-09-21,2,нет,nabory-651-660_5,nabory,1,,,Theme1,alpha_other,4,1208,2,2,нет,277,2,00-05,7,206,206,206,0,206,150,56,0,628,453,72.1,109,17.4,66,10.5,23,11.2,,,,,0.0,4.7,1,0,91.7,109,1,Friends (1)
7816.lol,lol,2026-09-07,2026-09-08,2,да,clean12_unique11оформлено,clean,1,,оформлено,Theme1,numeric,4,650,1,1,да,288,20,18-23,1,0,0,206,206,206,150,56,0,932,554,59.4,93,10.0,285,30.6,23,11.2,17,18,18,8.7,1,4.0,1,1,107.5,93,1,Money X (2)
6715.team,team,2026-09-15,2026-09-16,2,да,content-2026-09-14b-7str-oform-2_48,content-дата,1,7,оформлено,Theme1,numeric,4,71,2,2,нет,671,7,06-11,2,0,0,206,206,206,150,56,0,471,354,75.2,88,18.7,29,6.2,23,11.2,15,22,22,10.7,1.0,3.8,1,0,113.6,88,1,Platinum (1)
casinoanb.buzz,buzz,2026-09-08,2026-09-09,2,да,archive37строформленоv2часть3,archive,1,7,оформлено,Theme1,casino_prefix,9,762,1,1,да,458,20,18-23,2,0,0,206,206,206,150,56,0,247,120,48.6,82,33.2,45,18.2,14,6.8,9,12,13,5.8,1.0,5.9,1,0,122.0,82,1,Ezcash (1)
pjxu.lol,lol,2026-09-04,2026-09-05,2,да,nabory274283,nabory,1,,,Theme1,alpha_other,4,529,1,2,да,120,11,06-11,5,0,0,206,206,206,150,56,0,1266,770,60.8,73,5.8,423,33.4,16,7.8,14,15,15,7.3,0.0,4.6,1,0,137.0,73,1,Maxline (1)
6099.team,team,2026-09-18,2026-09-18,1,да,content-2026-09-17-7str-oform-2_49,content-дата,1,7,оформлено,Theme1,numeric,4,479,2,2,нет,720,3,00-05,5,150,0,150,150,150,150,0,0,793,660,83.2,52,6.6,81,10.2,12,8.0,12,12,12,8.0,0.0,4.3,1,0,192.3,52,1,Money X (1)
4497.lol,lol,2026-09-18,2026-09-18,1,да,nabory-631-640_9,nabory,1,,,Theme1,numeric,4,515,2,2,нет,346,18,18-23,5,0,0,150,150,150,150,0,0,508,433,85.2,41,8.1,34,6.7,11,7.3,9,11,11,7.3,1,3.7,1,0,243.9,41,1,Селектор (1)
f2mw.team,team,2026-08-20,2026-08-21,2,да,КОНТЕНТ НЕ ЗАПИСАН,не записан,1,,,Theme2,alpha_other,4,127,1,2,да,152,21,18-23,4,0,0,204,204,204,150,54,0,1412,1026,72.7,35,2.5,351,24.9,16,7.8,12,14,14,6.9,1.0,2.2,1,0,285.7,35,1,1xbet (1)
x2v4.lol,lol,2026-09-14,2026-09-15,2,да,content-2026-09-12-7str-oform-3,content-дата,1,7,оформлено,Theme1,alpha_other,4,1141,1,1,да,595,12,12-17,1,0,0,206,206,206,150,56,0,1435,1173,81.7,31,2.2,231,16.1,10,4.9,8,10,10,4.9,1.0,3.1,1,0,322.6,31,1,Money X (1)
uyqcasino.team,team,2026-09-11,2026-09-12,2,да,clean7_part1_50оформлено,clean,1,,оформлено,Theme1,casino_infix,9,1041,1,1,да,244,2,00-05,5,206,0,206,206,206,150,56,0,74,41,55.4,23,31.1,10,13.5,3,1.5,2,2,2,1.0,1,7.7,1,0,434.8,23,1,Brillx (1)
agcr.team,team,2026-09-21,2026-09-21,1,нет,content-2026-09-14b-7str-oform-1_11,content-дата,1,7,оформлено,Theme1,alpha_other,4,1293,2,2,нет,522,9,06-11,1,0,0,150,0,150,150,0,0,261,217,83.1,15,5.7,29,11.1,8,5.3,,,,,0.0,1.9,1,0,666.7,15,1,Enomo (1)
8590.lol,lol,2026-09-19,2026-09-20,2,нет,content-2026-09-17b-7str-oform_5,content-дата,1,7,оформлено,Theme1,numeric,4,529,2,2,нет,301,1,00-05,6,206,206,206,0,206,150,56,0,686,627,91.4,11,1.6,48,7.0,8,3.9,,,,,0.0,1.4,1,0,909.1,11,1,Мелбет (1)
2424.team,team,2026-08-25,2026-08-26,2,да,КОНТРОЛЬ NEW50_5_7pages_nodate_21.08,контроль,1,7,без оформления,Theme1,numeric,4,238,1,2,да,248,15,12-17,2,0,0,206,206,206,150,56,0,23288,799,3.4,21731,93.3,758,3.3,61,29.6,57,60,61,29.1,0,356.2,0,0,0.0,,0,
7592.team,team,2026-08-19,2026-08-20,2,да,КОНТЕНТ НЕ ЗАПИСАН,не записан,1,,,Theme1,numeric,4,2,2,3,нет,33,0,00-05,3,184,0,184,184,184,150,34,0,17802,2169,12.2,14584,81.9,1049,5.9,85,46.2,71,72,72,39.1,0.0,171.6,0,0,0.0,,0,
1467.team,team,2026-08-20,2026-08-21,2,да,КОНТЕНТ НЕ ЗАПИСАН,не записан,1,,,Theme2,numeric,4,85,1,2,да,65,12,12-17,4,0,0,199,199,199,150,49,0,17583,1985,11.3,14386,81.8,1212,6.9,63,31.7,48,56,57,28.1,0.0,228.3,0,0,0.0,,0,
2535.team,team,2026-08-25,2026-08-26,2,да,Generator_11page_NOimg_25.08,Generator,1,11,,Theme1,numeric,4,222,1,3,да,307,15,12-17,2,0,0,206,206,206,150,56,0,11835,876,7.4,10217,86.3,742,6.3,54,26.2,42,53,54,25.7,1.0,189.2,0,0,0.0,,0,
2386.team,team,2026-08-31,2026-09-01,2,да,Generator_11page_test_1…_9 (dorgen com,Generator,1,11,,Theme1,numeric,4,340,1,2,да,366,17,12-17,1,0,0,206,206,206,150,56,0,12178,2402,19.7,8692,71.4,1084,8.9,95,46.1,83,90,90,43.7,1,91.5,0,0,0.0,,0,
2551.team,team,2026-09-15,2026-09-16,2,да,content-2026-09-14c-7str-oform-1_44,content-дата,1,7,оформлено,Theme1,numeric,4,23,3,3,нет,873,18,18-23,2,0,0,206,206,206,150,56,0,10004,1098,11.0,8610,86.1,296,3.0,98,47.6,79,92,93,44.7,1,87.9,0,0,0.0,,0,
rwdk.team,team,2026-08-19,2026-08-20,2,да,КОНТЕНТ НЕ ЗАПИСАН,не записан,1,,,Theme1,alpha_other,4,40,1,2,да,20,0,00-05,3,184,0,184,184,184,150,34,0,12571,2808,22.3,8533,67.9,1230,9.8,98,53.3,84,86,86,46.7,0.0,87.1,0,0,0.0,,0,
0336.lol,lol,2026-09-08,2026-09-09,2,да,archive37строформленоv2часть3,archive,1,7,оформлено,Theme1,numeric,4,778,1,1,да,456,22,18-23,2,0,0,206,206,206,150,56,0,8390,405,4.8,7866,93.8,119,1.4,16,7.8,10,11,13,5.3,1.0,491.6,0,0,0.0,,0,
3728.team,team,2026-08-20,2026-08-21,2,да,КОНТЕНТ НЕ ЗАПИСАН,не записан,1,,,Theme2,numeric,4,109,1,3,да,137,20,18-23,4,0,0,204,204,204,150,54,0,9341,873,9.3,7861,84.2,607,6.5,54,26.5,43,49,50,24.0,1.0,145.6,0,0,0.0,,0,
kmwq.team,team,2026-08-18,2026-08-19,2,да,КОНТЕНТ НЕ ЗАПИСАН,не записан,1,,,Theme1,alpha_other,4,23,1,3,да,15,21,18-23,2,0,0,184,184,184,150,34,0,10184,1526,15.0,7363,72.3,1295,12.7,70,38.0,64,66,66,35.9,1.0,105.2,0,0,0.0,,0,
1085.team,team,2026-08-19,2026-08-20,2,да,КОНТЕНТ НЕ ЗАПИСАН,не записан,1,,,Theme1,numeric,4,67,1,2,да,63,17,12-17,3,0,0,186,186,186,150,36,0,11571,2745,23.7,7332,63.4,1494,12.9,99,53.2,95,96,96,51.6,1.0,74.1,0,0,0.0,,0,
2654.team,team,2026-08-25,2026-08-26,2,да,КОНТЕНТ НЕ ЗАПИСАН,не записан,1,,,Theme1,numeric,4,251,1,2,да,271,18,18-23,2,0,0,206,206,206,150,56,0,8920,1108,12.4,7146,80.1,666,7.5,48,23.3,41,48,48,23.3,1.0,148.9,0,0,0.0,,0,
3211.lol,lol,2026-09-07,2026-09-08,2,да,NEW20_4_12pages_nodate,NEW,1,12,без оформления,Theme1,numeric,4,592,1,1,да,239,15,12-17,1,0,0,206,206,206,150,56,0,8540,900,10.5,7004,82.0,636,7.4,62,30.1,45,49,52,23.8,0,113.0,0,0,0.0,,0,
5390.team,team,2026-08-20,2026-08-21,2,да,КОНТЕНТ НЕ ЗАПИСАН,не записан,1,,,Theme1,numeric,4,93,1,2,да,77,12,12-17,4,0,0,199,199,199,150,49,0,9613,1525,15.9,6877,71.5,1211,12.6,59,29.6,45,47,49,23.6,1,116.6,0,0,0.0,,0,
7448.lol,lol,2026-09-03,2026-09-04,2,да,КОНТЕНТ НЕ ЗАПИСАН,не записан,1,,,Theme1,numeric,4,447,1,2,да,455,4,00-05,4,206,0,206,206,206,150,56,0,7992,891,11.1,6740,84.3,361,4.5,37,18.0,33,33,33,16.0,0,182.2,0,0,0.0,,0,
casino4420.lol,lol,2026-09-16,2026-09-17,2,да,content-2026-09-14c-7str-oform-2_8,content-дата,1,7,оформлено,Theme1,casino_prefix,10,164,2,2,нет,887,0,00-05,3,206,0,206,206,206,150,56,0,8142,1373,16.9,6663,81.8,106,1.3,57,27.7,43,48,48,23.3,0.0,116.9,0,0,0.0,,0,
i5x.team,team,2026-08-24,2026-08-25,2,да,ТЕСТ B Generator_11page_NOimg_24.08,тест,1,11,,Theme1,alpha_other,3,216,1,2,да,269,18,18-23,1,0,0,206,206,206,150,56,0,9251,1874,20.3,6563,70.9,814,8.8,79,38.3,75,78,78,37.9,1.0,83.1,0,0,0.0,,0,
0040.team,team,2026-09-03,2026-09-04,2,да,NEW50_7pages_withdate_01.09,NEW,1,7,без оформления,Theme1,numeric,4,451,1,2,да,17,6,06-11,4,0,0,206,206,206,150,56,0,7403,591,8.0,6350,85.8,462,6.2,27,13.1,19,21,21,10.2,0,235.2,0,0,0.0,,0,
1081.team,team,2026-09-12,2026-09-13,2,да,content-2026-09-12-7str-oform-2,content-дата,1,7,оформлено,Theme1,numeric,4,1348,1,1,да,518,14,12-17,6,0,206,206,206,206,150,56,0,6993,580,8.3,6059,86.6,354,5.1,53,25.7,32,38,52,18.4,1.0,114.3,0,0,0.0,,0,
6348.lol,lol,2026-09-03,2026-09-04,2,да,NEW50_3_12pages_nodate_styled,NEW,1,12,без оформления,Theme1,numeric,4,493,1,2,да,41,19,18-23,4,0,0,206,206,206,150,56,0,7790,1161,14.9,6028,77.4,601,7.7,38,18.4,33,36,37,17.5,1.0,158.6,0,0,0.0,,0,
hprl.team,team,2026-08-21,2026-08-22,2,да,КОНТЕНТ НЕ ЗАПИСАН,не записан,1,,,Theme1,alpha_other,4,148,1,2,да,174,19,18-23,5,0,0,206,206,206,150,56,0,8221,1324,16.1,5669,69.0,1228,14.9,62,30.1,56,60,60,29.1,1.0,91.4,0,0,0.0,,0,
1052.team,team,2026-08-18,2026-08-19,2,да,КОНТЕНТ НЕ ЗАПИСАН,не записан,1,,,Theme1,numeric,4,12,1,3,да,21,21,18-23,2,0,0,184,184,184,150,34,0,8547,1884,22.0,5638,66.0,1025,12.0,84,45.7,82,83,83,45.1,1,67.1,0,0,0.0,,0,
tfys.casino,casino,2026-09-01,2026-09-02,2,да,NEW50_12pages_nodate_01.09,NEW,1,12,без оформления,Theme1,alpha_other,4,357,1,2,да,390,18,18-23,2,0,0,206,206,206,150,56,0,8559,2461,28.8,5469,63.9,629,7.3,66,32.0,48,58,62,28.2,1.0,82.9,0,0,0.0,,0,
b3nk.team,team,2026-08-31,2026-09-01,2,да,Generator_11page_test_1…_9 (dorgen com,Generator,1,11,,Theme1,alpha_other,4,343,1,2,да,369,17,12-17,1,0,0,206,206,206,150,56,0,8465,2101,24.8,5401,63.8,963,11.4,83,40.3,69,76,77,36.9,1.0,65.1,0,0,0.0,,0,
wcht.team,team,2026-08-20,2026-08-21,2,да,КОНТЕНТ НЕ ЗАПИСАН,не записан,1,,,Theme1,alpha_other,4,23,2,3,нет,130,22,18-23,4,0,0,197,197,197,150,47,0,6591,741,11.2,5253,79.7,597,9.1,60,30.5,49,58,59,29.4,1.0,87.5,0,0,0.0,,0,
2726.lol,lol,2026-09-08,2026-09-09,2,да,Content_script_12page_08.09,script,1,12,,Theme1,numeric,4,651,1,1,да,343,8,06-11,2,0,0,206,206,206,150,56,0,5986,604,10.1,5141,85.9,241,4.0,37,18.0,22,25,26,12.1,0.0,138.9,0,0,0.0,,0,
2955.team,team,2026-09-02,2026-09-03,2,да,NEW50_2_12pages_withdate_02.09,NEW,1,12,без оформления,Theme1,numeric,4,420,1,2,да,459,22,18-23,3,0,0,206,206,206,150,56,0,19289,712,3.7,5127,26.6,13450,69.7,64,31.1,47,56,61,27.2,1.0,80.1,0,0,0.0,,0,
lrzn.team,team,2026-08-18,2026-08-19,2,да,КОНТЕНТ НЕ ЗАПИСАН,не записан,1,,,Theme1,alpha_other,4,22,1,3,да,16,21,18-23,2,0,0,184,184,184,150,34,0,7854,1809,23.0,4953,63.1,1092,13.9,97,52.7,85,89,91,48.4,1.0,51.1,0,0,0.0,,0,
casinoes.lol,lol,2026-09-09,2026-09-10,2,да,archive412_unique12оформлено,archive,1,,оформлено,Theme1,casino_prefix,8,789,1,1,да,428,12,12-17,3,0,0,206,206,206,150,56,0,7156,1984,27.7,4823,67.4,349,4.9,108,52.4,85,87,90,42.2,0,44.7,0,0,0.0,,0,
9574.team,team,2026-09-06,2026-09-07,2,да,Generator_392396_styled_img,Generator,1,,styled_img,Theme1,numeric,4,1289,1,2,да,174,9,06-11,7,0,206,206,206,206,150,56,0,5424,412,7.6,4748,87.5,264,4.9,36,17.5,31,32,32,15.5,0.0,131.9,0,0,0.0,,0,
ypur.team,team,2026-09-03,2026-09-04,2,да,NEW50_3_12pages_withdate_styled,NEW,1,12,без оформления,Theme1,alpha_other,4,515,1,2,да,49,21,18-23,4,0,0,206,206,206,150,56,0,6857,1276,18.6,4730,69.0,851,12.4,82,39.8,63,74,76,35.9,1.0,57.7,0,0,0.0,,0,
h1g.team,team,2026-09-19,2026-09-20,2,нет,content-2026-09-17-7str-oform-2_55,content-дата,1,7,оформлено,Theme1,alpha_other,3,741,2,2,нет,726,14,12-17,6,0,206,206,0,206,150,56,0,5527,699,12.6,4708,85.2,120,2.2,87,42.2,,,,,0.0,54.1,0,0,0.0,,0,
6860.lol,lol,2026-09-03,2026-09-04,2,да,КОНТЕНТ НЕ ЗАПИСАН,не записан,1,,,Theme1,numeric,4,445,1,2,да,454,2,00-05,4,206,0,206,206,206,150,56,0,6875,1585,23.1,4692,68.2,598,8.7,44,21.4,32,35,35,17.0,0.0,106.6,0,0,0.0,,0,
0864.team,team,2026-09-01,2026-09-02,2,да,NEW50_7pages_withdate_01.09,NEW,1,7,без оформления,Theme1,numeric,4,369,1,2,да,399,22,18-23,2,0,0,206,206,206,150,56,0,7175,2023,28.2,4642,64.7,510,7.1,39,18.9,28,35,35,17.0,1,119.0,0,0,0.0,,0,
oasc.team,team,2026-09-02,2026-09-03,2,да,NEW50_2_7pages_withdate,NEW,1,7,без оформления,Theme1,alpha_other,4,409,1,2,да,440,20,18-23,3,0,0,206,206,206,150,56,0,6418,1197,18.7,4589,71.5,632,9.8,56,27.2,39,51,53,24.8,1,81.9,0,0,0.0,,0,
3045.team,team,2026-08-25,2026-08-26,2,да,NEW33_12pages_withdate_25.08,NEW,1,12,без оформления,Theme1,numeric,4,252,1,2,да,236,18,18-23,2,0,0,206,206,206,150,56,0,6296,986,15.7,4586,72.8,724,11.5,54,26.2,35,46,52,22.3,1.0,84.9,0,0,0.0,,0,
cgnr.team,team,2026-08-18,2026-08-19,2,да,КОНТЕНТ НЕ ЗАПИСАН,не записан,1,,,Theme1,alpha_other,4,4,1,3,да,4,16,12-17,2,0,0,184,184,184,150,34,0,7768,1811,23.3,4502,58.0,1455,18.7,111,60.3,94,99,99,53.8,0.0,40.6,0,0,0.0,,0,
ikmd.team,team,2026-09-03,2026-09-04,2,да,NEW50_7pages_nodate_01.09,NEW,1,7,без оформления,Theme1,alpha_other,4,461,1,2,да,30,9,06-11,4,0,0,206,206,206,150,56,0,5527,706,12.8,4315,78.1,506,9.2,68,33.0,52,57,57,27.7,0.5,63.5,0,0,0.0,,0,
1327.team,team,2026-08-31,2026-09-01,2,да,КОНТЕНТ НЕ ЗАПИСАН,не записан,1,,,Theme1,numeric,4,111,2,3,нет,377,17,12-17,1,0,0,206,206,206,150,56,0,7910,2779,35.1,4279,54.1,852,10.8,84,40.8,74,79,80,38.3,0,50.9,0,0,0.0,,0,
1831.lol,lol,2026-09-15,2026-09-16,2,да,content-2026-09-14c-7str-oform-2_27,content-дата,1,7,оформлено,Theme1,numeric,4,119,2,2,нет,811,13,12-17,2,0,0,206,206,206,150,56,0,5306,747,14.1,4277,80.6,282,5.3,56,27.2,38,51,52,24.8,1.0,76.4,0,0,0.0,,0,
2388.team,team,2026-09-15,2026-09-16,2,да,content-2026-09-14c-12str-oform_3,content-дата,1,12,оформлено,Theme1,numeric,4,96,2,2,нет,802,10,06-11,2,0,0,206,206,206,150,56,0,5271,848,16.1,4249,80.6,174,3.3,53,25.7,37,50,51,24.3,1,80.2,0,0,0.0,,0,
8648.lol,lol,2026-09-16,2026-09-17,2,да,content-2026-09-15-7str-oform-2_50,content-дата,1,7,оформлено,Theme1,numeric,4,234,2,2,нет,646,11,06-11,3,0,0,206,206,206,150,56,0,5870,1535,26.1,4193,71.4,142,2.4,36,17.5,27,31,31,15.0,1,116.5,0,0,0.0,,0,
casino6204.team,team,2026-09-16,2026-09-17,2,да,content-2026-09-14c-7str-oform-1_14,content-дата,1,7,оформлено,Theme1,casino_prefix,10,166,2,2,нет,795,1,00-05,3,206,0,206,206,206,150,56,0,4777,558,11.7,4115,86.1,104,2.2,40,19.4,31,34,34,16.5,0.0,102.9,0,0,0.0,,0,
stma.casino,casino,2026-09-01,2026-09-02,2,да,NEW50_12pages_nodate_01.09,NEW,1,12,без оформления,Theme1,alpha_other,4,356,1,2,да,391,18,18-23,2,0,0,206,206,206,150,56,0,8384,3157,37.7,4088,48.8,1139,13.6,78,37.9,60,72,73,35.0,1.0,52.4,0,0,0.0,,0,
skxb.casino,casino,2026-09-09,2026-09-10,2,да,nabory461463_styled_img,nabory,1,,styled_img,Theme1,alpha_other,4,835,1,1,да,127,17,12-17,3,0,0,206,206,206,150,56,0,6262,1688,27.0,4087,65.3,487,7.8,86,41.7,63,64,70,31.1,1.0,47.5,0,0,0.0,,0,
q7g3.team,team,2026-09-06,2026-09-07,2,да,struktura8x7,прочее,1,,,Theme1,alpha_other,4,1320,1,1,да,266,18,18-23,7,0,206,206,206,206,150,56,0,4941,598,12.1,3996,80.9,347,7.0,28,13.6,22,23,23,11.2,1.0,142.7,0,0,0.0,,0,
n2rf.team,team,2026-08-18,2026-08-19,2,да,КОНТЕНТ НЕ ЗАПИСАН,не записан,1,,,Theme1,alpha_other,4,25,1,2,да,44,21,18-23,2,0,0,184,184,184,150,34,0,7490,2239,29.9,3919,52.3,1332,17.8,92,50.0,82,88,88,47.8,1,42.6,0,0,0.0,,0,
6188.lol,lol,2026-09-20,2026-09-21,2,нет,content-2026-09-17-7str-oform-2_2,content-дата,1,7,оформлено,Theme1,numeric,4,1235,2,2,нет,884,14,12-17,7,0,206,206,0,206,150,56,0,4439,396,8.9,3890,87.6,153,3.4,39,18.9,,,,,0.0,99.7,0,0,0.0,,0,
b4kr.team,team,2026-08-21,2026-08-22,2,да,КОНТЕНТ НЕ ЗАПИСАН,не записан,1,,,Theme1,alpha_other,4,168,1,2,да,186,22,18-23,5,0,0,206,206,206,150,56,0,5685,1404,24.7,3870,68.1,411,7.2,17,8.3,12,12,15,5.8,1,227.6,0,0,0.0,,0,
t7g.team,team,2026-08-26,2026-08-27,2,да,NEW33_12pages_nodate+img_25.08,NEW,1,12,без оформления,Theme1,alpha_other,3,310,1,2,да,338,18,18-23,3,0,0,206,206,206,150,56,0,5759,1274,22.1,3830,66.5,655,11.4,34,16.5,24,30,34,14.6,1.0,112.6,0,0,0.0,,0,
casinomd.team,team,2026-09-19,2026-09-20,2,нет,content-2026-09-17-7str-oform-2_7,content-дата,1,7,оформлено,Theme1,casino_prefix,8,539,2,2,нет,678,13,12-17,6,0,206,206,0,206,150,56,0,4333,503,11.6,3761,86.8,69,1.6,78,37.9,,,,,0.5,48.2,0,0,0.0,,0,
xlqd.team,team,2026-09-15,2026-09-16,2,да,content-2026-09-14c-7str-oform-2_14,content-дата,1,7,оформлено,Theme1,alpha_other,4,12,3,3,нет,759,16,12-17,2,0,0,206,206,206,150,56,0,5364,1292,24.1,3741,69.7,331,6.2,78,37.9,50,70,71,34.0,1,48.0,0,0,0.0,,0,
p6kv.team,team,2026-08-18,2026-08-19,2,да,КОНТЕНТ НЕ ЗАПИСАН,не записан,1,,,Theme1,alpha_other,4,27,1,2,да,45,21,18-23,2,0,0,184,184,184,150,34,0,6827,2048,30.0,3701,54.2,1078,15.8,64,34.8,60,63,63,34.2,1,57.8,0,0,0.0,,0,
casinobl.lol,lol,2026-09-16,2026-09-17,2,да,nabory-535-544_styled_img_4,nabory,1,,styled_img,Theme1,casino_prefix,8,194,2,2,нет,830,6,06-11,3,0,0,206,206,206,150,56,0,4681,704,15.0,3698,79.0,279,6.0,49,23.8,38,43,43,20.9,0,75.5,0,0,0.0,,0,
vzto.team,team,2026-09-02,2026-09-03,2,да,NEW50_2_12pages_withdate_02.09,NEW,1,12,без оформления,Theme1,alpha_other,4,429,1,2,да,461,22,18-23,3,0,0,206,206,206,150,56,0,6541,1812,27.7,3691,56.4,1038,15.9,84,40.8,65,77,79,37.4,1.0,43.9,0,0,0.0,,0,
9720.team,team,2026-08-26,2026-08-27,2,да,КОНТЕНТ НЕ ЗАПИСАН,не записан,1,,,Theme1,numeric,4,304,1,2,да,275,18,18-23,3,0,0,206,206,206,150,56,0,5143,845,16.4,3676,71.5,622,12.1,59,28.6,39,53,57,25.7,1,62.3,0,0,0.0,,0,
0509s.casino,casino,2026-09-05,2026-09-06,2,да,NEW21_12pages_nodate_styled_img,NEW,1,12,styled_img,Theme1,alpha_other,5,1268,1,2,да,138,17,12-17,6,0,206,206,206,206,150,56,0,4501,447,9.9,3633,80.7,421,9.4,56,27.2,44,51,52,24.8,1,64.9,0,0,0.0,,0,
h1p5.team,team,2026-09-11,2026-09-12,2,да,nabory481483_styled_img_dark,nabory,1,,styled_img,Theme1,alpha_other,4,1333,1,1,да,251,22,18-23,5,0,0,206,206,206,150,56,0,4826,888,18.4,3509,72.7,429,8.9,30,14.6,17,20,29,9.7,1.0,117.0,0,0,0.0,,0,
3305.lol,lol,2026-09-16,2026-09-17,2,да,nabory-545-554_styled_img_2,nabory,1,,styled_img,Theme1,numeric,4,186,2,2,нет,850,5,00-05,3,206,0,206,206,206,150,56,0,4449,722,16.2,3443,77.4,284,6.4,51,24.8,39,43,43,20.9,0,67.5,0,0,0.0,,0,
5882.team,team,2026-09-11,2026-09-12,2,да,NEW102оформленобездаты,NEW,1,,оформлено,Theme1,numeric,4,965,1,1,да,156,14,12-17,5,0,0,206,206,206,150,56,0,4624,630,13.6,3441,74.4,553,12.0,51,24.8,36,42,49,20.4,1,67.5,0,0,0.0,,0,
2584.team,team,2026-08-26,2026-08-27,2,да,NEW33_12pages_nodate+img_25.08,NEW,1,12,без оформления,Theme1,numeric,4,296,1,2,да,276,18,18-23,3,0,0,206,206,206,150,56,0,5370,983,18.3,3421,63.7,966,18.0,44,21.4,28,38,44,18.4,1.0,77.8,0,0,0.0,,0,
r1m.lol,lol,2026-09-20,2026-09-21,2,нет,nabory-641-650_10,nabory,1,,,Theme1,alpha_other,3,1218,2,2,нет,897,6,06-11,7,206,206,206,0,206,150,56,0,3940,329,8.4,3413,86.6,198,5.0,57,27.7,,,,,0.0,59.9,0,0,0.0,,0,
2974.team,team,2026-09-16,2026-09-17,2,да,content-2026-09-15-7str-oform-2_33,content-дата,1,7,оформлено,Theme1,numeric,4,249,2,2,нет,629,15,12-17,3,0,0,206,206,206,150,56,0,4411,853,19.3,3403,77.1,155,3.5,38,18.4,28,36,36,17.5,1.0,89.6,0,0,0.0,,0,
b6t.lol,lol,2026-09-16,2026-09-17,2,да,content-2026-09-15-7str-oform-2_1,content-дата,1,7,оформлено,Theme1,alpha_other,3,273,2,2,нет,597,21,18-23,3,0,0,206,206,206,150,56,0,4708,1136,24.1,3381,71.8,191,4.1,34,16.5,20,34,34,16.5,1.0,99.4,0,0,0.0,,0,
1109sh.casino,casino,2026-09-11,2026-09-12,2,да,NEW102оформленосдатой,NEW,1,,оформлено,Theme1,alpha_other,6,931,1,1,да,125,4,00-05,5,206,0,206,206,206,150,56,0,3927,314,8.0,3350,85.3,263,6.7,70,34.0,44,50,62,24.3,0,47.9,0,0,0.0,,0,
3255.lol,lol,2026-09-15,2026-09-16,2,да,content-2026-09-14c-7str-oform-2_9,content-дата,1,7,оформлено,Theme1,numeric,4,144,2,2,нет,888,18,18-23,2,0,0,206,206,206,150,56,0,4738,1046,22.1,3315,70.0,377,8.0,72,35.0,46,67,70,32.5,1.0,46.0,0,0,0.0,,0,
9536.lol,lol,2026-08-20,2026-08-21,2,да,КОНТЕНТ НЕ ЗАПИСАН,не записан,1,,,Theme2,numeric,4,94,1,2,да,113,12,12-17,4,0,0,199,199,199,150,49,0,6187,1795,29.0,3304,53.4,1088,17.6,70,35.2,56,59,59,29.6,0.0,47.2,0,0,0.0,,0,
zics.team,team,2026-09-16,2026-09-17,2,да,content-2026-09-14c-7str-oform-1_4,content-дата,1,7,оформлено,Theme1,alpha_other,4,182,2,2,нет,762,4,00-05,3,206,0,206,206,206,150,56,0,4165,705,16.9,3265,78.4,195,4.7,64,31.1,47,59,59,28.6,0,51.0,0,0,0.0,,0,
0509k.casino,casino,2026-09-06,2026-09-07,2,да,NEW20_3_12pages_nodate_styled_img,NEW,1,12,styled_img,Theme1,alpha_other,5,1295,1,2,да,147,15,12-17,7,0,206,206,206,206,150,56,0,4661,796,17.1,3256,69.9,609,13.1,91,44.2,80,84,85,40.8,1,35.8,0,0,0.0,,0,
vfkd.team,team,2026-08-21,2026-08-22,2,да,КОНТЕНТ НЕ ЗАПИСАН,не записан,1,,,Theme1,alpha_other,4,176,1,2,да,166,22,18-23,5,0,0,205,205,205,150,55,0,6326,2111,33.4,3214,50.8,1001,15.8,53,25.9,47,51,52,24.9,1,60.6,0,0,0.0,,0,
casino6166.team,team,2026-09-16,2026-09-17,2,да,content-2026-09-14c-7str-oform-1_8,content-дата,1,7,оформлено,Theme1,casino_prefix,10,165,2,2,нет,773,1,00-05,3,206,0,206,206,206,150,56,0,4023,794,19.7,3172,78.8,57,1.4,41,19.9,33,38,39,18.4,0,77.4,0,0,0.0,,0,
2153.team,team,2026-08-19,2026-08-20,2,да,КОНТЕНТ НЕ ЗАПИСАН,не записан,1,,,Theme1,numeric,4,48,1,2,да,67,17,12-17,3,0,0,185,185,185,150,35,0,5969,1721,28.8,3153,52.8,1095,18.3,66,35.7,55,60,61,32.4,1,47.8,0,0,0.0,,0,
0938.team,team,2026-09-15,2026-09-16,2,да,content-2026-09-14c-7str-oform-2_42,content-дата,1,7,оформлено,Theme1,numeric,4,115,2,2,нет,872,13,12-17,2,0,0,206,206,206,150,56,0,4148,692,16.7,3144,75.8,312,7.5,51,24.8,35,48,49,23.3,1,61.6,0,0,0.0,,0,
4814.team,team,2026-08-24,2026-08-25,2,да,КОНТЕНТ НЕ ЗАПИСАН,не записан,1,,,Theme1,numeric,4,200,1,2,да,299,17,12-17,1,0,0,206,206,206,150,56,0,5094,1406,27.6,3129,61.4,559,11.0,26,12.6,16,21,23,10.2,1,120.3,0,0,0.0,,0,
1106.team,team,2026-08-25,2026-08-26,2,да,КОНТРОЛЬ NEW50_5_7pages_nodate_21.08,контроль,1,7,без оформления,Theme1,numeric,4,235,1,2,да,228,15,12-17,2,0,0,206,206,206,150,56,0,4135,579,14.0,3056,73.9,500,12.1,32,15.5,27,30,31,14.6,1.0,95.5,0,0,0.0,,0,
9158.lol,lol,2026-09-02,2026-09-03,2,да,NEW50_2_12pages_withdate_02.09,NEW,1,12,без оформления,Theme1,numeric,4,423,1,2,да,439,22,18-23,3,0,0,206,206,206,150,56,0,5032,1355,26.9,3056,60.7,621,12.3,59,28.6,49,54,58,26.2,1,51.8,0,0,0.0,,0,
1409.team,team,2026-08-25,2026-08-26,2,да,КОНТЕНТ НЕ ЗАПИСАН,не записан,1,,,Theme1,numeric,4,247,1,2,да,303,18,18-23,2,0,0,206,206,206,150,56,0,5017,1234,24.6,3035,60.5,748,14.9,45,21.8,32,41,43,19.9,1,67.4,0,0,0.0,,0,
oiiu.team,team,2026-08-26,2026-08-27,2,да,NEW33_12pages_nodate+img_25.08,NEW,1,12,без оформления,Theme1,alpha_other,4,308,1,2,да,320,18,18-23,3,0,0,206,206,206,150,56,0,4140,640,15.5,3028,73.1,472,11.4,35,17.0,28,30,34,14.6,1.0,86.5,0,0,0.0,,0,
2018.team,team,2026-09-03,2026-09-04,2,да,NEW50_3_12pages_withdate_styled,NEW,1,12,без оформления,Theme1,numeric,4,470,1,2,да,50,18,18-23,4,0,0,206,206,206,150,56,0,5233,1547,29.6,3021,57.7,665,12.7,31,15.0,21,30,31,14.6,1,97.5,0,0,0.0,,0,
csccasino.team,team,2026-09-15,2026-09-16,2,да,content-2026-09-14b-7str-oform-2_29,content-дата,1,7,оформлено,Theme1,casino_infix,9,105,2,2,нет,765,12,12-17,2,0,0,206,206,206,150,56,0,4085,894,21.9,3002,73.5,189,4.6,74,35.9,43,63,66,30.6,1.0,40.6,0,0,0.0,,0,
3142.team,team,2026-09-11,2026-09-12,2,да,clean7_part1_50оформлено,clean,1,,оформлено,Theme1,numeric,4,1014,1,1,да,216,6,06-11,5,0,0,206,206,206,150,56,0,3755,490,13.0,2997,79.8,268,7.1,54,26.2,36,40,49,19.4,0,55.5,0,0,0.0,,0,
4092.team,team,2026-09-15,2026-09-16,2,да,content-2026-09-14c-7str-oform-1_39,content-дата,1,7,оформлено,Theme1,numeric,4,147,2,2,нет,857,19,18-23,2,0,0,206,206,206,150,56,0,4435,1002,22.6,2990,67.4,443,10.0,50,24.3,29,45,47,21.8,1,59.8,0,0,0.0,,0,
3129.team,team,2026-09-17,2026-09-18,2,да,nabory-591-600_8,nabory,1,,,Theme1,numeric,4,318,2,2,нет,570,3,00-05,4,206,0,206,206,206,150,56,0,4545,1312,28.9,2990,65.8,243,5.3,32,15.5,26,31,31,15.0,0,93.4,0,0,0.0,,0,
hnvc.team,team,2026-08-18,2026-08-19,2,да,КОНТЕНТ НЕ ЗАПИСАН,не записан,1,,,Theme1,alpha_other,4,11,1,3,да,13,16,12-17,2,0,0,184,184,184,150,34,0,4979,1401,28.1,2985,60.0,593,11.9,66,35.9,54,55,55,29.9,0,45.2,0,0,0.0,,0,
6829.lol,lol,2026-08-21,2026-08-22,2,да,КОНТЕНТ НЕ ЗАПИСАН,не записан,1,,,Theme1,numeric,4,166,1,2,да,201,22,18-23,5,0,0,206,206,206,150,56,0,5495,1837,33.4,2952,53.7,706,12.8,39,18.9,29,36,38,17.5,1,75.7,0,0,0.0,,0,
k8n.lol,lol,2026-08-21,2026-08-22,2,да,КОНТЕНТ НЕ ЗАПИСАН,не записан,1,,,Theme1,alpha_other,3,173,1,2,да,205,22,18-23,5,0,0,206,206,206,150,56,0,6434,2340,36.4,2947,45.8,1147,17.8,45,21.8,38,45,45,21.8,1,65.5,0,0,0.0,,0,
casinoxr.lol,lol,2026-09-15,2026-09-16,2,да,content-2026-09-14b-7str-oform-2_31,content-дата,1,7,оформлено,Theme1,casino_prefix,8,104,2,2,нет,767,11,06-11,2,0,0,206,206,206,150,56,0,3891,768,19.7,2892,74.3,231,5.9,71,34.5,42,58,60,28.2,1.0,40.7,0,0,0.0,,0,
knkk.team,team,2026-08-26,2026-08-27,2,да,NEW33_12pages_nodate+img_25.08,NEW,1,12,без оформления,Theme1,alpha_other,4,307,1,2,да,330,18,18-23,3,0,0,206,206,206,150,56,0,4293,772,18.0,2889,67.3,632,14.7,38,18.4,26,36,37,17.5,1.0,76.0,0,0,0.0,,0,
2307.team,team,2026-08-26,2026-08-27,2,да,NEW17_img_withdate_26.08,NEW,1,,без оформления,Theme1,numeric,4,265,1,2,да,295,14,12-17,3,0,0,206,206,206,150,56,0,4144,807,19.5,2849,68.8,488,11.8,37,18.0,28,32,36,15.5,1.0,77.0,0,0,0.0,,0,
btcasino.team,team,2026-09-19,2026-09-20,2,нет,content-2026-09-17-7str-oform-2_19,content-дата,1,7,оформлено,Theme1,casino_infix,8,534,2,2,нет,690,3,00-05,6,206,206,206,0,206,150,56,0,3246,343,10.6,2830,87.2,73,2.2,57,27.7,,,,,0.0,49.6,0,0,0.0,,0,
4316.lol,lol,2026-09-10,2026-09-11,2,да,archive37строформленоv2часть1,archive,1,7,оформлено,Theme1,numeric,4,902,1,1,да,169,16,12-17,4,0,0,206,206,206,150,56,0,3691,539,14.6,2808,76.1,344,9.3,40,19.4,26,29,38,14.1,1.0,70.2,0,0,0.0,,0,
2084.team,team,2026-08-27,2026-08-28,2,да,КОНТЕНТ НЕ ЗАПИСАН,не записан,1,,,Theme1,numeric,4,320,1,2,да,343,19,18-23,4,0,0,206,206,206,150,56,0,4367,1199,27.5,2767,63.4,401,9.2,30,14.6,21,27,28,13.1,1.0,92.2,0,0,0.0,,0,
669casino.lol,lol,2026-09-16,2026-09-17,2,да,content-2026-09-15-7str-oform-2_6,content-дата,1,7,оформлено,Theme1,casino_infix,9,286,2,2,нет,602,20,18-23,3,0,0,206,206,206,150,56,0,3707,825,22.3,2766,74.6,116,3.1,24,11.7,22,24,24,11.7,1.0,115.2,0,0,0.0,,0,
c3qm.team,team,2026-08-18,2026-08-19,2,да,КОНТЕНТ НЕ ЗАПИСАН,не записан,1,,,Theme1,alpha_other,4,29,1,2,да,35,23,18-23,2,0,0,184,184,184,150,34,0,5647,2020,35.8,2762,48.9,865,15.3,73,39.7,61,73,73,39.7,1,37.8,0,0,0.0,,0,
h3rb.team,team,2026-08-21,2026-08-22,2,да,КОНТЕНТ НЕ ЗАПИСАН,не записан,1,,,Theme1,alpha_other,4,147,1,2,да,191,18,18-23,5,0,0,206,206,206,150,56,0,5466,1512,27.7,2758,50.5,1196,21.9,45,21.8,34,40,41,19.4,1.0,61.3,0,0,0.0,,0,
2835.lol,lol,2026-09-11,2026-09-12,2,да,NEW102оформленосдатой,NEW,1,,оформлено,Theme1,numeric,4,935,1,1,да,146,23,18-23,5,0,0,206,206,206,150,56,0,4442,1048,23.6,2754,62.0,640,14.4,67,32.5,46,56,64,27.2,1,41.1,0,0,0.0,,0,
7497.team,team,2026-09-15,2026-09-16,2,да,content-2026-09-14b-7str-oform-2_26,content-дата,1,7,оформлено,Theme1,numeric,4,102,2,2,нет,744,11,06-11,2,0,0,206,206,206,150,56,0,3620,747,20.6,2729,75.4,144,4.0,24,11.7,16,22,23,10.7,1,113.7,0,0,0.0,,0,
dwyv.team,team,2026-09-16,2026-09-17,2,да,content-2026-09-14b-7str-oform-2_17,content-дата,1,7,оформлено,Theme1,alpha_other,4,221,2,2,нет,760,9,06-11,3,0,0,206,206,206,150,56,0,4258,1395,32.8,2723,64.0,140,3.3,43,20.9,29,35,36,17.0,1.0,63.3,0,0,0.0,,0,
c3c.lol,lol,2026-08-24,2026-08-25,2,да,КОНТЕНТ НЕ ЗАПИСАН,не записан,1,,,Theme1,alpha_other,3,209,1,2,да,317,18,18-23,1,0,0,206,206,206,150,56,0,5208,1652,31.7,2708,52.0,848,16.3,54,26.2,43,48,49,23.3,1.0,50.1,0,0,0.0,,0,
f5wq.team,team,2026-08-31,2026-09-01,2,да,Generator_11page_test_1…_9 (dorgen com,Generator,1,11,,Theme1,alpha_other,4,345,1,2,да,371,17,12-17,1,0,0,206,206,206,150,56,0,5124,1791,35.0,2698,52.7,635,12.4,67,32.5,56,63,63,30.6,1,40.3,0,0,0.0,,0,
o0c.team,team,2026-08-27,2026-08-28,2,да,КОНТЕНТ НЕ ЗАПИСАН,не записан,1,,,Theme1,alpha_other,3,319,1,2,да,324,17,12-17,4,0,0,206,206,206,150,56,0,4865,1836,37.7,2658,54.6,371,7.6,37,18.0,32,37,37,18.0,1,71.8,0,0,0.0,,0,
1109mm.casino,casino,2026-09-11,2026-09-12,2,да,script_yandex_12page,script,1,12,,Theme1,alpha_other,6,962,1,1,да,81,13,12-17,5,0,0,206,206,206,150,56,0,3777,790,20.9,2630,69.6,357,9.5,57,27.7,40,42,51,20.4,1,46.1,0,0,0.0,,0,
7957.lol,lol,2026-09-18,2026-09-18,1,да,content-2026-09-17-7str-oform-2_24,content-дата,1,7,оформлено,Theme1,numeric,4,473,2,2,нет,695,4,00-05,5,150,0,150,150,150,150,0,0,3357,659,19.6,2627,78.3,71,2.1,27,18.0,26,27,27,18.0,0,97.3,0,0,0.0,,0,
2801.team,team,2026-09-02,2026-09-03,2,да,NEW50_2_12pages_withdate_02.09,NEW,1,12,без оформления,Theme1,numeric,4,388,1,2,да,470,18,18-23,3,0,0,206,206,206,150,56,0,3793,610,16.1,2624,69.2,559,14.7,31,15.0,25,28,28,13.6,1.0,84.6,0,0,0.0,,0,
0509h.casino,casino,2026-09-05,2026-09-06,2,да,NEW21_12pages_nodate_styled_img,NEW,1,12,styled_img,Theme1,alpha_other,5,1264,1,2,да,132,17,12-17,6,0,206,206,206,206,150,56,0,3842,623,16.2,2595,67.5,624,16.2,63,30.6,55,59,61,28.6,1,41.2,0,0,0.0,,0,
wgcasino.team,team,2026-09-15,2026-09-16,2,да,content-2026-09-14c-12str-oform_4,content-дата,1,12,оформлено,Theme1,casino_infix,8,94,2,2,нет,803,10,06-11,2,0,0,206,206,206,150,56,0,3554,821,23.1,2583,72.7,150,4.2,36,17.5,22,32,33,15.5,1,71.8,0,0,0.0,,0,
4773.lol,lol,2026-09-15,2026-09-16,2,да,content-2026-09-14c-7str-oform-2_44,content-дата,1,7,оформлено,Theme1,numeric,4,125,2,2,нет,893,14,12-17,2,0,0,206,206,206,150,56,0,3827,955,25.0,2574,67.3,298,7.8,43,20.9,27,37,41,18.0,1,59.9,0,0,0.0,,0,
tgmb.lol,lol,2026-09-02,2026-09-03,2,да,NEW50_2_12pages_withdate_02.09,NEW,1,12,без оформления,Theme1,alpha_other,4,428,1,2,да,458,22,18-23,3,0,0,206,206,206,150,56,0,4799,1404,29.3,2571,53.6,824,17.2,52,25.2,47,50,50,24.3,1.0,49.4,0,0,0.0,,0,
4464.team,team,2026-08-26,2026-08-27,2,да,NEW33_12pages_nodate+img_25.08,NEW,1,12,без оформления,Theme1,numeric,4,300,1,2,да,340,18,18-23,3,0,0,206,206,206,150,56,0,3751,676,18.0,2566,68.4,509,13.6,33,16.0,28,32,32,15.5,1.0,77.8,0,0,0.0,,0,
casinobwf.team,team,2026-09-16,2026-09-17,2,да,content-2026-09-14c-7str-oform-1_17,content-дата,1,7,оформлено,Theme1,casino_prefix,9,218,2,2,нет,781,9,06-11,3,0,0,206,206,206,150,56,0,3956,1297,32.8,2548,64.4,111,2.8,43,20.9,32,40,40,19.4,1.0,59.3,0,0,0.0,,0,
2291.team,team,2026-08-25,2026-08-26,2,да,КОНТРОЛЬ NEW50_5_7pages_nodate_21.08,контроль,1,7,без оформления,Theme1,numeric,4,236,1,2,да,229,15,12-17,2,0,0,206,206,206,150,56,0,3247,381,11.7,2531,77.9,335,10.3,39,18.9,29,33,36,16.0,1,64.9,0,0,0.0,,0,
g9d.team,team,2026-08-26,2026-08-27,2,да,NEW33_12pages_withdate+img_25.08,NEW,1,12,без оформления,Theme1,alpha_other,3,283,1,2,да,304,14,12-17,3,0,0,206,206,206,150,56,0,5128,1871,36.5,2531,49.4,726,14.2,46,22.3,29,37,45,18.0,1.0,55.0,0,0,0.0,,0,
5329.lol,lol,2026-09-03,2026-09-04,2,да,КОНТЕНТ НЕ ЗАПИСАН,не записан,1,,,Theme1,numeric,4,441,1,2,да,407,2,00-05,4,206,0,206,206,206,150,56,0,4487,1338,29.8,2508,55.9,641,14.3,41,19.9,34,39,39,18.9,0.0,61.2,0,0,0.0,,0,
kccasino.team,team,2026-09-16,2026-09-17,2,да,content-2026-09-15-7str-oform-2_38,content-дата,1,7,оформлено,Theme1,casino_infix,8,264,2,2,нет,634,17,12-17,3,0,0,206,206,206,150,56,0,3488,829,23.8,2490,71.4,169,4.8,44,21.4,38,44,44,21.4,1.0,56.6,0,0,0.0,,0,
1185.lol,lol,2026-09-01,2026-09-02,2,да,NEW50_12pages_withdate_01.09,NEW,1,12,без оформления,Theme1,numeric,4,370,1,2,да,395,22,18-23,2,0,0,206,206,206,150,56,0,5565,2086,37.5,2488,44.7,991,17.8,66,32.0,44,59,62,28.6,1.0,37.7,0,0,0.0,,0,
bdqv.team,team,2026-08-18,2026-08-19,2,да,КОНТЕНТ НЕ ЗАПИСАН,не записан,1,,,Theme1,alpha_other,4,3,2,4,нет,3,16,12-17,2,0,0,184,184,184,150,34,0,5183,1680,32.4,2466,47.6,1037,20.0,89,48.4,84,85,85,46.2,0,27.7,0,0,0.0,,0,
2824.team,team,2026-08-24,2026-08-25,2,да,ТЕСТ B Generator_11page_NOimg_24.08,тест,1,11,,Theme1,numeric,4,211,1,2,да,291,18,18-23,1,0,0,206,206,206,150,56,0,4533,1328,29.3,2462,54.3,743,16.4,40,19.4,29,35,37,17.0,1,61.5,0,0,0.0,,0,
nvgp.team,team,2026-08-18,2026-08-19,2,да,КОНТЕНТ НЕ ЗАПИСАН,не записан,1,,,Theme1,alpha_other,4,26,1,2,да,18,21,18-23,2,0,0,184,184,184,150,34,0,4949,1639,33.1,2461,49.7,849,17.2,67,36.4,58,63,64,34.2,1.0,36.7,0,0,0.0,,0,
aqqr.team,team,2026-09-16,2026-09-17,2,да,nabory-535-544_styled_img_9,nabory,1,,styled_img,Theme1,alpha_other,4,192,2,2,нет,835,5,00-05,3,206,0,206,206,206,150,56,0,3328,686,20.6,2458,73.9,184,5.5,70,34.0,56,60,62,29.1,0.0,35.1,0,0,0.0,,0,
nmle.team,team,2026-09-13,2026-09-14,2,да,content-2026-09-12-7str-oform-3,content-дата,1,7,оформлено,Theme1,alpha_other,4,1101,1,1,да,504,16,12-17,7,0,206,206,206,206,150,56,0,2787,207,7.4,2455,88.1,125,4.5,20,9.7,14,16,19,7.8,1,122.8,0,0,0.0,,0,
kwsg.lol,lol,2026-09-19,2026-09-20,2,нет,nabory-621-630_9,nabory,1,,,Theme1,alpha_other,4,565,2,2,нет,295,16,12-17,6,0,206,206,0,206,150,56,0,3294,693,21.0,2455,74.5,146,4.4,78,37.9,,,,,0,31.5,0,0,0.0,,0,
hnur.team,team,2026-09-15,2026-09-16,2,да,content-2026-09-14c-7str-oform-2_29,content-дата,1,7,оформлено,Theme1,alpha_other,4,139,2,2,нет,814,15,12-17,2,0,0,206,206,206,150,56,0,3822,848,22.2,2454,64.2,520,13.6,41,19.9,25,38,40,18.4,1.0,59.9,0,0,0.0,,0,
mmbr.team,team,2026-09-02,2026-09-03,2,да,NEW50_7pages_withdate_01.09,NEW,1,7,без оформления,Theme1,alpha_other,4,375,1,2,да,402,0,00-05,3,206,0,206,206,206,150,56,0,5622,2290,40.7,2441,43.4,891,15.8,77,37.4,58,62,66,30.1,0,31.7,0,0,0.0,,0,
o1l.team,team,2026-09-17,2026-09-18,2,да,content-2026-09-16-12str_1,content-дата,1,12,,Theme1,alpha_other,3,424,2,2,нет,792,19,18-23,4,0,0,206,206,206,150,56,0,3686,1088,29.5,2439,66.2,159,4.3,68,33.0,55,68,68,33.0,1.0,35.9,0,0,0.0,,0,
d9d.team,team,2026-08-25,2026-08-26,2,да,КОНТЕНТ НЕ ЗАПИСАН,не записан,1,,,Theme1,alpha_other,3,260,1,2,да,285,18,18-23,2,0,0,206,206,206,150,56,0,4347,1205,27.7,2435,56.0,707,16.3,52,25.2,44,48,52,23.3,1.0,46.8,0,0,0.0,,0,
casinom9.lol,lol,2026-09-19,2026-09-20,2,нет,content-2026-09-17b-7str-oform_13,content-дата,1,7,оформлено,Theme1,casino_prefix,8,538,2,2,нет,309,12,12-17,6,0,206,206,0,206,150,56,0,2945,445,15.1,2435,82.7,65,2.2,72,35.0,,,,,1,33.8,0,0,0.0,,0,
3726.team,team,2026-08-20,2026-08-21,2,да,КОНТЕНТ НЕ ЗАПИСАН,не записан,1,,,Theme2,numeric,4,89,1,2,да,72,12,12-17,4,0,0,199,199,199,150,49,0,6090,2395,39.3,2403,39.5,1292,21.2,64,32.2,57,60,60,30.2,1.0,37.5,0,0,0.0,,0,
3019.team,team,2026-08-19,2026-08-20,2,да,КОНТЕНТ НЕ ЗАПИСАН,не записан,1,,,Theme1,numeric,4,71,1,2,да,70,23,18-23,3,0,0,198,198,198,150,48,0,4743,1407,29.7,2400,50.6,936,19.7,57,28.8,51,56,56,28.3,1,42.1,0,0,0.0,,0,
efsr.casino,casino,2026-09-11,2026-09-12,2,да,clean7_part1_50оформлено,clean,1,,оформлено,Theme1,alpha_other,4,1046,1,1,да,266,15,12-17,5,0,0,206,206,206,150,56,0,3516,804,22.9,2391,68.0,321,9.1,53,25.7,34,38,48,18.4,1.0,45.1,0,0,0.0,,0,
1980.lol,lol,2026-09-17,2026-09-18,2,да,content-2026-09-14b-7str-oform-1_50,content-дата,1,7,оформлено,Theme1,numeric,4,370,2,2,нет,806,10,06-11,4,0,0,206,206,206,150,56,0,3374,911,27.0,2358,69.9,105,3.1,56,27.2,41,52,52,25.2,1.0,42.1,0,0,0.0,,0,
fgtg.casino,casino,2026-09-10,2026-09-11,2,да,archive47_unique119оформленочасть1,archive,1,,оформлено,Theme1,alpha_other,4,883,1,1,да,126,9,06-11,4,0,0,206,206,206,150,56,0,3332,480,14.4,2352,70.6,500,15.0,58,28.2,42,43,50,20.9,0,40.6,0,0,0.0,,0,
2108io.buzz,buzz,2026-08-21,2026-08-22,2,да,КОНТЕНТ НЕ ЗАПИСАН,не записан,1,,,Theme1,alpha_other,6,162,1,2,да,101,22,18-23,5,0,0,206,206,206,150,56,0,3180,448,14.1,2349,73.9,383,12.0,26,12.6,19,25,26,12.1,1.0,90.3,0,0,0.0,,0,
2418.lol,lol,2026-09-02,2026-09-03,2,да,NEW50_2_12pages_nodate_02.09,NEW,1,12,без оформления,Theme1,numeric,4,387,1,2,да,434,18,18-23,3,0,0,206,206,206,150,56,0,4184,1078,25.8,2345,56.0,761,18.2,57,27.7,51,51,54,24.8,1.0,41.1,0,0,0.0,,0,
8130.team,team,2026-09-15,2026-09-16,2,да,content-2026-09-14c-7str-oform-1_15,content-дата,1,7,оформлено,Theme1,numeric,4,157,2,2,нет,796,22,18-23,2,0,0,206,206,206,150,56,0,3477,927,26.7,2335,67.2,215,6.2,64,31.1,38,61,64,29.6,1.0,36.5,0,0,0.0,,0,
3608.team,team,2026-08-19,2026-08-20,2,да,КОНТЕНТ НЕ ЗАПИСАН,не записан,1,,,Theme1,numeric,4,44,1,2,да,26,0,00-05,3,184,0,184,184,184,150,34,0,5427,2244,41.3,2334,43.0,849,15.6,46,25.0,40,41,43,22.3,0,50.7,0,0,0.0,,0,
hshl.casino,casino,2026-09-11,2026-09-12,2,да,clean7_part1_50оформлено,clean,1,,оформлено,Theme1,alpha_other,4,1028,1,1,да,235,18,18-23,5,0,0,206,206,206,150,56,0,3318,713,21.5,2310,69.6,295,8.9,51,24.8,35,37,42,18.0,1,45.3,0,0,0.0,,0,
casinoj3.lol,lol,2026-09-11,2026-09-12,2,да,NEW102оформленосдатой,NEW,1,,оформлено,Theme1,casino_prefix,8,954,1,1,да,164,7,06-11,5,0,0,206,206,206,150,56,0,3352,608,18.1,2309,68.9,435,13.0,19,9.2,11,12,16,5.8,0.0,121.5,0,0,0.0,,0,
casino3416.team,team,2026-09-14,2026-09-15,2,да,content-2026-09-14-12str-oform_11,content-дата,1,12,оформлено,Theme1,casino_prefix,10,1153,1,1,да,627,18,18-23,1,0,0,206,206,206,150,56,0,3081,584,19.0,2302,74.7,195,6.3,55,26.7,32,49,55,23.8,1,41.9,0,0,0.0,,0,
9442.team,team,2026-09-11,2026-09-12,2,да,script_yandex_12page,script,1,12,,Theme1,numeric,4,1327,1,1,да,259,19,18-23,5,0,0,206,206,206,150,56,0,3498,736,21.0,2298,65.7,464,13.3,45,21.8,28,31,39,15.0,1.0,51.1,0,0,0.0,,0,
2674.team,team,2026-08-25,2026-08-26,2,да,Generator_11page_img_25.08,Generator,1,11,,Theme1,numeric,4,223,1,2,да,239,15,12-17,2,0,0,206,206,206,150,56,0,4611,1322,28.7,2287,49.6,1002,21.7,38,18.4,30,33,37,16.0,1.0,60.2,0,0,0.0,,0,
3242.lol,lol,2026-09-03,2026-09-04,2,да,NEW50_3_12pages_withdate_styled,NEW,1,12,без оформления,Theme1,numeric,4,479,1,2,да,55,18,18-23,4,0,0,206,206,206,150,56,0,4216,1259,29.9,2279,54.1,678,16.1,51,24.8,38,50,50,24.3,1.0,44.7,0,0,0.0,,0,
8773.team,team,2026-09-08,2026-09-09,2,да,Content_script_12page_08.09,script,1,12,,Theme1,numeric,4,658,1,1,да,314,8,06-11,2,0,0,206,206,206,150,56,0,2761,346,12.5,2274,82.4,141,5.1,22,10.7,19,19,19,9.2,0,103.4,0,0,0.0,,0,
rza.lol,lol,2026-09-02,2026-09-03,2,да,NEW50_2_12pages_withdate_02.09,NEW,1,12,без оформления,Theme1,alpha_other,3,427,1,2,да,441,22,18-23,3,0,0,206,206,206,150,56,0,4748,1625,34.2,2259,47.6,864,18.2,65,31.6,63,65,65,31.6,1,34.8,0,0,0.0,,0,
soxv.team,team,2026-09-03,2026-09-04,2,да,КОНТЕНТ НЕ ЗАПИСАН,не записан,1,,,Theme1,alpha_other,4,434,1,2,да,411,0,00-05,4,206,0,206,206,206,150,56,0,4921,1957,39.8,2254,45.8,710,14.4,51,24.8,36,38,39,18.4,0,44.2,0,0,0.0,,0,
4582.team,team,2026-08-26,2026-08-27,2,да,NEW17_img_withdate_26.08,NEW,1,,без оформления,Theme1,numeric,4,273,1,2,да,281,16,12-17,3,0,0,206,206,206,150,56,0,4023,1140,28.3,2253,56.0,630,15.7,37,18.0,26,33,37,16.0,1,60.9,0,0,0.0,,0,
2691.team,team,2026-08-19,2026-08-20,2,да,КОНТЕНТ НЕ ЗАПИСАН,не записан,1,,,Theme1,numeric,4,47,1,2,да,69,17,12-17,3,0,0,185,185,185,150,35,0,4774,1577,33.0,2239,46.9,958,20.1,46,24.9,43,45,45,24.3,1,48.7,0,0,0.0,,0,
2384.lol,lol,2026-09-11,2026-09-12,2,да,clean7_part1_50оформлено,clean,1,,оформлено,Theme1,numeric,4,1011,1,1,да,239,6,06-11,5,0,0,206,206,206,150,56,0,2912,448,15.4,2220,76.2,244,8.4,23,11.2,16,16,22,7.8,0.0,96.5,0,0,0.0,,0,
casino1009s.casino,casino,2026-09-11,2026-09-12,2,да,NEW102оформленобездаты,NEW,1,,оформлено,Theme1,casino_prefix,11,938,1,1,да,82,23,18-23,5,0,0,206,206,206,150,56,0,3245,644,19.8,2216,68.3,385,11.9,63,30.6,42,55,62,26.7,1,35.2,0,0,0.0,,0,
casino69.team,team,2026-09-13,2026-09-14,2,да,content-2026-09-12-7str-oform-3,content-дата,1,7,оформлено,Theme1,casino_prefix,8,1095,1,1,да,496,15,12-17,7,0,206,206,206,206,150,56,0,2799,518,18.5,2203,78.7,78,2.8,22,10.7,16,18,20,8.7,1.0,100.1,0,0,0.0,,0,
5719.team,team,2026-08-20,2026-08-21,2,да,КОНТЕНТ НЕ ЗАПИСАН,не записан,1,,,Theme2,numeric,4,116,1,2,да,144,21,18-23,4,0,0,202,202,202,150,52,0,4352,1087,25.0,2185,50.2,1080,24.8,39,19.3,35,35,36,17.3,1,56.0,0,0,0.0,,0,
casinooat.lol,lol,2026-09-19,2026-09-20,2,нет,nabory-631-640_1,nabory,1,,,Theme1,casino_prefix,9,734,2,2,нет,338,13,12-17,6,0,206,206,0,206,150,56,0,2755,517,18.8,2178,79.1,60,2.2,72,35.0,,,,,0.0,30.2,0,0,0.0,,0,
7912.team,team,2026-08-25,2026-08-26,2,да,Generator_11page_img_25.08,Generator,1,11,,Theme1,numeric,4,229,1,2,да,238,15,12-17,2,0,0,206,206,206,150,56,0,3555,956,26.9,2171,61.1,428,12.0,33,16.0,16,24,33,11.7,2,65.8,0,0,0.0,,0,
8640.team,team,2026-09-03,2026-09-04,2,да,NEW50_7pages_nodate_01.09,NEW,1,7,без оформления,Theme1,numeric,4,460,1,2,да,60,9,06-11,4,0,0,206,206,206,150,56,0,2450,151,6.2,2157,88.0,142,5.8,34,16.5,22,25,26,12.1,1.0,63.4,0,0,0.0,,0,
casino0409m.casino,casino,2026-09-04,2026-09-05,2,да,NEW20_12pages_withdate_styled_img,NEW,1,12,styled_img,Theme1,casino_prefix,11,1222,1,2,да,150,19,18-23,5,0,0,206,206,206,150,56,0,3507,778,22.2,2141,61.0,588,16.8,40,19.4,32,33,34,16.0,1.0,53.5,0,0,0.0,,0,
casino587.lol,lol,2026-09-20,2026-09-21,2,нет,content-2026-09-17-7str-oform-1_21,content-дата,1,7,оформлено,Theme1,casino_prefix,9,1252,2,2,нет,851,16,12-17,7,0,206,206,0,206,150,56,0,2872,625,21.8,2123,73.9,124,4.3,87,42.2,,,,,0,24.4,0,0,0.0,,0,
rjff.team,team,2026-08-25,2026-08-26,2,да,NEW33_12pages_withdate_25.08,NEW,1,12,без оформления,Theme1,alpha_other,4,263,1,2,да,241,18,18-23,2,0,0,205,205,205,150,55,0,3727,896,24.0,2121,56.9,710,19.1,39,19.0,28,30,38,14.6,1,54.4,0,0,0.0,,0,
1711.team,team,2026-08-26,2026-08-27,2,да,NEW33_12pages_withdate+img_25.08,NEW,1,12,без оформления,Theme1,numeric,4,264,1,2,да,260,14,12-17,3,0,0,205,205,205,150,55,0,4317,1426,33.0,2094,48.5,797,18.5,38,18.5,21,27,32,13.2,1.0,55.1,0,0,0.0,,0,
4519.team,team,2026-08-18,2026-08-19,2,да,КОНТЕНТ НЕ ЗАПИСАН,не записан,1,,,Theme1,numeric,4,38,1,2,да,27,23,18-23,2,0,0,184,184,184,150,34,0,4094,1280,31.3,2086,51.0,728,17.8,62,33.7,54,59,60,32.1,1.0,33.6,0,0,0.0,,0,
8527.team,team,2026-08-26,2026-08-27,2,да,NEW33_12pages_withdate+img_25.08,NEW,1,12,без оформления,Theme1,numeric,4,281,1,2,да,254,14,12-17,3,0,0,206,206,206,150,56,0,4355,1161,26.7,2079,47.7,1115,25.6,33,16.0,26,31,32,15.0,1.0,63.0,0,0,0.0,,0,
2663.team,team,2026-09-06,2026-09-07,2,да,struktura8x7,прочее,1,,,Theme1,numeric,4,1313,1,2,да,263,18,18-23,7,0,206,206,206,206,150,56,0,2891,562,19.4,2071,71.6,258,8.9,48,23.3,34,37,37,18.0,1.0,43.1,0,0,0.0,,0,
casino86.buzz,buzz,2026-09-08,2026-09-09,2,да,archive37строформленоv2часть2,archive,1,7,оформлено,Theme1,casino_prefix,8,687,1,1,да,419,15,12-17,2,0,0,206,206,206,150,56,0,2497,333,13.3,2057,82.4,107,4.3,35,17.0,23,25,30,12.1,1,58.8,0,0,0.0,,0,
0509dd.casino,casino,2026-09-05,2026-09-06,2,да,NEW21_7pages_withdate_styled_img,NEW,1,7,styled_img,Theme1,alpha_other,6,1272,1,2,да,131,18,18-23,6,0,206,206,206,206,150,56,0,2606,361,13.9,2043,78.4,202,7.8,27,13.1,25,27,27,13.1,1,75.7,0,0,0.0,,0,
6925.team,team,2026-08-25,2026-08-26,2,да,NEW33_12pages_withdate_25.08,NEW,1,12,без оформления,Theme1,numeric,4,257,1,2,да,221,18,18-23,2,0,0,206,206,206,150,56,0,3262,724,22.2,2035,62.4,503,15.4,28,13.6,20,23,25,11.2,1.0,72.7,0,0,0.0,,0,
nmii.team,team,2026-09-16,2026-09-17,2,да,content-2026-09-14c-7str-oform-1_24,content-дата,1,7,оформлено,Theme1,alpha_other,4,167,2,2,нет,836,4,00-05,3,206,0,206,206,206,150,56,0,2952,717,24.3,2024,68.6,211,7.1,66,32.0,52,64,65,31.1,0,30.7,0,0,0.0,,0,
3112.team,team,2026-08-26,2026-08-27,2,да,NEW33_12pages_nodate+img_25.08,NEW,1,12,без оформления,Theme1,numeric,4,298,1,2,да,339,18,18-23,3,0,0,206,206,206,150,56,0,3464,821,23.7,2018,58.3,625,18.0,34,16.5,22,28,32,13.6,1.0,59.4,0,0,0.0,,0,
3596.team,team,2026-08-27,2026-08-28,2,да,КОНТЕНТ НЕ ЗАПИСАН,не записан,1,,,Theme1,numeric,4,324,1,2,да,350,19,18-23,4,0,0,206,206,206,150,56,0,3661,1209,33.0,2015,55.0,437,11.9,39,18.9,26,36,39,17.5,1,51.7,0,0,0.0,,0,
2169.lol,lol,2026-08-25,2026-08-26,2,да,Generator_11page_NOimg_25.08,Generator,1,11,,Theme1,numeric,4,221,1,2,да,312,15,12-17,2,0,0,206,206,206,150,56,0,3616,1126,31.1,2013,55.7,477,13.2,24,11.7,20,24,24,11.7,1.0,83.9,0,0,0.0,,0,
baiu.casino,casino,2026-09-01,2026-09-02,2,да,NEW50_12pages_nodate_01.09,NEW,1,12,без оформления,Theme1,alpha_other,4,359,1,2,да,392,18,18-23,2,0,0,206,206,206,150,56,0,5627,2645,47.0,2011,35.7,971,17.3,66,32.0,57,63,63,30.6,1,30.5,0,0,0.0,,0,
fvso.lol,lol,2026-09-16,2026-09-17,2,да,content-2026-09-14c-7str-oform-2_6,content-дата,1,7,оформлено,Theme1,alpha_other,4,174,2,2,нет,885,3,00-05,3,206,0,206,206,206,150,56,0,3198,731,22.9,2011,62.9,456,14.3,73,35.4,54,60,60,29.1,0.0,27.5,0,0,0.0,,0,
lmfq.team,team,2026-09-19,2026-09-20,2,нет,content-2026-09-17-7str-oform-2_39,content-дата,1,7,оформлено,Theme1,alpha_other,4,567,2,2,нет,710,17,12-17,6,0,206,206,0,206,150,56,0,2765,667,24.1,2009,72.7,89,3.2,71,34.5,,,,,0.0,28.3,0,0,0.0,,0,
3479.team,team,2026-09-15,2026-09-16,2,да,content-2026-09-14b-7str-oform-2_24,content-дата,1,7,оформлено,Theme1,numeric,4,98,2,2,нет,727,11,06-11,2,0,0,206,206,206,150,56,0,2935,576,19.6,2006,68.3,353,12.0,53,25.7,37,52,53,25.2,1,37.8,0,0,0.0,,0,
w1l4.team,team,2026-09-16,2026-09-17,2,да,content-2026-09-14c-7str-oform-1_26,content-дата,1,7,оформлено,Theme1,alpha_other,4,179,2,2,нет,838,4,00-05,3,206,0,206,206,206,150,56,0,2747,624,22.7,1986,72.3,137,5.0,58,28.2,44,53,54,25.7,1.0,34.2,0,0,0.0,,0,
1540.lol,lol,2026-09-19,2026-09-20,2,нет,nabory-641-650_2,nabory,1,,,Theme1,numeric,4,570,2,2,нет,889,22,18-23,6,0,206,206,0,206,150,56,0,2618,493,18.8,1983,75.7,142,5.4,50,24.3,,,,,1.0,39.7,0,0,0.0,,0,
casinos6.lol,lol,2026-09-11,2026-09-12,2,да,NEW102оформленобездаты,NEW,1,,оформлено,Theme1,casino_prefix,8,977,1,1,да,165,17,12-17,5,0,0,206,206,206,150,56,0,3210,765,23.8,1962,61.1,483,15.0,55,26.7,30,42,50,20.4,1,35.7,0,0,0.0,,0,
opcasino.lol,lol,2026-09-08,2026-09-09,2,да,clean7_part1_50оформлено,clean,1,,оформлено,Theme1,casino_infix,8,675,1,1,да,320,6,06-11,2,0,0,206,206,206,150,56,0,2444,350,14.3,1956,80.0,138,5.6,40,19.4,28,35,35,17.0,0.0,48.9,0,0,0.0,,0,
2465.team,team,2026-09-03,2026-09-04,2,да,NEW50_7pages_withdate_01.09,NEW,1,7,без оформления,Theme1,numeric,4,454,1,2,да,18,6,06-11,4,0,0,206,206,206,150,56,0,3217,573,17.8,1954,60.7,690,21.4,46,22.3,30,33,38,16.0,0,42.5,0,0,0.0,,0,
3247.team,team,2026-08-19,2026-08-20,2,да,КОНТЕНТ НЕ ЗАПИСАН,не записан,1,,,Theme1,numeric,4,62,1,2,да,25,0,00-05,3,184,0,184,184,184,150,34,0,4955,2234,45.1,1946,39.3,775,15.6,56,30.4,48,48,48,26.1,0.0,34.8,0,0,0.0,,0,
pqcl.team,team,2026-08-19,2026-08-20,2,да,КОНТЕНТ НЕ ЗАПИСАН,не записан,1,,,Theme1,alpha_other,4,39,1,2,да,19,0,00-05,3,184,0,184,184,184,150,34,0,5940,2777,46.8,1941,32.7,1222,20.6,84,45.7,69,72,72,39.1,0.0,23.1,0,0,0.0,,0,
casino0321.lol,lol,2026-09-20,2026-09-21,2,нет,content-2026-09-17-7str-oform-1_33,content-дата,1,7,оформлено,Theme1,casino_prefix,10,1248,2,2,нет,863,16,12-17,7,0,206,206,0,206,150,56,0,2862,793,27.7,1940,67.8,129,4.5,49,23.8,,,,,0.0,39.6,0,0,0.0,,0,
zjnq.team,team,2026-08-22,2026-08-23,2,да,КОНТЕНТ НЕ ЗАПИСАН,не записан,1,,,Theme1,alpha_other,4,185,1,2,да,169,17,12-17,6,0,206,206,206,206,150,56,0,3941,1437,36.5,1925,48.8,579,14.7,49,23.8,32,45,47,21.8,1,39.3,0,0,0.0,,0,
casinos9.team,team,2026-09-15,2026-09-16,2,да,nabory-515-524_styled_img_5,nabory,1,,styled_img,Theme1,casino_prefix,8,38,2,2,нет,678,3,00-05,2,206,0,206,206,206,150,56,0,2731,646,23.7,1925,70.5,160,5.9,34,16.5,18,26,27,12.6,0,56.6,0,0,0.0,,0,
amtx.team,team,2026-08-26,2026-08-27,2,да,КОНТРОЛЬ NEW50_5_7pages_nodate_21.08,контроль,1,7,без оформления,Theme1,alpha_other,4,314,1,2,да,332,23,18-23,3,0,0,206,206,206,150,56,0,4041,1780,44.0,1924,47.6,337,8.3,48,23.3,26,38,46,18.4,1.0,40.1,0,0,0.0,,0,
3869.lol,lol,2026-09-07,2026-09-08,2,да,nabory431435_styled_img,nabory,1,,styled_img,Theme1,numeric,4,598,1,1,да,285,16,12-17,1,0,0,206,206,206,150,56,0,3007,715,23.8,1894,63.0,398,13.2,32,15.5,24,27,28,13.1,1.0,59.2,0,0,0.0,,0,
0572.team,team,2026-09-10,2026-09-11,2,да,NEW102оформленосдатой,NEW,1,,оформлено,Theme1,numeric,4,915,1,1,да,159,23,18-23,4,0,0,206,206,206,150,56,0,2942,604,20.5,1892,64.3,446,15.2,35,17.0,20,22,32,10.7,1,54.1,0,0,0.0,,0,
6948.team,team,2026-08-18,2026-08-19,2,да,КОНТЕНТ НЕ ЗАПИСАН,не записан,1,,,Theme1,numeric,4,20,1,3,да,32,20,18-23,2,0,0,184,184,184,150,34,0,3879,1394,35.9,1889,48.7,596,15.4,51,27.7,47,49,49,26.6,1,37.0,0,0,0.0,,0,
9935.team,team,2026-08-26,2026-08-27,2,да,NEW33_12pages_withdate+img_25.08,NEW,1,12,без оформления,Theme1,numeric,4,282,1,2,да,294,14,12-17,3,0,0,206,206,206,150,56,0,3526,1070,30.3,1885,53.5,571,16.2,30,14.6,11,24,27,11.7,2,62.8,0,0,0.0,,0,
2916.team,team,2026-08-18,2026-08-19,2,да,КОНТЕНТ НЕ ЗАПИСАН,не записан,1,,,Theme1,numeric,4,16,1,3,да,24,21,18-23,2,0,0,184,184,184,150,34,0,4040,1457,36.1,1878,46.5,705,17.5,67,36.4,60,66,66,35.9,1,28.0,0,0,0.0,,0,
1792.lol,lol,2026-09-15,2026-09-16,2,да,content-2026-09-14c-7str-oform-1_21,content-дата,1,7,оформлено,Theme1,numeric,4,19,3,3,нет,820,17,12-17,2,0,0,206,206,206,150,56,0,3130,988,31.6,1875,59.9,267,8.5,54,26.2,32,47,49,22.8,1,34.7,0,0,0.0,,0,
casino27.team,team,2026-09-16,2026-09-17,2,да,content-2026-09-14c-7str-oform-1_33,content-дата,1,7,оформлено,Theme1,casino_prefix,8,163,2,2,нет,851,0,00-05,2,0,0,206,206,206,150,56,0,2609,655,25.1,1855,71.1,99,3.8,53,25.7,42,48,48,23.3,0.0,35.0,0,0,0.0,,0,
casinouep.lol,lol,2026-09-08,2026-09-09,2,да,Content_script_12page_08.09,script,1,12,,Theme1,casino_prefix,9,660,1,1,да,307,8,06-11,2,0,0,206,206,206,150,56,0,3109,716,23.0,1835,59.0,558,17.9,62,30.1,53,53,53,25.7,0,29.6,0,0,0.0,,0,
9928.team,team,2026-08-24,2026-08-25,2,да,КОНТЕНТ НЕ ЗАПИСАН,не записан,1,,,Theme1,numeric,4,203,1,2,да,219,17,12-17,1,0,0,206,206,206,150,56,0,3883,1534,39.5,1829,47.1,520,13.4,53,25.7,42,48,49,23.3,1,34.5,0,0,0.0,,0,
5557.team,team,2026-08-25,2026-08-26,2,да,NEW33_12pages_withdate_25.08,NEW,1,12,без оформления,Theme1,numeric,4,256,1,2,да,245,18,18-23,2,0,0,206,206,206,150,56,0,3441,946,27.5,1829,53.2,666,19.4,40,19.4,29,33,40,16.0,1.0,45.7,0,0,0.0,,0,
bihl.lol,lol,2026-09-18,2026-09-18,1,да,content-2026-09-17b-7str-oform_22,content-дата,1,7,оформлено,Theme1,alpha_other,4,497,2,2,нет,318,14,12-17,5,0,0,150,150,150,150,0,0,2824,930,32.9,1824,64.6,70,2.5,51,34.0,44,51,51,34.0,1,35.8,0,0,0.0,,0,
1434.team,team,2026-08-25,2026-08-26,2,да,NEW33_12pages_withdate_25.08,NEW,1,12,без оформления,Theme1,numeric,4,248,1,2,да,224,18,18-23,2,0,0,206,206,206,150,56,0,3556,1044,29.4,1804,50.7,708,19.9,28,13.6,22,26,27,12.6,1.0,64.4,0,0,0.0,,0,
mfmj.lol,lol,2026-09-16,2026-09-17,2,да,nabory-545-554_styled_img_8,nabory,1,,styled_img,Theme1,alpha_other,4,200,2,2,нет,876,7,06-11,3,0,0,206,206,206,150,56,0,2712,703,25.9,1804,66.5,205,7.6,52,25.2,37,46,46,22.3,0.0,34.7,0,0,0.0,,0,
4118.team,team,2026-09-15,2026-09-16,2,да,content-2026-09-14c-7str-oform-2_34,content-дата,1,7,оформлено,Theme1,numeric,4,124,2,2,нет,826,14,12-17,2,0,0,206,206,206,150,56,0,2671,705,26.4,1801,67.4,165,6.2,51,24.8,30,46,49,22.3,1,35.3,0,0,0.0,,0,
m2wf.team,team,2026-08-19,2026-08-20,2,да,КОНТЕНТ НЕ ЗАПИСАН,не записан,1,,,Theme1,alpha_other,4,61,1,2,да,89,17,12-17,3,0,0,184,184,184,150,34,0,5018,2305,45.9,1797,35.8,916,18.3,17,9.2,15,16,16,8.7,1.0,105.7,0,0,0.0,,0,
7079.lol,lol,2026-09-03,2026-09-04,2,да,КОНТЕНТ НЕ ЗАПИСАН,не записан,1,,,Theme1,numeric,4,446,1,2,да,437,4,00-05,4,206,0,206,206,206,150,56,0,3630,1181,32.5,1791,49.3,658,18.1,55,26.7,44,53,53,25.7,0,32.6,0,0,0.0,,0,
1109g.casino,casino,2026-09-11,2026-09-12,2,да,NEW102оформленобездаты,NEW,1,,оформлено,Theme1,alpha_other,5,925,1,1,да,110,5,00-05,5,206,0,206,206,206,150,56,0,2121,189,8.9,1782,84.0,150,7.1,40,19.4,24,26,34,12.6,0,44.5,0,0,0.0,,0,
8334.lol,lol,2026-09-15,2026-09-16,2,да,content-2026-09-14c-7str-oform-2_4,content-дата,1,7,оформлено,Theme1,numeric,4,158,2,2,нет,882,22,18-23,2,0,0,206,206,206,150,56,0,2716,700,25.8,1781,65.6,235,8.7,32,15.5,19,31,32,15.0,1.0,55.7,0,0,0.0,,0,
casinogh.team,team,2026-09-06,2026-09-07,2,да,NEW20_3_7pages_withdate_styled_img,NEW,1,7,styled_img,Theme1,casino_prefix,8,1302,1,2,да,76,16,12-17,7,0,206,206,206,206,150,56,0,2403,408,17.0,1765,73.4,230,9.6,46,22.3,41,43,43,20.9,1,38.4,0,0,0.0,,0,
qtbm.team,team,2026-08-20,2026-08-21,2,да,КОНТЕНТ НЕ ЗАПИСАН,не записан,1,,,Theme1,alpha_other,4,17,2,3,нет,125,22,18-23,4,0,0,202,202,202,150,52,0,3883,1353,34.8,1760,45.3,770,19.8,52,25.7,40,47,50,23.3,1.0,33.8,0,0,0.0,,0,
3064.team,team,2026-09-03,2026-09-04,2,да,NEW50_3_7pages_withdate_styled,NEW,1,7,без оформления,Theme1,numeric,4,477,1,2,да,13,18,18-23,4,0,0,206,206,206,150,56,0,3367,1123,33.4,1755,52.1,489,14.5,61,29.6,39,54,55,26.2,1,28.8,0,0,0.0,,0,
n0b5.team,team,2026-09-03,2026-09-04,2,да,NEW50_3_12pages_nodate_styled,NEW,1,12,без оформления,Theme1,alpha_other,4,511,1,2,да,35,21,18-23,4,0,0,206,206,206,150,56,0,3549,1110,31.3,1738,49.0,701,19.8,46,22.3,35,39,40,18.9,1.0,37.8,0,0,0.0,,0,
casino1009.casino,casino,2026-09-11,2026-09-12,2,да,NEW102оформленобездаты,NEW,1,,оформлено,Theme1,casino_prefix,10,936,1,1,да,100,23,18-23,5,0,0,206,206,206,150,56,0,2410,404,16.8,1724,71.5,282,11.7,28,13.6,22,22,26,10.7,1.0,61.6,0,0,0.0,,0,
3677.lol,lol,2026-08-24,2026-08-25,2,да,КОНТЕНТ НЕ ЗАПИСАН,не записан,1,,,Theme1,numeric,4,208,1,2,да,316,18,18-23,1,0,0,206,206,206,150,56,0,4163,1721,41.3,1714,41.2,728,17.5,39,18.9,29,35,36,17.0,1.0,43.9,0,0,0.0,,0,
xycasino.team,team,2026-09-06,2026-09-07,2,да,NEW20_3_7pages_withdate_styled_img,NEW,1,7,styled_img,Theme1,casino_infix,8,1306,1,2,да,75,16,12-17,7,0,206,206,206,206,150,56,0,2516,552,21.9,1709,67.9,255,10.1,67,32.5,53,61,61,29.6,1,25.5,0,0,0.0,,0,
1556.lol,lol,2026-09-08,2026-09-09,2,да,clean7_part1_50оформлено,clean,1,,оформлено,Theme1,numeric,4,664,1,1,да,322,6,06-11,2,0,0,206,206,206,150,56,0,2603,430,16.5,1695,65.1,478,18.4,34,16.5,29,30,30,14.6,0.0,49.9,0,0,0.0,,0,
2245.team,team,2026-09-16,2026-09-17,2,да,content-2026-09-15-7str-oform-1_50,content-дата,1,7,оформлено,Theme1,numeric,4,272,2,2,нет,596,17,12-17,3,0,0,206,206,206,150,56,0,2786,950,34.1,1684,60.4,152,5.5,45,21.8,27,44,44,21.4,1.0,37.4,0,0,0.0,,0,
ubgh.team,team,2026-09-04,2026-09-05,2,да,КОНТЕНТ НЕ ЗАПИСАН,не записан,1,,,Theme1,alpha_other,4,561,1,2,да,72,16,12-17,5,0,0,206,206,206,150,56,0,3685,1379,37.4,1666,45.2,640,17.4,51,24.8,41,46,46,22.3,1.0,32.7,0,0,0.0,,0,
pqvb.casino,casino,2026-09-11,2026-09-12,2,да,script_yandex_12page,script,1,12,,Theme1,alpha_other,4,1005,1,1,да,94,10,06-11,5,0,0,206,206,206,150,56,0,2752,729,26.5,1660,60.3,363,13.2,65,31.6,45,51,57,24.8,1.0,25.5,0,0,0.0,,0,
7188.lol,lol,2026-09-11,2026-09-12,2,да,archive37строформленоv2часть1,archive,1,7,оформлено,Theme1,numeric,4,928,1,1,да,182,5,00-05,5,206,0,206,206,206,150,56,0,2391,433,18.1,1658,69.3,300,12.5,27,13.1,20,20,25,9.7,0,61.4,0,0,0.0,,0,
i3d.team,team,2026-09-11,2026-09-12,2,да,NEW102оформленобездаты,NEW,1,,оформлено,Theme1,alpha_other,3,978,1,1,да,145,17,12-17,5,0,0,206,206,206,150,56,0,3248,967,29.8,1650,50.8,631,19.4,72,35.0,59,61,68,29.6,1,22.9,0,0,0.0,,0,
b8t.team,team,2026-08-19,2026-08-20,2,да,КОНТЕНТ НЕ ЗАПИСАН,не записан,1,,,Theme1,alpha_other,3,51,1,2,да,93,17,12-17,3,0,0,184,184,184,150,34,0,3634,1220,33.6,1638,45.1,776,21.4,34,18.5,21,27,28,14.7,1,48.2,0,0,0.0,,0,
c7vd.team,team,2026-08-31,2026-09-01,2,да,Generator_11page_test_1…_9 (dorgen com,Generator,1,11,,Theme1,alpha_other,4,344,1,2,да,370,17,12-17,1,0,0,206,206,206,150,56,0,5186,2560,49.4,1638,31.6,988,19.1,56,27.2,45,47,49,22.8,1,29.2,0,0,0.0,,0,
4229.team,team,2026-09-02,2026-09-03,2,да,NEW50_2_12pages_withdate_02.09,NEW,1,12,без оформления,Theme1,numeric,4,421,1,2,да,446,22,18-23,3,0,0,206,206,206,150,56,0,3972,1232,31.0,1633,41.1,1107,27.9,66,32.0,59,66,66,32.0,1.0,24.7,0,0,0.0,,0,
casino862.lol,lol,2026-09-16,2026-09-17,2,да,nabory-565-580_14,nabory,1,,,Theme1,casino_prefix,9,236,2,2,нет,660,13,12-17,3,0,0,206,206,206,150,56,0,3128,1118,35.7,1630,52.1,380,12.1,29,14.1,22,26,26,12.6,0.0,56.2,0,0,0.0,,0,
hpvn.team,team,2026-08-20,2026-08-21,2,да,КОНТЕНТ НЕ ЗАПИСАН,не записан,1,,,Theme2,alpha_other,4,103,1,2,да,57,12,12-17,4,0,0,199,199,199,150,49,0,3502,952,27.2,1627,46.5,923,26.4,32,16.1,23,25,26,12.6,1.0,50.8,0,0,0.0,,0,
fpq.lol,lol,2026-09-06,2026-09-07,2,да,NEW20_3_12pages_withdate_styled_img,NEW,1,12,styled_img,Theme1,alpha_other,3,1303,1,2,да,165,16,12-17,7,0,206,206,206,206,150,56,0,2301,433,18.8,1613,70.1,255,11.1,56,27.2,45,50,50,24.3,1,28.8,0,0,0.0,,0,
5333.team,team,2026-08-26,2026-08-27,2,да,NEW17_img_withdate_26.08,NEW,1,,без оформления,Theme1,numeric,4,277,1,2,да,282,16,12-17,3,0,0,206,206,206,150,56,0,3104,998,32.2,1609,51.8,497,16.0,23,11.2,13,18,18,8.7,1.0,70.0,0,0,0.0,,0,
6800.lol,lol,2026-09-13,2026-09-14,2,да,content-2026-09-12-7str-oform-3,content-дата,1,7,оформлено,Theme1,numeric,4,1091,1,1,да,510,15,12-17,7,0,206,206,206,206,150,56,0,2312,567,24.5,1607,69.5,138,6.0,27,13.1,18,19,24,9.2,1.0,59.5,0,0,0.0,,0,
pscasino.lol,lol,2026-09-20,2026-09-21,2,нет,nabory-631-640_6,nabory,1,,,Theme1,casino_infix,8,1215,2,2,нет,343,5,00-05,7,206,206,206,0,206,150,56,0,2006,322,16.1,1600,79.8,84,4.2,62,30.1,,,,,0,25.8,0,0,0.0,,0,
441casino.lol,lol,2026-09-06,2026-09-07,2,да,NEW20_3_12pages_withdate_styled_img,NEW,1,12,styled_img,Theme1,casino_infix,9,1299,1,2,да,164,15,12-17,7,0,206,206,206,206,150,56,0,2526,626,24.8,1583,62.7,317,12.5,53,25.7,44,47,48,22.8,1.0,29.9,0,0,0.0,,0,
o6q.team,team,2026-09-10,2026-09-11,2,да,archive47_unique119оформленочасть2,archive,1,,оформлено,Theme1,alpha_other,3,830,1,1,да,75,22,18-23,3,0,0,206,206,206,150,56,0,2020,252,12.5,1580,78.2,188,9.3,7,3.4,3,4,7,1.9,2,225.7,0,0,0.0,,0,
n5wk.team,team,2026-08-21,2026-08-22,2,да,КОНТЕНТ НЕ ЗАПИСАН,не записан,1,,,Theme1,alpha_other,4,154,1,2,да,195,19,18-23,5,0,0,206,206,206,150,56,0,4308,1537,35.7,1572,36.5,1199,27.8,30,14.6,22,26,28,12.6,1,52.4,0,0,0.0,,0,
n5z.team,team,2026-08-26,2026-08-27,2,да,NEW33_12pages_withdate+img_25.08,NEW,1,12,без оформления,Theme1,alpha_other,3,285,1,2,да,232,14,12-17,3,0,0,206,206,206,150,56,0,3449,1554,45.1,1565,45.4,330,9.6,28,13.6,18,22,25,10.7,1,55.9,0,0,0.0,,0,
casinonb.lol,lol,2026-09-17,2026-09-18,2,да,content-2026-09-16-7str_25,content-дата,1,7,,Theme1,casino_prefix,8,412,2,2,нет,774,16,12-17,4,0,0,206,206,206,150,56,0,2303,689,29.9,1551,67.3,63,2.7,49,23.8,33,49,49,23.8,1,31.7,0,0,0.0,,0,
bzcasino.team,team,2026-09-17,2026-09-18,2,да,content-2026-09-16-7str_20,content-дата,1,7,,Theme1,casino_infix,8,408,2,2,нет,769,16,12-17,4,0,0,206,206,206,150,56,0,2710,1103,40.7,1549,57.2,58,2.1,35,17.0,25,33,33,16.0,1,44.3,0,0,0.0,,0,
6100.lol,lol,2026-09-17,2026-09-18,2,да,content-2026-09-16-7str_4,content-дата,1,7,,Theme1,numeric,4,436,2,2,нет,753,22,18-23,4,0,0,206,206,206,150,56,0,2328,698,30.0,1544,66.3,86,3.7,26,12.6,21,26,26,12.6,1.0,59.4,0,0,0.0,,0,
h2x.online,online,2026-08-21,2026-08-22,2,да,КОНТЕНТ НЕ ЗАПИСАН,не записан,1,,,Theme1,alpha_other,3,172,1,2,да,209,22,18-23,5,0,0,206,206,206,150,56,0,4696,2058,43.8,1543,32.9,1095,23.3,56,27.2,47,55,56,26.7,1.0,27.6,0,0,0.0,,0,
9957.lol,lol,2026-09-03,2026-09-04,2,да,NEW50_3_12pages_nodate_styled,NEW,1,12,без оформления,Theme1,numeric,4,507,1,2,да,44,21,18-23,4,0,0,206,206,206,150,56,0,3014,965,32.0,1537,51.0,512,17.0,62,30.1,47,53,56,25.7,1.0,24.8,0,0,0.0,,0,
s2f.lol,lol,2026-09-16,2026-09-17,2,да,nabory-545-554_styled_img_6,nabory,1,,styled_img,Theme1,alpha_other,3,202,2,2,нет,867,7,06-11,3,0,0,206,206,206,150,56,0,2502,803,32.1,1527,61.0,172,6.9,46,22.3,36,41,41,19.9,0,33.2,0,0,0.0,,0,
zrum.buzz,buzz,2026-09-09,2026-09-10,2,да,archive412_unique12оформлено,archive,1,,оформлено,Theme1,alpha_other,4,798,1,1,да,433,13,12-17,3,0,0,206,206,206,150,56,0,2770,1019,36.8,1517,54.8,234,8.4,57,27.7,33,41,45,19.9,1,26.6,0,0,0.0,,0,
1009hd.casino,casino,2026-09-10,2026-09-11,2,да,archive47_unique119оформленочасть1,archive,1,,оформлено,Theme1,alpha_other,6,891,1,1,да,108,11,06-11,4,0,0,206,206,206,150,56,0,2141,423,19.8,1516,70.8,202,9.4,44,21.4,28,31,40,15.0,1,34.5,0,0,0.0,,0,
dhpw.team,team,2026-08-18,2026-08-19,2,да,КОНТЕНТ НЕ ЗАПИСАН,не записан,1,,,Theme1,alpha_other,4,8,1,3,да,10,16,12-17,2,0,0,184,184,184,150,34,0,5837,2177,37.3,1512,25.9,2148,36.8,68,37.0,64,65,65,35.3,0,22.2,0,0,0.0,,0,
2198.lol,lol,2026-09-16,2026-09-17,2,да,nabory-555-564_styled_img_9,nabory,1,,styled_img,Theme1,numeric,4,207,2,2,нет,807,8,06-11,3,0,0,206,206,206,150,56,0,2514,754,30.0,1511,60.1,249,9.9,40,19.4,27,37,37,18.0,0,37.8,0,0,0.0,,0,
7924.team,team,2026-08-26,2026-08-27,2,да,NEW33_12pages_withdate+img_25.08,NEW,1,12,без оформления,Theme1,numeric,4,280,1,2,да,257,14,12-17,3,0,0,206,206,206,150,56,0,3008,1018,33.8,1507,50.1,483,16.1,25,12.1,16,19,23,9.2,1,60.3,0,0,0.0,,0,
6135.team,team,2026-08-18,2026-08-19,2,да,КОНТЕНТ НЕ ЗАПИСАН,не записан,1,,,Theme1,numeric,4,19,1,3,да,31,20,18-23,2,0,0,184,184,184,150,34,0,3935,1641,41.7,1504,38.2,790,20.1,43,23.4,38,43,43,23.4,1,35.0,0,0,0.0,,0,
0509ds.casino,casino,2026-09-06,2026-09-07,2,да,NEW20_3_12pages_nodate_styled_img,NEW,1,12,styled_img,Theme1,alpha_other,6,1294,1,2,да,149,15,12-17,7,0,206,206,206,206,150,56,0,2616,711,27.2,1476,56.4,429,16.4,68,33.0,54,59,59,28.6,1,21.7,0,0,0.0,,0,
mhob.team,team,2026-09-10,2026-09-11,2,да,nabory464466,nabory,1,,,Theme1,alpha_other,4,880,1,1,да,37,19,18-23,3,0,0,206,206,206,150,56,0,2463,544,22.1,1471,59.7,448,18.2,24,11.7,18,18,21,8.7,1,61.3,0,0,0.0,,0,
3375.lol,lol,2026-09-03,2026-09-04,2,да,NEW50_3_12pages_withdate_styled,NEW,1,12,без оформления,Theme1,numeric,4,481,1,2,да,56,18,18-23,4,0,0,206,206,206,150,56,0,3487,1294,37.1,1470,42.2,723,20.7,35,17.0,31,34,35,16.5,1,42.0,0,0,0.0,,0,
1009g.casino,casino,2026-09-11,2026-09-12,2,да,script_yandex_12page,script,1,12,,Theme1,alpha_other,5,952,1,1,да,92,0,00-05,4,0,0,206,206,206,150,56,0,2071,376,18.2,1470,71.0,225,10.9,47,22.8,32,32,38,15.5,0,31.3,0,0,0.0,,0,
j1a.lol,lol,2026-09-19,2026-09-20,2,нет,content-2026-09-17b-7str-oform_14,content-дата,1,7,оформлено,Theme1,alpha_other,3,558,2,2,нет,310,15,12-17,6,0,206,206,0,206,150,56,0,2113,540,25.6,1467,69.4,106,5.0,58,28.2,,,,,0.0,25.3,0,0,0.0,,0,
casino378.lol,lol,2026-09-12,2026-09-13,2,да,content-2026-09-12-7str-oform-1,content-дата,1,7,оформлено,Theme1,casino_prefix,9,1374,1,1,да,573,16,12-17,6,0,206,206,206,206,150,56,0,2289,522,22.8,1457,63.7,310,13.5,26,12.6,15,18,25,8.7,1,56.0,0,0,0.0,,0,
2853.lol,lol,2026-09-03,2026-09-04,2,да,КОНТЕНТ НЕ ЗАПИСАН,не записан,1,,,Theme1,numeric,4,438,1,2,да,412,2,00-05,4,206,0,206,206,206,150,56,0,3462,1281,37.0,1455,42.0,726,21.0,34,16.5,25,29,29,14.1,0.0,42.8,0,0,0.0,,0,
lrwo.casino,casino,2026-09-01,2026-09-02,2,да,NEW50_12pages_nodate_01.09,NEW,1,12,без оформления,Theme1,alpha_other,4,363,1,2,да,386,18,18-23,2,0,0,206,206,206,150,56,0,5073,2708,53.4,1453,28.6,912,18.0,59,28.6,52,58,58,28.2,1.0,24.6,0,0,0.0,,0,
cgvz.team,team,2026-08-20,2026-08-21,2,да,КОНТЕНТ НЕ ЗАПИСАН,не записан,1,,,Theme1,alpha_other,4,97,1,2,да,49,12,12-17,4,0,0,199,199,199,150,49,0,4703,2030,43.2,1451,30.9,1222,26.0,52,26.1,44,46,46,23.1,1,27.9,0,0,0.0,,0,
5826.lol,lol,2026-09-08,2026-09-09,2,да,Content_script_12page_08.09,script,1,12,,Theme1,numeric,4,671,1,1,да,325,10,06-11,2,0,0,206,206,206,150,56,0,2522,809,32.1,1449,57.5,264,10.5,44,21.4,31,32,34,15.5,0.0,32.9,0,0,0.0,,0,
j0s0.team,team,2026-09-02,2026-09-03,2,да,NEW50_7pages_nodate_01.09,NEW,1,7,без оформления,Theme1,alpha_other,4,408,1,2,да,415,20,18-23,3,0,0,206,206,206,150,56,0,3654,995,27.2,1448,39.6,1211,33.1,60,29.1,44,56,60,27.2,1.0,24.1,0,0,0.0,,0,
9485.lol,lol,2026-09-03,2026-09-04,2,да,NEW50_3_7pages_withdate_styled,NEW,1,7,без оформления,Theme1,numeric,4,506,1,2,да,26,21,18-23,4,0,0,206,206,206,150,56,0,2378,644,27.1,1446,60.8,288,12.1,23,11.2,12,17,18,8.3,1,62.9,0,0,0.0,,0,
9903.team,team,2026-09-11,2026-09-12,2,да,NEW102оформленосдатой,NEW,1,,оформлено,Theme1,numeric,4,934,1,1,да,144,4,00-05,5,206,0,206,206,206,150,56,0,2143,398,18.6,1441,67.2,304,14.2,24,11.7,13,14,22,6.8,0.5,60.0,0,0,0.0,,0,
29casino.lol,lol,2026-09-20,2026-09-21,2,нет,content-2026-09-17-7str-oform-1_42,content-дата,1,7,оформлено,Theme1,casino_infix,8,1228,2,2,нет,872,13,12-17,7,0,206,206,0,206,150,56,0,2069,501,24.2,1440,69.6,128,6.2,73,35.4,,,,,0.0,19.7,0,0,0.0,,0,
rdwt.lol,lol,2026-08-21,2026-08-22,2,да,КОНТЕНТ НЕ ЗАПИСАН,не записан,1,,,Theme1,alpha_other,4,155,1,2,да,197,19,18-23,5,0,0,206,206,206,150,56,0,3530,1075,30.5,1439,40.8,1016,28.8,38,18.4,27,33,36,16.0,1,37.9,0,0,0.0,,0,
5155.team,team,2026-09-16,2026-09-17,2,да,content-2026-09-15-7str-oform-1_48,content-дата,1,7,оформлено,Theme1,numeric,4,284,2,2,нет,594,20,18-23,3,0,0,206,206,206,150,56,0,2762,1143,41.4,1433,51.9,186,6.7,64,31.1,43,64,64,31.1,1.0,22.4,0,0,0.0,,0,
rodl.casino,casino,2026-09-01,2026-09-02,2,да,NEW50_12pages_withdate_01.09,NEW,1,12,без оформления,Theme1,alpha_other,4,353,1,2,да,378,18,18-23,2,0,0,206,206,206,150,56,0,4804,2587,53.9,1430,29.8,787,16.4,57,27.7,40,51,52,24.8,1.0,25.1,0,0,0.0,,0,
6591.team,team,2026-09-10,2026-09-11,2,да,nabory464466,nabory,1,,,Theme1,numeric,4,878,1,1,да,29,19,18-23,3,0,0,206,206,206,150,56,0,2466,468,19.0,1426,57.8,572,23.2,9,4.4,5,5,8,2.4,0.5,158.4,0,0,0.0,,0,
37casino.lol,lol,2026-09-16,2026-09-17,2,да,content-2026-09-15-7str-oform-2_49,content-дата,1,7,оформлено,Theme1,casino_infix,8,229,2,2,нет,645,10,06-11,3,0,0,206,206,206,150,56,0,3419,1779,52.0,1418,41.5,222,6.5,32,15.5,28,31,31,15.0,0,44.3,0,0,0.0,,0,
1109ss.casino,casino,2026-09-11,2026-09-12,2,да,NEW102оформленобездаты,NEW,1,,оформлено,Theme1,alpha_other,6,932,1,1,да,116,4,00-05,5,206,0,206,206,206,150,56,0,2028,322,15.9,1417,69.9,289,14.3,41,19.9,19,23,32,11.2,0.0,34.6,0,0,0.0,,0,
6764.lol,lol,2026-09-11,2026-09-12,2,да,NEW102оформленобездаты,NEW,1,,оформлено,Theme1,numeric,4,969,1,1,да,137,16,12-17,5,0,0,206,206,206,150,56,0,2330,582,25.0,1415,60.7,333,14.3,25,12.1,10,10,21,4.9,4.0,56.6,0,0,0.0,,0,
6804.team,team,2026-09-16,2026-09-17,2,да,nabory-565-580_5,nabory,1,,,Theme1,numeric,4,232,2,2,нет,651,11,06-11,3,0,0,206,206,206,150,56,0,3513,1892,53.9,1409,40.1,212,6.0,21,10.2,17,20,20,9.7,0.0,67.1,0,0,0.0,,0,
m8dt.team,team,2026-08-18,2026-08-19,2,да,КОНТЕНТ НЕ ЗАПИСАН,не записан,1,,,Theme1,alpha_other,4,37,1,2,да,43,23,18-23,2,0,0,184,184,184,150,34,0,3080,922,29.9,1408,45.7,750,24.4,22,12.0,20,21,21,11.4,1.0,64.0,0,0,0.0,,0,
vago.team,team,2026-09-20,2026-09-21,2,нет,content-2026-09-17-7str-oform-2_45,content-дата,1,7,оформлено,Theme1,alpha_other,4,1220,2,2,нет,716,6,06-11,7,0,206,206,0,206,150,56,0,2068,473,22.9,1407,68.0,188,9.1,50,24.3,,,,,0,28.1,0,0,0.0,,0,
r3qq.team,team,2026-08-26,2026-08-27,2,да,NEW17_img_withdate_26.08,NEW,1,,без оформления,Theme1,alpha_other,4,293,1,2,да,264,16,12-17,3,0,0,205,205,205,150,55,0,2633,780,29.6,1398,53.1,455,17.3,26,12.7,19,22,24,10.7,1,53.8,0,0,0.0,,0,
casinodh.lol,lol,2026-09-17,2026-09-18,2,да,content-2026-09-16-7str_15,content-дата,1,7,,Theme1,casino_prefix,8,411,2,2,нет,764,16,12-17,4,0,0,206,206,206,150,56,0,2476,1006,40.6,1395,56.3,75,3.0,20,9.7,14,18,18,8.7,1.0,69.8,0,0,0.0,,0,
casino01.lol,lol,2026-09-04,2026-09-05,2,да,КОНТЕНТ НЕ ЗАПИСАН,не записан,1,,,Theme1,casino_prefix,8,537,1,2,да,96,14,12-17,5,0,0,206,206,206,150,56,0,3093,1031,33.3,1394,45.1,668,21.6,41,19.9,37,38,38,18.4,0.5,34.0,0,0,0.0,,0,
2708.lol,lol,2026-09-19,2026-09-20,2,нет,nabory-641-650_4,nabory,1,,,Theme1,numeric,4,1195,2,2,нет,891,23,18-23,6,0,206,206,0,206,150,56,0,2058,522,25.4,1387,67.4,149,7.2,67,32.5,,,,,1,20.7,0,0,0.0,,0,
xpnm.team,team,2026-09-11,2026-09-12,2,да,NEW102оформленобездаты,NEW,1,,оформлено,Theme1,alpha_other,4,985,1,1,да,157,20,18-23,5,0,0,206,206,206,150,56,0,2493,693,27.8,1385,55.6,415,16.6,54,26.2,37,38,51,18.4,1.0,25.6,0,0,0.0,,0,
4928.lol,lol,2026-09-19,2026-09-20,2,нет,nabory-651-660_10,nabory,1,,,Theme1,numeric,4,1196,2,2,нет,282,23,18-23,6,0,206,206,0,206,150,56,0,1990,488,24.5,1376,69.1,126,6.3,52,25.2,,,,,1.0,26.5,0,0,0.0,,0,
geth.buzz,buzz,2026-09-09,2026-09-10,2,да,archive412_unique12оформлено,archive,1,,оформлено,Theme1,alpha_other,4,793,1,1,да,432,13,12-17,3,0,0,206,206,206,150,56,0,2730,1048,38.4,1374,50.3,308,11.3,66,32.0,52,55,58,26.7,1,20.8,0,0,0.0,,0,
5803.team,team,2026-08-24,2026-08-25,2,да,КОНТЕНТ НЕ ЗАПИСАН,не записан,1,,,Theme1,numeric,4,201,1,2,да,252,17,12-17,1,0,0,206,206,206,150,56,0,3588,1589,44.3,1366,38.1,633,17.6,57,27.7,44,51,54,24.8,1,24.0,0,0,0.0,,0,
xfdr.team,team,2026-09-03,2026-09-04,2,да,NEW50_7pages_nodate_01.09,NEW,1,7,без оформления,Theme1,alpha_other,4,467,1,2,да,31,9,06-11,4,0,0,206,206,206,150,56,0,2919,861,29.5,1366,46.8,692,23.7,65,31.6,47,50,51,24.3,0.0,21.0,0,0,0.0,,0,
0509casino.casino,casino,2026-09-05,2026-09-06,2,да,NEW21_12pages_withdate_styled_img,NEW,1,12,styled_img,Theme1,casino_infix,10,1262,1,2,да,142,17,12-17,6,0,206,206,206,206,150,56,0,2311,548,23.7,1364,59.0,399,17.3,69,33.5,55,63,65,30.6,1.0,19.8,0,0,0.0,,0,
5448.team,team,2026-09-06,2026-09-07,2,да,nabory411420_styled_img,nabory,1,,styled_img,Theme1,numeric,4,550,1,1,да,257,19,18-23,7,0,206,206,206,206,150,56,0,2305,640,27.8,1364,59.2,301,13.1,70,34.0,55,64,64,31.1,1.0,19.5,0,0,0.0,,0,
4160.lol,lol,2026-09-11,2026-09-12,2,да,archive37строформленоv2часть1,archive,1,7,оформлено,Theme1,numeric,4,927,1,1,да,181,5,00-05,5,206,0,206,206,206,150,56,0,2016,422,20.9,1364,67.7,230,11.4,31,15.0,16,20,31,9.7,1,44.0,0,0,0.0,,0,
casino45.lol,lol,2026-09-18,2026-09-18,1,да,content-2026-09-17b-7str-oform_40,content-дата,1,7,оформлено,Theme1,casino_prefix,8,499,2,2,нет,336,14,12-17,5,0,0,150,150,150,150,0,0,2177,625,28.7,1357,62.3,195,9.0,54,36.0,46,54,54,36.0,1.0,25.1,0,0,0.0,,0,
4432.team,team,2026-08-26,2026-08-27,2,да,NEW33_12pages_withdate+img_25.08,NEW,1,12,без оформления,Theme1,numeric,4,267,1,2,да,297,14,12-17,3,0,0,205,205,205,150,55,0,2857,1007,35.2,1356,47.5,494,17.3,27,13.2,21,25,27,12.2,1,50.2,0,0,0.0,,0,
5335.team,team,2026-09-03,2026-09-04,2,да,NEW50_3_12pages_nodate_styled,NEW,1,12,без оформления,Theme1,numeric,4,490,1,2,да,36,19,18-23,4,0,0,206,206,206,150,56,0,3282,1078,32.8,1354,41.3,850,25.9,35,17.0,28,31,31,15.0,1.0,38.7,0,0,0.0,,0,
0413.team,team,2026-09-02,2026-09-03,2,да,NEW50_2_7pages_withdate,NEW,1,7,без оформления,Theme1,numeric,4,399,1,2,да,430,20,18-23,3,0,0,206,206,206,150,56,0,3493,1168,33.4,1353,38.7,972,27.8,56,27.2,41,49,51,23.8,1.0,24.2,0,0,0.0,,0,
3833.lol,lol,2026-09-15,2026-09-16,2,да,content-2026-09-14c-7str-oform-1_41,content-дата,1,7,оформлено,Theme1,numeric,4,146,2,2,нет,861,19,18-23,2,0,0,206,206,206,150,56,0,2449,876,35.8,1353,55.2,220,9.0,40,19.4,24,37,40,18.0,1.0,33.8,0,0,0.0,,0,
5552.team,team,2026-08-26,2026-08-27,2,да,NEW17_NOimg_withdate_26.08,NEW,1,,без оформления,Theme1,numeric,4,279,1,2,да,296,16,12-17,3,0,0,206,206,206,150,56,0,3072,1049,34.1,1352,44.0,671,21.8,35,17.0,26,32,32,15.5,1.0,38.6,0,0,0.0,,0,
6806.lol,lol,2026-09-18,2026-09-18,1,да,content-2026-09-17-7str-oform-2_43,content-дата,1,7,оформлено,Theme1,numeric,4,480,2,2,нет,714,3,00-05,5,150,0,150,150,150,150,0,0,2028,627,30.9,1344,66.3,57,2.8,17,11.3,17,17,17,11.3,0,79.1,0,0,0.0,,0,
0509rr.casino,casino,2026-09-05,2026-09-06,2,да,NEW21_12pages_withdate_styled_img,NEW,1,12,styled_img,Theme1,alpha_other,6,1267,1,2,да,139,17,12-17,6,0,206,206,206,206,150,56,0,2232,458,20.5,1340,60.0,434,19.4,51,24.8,44,48,48,23.3,1.0,26.3,0,0,0.0,,0,
jafcasino.lol,lol,2026-09-19,2026-09-20,2,нет,content-2026-09-17-7str-oform-2_40,content-дата,1,7,оформлено,Theme1,casino_infix,9,561,2,2,нет,711,15,12-17,6,0,206,206,0,206,150,56,0,1998,598,29.9,1340,67.1,60,3.0,32,15.5,,,,,1.0,41.9,0,0,0.0,,0,
2211.team,team,2026-09-15,2026-09-16,2,да,content-2026-09-14c-7str-oform-2_1,content-дата,1,7,оформлено,Theme1,numeric,4,20,3,3,нет,875,17,12-17,2,0,0,206,206,206,150,56,0,2738,992,36.2,1326,48.4,420,15.3,60,29.1,37,53,57,25.7,1,22.1,0,0,0.0,,0,
9511.team,team,2026-09-07,2026-09-08,2,да,nabory441443_styled_img,nabory,1,,styled_img,Theme1,numeric,4,641,1,1,да,289,19,18-23,1,0,0,206,206,206,150,56,0,2118,499,23.6,1322,62.4,297,14.0,8,3.9,8,8,8,3.9,1.0,165.2,0,0,0.0,,0,
mhpl.lol,lol,2026-09-12,2026-09-13,2,да,content-2026-09-12-7str-oform-1,content-дата,1,7,оформлено,Theme1,alpha_other,4,1053,1,1,да,572,21,18-23,6,0,206,206,206,206,150,56,0,2046,496,24.2,1321,64.6,229,11.2,42,20.4,28,35,42,17.0,1.0,31.5,0,0,0.0,,0,
f6zn.team,team,2026-08-24,2026-08-25,2,да,КОНТЕНТ НЕ ЗАПИСАН,не записан,1,,,Theme1,alpha_other,4,204,1,2,да,220,17,12-17,1,0,0,206,206,206,150,56,0,3617,1692,46.8,1307,36.1,618,17.1,42,20.4,33,39,40,18.9,1.0,31.1,0,0,0.0,,0,
3349.team,team,2026-09-02,2026-09-03,2,да,NEW50_2_12pages_withdate_02.09,NEW,1,12,без оформления,Theme1,numeric,4,389,1,2,да,450,18,18-23,3,0,0,206,206,206,150,56,0,3505,1397,39.9,1302,37.1,806,23.0,60,29.1,40,50,54,24.3,1,21.7,0,0,0.0,,0,
8736.team,team,2026-09-17,2026-09-18,2,да,nabory-591-600_10,nabory,1,,,Theme1,numeric,4,324,2,2,нет,572,4,00-05,4,206,0,206,206,206,150,56,0,2498,994,39.8,1299,52.0,205,8.2,36,17.5,27,33,33,16.0,1,36.1,0,0,0.0,,0,
7371.lol,lol,2026-09-16,2026-09-17,2,да,content-2026-09-14b-7str-oform-2_13,content-дата,1,7,оформлено,Theme1,numeric,4,212,2,2,нет,752,8,06-11,3,0,0,206,206,206,150,56,0,2223,786,35.4,1298,58.4,139,6.3,32,15.5,24,29,29,14.1,1,40.6,0,0,0.0,,0,
9670.team,team,2026-09-06,2026-09-07,2,да,struktura8x7,прочее,1,,,Theme1,numeric,4,1316,1,1,да,267,18,18-23,7,0,206,206,206,206,150,56,0,2216,610,27.5,1294,58.4,312,14.1,52,25.2,46,50,50,24.3,1.0,24.9,0,0,0.0,,0,
casinoubf.buzz,buzz,2026-09-08,2026-09-09,2,да,archive37строформленоv2часть1,archive,1,7,оформлено,Theme1,casino_prefix,9,718,1,1,да,368,15,12-17,2,0,0,206,206,206,150,56,0,2331,580,24.9,1289,55.3,462,19.8,32,15.5,18,22,22,10.7,1,40.3,0,0,0.0,,0,
3547.team,team,2026-08-25,2026-08-26,2,да,Generator_11page_NOimg_25.08,Generator,1,11,,Theme1,numeric,4,224,1,2,да,222,15,12-17,2,0,0,206,206,206,150,56,0,3030,1084,35.8,1284,42.4,662,21.8,41,19.9,31,36,40,17.5,1,31.3,0,0,0.0,,0,
1109tt.casino,casino,2026-09-11,2026-09-12,2,да,NEW102оформленобездаты,NEW,1,,оформлено,Theme1,alpha_other,6,964,1,1,да,83,14,12-17,5,0,0,206,206,206,150,56,0,2072,508,24.5,1284,62.0,280,13.5,41,19.9,20,24,35,11.7,1,31.3,0,0,0.0,,0,
2663.lol,lol,2026-09-07,2026-09-08,2,да,Выдача_06.09_7стр,прочее,1,7,,Theme1,numeric,4,583,1,1,да,232,9,06-11,1,0,0,206,206,206,150,56,0,2399,801,33.4,1281,53.4,317,13.2,41,19.9,34,35,35,17.0,0.0,31.2,0,0,0.0,,0,
5027.team,team,2026-08-20,2026-08-21,2,да,КОНТЕНТ НЕ ЗАПИСАН,не записан,1,,,Theme2,numeric,4,114,1,2,да,142,21,18-23,4,0,0,204,204,204,150,54,0,2921,860,29.4,1269,43.4,792,27.1,36,17.6,31,34,35,16.7,1.0,35.2,0,0,0.0,,0,
h2vd.team,team,2026-08-18,2026-08-19,2,да,КОНТЕНТ НЕ ЗАПИСАН,не записан,1,,,Theme1,alpha_other,4,33,1,2,да,39,23,18-23,2,0,0,184,184,184,150,34,0,4780,2621,54.8,1260,26.4,899,18.8,46,25.0,43,45,46,24.5,1.0,27.4,0,0,0.0,,0,
j5h6.lol,lol,2026-09-09,2026-09-10,2,да,archive47_unique119оформленочасть1,archive,1,,оформлено,Theme1,alpha_other,4,860,1,1,да,477,20,18-23,3,0,0,206,206,206,150,56,0,3173,1681,53.0,1259,39.7,233,7.3,29,14.1,16,17,23,8.3,1,43.4,0,0,0.0,,0,
0717.team,team,2026-09-16,2026-09-17,2,да,content-2026-09-15-7str-oform-1_39,content-дата,1,7,оформлено,Theme1,numeric,4,276,2,2,нет,575,23,18-23,3,0,0,206,206,206,150,56,0,2754,1309,47.5,1257,45.6,188,6.8,12,5.8,11,12,12,5.8,1.0,104.8,0,0,0.0,,0,
6860.team,team,2026-09-03,2026-09-04,2,да,NEW50_3_7pages_nodate_styled,NEW,1,7,без оформления,Theme1,numeric,4,496,1,2,да,7,20,18-23,4,0,0,206,206,206,150,56,0,2399,810,33.8,1243,51.8,346,14.4,33,16.0,28,32,32,15.5,1.0,37.7,0,0,0.0,,0,
diou.lol,lol,2026-09-13,2026-09-14,2,да,content-2026-09-12-7str-oform-3,content-дата,1,7,оформлено,Theme1,alpha_other,4,1099,1,1,да,552,15,12-17,7,0,206,206,206,206,150,56,0,1722,408,23.7,1225,71.1,89,5.2,28,13.6,15,19,26,9.2,1.0,43.8,0,0,0.0,,0,
5104.lol,lol,2026-09-20,2026-09-21,2,нет,content-2026-09-17-7str-oform-1_43,content-дата,1,7,оформлено,Theme1,numeric,4,1233,2,2,нет,873,14,12-17,7,0,206,206,0,206,150,56,0,2028,606,29.9,1217,60.0,205,10.1,65,31.6,,,,,0,18.7,0,0,0.0,,0,
5751.lol,lol,2026-09-16,2026-09-17,2,да,nabory-565-580_2,nabory,1,,,Theme1,numeric,4,231,2,2,нет,648,11,06-11,3,0,0,206,206,206,150,56,0,3459,2024,58.5,1207,34.9,228,6.6,29,14.1,20,25,25,12.1,0,41.6,0,0,0.0,,0,
lnwc.team,team,2026-08-20,2026-08-21,2,да,КОНТЕНТ НЕ ЗАПИСАН,не записан,1,,,Theme2,alpha_other,4,105,1,2,да,61,12,12-17,4,0,0,199,199,199,150,49,0,3346,854,25.5,1200,35.9,1292,38.6,40,20.1,26,26,29,13.1,1.0,30.0,0,0,0.0,,0,
9421.team,team,2026-09-07,2026-09-08,2,да,nabory431435_styled_img,nabory,1,,styled_img,Theme1,numeric,4,605,1,1,да,292,16,12-17,1,0,0,206,206,206,150,56,0,2392,687,28.7,1196,50.0,509,21.3,29,14.1,22,22,23,10.7,0.0,41.2,0,0,0.0,,0,
7570.team,team,2026-09-03,2026-09-04,2,да,NEW50_7pages_nodate_01.09,NEW,1,7,без оформления,Theme1,numeric,4,458,1,2,да,62,6,06-11,4,0,0,206,206,206,150,56,0,2232,587,26.3,1195,53.5,450,20.2,51,24.8,38,42,44,20.4,0,23.4,0,0,0.0,,0,
9031.team,team,2026-09-17,2026-09-18,2,да,content-2026-09-16-7str_6,content-дата,1,7,,Theme1,numeric,4,441,2,2,нет,755,23,18-23,4,0,0,206,206,206,150,56,0,1983,687,34.6,1191,60.1,105,5.3,65,31.6,50,64,65,31.1,1,18.3,0,0,0.0,,0,
gjpz.team,team,2026-08-19,2026-08-20,2,да,КОНТЕНТ НЕ ЗАПИСАН,не записан,1,,,Theme1,alpha_other,4,54,1,2,да,54,17,12-17,3,0,0,185,185,185,150,35,0,4207,1825,43.4,1188,28.2,1194,28.4,65,35.1,61,62,63,33.5,1.0,18.3,0,0,0.0,,0,
l9tb.team,team,2026-08-19,2026-08-20,2,да,КОНТЕНТ НЕ ЗАПИСАН,не записан,1,,,Theme1,alpha_other,4,57,1,2,да,88,17,12-17,3,0,0,185,185,185,150,35,0,3938,1642,41.7,1186,30.1,1110,28.2,28,15.1,23,25,25,13.5,1.0,42.4,0,0,0.0,,0,
casino61.buzz,buzz,2026-09-08,2026-09-09,2,да,archive37строформленоv2часть2,archive,1,7,оформлено,Theme1,casino_prefix,8,685,1,1,да,387,15,12-17,2,0,0,206,206,206,150,56,0,1674,356,21.3,1181,70.5,137,8.2,35,17.0,17,24,26,11.7,1,33.7,0,0,0.0,,0,
casinoucp.lol,lol,2026-09-14,2026-09-15,2,да,content-2026-09-14-12str-oform_5,content-дата,1,12,оформлено,Theme1,casino_prefix,9,1158,1,1,да,605,19,18-23,1,0,0,206,206,206,150,56,0,1944,677,34.8,1177,60.5,90,4.6,52,25.2,33,47,51,22.8,1,22.6,0,0,0.0,,0,
casinox1.lol,lol,2026-09-16,2026-09-17,2,да,content-2026-09-14c-7str-oform-1_40,content-дата,1,7,оформлено,Theme1,casino_prefix,8,173,2,2,нет,858,3,00-05,3,206,0,206,206,206,150,56,0,1739,485,27.9,1174,67.5,80,4.6,47,22.8,38,43,43,20.9,0,25.0,0,0,0.0,,0,
q7a.team,team,2026-09-02,2026-09-03,2,да,NEW50_2_12pages_withdate_02.09,NEW,1,12,без оформления,Theme1,alpha_other,3,426,1,2,да,413,22,18-23,3,0,0,206,206,206,150,56,0,3654,1586,43.4,1173,32.1,895,24.5,61,29.6,45,52,56,25.2,1,19.2,0,0,0.0,,0,
7859.team,team,2026-09-15,2026-09-16,2,да,content-2026-09-14-7str-oform-9_13,content-дата,1,7,оформлено,Theme1,numeric,4,47,2,2,нет,634,4,00-05,2,206,0,206,206,206,150,56,0,2003,632,31.6,1168,58.3,203,10.1,13,6.3,7,13,13,6.3,1,89.8,0,0,0.0,,0,
2424.lol,lol,2026-09-20,2026-09-21,2,нет,content-2026-09-17-7str-oform-1_35,content-дата,1,7,оформлено,Theme1,numeric,4,1227,2,2,нет,865,13,12-17,7,0,206,206,0,206,150,56,0,2204,870,39.5,1163,52.8,171,7.8,57,27.7,,,,,0,20.4,0,0,0.0,,0,
llvm.casino,casino,2026-09-01,2026-09-02,2,да,NEW50_12pages_withdate_01.09,NEW,1,12,без оформления,Theme1,alpha_other,4,362,1,2,да,383,18,18-23,2,0,0,206,206,206,150,56,0,4610,2591,56.2,1159,25.1,860,18.7,81,39.3,68,79,79,38.3,1,14.3,0,0,0.0,,0,
8193.team,team,2026-09-03,2026-09-04,2,да,NEW50_12pages_withdate_01.09,NEW,1,12,без оформления,Theme1,numeric,4,459,1,2,да,14,9,06-11,4,0,0,206,206,206,150,56,0,2495,797,31.9,1156,46.3,542,21.7,49,23.8,40,43,43,20.9,0,23.6,0,0,0.0,,0,
1109sd.casino,casino,2026-09-11,2026-09-12,2,да,NEW102оформленобездаты,NEW,1,,оформлено,Theme1,alpha_other,6,963,1,1,да,105,14,12-17,5,0,0,206,206,206,150,56,0,1870,482,25.8,1154,61.7,234,12.5,63,30.6,40,49,59,23.8,1.0,18.3,0,0,0.0,,0,
casino947.lol,lol,2026-09-10,2026-09-11,2,да,archive37строформленоv2часть3,archive,1,7,оформлено,Theme1,casino_prefix,9,895,1,1,да,480,11,06-11,4,0,0,206,206,206,150,56,0,1812,397,21.9,1152,63.6,263,14.5,54,26.2,33,36,42,17.5,1.0,21.3,0,0,0.0,,0,
oxin.lol,lol,2026-09-15,2026-09-16,2,да,content-2026-09-14-7str-oform-8_35,content-дата,1,7,оформлено,Theme1,alpha_other,4,1185,1,1,да,582,0,00-05,1,0,0,206,206,206,150,56,0,1906,680,35.7,1151,60.4,75,3.9,31,15.0,17,27,29,13.1,1,37.1,0,0,0.0,,0,
casinok7.team,team,2026-09-07,2026-09-08,2,да,clean12_unique11оформлено,clean,1,,оформлено,Theme1,casino_prefix,8,653,1,1,да,282,20,18-23,1,0,0,206,206,206,150,56,0,2115,625,29.6,1147,54.2,343,16.2,64,31.1,57,61,61,29.6,1.0,17.9,0,0,0.0,,0,
4287.team,team,2026-09-07,2026-09-08,2,да,Выдача_06.09_12стр,прочее,1,12,,Theme1,numeric,4,585,1,1,да,235,9,06-11,1,0,0,206,206,206,150,56,0,2223,743,33.4,1143,51.4,337,15.2,46,22.3,31,34,35,16.5,0.0,24.8,0,0,0.0,,0,
pszk.team,team,2026-08-20,2026-08-21,2,да,КОНТЕНТ НЕ ЗАПИСАН,не записан,1,,,Theme1,alpha_other,4,16,2,3,нет,124,22,18-23,4,0,0,204,204,204,150,54,0,2444,849,34.7,1141,46.7,454,18.6,47,23.0,40,44,44,21.6,1,24.3,0,0,0.0,,0,
538casino.team,team,2026-09-17,2026-09-18,2,да,content-2026-09-16-7str_11,content-дата,1,7,,Theme1,casino_infix,9,396,2,2,нет,760,13,12-17,4,0,0,206,206,206,150,56,0,2328,1126,48.4,1140,49.0,62,2.7,48,23.3,37,46,47,22.3,1,23.8,0,0,0.0,,0,
casino604.team,team,2026-09-11,2026-09-12,2,да,NEW102оформленосдатой,NEW,1,,оформлено,Theme1,casino_prefix,9,944,1,1,да,152,12,12-17,5,0,0,206,206,206,150,56,0,1637,221,13.5,1136,69.4,280,17.1,14,6.8,6,6,13,2.9,4.5,81.1,0,0,0.0,,0,
1734.lol,lol,2026-09-16,2026-09-17,2,да,nabory-535-544_styled_img_2,nabory,1,,styled_img,Theme1,numeric,4,184,2,2,нет,818,4,00-05,3,206,0,206,206,206,150,56,0,2234,791,35.4,1129,50.5,314,14.1,36,17.5,27,30,30,14.6,0.0,31.4,0,0,0.0,,0,
4222.lol,lol,2026-09-20,2026-09-21,2,нет,content-2026-09-17-7str-oform-1_29,content-дата,1,7,оформлено,Theme1,numeric,4,1237,2,2,нет,859,14,12-17,7,0,206,206,0,206,150,56,0,1776,495,27.9,1129,63.6,152,8.6,63,30.6,,,,,0.0,17.9,0,0,0.0,,0,
jkzq.team,team,2026-08-19,2026-08-20,2,да,КОНТЕНТ НЕ ЗАПИСАН,не записан,1,,,Theme1,alpha_other,4,82,1,2,да,59,23,18-23,3,0,0,198,198,198,150,48,0,3223,1113,34.5,1125,34.9,985,30.6,49,24.7,43,48,48,24.2,1,23.0,0,0,0.0,,0,
oasc.lol,lol,2026-09-03,2026-09-04,2,да,NEW50_3_7pages_withdate_styled,NEW,1,7,без оформления,Theme1,alpha_other,4,513,1,2,да,27,21,18-23,4,0,0,206,206,206,150,56,0,2459,895,36.4,1121,45.6,443,18.0,50,24.3,39,47,47,22.8,1.0,22.4,0,0,0.0,,0,
5942.team,team,2026-08-20,2026-08-21,2,да,КОНТЕНТ НЕ ЗАПИСАН,не записан,1,,,Theme2,numeric,4,117,1,2,да,145,21,18-23,4,0,0,202,202,202,150,52,0,2786,853,30.6,1116,40.1,817,29.3,34,16.8,27,31,32,15.3,1,32.8,0,0,0.0,,0,
dsrt.team,team,2026-09-16,2026-09-17,2,да,content-2026-09-15-7str-oform-2_30,content-дата,1,7,оформлено,Theme1,alpha_other,4,263,2,2,нет,626,16,12-17,3,0,0,206,206,206,150,56,0,2165,815,37.6,1115,51.5,235,10.9,37,18.0,31,36,37,17.5,1,30.1,0,0,0.0,,0,
p8rs.team,team,2026-08-25,2026-08-26,2,да,КОНТЕНТ НЕ ЗАПИСАН,не записан,1,,,Theme1,alpha_other,4,261,1,3,да,267,18,18-23,2,0,0,206,206,206,150,56,0,3152,1100,34.9,1114,35.3,938,29.8,35,17.0,29,32,35,15.5,1,31.8,0,0,0.0,,0,
7014.team,team,2026-08-26,2026-08-27,2,да,КОНТРОЛЬ NEW50_5_7pages_nodate_21.08,контроль,1,7,без оформления,Theme1,numeric,4,312,1,2,да,331,23,18-23,3,0,0,206,206,206,150,56,0,3192,1786,56.0,1112,34.8,294,9.2,32,15.5,21,26,30,12.6,1.0,34.8,0,0,0.0,,0,
67casino.buzz,buzz,2026-09-08,2026-09-09,2,да,archive37строформленоv2часть2,archive,1,7,оформлено,Theme1,casino_infix,8,682,1,1,да,391,14,12-17,2,0,0,206,206,206,150,56,0,1747,455,26.0,1106,63.3,186,10.6,25,12.1,17,18,20,8.7,1,44.2,0,0,0.0,,0,
k5cr.team,team,2026-08-19,2026-08-20,2,да,КОНТЕНТ НЕ ЗАПИСАН,не записан,1,,,Theme2,alpha_other,4,83,1,2,да,87,23,18-23,3,0,0,198,198,198,150,48,0,3749,1649,44.0,1105,29.5,995,26.5,37,18.7,33,36,36,18.2,1,29.9,0,0,0.0,,0,
c8j9.casino,casino,2026-09-12,2026-09-13,2,да,NEW102оформленобездаты,NEW,1,,оформлено,Theme1,alpha_other,4,999,1,1,да,121,19,18-23,6,0,206,206,206,206,150,56,0,1826,452,24.8,1105,60.5,269,14.7,32,15.5,21,24,29,11.7,1,34.5,0,0,0.0,,0,
5847.live,live,2026-08-22,2026-08-23,2,да,КОНТЕНТ НЕ ЗАПИСАН,не записан,1,,,Theme1,numeric,4,190,1,2,да,214,21,18-23,6,0,206,206,206,206,150,56,0,3936,2030,51.6,1103,28.0,803,20.4,38,18.4,22,28,36,13.6,1.0,29.0,0,0,0.0,,0,
5329.team,team,2026-09-03,2026-09-04,2,да,КОНТЕНТ НЕ ЗАПИСАН,не записан,1,,,Theme1,numeric,4,442,1,2,да,421,2,00-05,4,206,0,206,206,206,150,56,0,3142,1293,41.2,1096,34.9,753,24.0,26,12.6,17,18,18,8.7,0.0,42.2,0,0,0.0,,0,
9279.team,team,2026-08-25,2026-08-26,2,да,КОНТРОЛЬ NEW50_5_7pages_nodate_21.08,контроль,1,7,без оформления,Theme1,numeric,4,243,1,2,да,258,15,12-17,2,0,0,206,206,206,150,56,0,1708,358,21.0,1086,63.6,264,15.5,26,12.6,20,24,24,11.7,1.0,41.8,0,0,0.0,,0,
casinoaun.lol,lol,2026-09-16,2026-09-17,2,да,nabory-555-564_styled_img_1,nabory,1,,styled_img,Theme1,casino_prefix,9,216,2,2,нет,782,9,06-11,3,0,0,206,206,206,150,56,0,2467,1217,49.3,1086,44.0,164,6.6,26,12.6,21,23,23,11.2,0,41.8,0,0,0.0,,0,
h6k8.lol,lol,2026-09-03,2026-09-04,2,да,NEW50_3_12pages_withdate_styled,NEW,1,12,без оформления,Theme1,alpha_other,4,509,1,2,да,46,21,18-23,4,0,0,206,206,206,150,56,0,3004,1151,38.3,1084,36.1,769,25.6,62,30.1,46,55,58,26.7,1.0,17.5,0,0,0.0,,0,
5256.team,team,2026-09-07,2026-09-08,2,да,NEW20_4_12pages_nodate,NEW,1,12,без оформления,Theme1,numeric,4,601,1,1,да,225,16,12-17,1,0,0,206,206,206,150,56,0,2032,542,26.7,1084,53.3,406,20.0,47,22.8,36,37,37,18.0,0,23.1,0,0,0.0,,0,
casinorj.lol,lol,2026-09-15,2026-09-16,2,да,content-2026-09-14c-7str-oform-2_33,content-дата,1,7,оформлено,Theme1,casino_prefix,8,135,2,2,нет,825,15,12-17,2,0,0,206,206,206,150,56,0,2221,918,41.3,1079,48.6,224,10.1,49,23.8,34,46,47,22.3,1,22.0,0,0,0.0,,0,
0302.team,team,2026-08-27,2026-08-28,2,да,КОНТЕНТ НЕ ЗАПИСАН,не записан,1,,,Theme1,numeric,4,318,1,2,да,349,19,18-23,4,0,0,206,206,206,150,56,0,2520,1103,43.8,1078,42.8,339,13.5,33,16.0,19,26,31,12.6,1,32.7,0,0,0.0,,0,
bwzs.casino,casino,2026-09-11,2026-09-12,2,да,NEW102оформленосдатой,NEW,1,,оформлено,Theme1,alpha_other,4,937,1,1,да,119,4,00-05,5,206,0,206,206,206,150,56,0,1693,388,22.9,1076,63.6,229,13.5,41,19.9,23,26,31,12.6,0.0,26.2,0,0,0.0,,0,
h3ns.team,team,2026-08-19,2026-08-20,2,да,КОНТЕНТ НЕ ЗАПИСАН,не записан,1,,,Theme2,alpha_other,4,79,1,2,да,85,23,18-23,3,0,0,198,198,198,150,48,0,3427,1619,47.2,1070,31.2,738,21.5,33,16.7,25,29,30,14.6,1,32.4,0,0,0.0,,0,
3803.lol,lol,2026-08-25,2026-08-26,2,да,КОНТРОЛЬ NEW50_5_7pages_nodate_21.08,контроль,1,7,без оформления,Theme1,numeric,4,239,1,2,да,310,15,12-17,2,0,0,206,206,206,150,56,0,2295,817,35.6,1070,46.6,408,17.8,23,11.2,19,23,23,11.2,1,46.5,0,0,0.0,,0,
casinoez.team,team,2026-09-15,2026-09-16,2,да,content-2026-09-14c-7str-oform-2_38,content-дата,1,7,оформлено,Theme1,casino_prefix,8,134,2,2,нет,844,15,12-17,2,0,0,206,206,206,150,56,0,2119,820,38.7,1069,50.4,230,10.9,48,23.3,37,48,48,23.3,1.0,22.3,0,0,0.0,,0,
qneh.team,team,2026-09-04,2026-09-05,2,да,kruzhevnayamasterskaya1html,прочее,1,,,Theme1,alpha_other,4,1203,1,2,да,210,17,12-17,5,0,0,206,206,206,150,56,0,2794,1213,43.4,1065,38.1,516,18.5,69,33.5,58,62,62,30.1,1,15.4,0,0,0.0,,0,
0783.lol,lol,2026-09-14,2026-09-15,2,да,content-2026-09-14-12str-oform_1,content-дата,1,12,оформлено,Theme1,numeric,4,1142,1,1,да,577,16,12-17,1,0,0,206,206,206,150,56,0,2224,1017,45.7,1065,47.9,142,6.4,29,14.1,18,28,29,13.6,1,36.7,0,0,0.0,,0,
casino507.lol,lol,2026-09-20,2026-09-21,2,нет,content-2026-09-17-7str-oform-1_50,content-дата,1,7,оформлено,Theme1,casino_prefix,9,1250,2,2,нет,880,16,12-17,7,0,206,206,0,206,150,56,0,1626,463,28.5,1059,65.1,104,6.4,46,22.3,,,,,0.0,23.0,0,0,0.0,,0,
1812.team,team,2026-09-06,2026-09-07,2,да,NEW20_3_7pages_nodate_styled_img,NEW,1,7,styled_img,Theme1,numeric,4,546,1,1,да,242,19,18-23,7,0,206,206,206,206,150,56,0,1666,399,23.9,1057,63.4,210,12.6,64,31.1,53,58,60,28.2,1,16.5,0,0,0.0,,0,
e1h3.team,team,2026-09-15,2026-09-16,2,да,content-2026-09-14c-7str-oform-2_15,content-дата,1,7,оформлено,Theme1,alpha_other,4,138,2,2,нет,764,15,12-17,2,0,0,206,206,206,150,56,0,2262,934,41.3,1056,46.7,272,12.0,22,10.7,11,20,20,9.7,1.0,48.0,0,0,0.0,,0,
6027.lol,lol,2026-09-07,2026-09-08,2,да,NEW20_4_7pages_withdate,NEW,1,7,без оформления,Theme1,numeric,4,603,1,1,да,329,16,12-17,1,0,0,206,206,206,150,56,0,2021,555,27.5,1050,52.0,416,20.6,31,15.0,19,22,25,10.7,1.0,33.9,0,0,0.0,,0,
5242.lol,lol,2026-09-19,2026-09-20,2,нет,nabory-651-660_3,nabory,1,,,Theme1,numeric,4,1197,2,2,нет,275,23,18-23,6,0,206,206,0,206,150,56,0,1631,421,25.8,1049,64.3,161,9.9,49,23.8,,,,,1,21.4,0,0,0.0,,0,
s5bg.team,team,2026-08-20,2026-08-21,2,да,КОНТЕНТ НЕ ЗАПИСАН,не записан,1,,,Theme2,alpha_other,4,136,1,2,да,161,21,18-23,4,0,0,203,203,203,150,53,0,3178,1038,32.7,1047,32.9,1093,34.4,42,20.7,30,33,37,16.3,1.0,24.9,0,0,0.0,,0,
7142.lol,lol,2026-09-07,2026-09-08,2,да,clean12_unique11оформлено,clean,1,,оформлено,Theme1,numeric,4,648,1,1,да,269,21,18-23,1,0,0,206,206,206,150,56,0,2770,1000,36.1,1045,37.7,725,26.2,62,30.1,47,52,56,25.2,1.0,16.9,0,0,0.0,,0,
1009t.casino,casino,2026-09-10,2026-09-11,2,да,archive47_unique119оформленочасть1,archive,1,,оформлено,Theme1,alpha_other,5,892,1,1,да,106,11,06-11,4,0,0,206,206,206,150,56,0,1714,316,18.4,1040,60.7,358,20.9,34,16.5,20,23,30,11.2,1,30.6,0,0,0.0,,0,
casinoyks.lol,lol,2026-09-19,2026-09-20,2,нет,content-2026-09-17b-7str-oform_30,content-дата,1,7,оформлено,Theme1,casino_prefix,9,736,2,2,нет,326,13,12-17,6,0,206,206,0,206,150,56,0,1647,532,32.3,1040,63.1,75,4.6,61,29.6,,,,,0,17.0,0,0,0.0,,0,
mncasino.lol,lol,2026-09-11,2026-09-12,2,да,NEW102оформленобездаты,NEW,1,,оформлено,Theme1,casino_infix,8,980,1,1,да,132,17,12-17,5,0,0,206,206,206,150,56,0,2250,753,33.5,1039,46.2,458,20.4,52,25.2,28,34,48,16.5,1.0,20.0,0,0,0.0,,0,
opue.team,team,2026-09-17,2026-09-18,2,да,content-2026-09-16-7str_29,content-дата,1,7,,Theme1,alpha_other,4,425,2,2,нет,778,20,18-23,4,0,0,206,206,206,150,56,0,1888,783,41.5,1019,54.0,86,4.6,33,16.0,23,32,32,15.5,1.0,30.9,0,0,0.0,,0,
8908.lol,lol,2026-09-07,2026-09-08,2,да,NEW20_12pages_withdate_оформлено,NEW,1,12,оформлено,Theme1,numeric,4,630,1,1,да,347,19,18-23,1,0,0,206,206,206,150,56,0,2121,728,34.3,1017,47.9,376,17.7,34,16.5,31,31,32,15.0,1.0,29.9,0,0,0.0,,0,
casinoodm.team,team,2026-09-06,2026-09-07,2,да,nabory421425_styled_img,nabory,1,,styled_img,Theme1,casino_prefix,9,580,1,1,да,262,21,18-23,7,0,206,206,206,206,150,56,0,2347,801,34.1,1015,43.2,531,22.6,62,30.1,46,55,56,26.7,1,16.4,0,0,0.0,,0,
x5i.team,team,2026-09-06,2026-09-07,2,да,NEW20_3_7pages_nodate_styled_img,NEW,1,7,styled_img,Theme1,alpha_other,3,577,1,1,да,233,20,18-23,7,0,206,206,206,206,150,56,0,2260,805,35.6,1010,44.7,445,19.7,71,34.5,61,70,71,34.0,1,14.2,0,0,0.0,,0,
274casino.lol,lol,2026-09-06,2026-09-07,2,да,nabory411420_styled_img,nabory,1,,styled_img,Theme1,casino_infix,9,540,1,1,да,278,18,18-23,7,0,206,206,206,206,150,56,0,1836,622,33.9,1007,54.8,207,11.3,23,11.2,17,20,22,9.7,1,43.8,0,0,0.0,,0,
casino362.lol,lol,2026-09-19,2026-09-20,2,нет,nabory-631-640_5,nabory,1,,,Theme1,casino_prefix,9,535,2,2,нет,342,4,00-05,6,206,206,206,0,206,150,56,0,1401,303,21.6,1006,71.8,92,6.6,35,17.0,,,,,0.0,28.7,0,0,0.0,,0,
16casino.lol,lol,2026-09-08,2026-09-09,2,да,archive37строформленоv2часть2,archive,1,7,оформлено,Theme1,casino_infix,8,677,1,1,да,400,14,12-17,2,0,0,206,206,206,150,56,0,1732,578,33.4,1001,57.8,153,8.8,30,14.6,21,23,24,11.2,1.0,33.4,0,0,0.0,,0,
dnfz.team,team,2026-08-28,2026-08-29,2,да,КОНТЕНТ НЕ ЗАПИСАН,не записан,1,,,Theme1,alpha_other,4,110,2,3,нет,363,17,12-17,5,0,0,206,206,206,150,56,0,3922,2084,53.1,995,25.4,843,21.5,34,16.5,31,32,33,15.5,1,29.3,0,0,0.0,,0,
qtcasino.lol,lol,2026-09-20,2026-09-21,2,нет,nabory-651-660_6,nabory,1,,,Theme1,casino_infix,8,1216,2,2,нет,278,5,00-05,7,206,206,206,0,206,150,56,0,1539,367,23.8,994,64.6,178,11.6,71,34.5,,,,,0,14.0,0,0,0.0,,0,
0291.lol,lol,2026-09-16,2026-09-17,2,да,content-2026-09-14b-7str-oform-2_12,content-дата,1,7,оформлено,Theme1,numeric,4,205,2,2,нет,751,7,06-11,3,0,0,206,206,206,150,56,0,1858,684,36.8,993,53.4,181,9.7,35,17.0,26,33,33,16.0,1,28.4,0,0,0.0,,0,
5648.lol,lol,2026-09-11,2026-09-12,2,да,clean7_part1_50оформлено,clean,1,,оформлено,Theme1,numeric,4,1024,1,1,да,232,18,18-23,5,0,0,206,206,206,150,56,0,1418,271,19.1,988,69.7,159,11.2,28,13.6,21,22,27,10.7,0.5,35.3,0,0,0.0,,0,
g4pb.team,team,2026-08-18,2026-08-19,2,да,КОНТЕНТ НЕ ЗАПИСАН,не записан,1,,,Theme1,alpha_other,4,32,1,2,да,38,23,18-23,2,0,0,184,184,184,150,34,0,3607,1768,49.0,986,27.3,853,23.6,40,21.7,37,39,40,21.2,1.0,24.6,0,0,0.0,,0,
casino1596.team,team,2026-09-16,2026-09-17,2,да,nabory-535-544_styled_img_7,nabory,1,,styled_img,Theme1,casino_prefix,10,193,2,2,нет,833,6,06-11,3,0,0,206,206,206,150,56,0,1673,525,31.4,983,58.8,165,9.9,19,9.2,14,15,15,7.3,0,51.7,0,0,0.0,,0,
zsgl.team,team,2026-08-25,2026-08-26,2,да,Generator_11page_NOimg_25.08,Generator,1,11,,Theme1,alpha_other,4,237,1,2,да,231,15,12-17,2,0,0,206,206,206,150,56,0,2387,926,38.8,980,41.1,481,20.2,35,17.0,24,31,34,15.0,1,28.0,0,0,0.0,,0,
f9kq.team,team,2026-08-27,2026-08-28,2,да,КОНТЕНТ НЕ ЗАПИСАН,не записан,1,,,Theme1,alpha_other,4,333,1,2,да,354,19,18-23,4,0,0,206,206,206,150,56,0,1714,495,28.9,980,57.2,239,13.9,18,8.7,9,11,12,5.3,1.5,54.4,0,0,0.0,,0,
lwqm.team,team,2026-09-15,2026-09-16,2,да,content-2026-09-14b-7str-oform-2_39,content-дата,1,7,оформлено,Theme1,alpha_other,4,79,2,2,нет,658,8,06-11,2,0,0,206,206,206,150,56,0,1679,605,36.0,979,58.3,95,5.7,33,16.0,20,29,30,14.1,1.0,29.7,0,0,0.0,,0,
3885casino.team,team,2026-09-12,2026-09-13,2,да,content-2026-09-12-7str-oform-1,content-дата,1,7,оформлено,Theme1,casino_infix,10,1361,1,1,да,494,15,12-17,6,0,206,206,206,206,150,56,0,1775,549,30.9,978,55.1,248,14.0,28,13.6,13,16,26,7.8,1.5,34.9,0,0,0.0,,0,
5256.lol,lol,2026-09-06,2026-09-07,2,да,NEW20_3_7pages_nodate_styled_img,NEW,1,7,styled_img,Theme1,numeric,4,549,1,1,да,248,19,18-23,7,0,205,205,205,205,150,55,0,1564,378,24.2,974,62.3,212,13.6,24,11.7,18,20,22,9.8,1.0,40.6,0,0,0.0,,0,
9785.team,team,2026-08-25,2026-08-26,2,да,Generator_11page_img_25.08,Generator,1,11,,Theme1,numeric,4,230,1,2,да,240,15,12-17,2,0,0,206,206,206,150,56,0,2626,918,35.0,973,37.1,735,28.0,46,22.3,39,43,46,20.9,1.0,21.2,0,0,0.0,,0,
9751.lol,lol,2026-08-26,2026-08-27,2,да,NEW17_NOimg_withdate_26.08,NEW,1,,без оформления,Theme1,numeric,4,291,1,2,да,318,16,12-17,3,0,0,206,206,206,150,56,0,2337,909,38.9,955,40.9,473,20.2,11,5.3,10,10,10,4.9,1.0,86.8,0,0,0.0,,0,
5442.lol,lol,2026-09-16,2026-09-17,2,да,nabory-535-544_styled_img_3,nabory,1,,styled_img,Theme1,numeric,4,187,2,2,нет,819,5,00-05,3,206,0,206,206,206,150,56,0,2075,846,40.8,949,45.7,280,13.5,48,23.3,36,44,44,21.4,1.0,19.8,0,0,0.0,,0,
7590.lol,lol,2026-09-02,2026-09-03,2,да,nabory274283,nabory,1,,,Theme1,numeric,4,415,1,2,да,465,21,18-23,3,0,0,206,206,206,150,56,0,2493,1053,42.2,945,37.9,495,19.9,30,14.6,28,29,29,14.1,1.0,31.5,0,0,0.0,,0,
quu.casino,casino,2026-09-01,2026-09-02,2,да,NEW50_12pages_nodate_01.09,NEW,1,12,без оформления,Theme1,alpha_other,3,348,1,2,да,389,18,18-23,2,0,0,206,206,206,150,56,0,4081,2145,52.6,944,23.1,992,24.3,65,31.6,48,61,61,29.6,1,14.5,0,0,0.0,,0,
casino62.lol,lol,2026-09-11,2026-09-12,2,да,clean7_part1_50оформлено,clean,1,,оформлено,Theme1,casino_prefix,8,1030,1,1,да,273,14,12-17,5,0,0,206,206,206,150,56,0,1257,246,19.6,943,75.0,68,5.4,32,15.5,16,18,27,8.7,1.0,29.5,0,0,0.0,,0,
casinozzx.team,team,2026-09-15,2026-09-16,2,да,nabory-515-524_styled_img_2,nabory,1,,styled_img,Theme1,casino_prefix,9,1,5,5,нет,674,3,00-05,2,206,0,206,206,206,150,56,0,1693,585,34.6,943,55.7,165,9.7,25,12.1,14,21,22,10.2,1.0,37.7,0,0,0.0,,0,
62casino.lol,lol,2026-09-20,2026-09-21,2,нет,content-2026-09-19-12str_3,content-дата,1,12,,Theme1,casino_infix,8,1241,2,2,нет,887,15,12-17,7,0,206,206,0,206,150,56,0,1558,524,33.6,942,60.5,92,5.9,63,30.6,,,,,0.0,15.0,0,0,0.0,,0,
0311.team,team,2026-09-07,2026-09-08,2,да,nabory436440_styled_img,nabory,1,,styled_img,Theme1,numeric,4,616,1,1,да,342,18,18-23,1,0,0,206,206,206,150,56,0,1902,591,31.1,936,49.2,375,19.7,35,17.0,27,28,28,13.6,1,26.7,0,0,0.0,,0,
1523.lol,lol,2026-09-15,2026-09-16,2,да,content-2026-09-14c-7str-oform-1_37,content-дата,1,7,оформлено,Theme1,numeric,4,18,3,3,нет,855,17,12-17,2,0,0,206,206,206,150,56,0,2101,851,40.5,933,44.4,317,15.1,31,15.0,16,28,30,13.6,1.0,30.1,0,0,0.0,,0,
7966.lol,lol,2026-09-16,2026-09-17,2,да,content-2026-09-15-7str-oform-2_16,content-дата,1,7,оформлено,Theme1,numeric,4,268,2,2,нет,612,20,18-23,3,0,0,206,206,206,150,56,0,2148,1081,50.3,930,43.3,137,6.4,43,20.9,33,43,43,20.9,1,21.6,0,0,0.0,,0,
w9g6.lol,lol,2026-09-20,2026-09-21,2,нет,content-2026-09-17b-7str-oform_4,content-дата,1,7,оформлено,Theme1,alpha_other,4,1222,2,2,нет,300,7,06-11,7,0,206,206,0,206,150,56,0,1343,299,22.3,930,69.2,114,8.5,33,16.0,,,,,0.0,28.2,0,0,0.0,,0,
vbgq.team,team,2026-08-20,2026-08-21,2,да,КОНТЕНТ НЕ ЗАПИСАН,не записан,1,,,Theme1,alpha_other,4,21,2,3,нет,129,22,18-23,4,0,0,202,202,202,150,52,0,2763,1194,43.2,926,33.5,643,23.3,34,16.8,25,29,31,14.4,1.0,27.2,0,0,0.0,,0,
dlnb.team,team,2026-08-19,2026-08-20,2,да,КОНТЕНТ НЕ ЗАПИСАН,не записан,1,,,Theme2,alpha_other,4,78,1,2,да,51,23,18-23,3,0,0,198,198,198,150,48,0,3331,1639,49.2,923,27.7,769,23.1,45,22.7,42,45,45,22.7,1,20.5,0,0,0.0,,0,
7978.team,team,2026-09-06,2026-09-07,2,да,troykaC,прочее,1,,,Theme1,numeric,4,554,1,1,да,274,20,18-23,7,0,206,206,206,206,150,56,0,1556,461,29.6,923,59.3,172,11.1,27,13.1,22,25,25,12.1,1,34.2,0,0,0.0,,0,
4087.team,team,2026-08-27,2026-08-28,2,да,КОНТЕНТ НЕ ЗАПИСАН,не записан,1,,,Theme1,numeric,4,325,1,2,да,342,19,18-23,4,0,0,206,206,206,150,56,0,1799,709,39.4,922,51.3,168,9.3,25,12.1,19,24,25,11.7,1,36.9,0,0,0.0,,0,
axuj.buzz,buzz,2026-09-09,2026-09-10,2,да,archive412_unique12оформлено,archive,1,,оформлено,Theme1,alpha_other,4,787,1,1,да,425,12,12-17,3,0,0,205,205,205,150,55,0,2797,1515,54.2,918,32.8,364,13.0,61,29.8,46,49,51,23.9,1,15.0,0,0,0.0,,0,
p8l7.team,team,2026-09-07,2026-09-08,2,да,clean12_unique11оформлено,clean,1,,оформлено,Theme1,alpha_other,4,656,1,1,да,334,20,18-23,1,0,0,206,206,206,150,56,0,1431,340,23.8,917,64.1,174,12.2,56,27.2,40,48,49,23.3,1.0,16.4,0,0,0.0,,0,
75casino.team,team,2026-09-10,2026-09-11,2,да,nabory470472_styled_img,nabory,1,,styled_img,Theme1,casino_infix,8,904,1,1,да,185,16,12-17,4,0,0,206,206,206,150,56,0,1726,518,30.0,917,53.1,291,16.9,54,26.2,34,36,46,17.5,1.0,17.0,0,0,0.0,,0,
k6ms.team,team,2026-08-18,2026-08-19,2,да,КОНТЕНТ НЕ ЗАПИСАН,не записан,1,,,Theme1,alpha_other,4,35,1,2,да,41,23,18-23,2,0,0,184,184,184,150,34,0,4101,2159,52.6,916,22.3,1026,25.0,47,25.5,43,47,47,25.5,1,19.5,0,0,0.0,,0,
4994.team,team,2026-09-06,2026-09-07,2,да,nabory400410_styled_img,nabory,1,,styled_img,Theme1,numeric,4,548,1,1,да,224,19,18-23,7,0,206,206,206,206,150,56,0,1653,484,29.3,915,55.4,254,15.4,14,6.8,11,11,12,5.3,1,65.4,0,0,0.0,,0,
ikmd.lol,lol,2026-09-03,2026-09-04,2,да,КОНТЕНТ НЕ ЗАПИСАН,не записан,1,,,Theme1,alpha_other,4,430,1,2,да,419,0,00-05,4,206,0,206,206,206,150,56,0,3573,2134,59.7,914,25.6,525,14.7,52,25.2,44,44,44,21.4,0,17.6,0,0,0.0,,0,
casino66.team,team,2026-09-11,2026-09-12,2,да,КОНТЕНТ НЕ ЗАПИСАН,не записан,1,,,Theme1,casino_prefix,8,1328,1,1,да,256,21,18-23,5,0,0,205,205,205,150,55,0,1958,691,35.3,912,46.6,355,18.1,39,19.0,27,31,38,15.1,1.0,23.4,0,0,0.0,,0,
q8l4.lol,lol,2026-09-15,2026-09-16,2,да,content-2026-09-14-7str-oform-8_27,content-дата,1,7,оформлено,Theme1,alpha_other,4,63,2,2,нет,599,6,06-11,2,206,0,206,206,206,150,56,0,1681,598,35.6,907,54.0,176,10.5,9,4.4,5,9,9,4.4,1,100.8,0,0,0.0,,0,
casinorca.team,team,2026-09-17,2026-09-18,2,да,content-2026-09-14b-7str-oform-1_43,content-дата,1,7,оформлено,Theme1,casino_prefix,9,383,2,2,нет,799,12,12-17,4,0,0,206,206,206,150,56,0,1722,781,45.4,907,52.7,34,2.0,55,26.7,30,53,55,25.7,1,16.5,0,0,0.0,,0,
qbnv.lol,lol,2026-08-21,2026-08-22,2,да,КОНТЕНТ НЕ ЗАПИСАН,не записан,1,,,Theme1,alpha_other,4,153,1,2,да,196,19,18-23,5,0,0,206,206,206,150,56,0,2857,1145,40.1,906,31.7,806,28.2,34,16.5,25,28,32,13.6,1.0,26.6,0,0,0.0,,0,
casino0409d.casino,casino,2026-09-04,2026-09-05,2,да,NEW20_12pages_withdate_styled_img,NEW,1,12,styled_img,Theme1,casino_prefix,11,1221,1,2,да,151,19,18-23,5,0,0,206,206,206,150,56,0,1980,690,34.8,905,45.7,385,19.4,48,23.3,39,45,45,21.8,1.0,18.9,0,0,0.0,,0,
j2i.lol,lol,2026-09-19,2026-09-20,2,нет,content-2026-09-17-7str-oform-2_33,content-дата,1,7,оформлено,Theme1,alpha_other,3,559,2,2,нет,704,15,12-17,6,0,206,206,0,206,150,56,0,1574,551,35.0,905,57.5,118,7.5,54,26.2,,,,,0,16.8,0,0,0.0,,0,
5067.lol,lol,2026-09-09,2026-09-10,2,да,archive47_unique119оформленочасть1,archive,1,,оформлено,Theme1,numeric,4,852,1,1,да,10,18,18-23,3,0,0,206,206,206,150,56,0,3820,2667,69.8,904,23.7,249,6.5,45,21.8,27,28,35,13.6,1.0,20.1,0,0,0.0,,0,
3902.team,team,2026-09-07,2026-09-08,2,да,nabory431435_styled_img,nabory,1,,styled_img,Theme1,numeric,4,599,1,1,да,280,16,12-17,1,0,0,206,206,206,150,56,0,1589,418,26.3,903,56.8,268,16.9,34,16.5,29,30,30,14.6,0.0,26.6,0,0,0.0,,0,
kitg.lol,lol,2026-09-09,2026-09-10,2,да,archive47_unique119оформленочасть1,archive,1,,оформлено,Theme1,alpha_other,4,862,1,1,да,14,20,18-23,3,0,0,206,206,206,150,56,0,2775,1463,52.7,903,32.5,409,14.7,65,31.6,32,45,54,21.8,2,13.9,0,0,0.0,,0,
zgin.team,team,2026-09-12,2026-09-13,2,да,content-2026-09-12-7str-oform-2,content-дата,1,7,оформлено,Theme1,alpha_other,4,1072,1,1,да,542,13,12-17,6,0,206,206,206,206,150,56,0,1816,632,34.8,902,49.7,282,15.5,35,17.0,23,27,34,13.1,1.0,25.8,0,0,0.0,,0,
588casino.lol,lol,2026-09-15,2026-09-16,2,да,content-2026-09-14c-7str-oform-1_35,content-дата,1,7,оформлено,Theme1,casino_infix,9,151,2,2,нет,853,20,18-23,2,0,0,206,206,206,150,56,0,1784,732,41.0,902,50.6,150,8.4,59,28.6,40,56,59,27.2,1,15.3,0,0,0.0,,0,
2528.team,team,2026-09-07,2026-09-08,2,да,clean12_unique11оформлено,clean,1,,оформлено,Theme1,numeric,4,645,1,1,да,304,21,18-23,1,0,0,206,206,206,150,56,0,2256,813,36.0,898,39.8,545,24.2,57,27.7,45,49,50,23.8,1,15.8,0,0,0.0,,0,
0299.team,team,2026-09-10,2026-09-11,2,да,archive47_unique119оформленочасть2,archive,1,,оформлено,Theme1,numeric,4,816,1,1,да,18,19,18-23,3,0,0,206,206,206,150,56,0,1361,241,17.7,894,65.7,226,16.6,15,7.3,11,14,15,6.8,1,59.6,0,0,0.0,,0,
07casino.buzz,buzz,2026-09-08,2026-09-09,2,да,nabory447451_styled_img,nabory,1,,styled_img,Theme1,casino_infix,8,756,1,1,да,467,20,18-23,2,0,0,206,206,206,150,56,0,1544,440,28.5,893,57.8,211,13.7,35,17.0,30,32,33,15.5,1,25.5,0,0,0.0,,0,
swdp.team,team,2026-08-20,2026-08-21,2,да,КОНТЕНТ НЕ ЗАПИСАН,не записан,1,,,Theme1,alpha_other,4,19,2,3,нет,127,22,18-23,4,0,0,204,204,204,150,54,0,2263,915,40.4,891,39.4,457,20.2,30,14.7,23,28,30,13.7,1.0,29.7,0,0,0.0,,0,
v2ld.lol,lol,2026-08-21,2026-08-22,2,да,КОНТЕНТ НЕ ЗАПИСАН,не записан,1,,,Theme1,alpha_other,4,175,1,2,да,203,22,18-23,5,0,0,205,205,205,150,55,0,3120,1617,51.8,890,28.5,613,19.6,22,10.7,19,22,22,10.7,1.0,40.5,0,0,0.0,,0,
xtcasino.lol,lol,2026-09-20,2026-09-21,2,нет,content-2026-09-17-7str-oform-1_24,content-дата,1,7,оформлено,Theme1,casino_infix,8,1279,2,2,нет,854,19,18-23,7,0,206,206,0,206,150,56,0,1462,426,29.1,885,60.5,151,10.3,47,22.8,,,,,0,18.8,0,0,0.0,,0,
50casino.team,team,2026-09-15,2026-09-16,2,да,content-2026-09-14c-7str-oform-2_41,content-дата,1,7,оформлено,Theme1,casino_infix,8,126,2,2,нет,870,14,12-17,2,0,0,206,206,206,150,56,0,1957,847,43.3,881,45.0,229,11.7,36,17.5,28,33,35,16.0,1,24.5,0,0,0.0,,0,
9412.team,team,2026-09-16,2026-09-17,2,да,nabory-565-580_12,nabory,1,,,Theme1,numeric,4,237,2,2,нет,658,11,06-11,3,0,0,205,205,205,150,55,0,3059,1922,62.8,881,28.8,256,8.4,52,25.4,38,47,47,22.9,1,16.9,0,0,0.0,,0,
muacasino.team,team,2026-09-06,2026-09-07,2,да,struktura8x7,прочее,1,,,Theme1,casino_infix,9,1319,1,1,да,260,18,18-23,7,0,206,206,206,206,150,56,0,1665,574,34.5,880,52.9,211,12.7,57,27.7,48,51,52,24.8,1,15.4,0,0,0.0,,0,
4729.team,team,2026-09-02,2026-09-03,2,да,NEW50_2_12pages_withdate_02.09,NEW,1,12,без оформления,Theme1,numeric,4,422,1,2,да,447,22,18-23,3,0,0,206,206,206,150,56,0,2735,1198,43.8,878,32.1,659,24.1,43,20.9,37,41,41,19.9,1,20.4,0,0,0.0,,0,
2008jd.buzz,buzz,2026-08-20,2026-08-21,2,да,КОНТЕНТ НЕ ЗАПИСАН,не записан,1,,,Theme2,alpha_other,6,87,1,2,да,103,12,12-17,4,0,0,199,199,199,150,49,0,3325,1307,39.3,876,26.3,1142,34.3,48,24.1,37,40,42,20.1,1,18.2,0,0,0.0,,0,
6542.lol,lol,2026-09-20,2026-09-21,2,нет,content-2026-09-17-7str-oform-1_48,content-дата,1,7,оформлено,Theme1,numeric,4,1243,2,2,нет,878,15,12-17,7,0,206,206,0,206,150,56,0,1528,497,32.5,874,57.2,157,10.3,52,25.2,,,,,0,16.8,0,0,0.0,,0,
7612.lol,lol,2026-09-03,2026-09-04,2,да,NEW50_3_12pages_nodate_styled,NEW,1,12,без оформления,Theme1,numeric,4,499,1,2,да,42,20,18-23,4,0,0,206,206,206,150,56,0,2624,1252,47.7,873,33.3,499,19.0,33,16.0,25,30,32,14.6,1,26.5,0,0,0.0,,0,
casinoa1.lol,lol,2026-09-20,2026-09-21,2,нет,content-2026-09-17-7str-oform-1_39,content-дата,1,7,оформлено,Theme1,casino_prefix,8,1264,2,2,нет,869,17,12-17,7,0,206,206,0,206,150,56,0,1543,567,36.7,873,56.6,103,6.7,56,27.2,,,,,0,15.6,0,0,0.0,,0,
3616.lol,lol,2026-09-16,2026-09-17,2,да,content-2026-09-15-7str-oform-2_17,content-дата,1,7,оформлено,Theme1,numeric,4,282,2,2,нет,613,20,18-23,3,0,0,206,206,206,150,56,0,2011,1052,52.3,869,43.2,90,4.5,34,16.5,24,34,34,16.5,1.0,25.6,0,0,0.0,,0,
4811.team,team,2026-08-25,2026-08-26,2,да,Generator_11page_img_25.08,Generator,1,11,,Theme1,numeric,4,225,1,2,да,237,15,12-17,2,0,0,206,206,206,150,56,0,2474,1096,44.3,865,35.0,513,20.7,23,11.2,17,21,23,10.2,1,37.6,0,0,0.0,,0,
7873.team,team,2026-08-25,2026-08-26,2,да,КОНТЕНТ НЕ ЗАПИСАН,не записан,1,,,Theme1,numeric,4,259,1,2,да,284,18,18-23,2,0,0,206,206,206,150,56,0,2544,1050,41.3,859,33.8,635,25.0,24,11.7,17,21,23,10.2,1.0,35.8,0,0,0.0,,0,
o5h7.team,team,2026-09-02,2026-09-03,2,да,NEW50_2_12pages_withdate_02.09,NEW,1,12,без оформления,Theme1,alpha_other,4,396,1,2,да,451,18,18-23,3,0,0,206,206,206,150,56,0,2630,1078,41.0,858,32.6,694,26.4,57,27.7,53,57,57,27.7,1,15.1,0,0,0.0,,0,
378casino.team,team,2026-09-12,2026-09-13,2,да,content-2026-09-12-7str-oform-2,content-дата,1,7,оформлено,Theme1,casino_infix,9,1355,1,1,да,487,15,12-17,6,0,206,206,206,206,150,56,0,1385,367,26.5,857,61.9,161,11.6,16,7.8,6,7,16,3.4,4.0,53.6,0,0,0.0,,0,
1750.team,team,2026-08-24,2026-08-25,2,да,ТЕСТ B Generator_11page_NOimg_24.08,тест,1,11,,Theme1,numeric,4,210,1,2,да,292,18,18-23,1,0,0,206,206,206,150,56,0,3008,1351,44.9,854,28.4,803,26.7,33,16.0,29,31,32,15.0,1,25.9,0,0,0.0,,0,
diii.team,team,2026-09-15,2026-09-16,2,да,content-2026-09-14b-7str-oform-2_30,content-дата,1,7,оформлено,Theme1,alpha_other,4,6,2,2,нет,766,12,12-17,2,0,0,206,206,206,150,56,0,1753,773,44.1,852,48.6,128,7.3,37,18.0,26,35,35,17.0,0,23.0,0,0,0.0,,0,
yaid.team,team,2026-09-17,2026-09-18,2,да,content-2026-09-15-7str-oform-1_31,content-дата,1,7,оформлено,Theme1,alpha_other,4,332,2,2,нет,557,5,00-05,4,206,0,206,206,206,150,56,0,1695,736,43.4,848,50.0,111,6.5,20,9.7,14,19,19,9.2,0,42.4,0,0,0.0,,0,
0760.team,team,2026-09-15,2026-09-16,2,да,content-2026-09-14c-7str-oform-2_22,content-дата,1,7,оформлено,Theme1,numeric,4,114,2,2,нет,799,13,12-17,2,0,0,206,206,206,150,56,0,1895,785,41.4,846,44.6,264,13.9,51,24.8,41,49,50,23.8,1.0,16.6,0,0,0.0,,0,
8077.team,team,2026-09-17,2026-09-18,2,да,content-2026-09-14b-7str-oform-1_39,content-дата,1,7,оформлено,Theme1,numeric,4,440,2,2,нет,747,23,18-23,4,0,0,206,206,206,150,56,0,1322,397,30.0,843,63.8,82,6.2,22,10.7,10,21,22,10.2,2.0,38.3,0,0,0.0,,0,
a1j.lol,lol,2026-09-03,2026-09-04,2,да,NEW50_3_12pages_withdate_styled,NEW,1,12,без оформления,Theme1,alpha_other,3,508,1,2,да,45,21,18-23,4,0,0,206,206,206,150,56,0,4016,921,22.9,841,20.9,2254,56.1,45,21.8,30,41,41,19.9,1,18.7,0,0,0.0,,0,
6473.team,team,2026-08-20,2026-08-21,2,да,КОНТЕНТ НЕ ЗАПИСАН,не записан,1,,,Theme2,numeric,4,119,1,2,да,147,21,18-23,4,0,0,204,204,204,150,54,0,1984,890,44.9,840,42.3,254,12.8,8,3.9,8,8,8,3.9,1.0,105.0,0,0,0.0,,0,
syoo.team,team,2026-09-03,2026-09-04,2,да,NEW50_7pages_nodate_01.09,NEW,1,7,без оформления,Theme1,alpha_other,4,464,1,2,да,20,9,06-11,4,0,0,206,206,206,150,56,0,2495,811,32.5,836,33.5,848,34.0,62,30.1,38,49,50,23.8,1,13.5,0,0,0.0,,0,
casinodx.team,team,2026-09-16,2026-09-17,2,да,nabory-565-580_8,nabory,1,,,Theme1,casino_prefix,8,238,2,2,нет,654,13,12-17,3,0,0,206,206,206,150,56,0,2833,1738,61.3,833,29.4,262,9.2,39,18.9,33,36,36,17.5,0.0,21.4,0,0,0.0,,0,
5671.team,team,2026-09-02,2026-09-03,2,да,nabory274283,nabory,1,,,Theme1,numeric,4,381,1,2,да,474,17,12-17,3,0,0,206,206,206,150,56,0,2827,1083,38.3,828,29.3,916,32.4,44,21.4,32,38,38,18.4,1.0,18.8,0,0,0.0,,0,
fuen.team,team,2026-09-07,2026-09-08,2,да,NEW20_7pages_nodate_оформлено,NEW,1,7,оформлено,Theme1,alpha_other,4,635,1,1,да,297,20,18-23,1,0,0,206,206,206,150,56,0,1454,421,29.0,827,56.9,206,14.2,38,18.4,28,30,30,14.6,1.0,21.8,0,0,0.0,,0,
8531.team,team,2026-09-15,2026-09-16,2,да,content-2026-09-14b-7str-oform-2_50,content-дата,1,7,оформлено,Theme1,numeric,4,74,2,2,нет,675,7,06-11,2,0,0,206,206,206,150,56,0,1298,410,31.6,826,63.6,62,4.8,37,18.0,22,35,35,17.0,1,22.3,0,0,0.0,,0,
cxqj.team,team,2026-09-13,2026-09-14,2,да,content-2026-09-12-7str-oform-3,content-дата,1,7,оформлено,Theme1,alpha_other,4,1098,1,1,да,513,15,12-17,7,0,206,206,206,206,150,56,0,1324,311,23.5,823,62.2,190,14.4,28,13.6,23,23,28,11.2,1.0,29.4,0,0,0.0,,0,
w9i2.lol,lol,2026-09-16,2026-09-17,2,да,nabory-545-554_styled_img_4,nabory,1,,styled_img,Theme1,alpha_other,4,204,2,2,нет,865,7,06-11,3,0,0,206,206,206,150,56,0,1629,627,38.5,820,50.3,182,11.2,32,15.5,27,28,29,13.6,0,25.6,0,0,0.0,,0,
n2m.team,team,2026-09-17,2026-09-18,2,да,content-2026-09-16-7str_19,content-дата,1,7,,Theme1,alpha_other,3,419,2,2,нет,768,17,12-17,4,0,0,206,206,206,150,56,0,1904,1015,53.3,820,43.1,69,3.6,18,8.7,14,18,18,8.7,1.0,45.6,0,0,0.0,,0,
w4g.team,team,2026-08-24,2026-08-25,2,да,ТЕСТ B Generator_11page_NOimg_24.08,тест,1,11,,Theme1,alpha_other,3,218,1,2,да,265,18,18-23,1,0,0,206,206,206,150,56,0,3649,1985,54.4,819,22.4,845,23.2,37,18.0,37,37,37,18.0,1,22.1,0,0,0.0,,0,
mwrp.team,team,2026-09-06,2026-09-07,2,да,NEW20_3_7pages_nodate_styled_img,NEW,1,7,styled_img,Theme1,alpha_other,4,571,1,1,да,244,20,18-23,7,0,206,206,206,206,150,56,0,2643,606,22.9,815,30.8,1222,46.2,58,28.2,55,57,57,27.7,1.0,14.1,0,0,0.0,,0,
gzb.lol,lol,2026-09-16,2026-09-17,2,да,content-2026-09-14c-7str-oform-2_10,content-дата,1,7,оформлено,Theme1,alpha_other,3,175,2,2,нет,889,3,00-05,3,206,0,206,206,206,150,56,0,1465,500,34.1,814,55.6,151,10.3,43,20.9,34,38,39,18.4,0,18.9,0,0,0.0,,0,
v5gp.team,team,2026-08-25,2026-08-26,2,да,Generator_11page_NOimg_25.08,Generator,1,11,,Theme1,alpha_other,4,234,1,2,да,243,15,12-17,2,0,0,206,206,206,150,56,0,2686,1051,39.1,811,30.2,824,30.7,25,12.1,23,25,25,12.1,1,32.4,0,0,0.0,,0,
31casino.team,team,2026-09-07,2026-09-08,2,да,NEW20_4_7pages_nodate,NEW,1,7,без оформления,Theme1,casino_infix,8,597,1,1,да,310,16,12-17,1,0,0,206,206,206,150,56,0,1669,620,37.1,808,48.4,241,14.4,20,9.7,12,14,14,6.8,1.0,40.4,0,0,0.0,,0,
6578.lol,lol,2026-09-18,2026-09-19,2,да,content-2026-09-17b-7str-oform_10,content-дата,1,7,оформлено,Theme1,numeric,4,524,2,2,нет,306,20,18-23,5,0,0,206,206,206,150,56,0,1420,545,38.4,804,56.6,71,5.0,57,27.7,50,55,55,26.7,1,14.1,0,0,0.0,,0,
casinoar.team,team,2026-09-12,2026-09-13,2,да,content-2026-09-12-7str-oform-2,content-дата,1,7,оформлено,Theme1,casino_prefix,8,1387,1,1,да,501,20,18-23,6,0,206,206,206,206,150,56,0,1750,688,39.3,798,45.6,264,15.1,41,19.9,26,30,39,14.6,1,19.5,0,0,0.0,,0,
2749.team,team,2026-09-21,2026-09-21,1,нет,content-2026-09-17-7str-oform-1_1,content-дата,1,7,оформлено,Theme1,numeric,4,1245,2,2,нет,671,1,00-05,1,150,0,150,0,150,150,0,0,1545,683,44.2,794,51.4,68,4.4,37,24.7,,,,,0,21.5,0,0,0.0,,0,
0409h.casino,casino,2026-09-04,2026-09-05,2,да,NEW20_12pages_nodate_styled_img,NEW,1,12,styled_img,Theme1,alpha_other,5,1216,1,2,да,148,19,18-23,5,0,0,206,206,206,150,56,0,2155,758,35.2,791,36.7,606,28.1,34,16.5,24,30,32,14.6,1,23.3,0,0,0.0,,0,
casino624.lol,lol,2026-09-16,2026-09-17,2,да,nabory-565-580_3,nabory,1,,,Theme1,casino_prefix,9,235,2,2,нет,649,12,12-17,3,0,0,206,206,206,150,56,0,2394,1412,59.0,791,33.0,191,8.0,33,16.0,23,30,30,14.6,0.0,24.0,0,0,0.0,,0,
rwjd.team,team,2026-09-06,2026-09-07,2,да,Generator_392396_styled_img,Generator,1,,styled_img,Theme1,alpha_other,4,1291,1,2,да,172,9,06-11,7,0,206,206,206,206,150,56,0,1400,418,29.9,788,56.3,194,13.9,43,20.9,30,32,32,15.5,1.0,18.3,0,0,0.0,,0,
4611.team,team,2026-08-26,2026-08-27,2,да,NEW33_12pages_withdate+img_25.08,NEW,1,12,без оформления,Theme1,numeric,4,270,1,2,да,273,14,12-17,3,0,0,206,206,206,150,56,0,2465,1136,46.1,786,31.9,543,22.0,30,14.6,20,25,29,12.1,1.0,26.2,0,0,0.0,,0,
casinoduw.lol,lol,2026-09-06,2026-09-07,2,да,NEW20_3_12pages_withdate_styled_img,NEW,1,12,styled_img,Theme1,casino_prefix,9,1301,1,2,да,166,16,12-17,7,0,206,206,206,206,150,56,0,1809,579,32.0,783,43.3,447,24.7,38,18.4,30,34,34,16.5,1.0,20.6,0,0,0.0,,0,
o3d.team,team,2026-09-15,2026-09-16,2,да,content-2026-09-14-7str-oform-9_34,content-дата,1,7,оформлено,Theme1,alpha_other,3,28,2,2,нет,647,2,00-05,2,206,0,206,206,206,150,56,0,1682,683,40.6,782,46.5,217,12.9,32,15.5,17,28,29,13.6,1,24.4,0,0,0.0,,0,
hlwm.team,team,2026-08-19,2026-08-20,2,да,КОНТЕНТ НЕ ЗАПИСАН,не записан,1,,,Theme1,alpha_other,4,56,1,2,да,56,17,12-17,3,0,0,185,185,185,150,35,0,3457,1770,51.2,781,22.6,906,26.2,62,33.5,56,58,59,31.4,1.0,12.6,0,0,0.0,,0,
6635.team,team,2026-08-26,2026-08-27,2,да,NEW17_NOimg_withdate_26.08,NEW,1,,без оформления,Theme1,numeric,4,288,1,2,да,287,16,12-17,3,0,0,206,206,206,150,56,0,2352,934,39.7,776,33.0,642,27.3,42,20.4,31,37,38,18.0,1,18.5,0,0,0.0,,0,
9413.team,team,2026-09-06,2026-09-07,2,да,nabory411420_styled_img,nabory,1,,styled_img,Theme1,numeric,4,557,1,1,да,261,20,18-23,7,0,206,206,206,206,150,56,0,1702,551,32.4,775,45.5,376,22.1,11,5.3,11,11,11,5.3,1,70.5,0,0,0.0,,0,
moqcasino.lol,lol,2026-09-16,2026-09-17,2,да,content-2026-09-15-7str-oform-2_42,content-дата,1,7,оформлено,Theme1,casino_infix,9,265,2,2,нет,638,17,12-17,3,0,0,206,206,206,150,56,0,1640,715,43.6,775,47.3,150,9.1,31,15.0,27,31,31,15.0,1,25.0,0,0,0.0,,0,
2928.lol,lol,2026-09-18,2026-09-18,1,да,content-2026-09-17b-7str-oform_26,content-дата,1,7,оформлено,Theme1,numeric,4,510,2,2,нет,322,17,12-17,5,0,0,150,150,150,150,0,0,1174,359,30.6,775,66.0,40,3.4,59,39.3,58,59,59,39.3,1,13.1,0,0,0.0,,0,
casinohpe.lol,lol,2026-09-20,2026-09-21,2,нет,content-2026-09-17-7str-oform-1_25,content-дата,1,7,оформлено,Theme1,casino_prefix,9,1275,2,2,нет,855,23,18-23,7,0,206,206,0,206,150,56,0,1152,318,27.6,771,66.9,63,5.5,26,12.6,,,,,1.0,29.7,0,0,0.0,,0,
lptf.team,team,2026-08-20,2026-08-21,2,да,КОНТЕНТ НЕ ЗАПИСАН,не записан,1,,,Theme1,alpha_other,4,12,2,3,нет,121,22,18-23,4,0,0,204,204,204,150,54,0,2145,734,34.2,768,35.8,643,30.0,40,19.6,31,33,36,16.2,1.0,19.2,0,0,0.0,,0,
casino069.team,team,2026-09-07,2026-09-08,2,да,clean12_unique11оформлено,clean,1,,оформлено,Theme1,casino_prefix,9,652,1,1,да,284,20,18-23,1,0,0,206,206,206,150,56,0,1547,582,37.6,768,49.6,197,12.7,41,19.9,28,36,38,17.5,1,18.7,0,0,0.0,,0,
xwmcasino.team,team,2026-09-16,2026-09-17,2,да,content-2026-09-14c-7str-oform-1_5,content-дата,1,7,оформлено,Theme1,casino_infix,9,181,2,2,нет,763,4,00-05,3,206,0,206,206,206,150,56,0,1317,440,33.4,768,58.3,109,8.3,33,16.0,29,32,32,15.5,0.0,23.3,0,0,0.0,,0,
casinosw.team,team,2026-09-17,2026-09-18,2,да,content-2026-09-15-7str-oform-1_40,content-дата,1,7,оформлено,Theme1,casino_prefix,8,312,2,2,нет,576,2,00-05,4,206,0,206,206,206,150,56,0,1821,934,51.3,768,42.2,119,6.5,26,12.6,18,25,25,12.1,0,29.5,0,0,0.0,,0,
c4x3.team,team,2026-09-02,2026-09-03,2,да,nabory294303,nabory,1,,,Theme1,alpha_other,4,383,1,2,да,468,17,12-17,3,0,0,206,206,206,150,56,0,2668,1133,42.5,767,28.7,768,28.8,39,18.9,29,34,34,16.5,1.0,19.7,0,0,0.0,,0,
knvr7.sbs,sbs,2026-08-20,2026-08-21,2,да,КОНТЕНТ НЕ ЗАПИСАН,не записан,1,,,Theme2,alpha_other,5,7,2,3,нет,106,12,12-17,4,0,0,199,199,199,150,49,0,2819,1376,48.8,766,27.2,677,24.0,49,24.6,39,41,42,20.6,1,15.6,0,0,0.0,,0,
nffn.team,team,2026-09-15,2026-09-16,2,да,content-2026-09-14b-7str-oform-2_44,content-дата,1,7,оформлено,Theme1,alpha_other,4,80,2,2,нет,663,8,06-11,2,0,0,206,206,206,150,56,0,1590,736,46.3,762,47.9,92,5.8,42,20.4,25,37,39,18.0,1,18.1,0,0,0.0,,0,
1244.lol,lol,2026-09-20,2026-09-21,2,нет,content-2026-09-17-7str-oform-1_27,content-дата,1,7,оформлено,Theme1,numeric,4,1225,2,2,нет,857,12,12-17,7,0,206,206,0,206,150,56,0,1581,703,44.5,761,48.1,117,7.4,47,22.8,,,,,0.0,16.2,0,0,0.0,,0,
8838.lol,lol,2026-09-16,2026-09-17,2,да,content-2026-09-14c-7str-oform-1_3,content-дата,1,7,оформлено,Theme1,numeric,4,214,2,2,нет,774,9,06-11,3,0,0,206,206,206,150,56,0,2190,1227,56.0,760,34.7,203,9.3,45,21.8,32,41,41,19.9,0,16.9,0,0,0.0,,0,
trqm.casino,casino,2026-08-21,2026-08-22,2,да,КОНТЕНТ НЕ ЗАПИСАН,не записан,1,,,Theme1,alpha_other,4,174,1,2,да,217,22,18-23,5,0,0,206,206,206,150,56,0,2814,1443,51.3,759,27.0,612,21.7,34,16.5,18,26,30,12.6,1.0,22.3,0,0,0.0,,0,
e4h1.casino,casino,2026-09-11,2026-09-12,2,да,clean7_part1_50оформлено,clean,1,,оформлено,Theme1,alpha_other,4,1045,1,1,да,265,15,12-17,5,0,0,206,206,206,150,56,0,1409,416,29.5,756,53.7,237,16.8,31,15.0,20,22,28,10.7,0.0,24.4,0,0,0.0,,0,
5230.team,team,2026-09-02,2026-09-03,2,да,NEW50_2_12pages_withdate_02.09,NEW,1,12,без оформления,Theme1,numeric,4,390,1,2,да,471,18,18-23,3,0,0,206,206,206,150,56,0,2909,1074,36.9,755,26.0,1080,37.1,39,18.9,27,28,31,13.6,1.0,19.4,0,0,0.0,,0,
4671.team,team,2026-08-20,2026-08-21,2,да,КОНТЕНТ НЕ ЗАПИСАН,не записан,1,,,Theme2,numeric,4,91,1,2,да,75,12,12-17,4,0,0,199,199,199,150,49,0,3237,1602,49.5,754,23.3,881,27.2,51,25.6,41,42,44,21.1,0.0,14.8,0,0,0.0,,0,
1053.team,team,2026-09-10,2026-09-11,2,да,archive47_unique119оформленочасть1,archive,1,,оформлено,Theme1,numeric,4,858,1,1,да,27,19,18-23,3,0,0,206,206,206,150,56,0,1265,359,28.4,752,59.4,154,12.2,13,6.3,10,10,12,4.9,1,57.8,0,0,0.0,,0,
3745.team,team,2026-09-11,2026-09-12,2,да,NEW102оформленосдатой,NEW,1,,оформлено,Theme1,numeric,4,924,1,1,да,151,0,00-05,5,206,0,206,206,206,150,56,0,1567,405,25.8,751,47.9,411,26.2,36,17.5,19,22,32,10.7,0.0,20.9,0,0,0.0,,0,
r9v.team,team,2026-08-27,2026-08-28,2,да,КОНТЕНТ НЕ ЗАПИСАН,не записан,1,,,Theme1,alpha_other,3,338,1,2,да,359,19,18-23,4,0,0,206,206,206,150,56,0,2610,1451,55.6,750,28.7,409,15.7,32,15.5,21,30,31,14.6,1,23.4,0,0,0.0,,0,
3970.lol,lol,2026-09-08,2026-09-09,2,да,clean7_part1_50оформлено,clean,1,,оформлено,Theme1,numeric,4,672,1,1,да,317,6,06-11,2,0,0,206,206,206,150,56,0,1508,503,33.4,748,49.6,257,17.0,17,8.3,15,15,15,7.3,0,44.0,0,0,0.0,,0,
zinb.lol,lol,2026-09-20,2026-09-21,2,нет,content-2026-09-17b-7str-oform_39,content-дата,1,7,оформлено,Theme1,alpha_other,4,1262,2,2,нет,335,12,12-17,7,0,206,206,0,206,150,56,0,1319,476,36.1,747,56.6,96,7.3,45,21.8,,,,,0.0,16.6,0,0,0.0,,0,
9726.team,team,2026-09-11,2026-09-12,2,да,archive37строформленоv2часть1,archive,1,7,оформлено,Theme1,numeric,4,933,1,1,да,179,4,00-05,5,206,0,206,206,206,150,56,0,1302,354,27.2,743,57.1,205,15.7,11,5.3,7,7,11,3.4,0,67.5,0,0,0.0,,0,
682casino.team,team,2026-09-15,2026-09-16,2,да,content-2026-09-14-7str-oform-9_19,content-дата,1,7,оформлено,Theme1,casino_infix,9,45,2,2,нет,636,4,00-05,2,206,0,206,206,206,150,56,0,1255,425,33.9,743,59.2,87,6.9,14,6.8,7,13,13,6.3,1,53.1,0,0,0.0,,0,
p3zv.team,team,2026-08-20,2026-08-21,2,да,КОНТЕНТ НЕ ЗАПИСАН,не записан,1,,,Theme1,alpha_other,4,3,3,4,нет,91,12,12-17,4,0,0,199,199,199,150,49,0,3284,1418,43.2,740,22.5,1126,34.3,53,26.6,40,42,46,21.1,1.0,14.0,0,0,0.0,,0,
qpcasino.lol,lol,2026-09-16,2026-09-17,2,да,content-2026-09-15-7str-oform-2_31,content-дата,1,7,оформлено,Theme1,casino_infix,8,267,2,2,нет,627,17,12-17,3,0,0,206,206,206,150,56,0,1961,945,48.2,737,37.6,279,14.2,44,21.4,36,41,43,19.9,1,16.8,0,0,0.0,,0,
8730.team,team,2026-09-02,2026-09-03,2,да,NEW50_2_7pages_withdate,NEW,1,7,без оформления,Theme1,numeric,4,405,1,2,да,432,20,18-23,3,0,0,206,206,206,150,56,0,2616,1119,42.8,734,28.1,763,29.2,37,18.0,28,30,30,14.6,1.0,19.8,0,0,0.0,,0,
jlbq.lol,lol,2026-09-19,2026-09-20,2,нет,content-2026-09-17b-7str-oform_3,content-дата,1,7,оформлено,Theme1,alpha_other,4,562,2,2,нет,299,15,12-17,6,0,206,206,0,206,150,56,0,1411,591,41.9,734,52.0,86,6.1,42,20.4,,,,,1.0,17.5,0,0,0.0,,0,
0273.team,team,2026-09-10,2026-09-11,2,да,archive47_unique119оформленочасть2,archive,1,,оформлено,Theme1,numeric,4,815,1,1,да,66,21,18-23,3,0,0,206,206,206,150,56,0,1132,259,22.9,725,64.0,148,13.1,16,7.8,12,13,15,6.3,1.0,45.3,0,0,0.0,,0,
q7k.team,team,2026-08-26,2026-08-27,2,да,NEW33_12pages_withdate+img_25.08,NEW,1,12,без оформления,Theme1,alpha_other,3,286,1,2,да,255,14,12-17,3,0,0,206,206,206,150,56,0,2246,1097,48.8,716,31.9,433,19.3,27,13.1,13,22,24,10.7,1.5,26.5,0,0,0.0,,0,
3442.lol,lol,2026-09-18,2026-09-18,1,да,nabory-621-630_5,nabory,1,,,Theme1,numeric,4,513,2,2,нет,291,17,12-17,5,0,0,150,150,150,150,0,0,1236,461,37.3,716,57.9,59,4.8,42,28.0,39,42,42,28.0,1.0,17.0,0,0,0.0,,0,
casinodqt.lol,lol,2026-09-16,2026-09-17,2,да,content-2026-09-14c-7str-oform-1_12,content-дата,1,7,оформлено,Theme1,casino_prefix,9,170,2,2,нет,789,2,00-05,3,206,0,206,206,206,150,56,0,1446,638,44.1,715,49.4,93,6.4,54,26.2,41,47,47,22.8,0,13.2,0,0,0.0,,0,
4774.lol,lol,2026-09-20,2026-09-21,2,нет,content-2026-09-17-7str-oform-1_37,content-дата,1,7,оформлено,Theme1,numeric,4,1238,2,2,нет,867,14,12-17,7,0,206,206,0,206,150,56,0,1352,492,36.4,712,52.7,148,10.9,40,19.4,,,,,0,17.8,0,0,0.0,,0,
r7p0.team,team,2026-08-26,2026-08-27,2,да,КОНТРОЛЬ NEW50_5_7pages_nodate_21.08,контроль,1,7,без оформления,Theme1,alpha_other,4,317,1,2,да,334,23,18-23,3,0,0,206,206,206,150,56,0,2302,1230,53.4,708,30.8,364,15.8,35,17.0,27,32,34,15.5,1,20.2,0,0,0.0,,0,
7960.lol,lol,2026-09-06,2026-09-07,2,да,nabory400410_styled_img,nabory,1,,styled_img,Theme1,numeric,4,1309,1,2,да,157,17,12-17,7,0,206,206,206,206,150,56,0,1376,449,32.6,707,51.4,220,16.0,22,10.7,18,18,18,8.7,1,32.1,0,0,0.0,,0,
2698.team,team,2026-08-26,2026-08-27,2,да,NEW33_12pages_nodate+img_25.08,NEW,1,12,без оформления,Theme1,numeric,4,297,1,2,да,329,18,18-23,3,0,0,206,206,206,150,56,0,1863,607,32.6,706,37.9,550,29.5,44,21.4,35,43,43,20.9,1.0,16.0,0,0,0.0,,0,
678casino.team,team,2026-09-15,2026-09-16,2,да,content-2026-09-14b-7str-oform-2_19,content-дата,1,7,оформлено,Theme1,casino_infix,9,116,2,2,нет,716,12,12-17,2,0,0,206,206,206,150,56,0,1628,733,45.0,706,43.4,189,11.6,54,26.2,43,50,50,24.3,1.0,13.1,0,0,0.0,,0,
lfra.lol,lol,2026-09-20,2026-09-21,2,нет,nabory-641-650_5,nabory,1,,,Theme1,alpha_other,4,1210,2,2,нет,892,3,00-05,7,206,206,206,0,206,150,56,0,1242,388,31.2,703,56.6,151,12.2,45,21.8,,,,,0,15.6,0,0,0.0,,0,
7590.team,team,2026-09-02,2026-09-03,2,да,NEW50_2_12pages_nodate_02.09,NEW,1,12,без оформления,Theme1,numeric,4,393,1,2,да,436,18,18-23,3,0,0,206,206,206,150,56,0,23203,1189,5.1,697,3.0,21317,91.9,60,29.1,56,56,56,27.2,1.0,11.6,0,0,0.0,,0,
ccrcasino.lol,lol,2026-09-16,2026-09-17,2,да,content-2026-09-15-7str-oform-2_15,content-дата,1,7,оформлено,Theme1,casino_infix,9,279,2,2,нет,611,21,18-23,3,0,0,206,206,206,150,56,0,1794,973,54.2,694,38.7,127,7.1,23,11.2,18,23,23,11.2,1,30.2,0,0,0.0,,0,
5506.team,team,2026-08-25,2026-08-26,2,да,NEW33_12pages_withdate_25.08,NEW,1,12,без оформления,Theme1,numeric,4,255,1,2,да,253,18,18-23,2,0,0,206,206,206,150,56,0,2076,887,42.7,692,33.3,497,23.9,33,16.0,23,25,32,12.1,1,21.0,0,0,0.0,,0,
3176.team,team,2026-09-13,2026-09-14,2,да,content-2026-09-12-7str-oform-3,content-дата,1,7,оформлено,Theme1,numeric,4,1081,1,1,да,223,12,12-17,7,0,206,206,206,206,150,56,0,883,144,16.3,692,78.4,47,5.3,24,11.7,20,20,24,9.7,0.5,28.8,0,0,0.0,,0,
ngxo.team,team,2026-09-15,2026-09-16,2,да,content-2026-09-14c-7str-oform-2_18,content-дата,1,7,оформлено,Theme1,alpha_other,4,4,3,3,нет,775,16,12-17,2,0,0,206,206,206,150,56,0,1842,894,48.5,691,37.5,257,14.0,35,17.0,19,32,32,15.5,1.0,19.7,0,0,0.0,,0,
7201.team,team,2026-08-25,2026-08-26,2,да,КОНТРОЛЬ NEW50_5_7pages_nodate_21.08,контроль,1,7,без оформления,Theme1,numeric,4,241,1,2,да,259,15,12-17,2,0,0,206,206,206,150,56,0,2336,806,34.5,690,29.5,840,36.0,35,17.0,21,28,32,13.6,1,19.7,0,0,0.0,,0,
9779.team,team,2026-08-26,2026-08-27,2,да,КОНТРОЛЬ NEW50_5_7pages_nodate_21.08,контроль,1,7,без оформления,Theme1,numeric,4,313,1,2,да,336,23,18-23,3,0,0,205,205,205,150,55,0,3430,2349,68.5,690,20.1,391,11.4,34,16.6,21,34,34,16.6,1.0,20.3,0,0,0.0,,0,
casinog1.team,team,2026-09-11,2026-09-12,2,да,clean7_part1_50оформлено,clean,1,,оформлено,Theme1,casino_prefix,8,1033,1,1,да,248,14,12-17,5,0,0,206,206,206,150,56,0,1316,482,36.6,690,52.4,144,10.9,30,14.6,22,24,28,11.7,0.0,23.0,0,0,0.0,,0,
casino9923.team,team,2026-09-16,2026-09-17,2,да,content-2026-09-14c-7str-oform-1_30,content-дата,1,7,оформлено,Theme1,casino_prefix,10,168,2,2,нет,842,1,00-05,3,206,0,206,206,206,150,56,0,1327,585,44.1,690,52.0,52,3.9,24,11.7,17,24,24,11.7,1.0,28.8,0,0,0.0,,0,
cqrw.rest,rest,2026-08-20,2026-08-21,2,да,КОНТЕНТ НЕ ЗАПИСАН,не записан,1,,,Theme2,alpha_other,4,99,1,2,да,115,12,12-17,4,0,0,199,199,199,150,49,0,3468,1756,50.6,688,19.8,1024,29.5,37,18.6,28,29,30,14.6,1.0,18.6,0,0,0.0,,0,
k9v.team,team,2026-09-10,2026-09-11,2,да,archive47_unique119оформленочасть2,archive,1,,оформлено,Theme1,alpha_other,3,847,1,1,да,69,21,18-23,3,0,0,206,206,206,150,56,0,1190,310,26.1,687,57.7,193,16.2,14,6.8,10,10,12,4.9,1.0,49.1,0,0,0.0,,0,
d8nk.team,team,2026-08-18,2026-08-19,2,да,КОНТЕНТ НЕ ЗАПИСАН,не записан,1,,,Theme1,alpha_other,4,30,1,2,да,36,23,18-23,2,0,0,184,184,184,150,34,0,3211,1813,56.5,685,21.3,713,22.2,40,21.7,34,38,40,20.7,1.0,17.1,0,0,0.0,,0,
4202.team,team,2026-09-02,2026-09-03,2,да,nabory294303,nabory,1,,,Theme1,numeric,4,380,1,2,да,467,17,12-17,3,0,0,206,206,206,150,56,0,2624,1199,45.7,685,26.1,740,28.2,39,18.9,30,35,36,17.0,1.0,17.6,0,0,0.0,,0,
2470.team,team,2026-08-19,2026-08-20,2,да,КОНТЕНТ НЕ ЗАПИСАН,не записан,1,,,Theme1,numeric,4,70,1,2,да,68,23,18-23,3,0,0,198,198,198,150,48,0,2734,1174,42.9,684,25.0,876,32.0,48,24.2,40,46,46,23.2,1.0,14.2,0,0,0.0,,0,
casino3704.lol,lol,2026-09-06,2026-09-07,2,да,NEW20_3_12pages_withdate_styled_img_5,NEW,1,12,styled_img,Theme1,casino_prefix,10,1312,1,2,да,168,17,12-17,7,0,206,206,206,206,150,56,0,1519,540,35.5,683,45.0,296,19.5,38,18.4,24,30,32,14.6,1.0,18.0,0,0,0.0,,0,
1209casino.casino,casino,2026-09-12,2026-09-13,2,да,script_yandex_12page,script,1,12,,Theme1,casino_infix,10,987,1,1,да,103,0,00-05,6,206,206,206,206,206,150,56,0,2403,1281,53.3,680,28.3,442,18.4,31,15.0,16,20,26,9.7,0.5,21.9,0,0,0.0,,0,
4945casino.lol,lol,2026-09-09,2026-09-10,2,да,nabory455457_styled_img,nabory,1,,styled_img,Theme1,casino_infix,10,784,1,1,да,423,10,06-11,3,0,0,206,206,206,150,56,0,3522,2523,71.6,676,19.2,323,9.2,5,2.4,3,5,5,2.4,1,135.2,0,0,0.0,,0,
3715casino.lol,lol,2026-09-20,2026-09-21,2,нет,content-2026-09-19-12str_1,content-дата,1,12,,Theme1,casino_infix,10,1231,2,2,нет,885,14,12-17,7,0,206,206,0,206,150,56,0,1301,544,41.8,676,52.0,81,6.2,45,21.8,,,,,0.0,15.0,0,0,0.0,,0,
qmpl.team,team,2026-09-03,2026-09-04,2,да,NEW50_7pages_withdate_01.09,NEW,1,7,без оформления,Theme1,alpha_other,4,463,1,2,да,15,9,06-11,4,0,0,206,206,206,150,56,0,2069,845,40.8,675,32.6,549,26.5,50,24.3,38,41,42,19.9,1,13.5,0,0,0.0,,0,
1806.lol,lol,2026-09-18,2026-09-18,1,да,content-2026-09-17-7str-oform-2_54,content-дата,1,7,оформлено,Theme1,numeric,4,464,2,2,нет,725,2,00-05,5,150,0,150,150,150,150,0,0,1296,558,43.1,675,52.1,63,4.9,25,16.7,24,25,25,16.7,0,27.0,0,0,0.0,,0,
154casino.lol,lol,2026-09-19,2026-09-20,2,нет,nabory-641-650_1,nabory,1,,,Theme1,casino_infix,9,1194,2,2,нет,888,22,18-23,6,0,206,206,0,206,150,56,0,1259,482,38.3,673,53.5,104,8.3,48,23.3,,,,,1.0,14.0,0,0,0.0,,0,
4558.lol,lol,2026-09-09,2026-09-10,2,да,archive47_unique119оформленочасть1,archive,1,,оформлено,Theme1,numeric,4,859,1,1,да,7,20,18-23,3,0,0,206,206,206,150,56,0,2198,1260,57.3,672,30.6,266,12.1,42,20.4,23,27,32,13.1,1.0,16.0,0,0,0.0,,0,
2304.team,team,2026-08-27,2026-08-28,2,да,КОНТЕНТ НЕ ЗАПИСАН,не записан,1,,,Theme1,numeric,4,322,1,2,да,344,19,18-23,4,0,0,206,206,206,150,56,0,1831,880,48.1,670,36.6,281,15.3,19,9.2,15,18,18,8.7,1.0,35.3,0,0,0.0,,0,
713casino.team,team,2026-09-16,2026-09-17,2,да,content-2026-09-15-7str-oform-2_29,content-дата,1,7,оформлено,Theme1,casino_infix,9,253,2,2,нет,625,15,12-17,3,0,0,206,206,206,150,56,0,1900,1012,53.3,669,35.2,219,11.5,35,17.0,26,31,31,15.0,0,19.1,0,0,0.0,,0,
u9y.casino,casino,2026-09-01,2026-09-02,2,да,NEW50_12pages_nodate_01.09,NEW,1,12,без оформления,Theme1,alpha_other,3,350,1,2,да,387,17,12-17,2,0,0,206,206,206,150,56,0,4404,2626,59.6,668,15.2,1110,25.2,43,20.9,32,39,40,18.9,1.0,15.5,0,0,0.0,,0,
1500.lol,lol,2026-09-08,2026-09-09,2,да,archive37строформленоv2часть3,archive,1,7,оформлено,Theme1,numeric,4,757,1,1,да,462,20,18-23,2,0,0,206,206,206,150,56,0,1283,452,35.2,667,52.0,164,12.8,30,14.6,17,23,24,11.2,1.0,22.2,0,0,0.0,,0,
7027.team,team,2026-09-02,2026-09-03,2,да,nabory274283,nabory,1,,,Theme1,numeric,4,382,1,2,да,473,17,12-17,3,0,0,206,206,206,150,56,0,2863,1476,51.6,665,23.2,722,25.2,41,19.9,30,37,38,18.0,1,16.2,0,0,0.0,,0,
h5g5.team,team,2026-09-04,2026-09-05,2,да,trikomplekta,прочее,1,,,Theme1,alpha_other,4,1237,1,2,да,198,21,18-23,5,0,0,206,206,206,150,56,0,1849,670,36.2,664,35.9,515,27.9,46,22.3,41,43,43,20.9,1,14.4,0,0,0.0,,0,
0328.team,team,2026-09-12,2026-09-13,2,да,content-2026-09-12-7str-oform-1,content-дата,1,7,оформлено,Theme1,numeric,4,1339,1,1,да,484,13,12-17,6,0,206,206,206,206,150,56,0,1637,547,33.4,664,40.6,426,26.0,34,16.5,16,22,34,10.7,2.0,19.5,0,0,0.0,,0,
8414.team,team,2026-09-15,2026-09-16,2,да,content-2026-09-14c-7str-oform-2_21,content-дата,1,7,оформлено,Theme1,numeric,4,130,2,2,нет,778,14,12-17,2,0,0,206,206,206,150,56,0,1478,635,43.0,662,44.8,181,12.2,21,10.2,16,21,21,10.2,1,31.5,0,0,0.0,,0,
kjrcasino.team,team,2026-09-15,2026-09-16,2,да,content-2026-09-14-7str-oform-9_27,content-дата,1,7,оформлено,Theme1,casino_infix,9,58,2,2,нет,682,5,00-05,2,206,0,206,206,206,150,56,0,1272,565,44.4,659,51.8,48,3.8,20,9.7,11,15,16,7.3,0.5,33.0,0,0,0.0,,0,
kzgq.lol,lol,2026-09-03,2026-09-04,2,да,КОНТЕНТ НЕ ЗАПИСАН,не записан,1,,,Theme1,alpha_other,4,432,1,2,да,414,0,00-05,4,206,0,206,206,206,150,56,0,2639,1500,56.8,658,24.9,481,18.2,24,11.7,21,21,22,10.2,0,27.4,0,0,0.0,,0,
casinozfa.lol,lol,2026-09-04,2026-09-05,2,да,nabory294303,nabory,1,,,Theme1,casino_prefix,9,521,1,2,да,64,3,00-05,5,206,0,206,206,206,150,56,0,1990,704,35.4,658,33.1,628,31.6,32,15.5,25,27,27,13.1,0.0,20.6,0,0,0.0,,0,
mkuk.team,team,2026-08-24,2026-08-25,2,да,ТЕСТ B Generator_11page_NOimg_24.08,тест,1,11,,Theme1,alpha_other,4,217,1,2,да,280,18,18-23,1,0,0,206,206,206,150,56,0,2888,1600,55.4,655,22.7,633,21.9,36,17.5,29,31,36,15.0,1.0,18.2,0,0,0.0,,0,
u0a3.casino,casino,2026-09-11,2026-09-12,2,да,NEW102оформленобездаты,NEW,1,,оформлено,Theme1,alpha_other,4,984,1,1,да,86,20,18-23,5,0,0,206,206,206,150,56,0,1488,551,37.0,655,44.0,282,19.0,42,20.4,31,34,40,16.5,1,15.6,0,0,0.0,,0,
c6p.fun,fun,2026-08-22,2026-08-23,2,да,КОНТЕНТ НЕ ЗАПИСАН,не записан,1,,,Theme1,alpha_other,3,195,1,2,да,212,21,18-23,6,0,206,206,206,206,150,56,0,2587,1452,56.1,654,25.3,481,18.6,34,16.5,16,22,32,10.7,2.0,19.2,0,0,0.0,,0,
tqwy.buzz,buzz,2026-09-08,2026-09-09,2,да,archive37строформленоv2часть2,archive,1,7,оформлено,Theme1,alpha_other,4,707,1,1,да,369,16,12-17,2,0,0,206,206,206,150,56,0,986,277,28.1,654,66.3,55,5.6,18,8.7,12,13,15,6.3,1.0,36.3,0,0,0.0,,0,
pbfj.team,team,2026-09-02,2026-09-03,2,да,NEW50_7pages_withdate_01.09,NEW,1,7,без оформления,Theme1,alpha_other,4,376,1,2,да,400,0,00-05,3,206,0,206,206,206,150,56,0,1837,849,46.2,653,35.5,335,18.2,32,15.5,31,31,31,15.0,0.0,20.4,0,0,0.0,,0,
casino0509d.casino,casino,2026-09-06,2026-09-07,2,да,NEW20_3_12pages_nodate_styled_img,NEW,1,12,styled_img,Theme1,casino_prefix,11,1310,1,2,да,145,17,12-17,7,0,206,206,206,206,150,56,0,1613,526,32.6,653,40.5,434,26.9,48,23.3,40,43,45,20.9,1,13.6,0,0,0.0,,0,
7612.team,team,2026-09-02,2026-09-03,2,да,NEW50_12pages_withdate_01.09,NEW,1,12,без оформления,Theme1,numeric,4,374,1,2,да,397,0,00-05,3,206,0,206,206,206,150,56,0,2963,1791,60.4,652,22.0,520,17.5,45,21.8,34,36,37,17.5,0.0,14.5,0,0,0.0,,0,
3505.team,team,2026-09-07,2026-09-08,2,да,NEW20_12pages_nodate_оформлено,NEW,1,12,оформлено,Theme1,numeric,4,625,1,1,да,333,19,18-23,1,0,0,206,206,206,150,56,0,1657,717,43.3,652,39.3,288,17.4,55,26.7,50,52,52,25.2,1.0,11.9,0,0,0.0,,0,
4733.team,team,2026-08-24,2026-08-25,2,да,ТЕСТ B Generator_11page_NOimg_24.08,тест,1,11,,Theme1,numeric,4,213,1,2,да,290,18,18-23,1,0,0,206,206,206,150,56,0,2557,1352,52.9,651,25.5,554,21.7,21,10.2,10,14,21,6.8,2,31.0,0,0,0.0,,0,
3002.lol,lol,2026-09-12,2026-09-13,2,да,content-2026-09-12-7str-oform-2,content-дата,1,7,оформлено,Theme1,numeric,4,1345,1,1,да,526,13,12-17,6,0,206,206,206,206,150,56,0,1324,467,35.3,649,49.0,208,15.7,28,13.6,15,17,28,8.3,1.0,23.2,0,0,0.0,,0,
6348.team,team,2026-09-01,2026-09-02,2,да,NEW50_12pages_withdate_01.09,NEW,1,12,без оформления,Theme1,numeric,4,371,1,2,да,396,22,18-23,2,0,0,206,206,206,150,56,0,3489,2050,58.8,648,18.6,791,22.7,45,21.8,34,40,42,19.4,1,14.4,0,0,0.0,,0,
nrcasino.team,team,2026-09-16,2026-09-17,2,да,nabory-565-580_9,nabory,1,,,Theme1,casino_infix,8,242,2,2,нет,655,13,12-17,3,0,0,206,206,206,150,56,0,2407,1500,62.3,647,26.9,260,10.8,38,18.4,33,35,35,17.0,0,17.0,0,0,0.0,,0,
klvr.team,team,2026-08-20,2026-08-21,2,да,КОНТЕНТ НЕ ЗАПИСАН,не записан,1,,,Theme1,alpha_other,4,5,2,3,нет,60,12,12-17,4,0,0,199,199,199,150,49,0,3654,1538,42.1,644,17.6,1472,40.3,60,30.2,49,52,54,26.1,0.5,10.7,0,0,0.0,,0,
wrfn.cloud,cloud,2026-08-21,2026-08-22,2,да,КОНТЕНТ НЕ ЗАПИСАН,не записан,1,,,Theme1,alpha_other,4,157,1,2,да,210,19,18-23,5,0,0,206,206,206,150,56,0,2271,930,41.0,643,28.3,698,30.7,22,10.7,14,18,20,8.7,1,29.2,0,0,0.0,,0,
w4lv.team,team,2026-08-24,2026-08-25,2,да,ТЕСТ B Generator_11page_NOimg_24.08,тест,1,11,,Theme1,alpha_other,4,219,1,2,да,293,18,18-23,1,0,0,206,206,206,150,56,0,2557,1415,55.3,643,25.1,499,19.5,19,9.2,14,17,18,8.3,1.0,33.8,0,0,0.0,,0,
6691.lol,lol,2026-09-17,2026-09-18,2,да,content-2026-09-15-7str-oform-1_2,content-дата,1,7,оформлено,Theme1,numeric,4,354,2,2,нет,823,9,06-11,4,0,0,206,206,206,150,56,0,1379,669,48.5,643,46.6,67,4.9,23,11.2,17,23,23,11.2,1,28.0,0,0,0.0,,0,
casino82.team,team,2026-09-11,2026-09-12,2,да,NEW102оформленосдатой,NEW,1,,оформлено,Theme1,casino_prefix,8,953,1,1,да,166,7,06-11,5,0,0,206,206,206,150,56,0,1362,403,29.6,642,47.1,317,23.3,32,15.5,16,18,29,8.7,0,20.1,0,0,0.0,,0,
c9m.team,team,2026-08-20,2026-08-21,2,да,КОНТЕНТ НЕ ЗАПИСАН,не записан,1,,,Theme2,alpha_other,3,124,1,2,да,164,21,18-23,4,0,0,203,203,203,150,53,0,2065,784,38.0,640,31.0,641,31.0,31,15.3,24,26,29,12.8,1.0,20.6,0,0,0.0,,0,
4313.team,team,2026-09-07,2026-09-08,2,да,Выдача_06.09_12стр,прочее,1,12,,Theme1,numeric,4,586,1,1,да,252,9,06-11,1,0,0,206,206,206,150,56,0,1856,825,44.5,638,34.4,393,21.2,35,17.0,22,22,22,10.7,0.0,18.2,0,0,0.0,,0,
x9d7.casino,casino,2026-09-01,2026-09-02,2,да,NEW50_12pages_withdate_01.09,NEW,1,12,без оформления,Theme1,alpha_other,4,354,1,2,да,380,17,12-17,2,0,0,206,206,206,150,56,0,4228,2754,65.1,636,15.0,838,19.8,42,20.4,34,41,41,19.9,1,15.1,0,0,0.0,,0,
m9h6.team,team,2026-09-16,2026-09-17,2,да,content-2026-09-15-7str-oform-2_2,content-дата,1,7,оформлено,Theme1,alpha_other,4,292,2,2,нет,598,22,18-23,3,0,0,206,206,206,150,56,0,2099,1191,56.7,636,30.3,272,13.0,17,8.3,12,16,17,7.8,1,37.4,0,0,0.0,,0,
sdyv.team,team,2026-09-12,2026-09-13,2,да,NEW102оформленобездаты,NEW,1,,оформлено,Theme1,alpha_other,4,997,1,1,да,150,8,06-11,6,0,206,206,206,206,150,56,0,1549,601,38.8,634,40.9,314,20.3,31,15.0,21,23,30,11.2,0.5,20.5,0,0,0.0,,0,
3902.lol,lol,2026-09-08,2026-09-09,2,да,clean7_part1_50оформлено,clean,1,,оформлено,Theme1,numeric,4,667,1,1,да,321,6,06-11,2,0,0,206,206,206,150,56,0,1152,352,30.6,633,54.9,167,14.5,27,13.1,23,23,23,11.2,0,23.4,0,0,0.0,,0,
casinonw.team,team,2026-09-17,2026-09-18,2,да,content-2026-09-14b-7str-oform-2_11,content-дата,1,7,оформлено,Theme1,casino_prefix,8,361,2,2,нет,818,9,06-11,4,0,0,206,206,206,150,56,0,1408,726,51.6,633,45.0,49,3.5,43,20.9,28,39,39,18.9,1,14.7,0,0,0.0,,0,
5153.lol,lol,2026-09-07,2026-09-08,2,да,NEW20_4_12pages_withdate,NEW,1,12,без оформления,Theme1,numeric,4,594,1,1,да,243,15,12-17,1,0,0,206,206,206,150,56,0,2101,961,45.7,630,30.0,510,24.3,29,14.1,23,24,24,11.7,0,21.7,0,0,0.0,,0,
yjim.team,team,2026-09-17,2026-09-18,2,да,content-2026-09-14b-7str-oform-1_44,content-дата,1,7,оформлено,Theme1,alpha_other,4,389,2,2,нет,800,12,12-17,4,0,0,206,206,206,150,56,0,1644,941,57.2,630,38.3,73,4.4,24,11.7,18,23,23,11.2,0,26.2,0,0,0.0,,0,
59casino.team,team,2026-09-15,2026-09-16,2,да,content-2026-09-14-7str-oform-9_20,content-дата,1,7,оформлено,Theme1,casino_infix,8,40,2,2,нет,637,4,00-05,2,206,0,206,206,206,150,56,0,1607,653,40.6,629,39.1,325,20.2,43,20.9,29,40,40,19.4,1.0,14.6,0,0,0.0,,0,
rgdf.team,team,2026-09-07,2026-09-08,2,да,clean12_unique11оформлено,clean,1,,оформлено,Theme1,alpha_other,4,657,1,1,да,281,20,18-23,1,0,0,206,206,206,150,56,0,1804,588,32.6,622,34.5,594,32.9,50,24.3,34,37,41,18.0,1,12.4,0,0,0.0,,0,
939casino.lol,lol,2026-09-06,2026-09-07,2,да,nabory421425_styled_img,nabory,1,,styled_img,Theme1,casino_infix,9,578,1,1,да,254,21,18-23,7,0,205,205,205,205,150,55,0,1701,659,38.7,620,36.4,422,24.8,34,16.6,27,32,32,15.6,1.0,18.2,0,0,0.0,,0,
7516casino.team,team,2026-09-15,2026-09-16,2,да,content-2026-09-14c-7str-oform-1_7,content-дата,1,7,оформлено,Theme1,casino_infix,10,156,2,2,нет,772,22,18-23,2,0,0,206,206,206,150,56,0,1500,725,48.3,620,41.3,155,10.3,35,17.0,27,35,35,17.0,1,17.7,0,0,0.0,,0,
cpcasino.lol,lol,2026-09-15,2026-09-16,2,да,content-2026-09-14-7str-oform-8_28,content-дата,1,7,оформлено,Theme1,casino_infix,8,52,2,2,нет,608,5,00-05,2,206,0,206,206,206,150,56,0,1432,677,47.3,618,43.2,137,9.6,45,21.8,26,38,38,18.4,1.0,13.7,0,0,0.0,,0,
xhpt.team,team,2026-08-22,2026-08-23,2,да,КОНТЕНТ НЕ ЗАПИСАН,не записан,1,,,Theme1,alpha_other,4,193,1,2,да,168,20,18-23,6,0,206,206,206,206,150,56,0,2708,981,36.2,617,22.8,1110,41.0,43,20.9,22,35,42,17.0,1,14.3,0,0,0.0,,0,
0739.team,team,2026-09-10,2026-09-11,2,да,КОНТЕНТ НЕ ЗАПИСАН,не записан,1,,,Theme1,numeric,4,799,1,1,да,74,22,18-23,3,0,0,206,206,206,150,56,0,1019,256,25.1,614,60.3,149,14.6,14,6.8,9,9,13,4.4,1.0,43.9,0,0,0.0,,0,
tqab.casino,casino,2026-09-09,2026-09-10,2,да,nabory461463_styled_img,nabory,1,,styled_img,Theme1,alpha_other,4,836,1,1,да,114,17,12-17,3,0,0,206,206,206,150,56,0,2586,1591,61.5,614,23.7,381,14.7,51,24.8,34,35,40,17.0,1,12.0,0,0,0.0,,0,
pddw.team,team,2026-09-04,2026-09-05,2,да,Generator_346353_styled_img,Generator,1,,styled_img,Theme1,alpha_other,4,1202,1,2,да,214,17,12-17,5,0,0,206,206,206,150,56,0,2499,1405,56.2,612,24.5,482,19.3,39,18.9,32,36,36,17.5,1.0,15.7,0,0,0.0,,0,
1109h.casino,casino,2026-09-11,2026-09-12,2,да,NEW102оформленосдатой,NEW,1,,оформлено,Theme1,alpha_other,5,921,1,1,да,129,0,00-05,5,206,0,206,206,206,150,56,0,1239,313,25.3,612,49.4,314,25.3,45,21.8,26,28,35,13.6,0,13.6,0,0,0.0,,0,
2225.team,team,2026-09-06,2026-09-07,2,да,Generator_392396_styled_img,Generator,1,,styled_img,Theme1,numeric,4,1287,1,2,да,175,9,06-11,7,0,206,206,206,206,150,56,0,1193,410,34.4,609,51.0,174,14.6,19,9.2,14,16,16,7.8,0.0,32.1,0,0,0.0,,0,
4287.lol,lol,2026-09-07,2026-09-08,2,да,Выдача_06.09_12стр,прочее,1,12,,Theme1,numeric,4,584,1,1,да,264,9,06-11,1,0,0,206,206,206,150,56,0,1937,836,43.2,604,31.2,497,25.7,35,17.0,29,30,30,14.6,0,17.3,0,0,0.0,,0,
4421.lol,lol,2026-09-17,2026-09-17,1,да,nabory-581-590_10,nabory,1,,,Theme1,numeric,4,300,2,2,нет,592,0,00-05,3,0,0,150,150,150,150,0,0,2409,1724,71.6,604,25.1,81,3.4,16,10.7,12,16,16,10.7,0.0,37.8,0,0,0.0,,0,
casino351.team,team,2026-09-11,2026-09-12,2,да,NEW102оформленобездаты,NEW,1,,оформлено,Theme1,casino_prefix,9,972,1,1,да,138,16,12-17,5,0,0,206,206,206,150,56,0,1562,570,36.5,603,38.6,389,24.9,34,16.5,22,25,32,12.1,1.0,17.7,0,0,0.0,,0,
casino42.lol,lol,2026-09-17,2026-09-18,2,да,nabory-591-600_7,nabory,1,,,Theme1,casino_prefix,8,325,2,2,нет,569,4,00-05,4,206,0,206,206,206,150,56,0,1695,927,54.7,603,35.6,165,9.7,14,6.8,8,8,8,3.9,0.0,43.1,0,0,0.0,,0,
casinofgp.lol,lol,2026-09-15,2026-09-16,2,да,content-2026-09-14-7str-oform-8_26,content-дата,1,7,оформлено,Theme1,casino_prefix,9,54,2,2,нет,589,5,00-05,2,206,0,206,206,206,150,56,0,1253,539,43.0,601,48.0,113,9.0,37,18.0,23,32,35,15.5,1,16.2,0,0,0.0,,0,
casinog4.lol,lol,2026-09-18,2026-09-18,1,да,nabory-621-630_3,nabory,1,,,Theme1,casino_prefix,8,520,2,2,нет,289,19,18-23,5,0,0,150,150,150,150,0,0,1115,467,41.9,601,53.9,47,4.2,58,38.7,48,58,58,38.7,1.0,10.4,0,0,0.0,,0,
g3q3.buzz,buzz,2026-09-09,2026-09-10,2,да,archive412_unique12оформлено,archive,1,,оформлено,Theme1,alpha_other,4,791,1,1,да,431,12,12-17,3,0,0,206,206,206,150,56,0,2133,1312,61.5,598,28.0,223,10.5,49,23.8,32,32,36,15.5,1.0,12.2,0,0,0.0,,0,
2771.lol,lol,2026-09-11,2026-09-12,2,да,clean7_part1_50оформлено,clean,1,,оформлено,Theme1,numeric,4,1012,1,1,да,236,6,06-11,5,0,0,206,206,206,150,56,0,969,276,28.5,598,61.7,95,9.8,20,9.7,8,8,17,3.9,5,29.9,0,0,0.0,,0,
qqwd.buzz,buzz,2026-09-08,2026-09-09,2,да,nabory447451_styled_img,nabory,1,,styled_img,Theme1,alpha_other,4,755,1,1,да,471,19,18-23,2,0,0,206,206,206,150,56,0,1409,426,30.2,592,42.0,391,27.8,24,11.7,20,20,20,9.7,1.0,24.7,0,0,0.0,,0,
jmrc.team,team,2026-08-20,2026-08-21,2,да,КОНТЕНТ НЕ ЗАПИСАН,не записан,1,,,Theme1,alpha_other,4,11,2,3,нет,119,22,18-23,4,0,0,205,205,205,150,55,0,2048,961,46.9,591,28.9,496,24.2,27,13.2,16,19,20,9.3,1,21.9,0,0,0.0,,0,
5413.lol,lol,2026-09-08,2026-09-09,2,да,archive37строформленоv2часть2,archive,1,7,оформлено,Theme1,numeric,4,683,1,1,да,404,15,12-17,2,0,0,206,206,206,150,56,0,1320,516,39.1,591,44.8,213,16.1,49,23.8,43,45,45,21.8,1,12.1,0,0,0.0,,0,
2514.team,team,2026-09-16,2026-09-17,2,да,nabory-555-564_styled_img_8,nabory,1,,styled_img,Theme1,numeric,4,208,2,2,нет,798,8,06-11,3,0,0,206,206,206,150,56,0,1340,617,46.0,589,44.0,134,10.0,53,25.7,37,47,47,22.8,1,11.1,0,0,0.0,,0,
5255.lol,lol,2026-09-17,2026-09-18,2,да,content-2026-09-16-7str_14,content-дата,1,7,,Theme1,numeric,4,393,2,2,нет,763,13,12-17,4,0,0,206,206,206,150,56,0,2043,1349,66.0,589,28.8,105,5.1,29,14.1,25,28,28,13.6,1.0,20.3,0,0,0.0,,0,
k7ln.team,team,2026-08-20,2026-08-21,2,да,КОНТЕНТ НЕ ЗАПИСАН,не записан,1,,,Theme2,alpha_other,4,131,1,2,да,156,21,18-23,4,0,0,204,204,204,150,54,0,2107,1080,51.3,588,27.9,439,20.8,20,9.8,13,18,19,8.8,1.0,29.4,0,0,0.0,,0,
cgxs.casino,casino,2026-09-11,2026-09-12,2,да,script_yandex_12page,script,1,12,,Theme1,alpha_other,4,982,1,1,да,91,20,18-23,5,0,0,206,206,206,150,56,0,1541,658,42.7,588,38.2,295,19.1,33,16.0,20,23,30,11.2,1.0,17.8,0,0,0.0,,0,
85casino.team,team,2026-09-15,2026-09-16,2,да,content-2026-09-14c-7str-oform-2_35,content-дата,1,7,оформлено,Theme1,casino_infix,8,131,2,2,нет,827,15,12-17,2,0,0,206,206,206,150,56,0,2065,1080,52.3,588,28.5,397,19.2,46,22.3,30,43,43,20.9,1,12.8,0,0,0.0,,0,
2930.team,team,2026-09-11,2026-09-12,2,да,clean7_part1_50оформлено,clean,1,,оформлено,Theme1,numeric,4,1013,1,1,да,212,6,06-11,5,0,0,206,206,206,150,56,0,1020,222,21.8,586,57.5,212,20.8,25,12.1,6,21,25,10.2,2,23.4,0,0,0.0,,0,
5074.team,team,2026-08-18,2026-08-19,2,да,КОНТЕНТ НЕ ЗАПИСАН,не записан,1,,,Theme1,numeric,4,18,1,3,да,29,21,18-23,2,0,0,184,184,184,150,34,0,2833,1621,57.2,581,20.5,631,22.3,60,32.6,57,59,59,32.1,1.0,9.7,0,0,0.0,,0,
casinoqr.team,team,2026-09-15,2026-09-16,2,да,content-2026-09-14-7str-oform-9_38,content-дата,1,7,оформлено,Theme1,casino_prefix,8,25,2,2,нет,702,2,00-05,2,206,0,206,206,206,150,56,0,1244,600,48.2,581,46.7,63,5.1,15,7.3,9,14,15,6.8,0,38.7,0,0,0.0,,0,
casinoerr.team,team,2026-09-10,2026-09-11,2,да,КОНТЕНТ НЕ ЗАПИСАН,не записан,1,,,Theme1,casino_prefix,9,803,1,1,да,23,19,18-23,3,0,0,206,206,206,150,56,0,961,256,26.6,578,60.1,127,13.2,22,10.7,12,15,17,7.3,1.0,26.3,0,0,0.0,,0,
b3r.lol,lol,2026-09-19,2026-09-20,2,нет,content-2026-09-17b-7str-oform_34,content-дата,1,7,оформлено,Theme1,alpha_other,3,532,2,2,нет,330,3,00-05,6,206,206,206,0,206,150,56,0,936,284,30.3,577,61.6,75,8.0,55,26.7,,,,,0.0,10.5,0,0,0.0,,0,
6419.lol,lol,2026-09-11,2026-09-12,2,да,NEW102оформленобездаты,NEW,1,,оформлено,Theme1,numeric,4,967,1,1,да,148,14,12-17,5,0,0,206,206,206,150,56,0,1358,458,33.7,575,42.3,325,23.9,29,14.1,15,20,27,9.7,1,19.8,0,0,0.0,,0,
casinob4.team,team,2026-09-16,2026-09-17,2,да,content-2026-09-14b-7str-oform-2_15,content-дата,1,7,оформлено,Theme1,casino_prefix,8,217,2,2,нет,754,9,06-11,3,0,0,206,206,206,150,56,0,2001,1318,65.9,575,28.7,108,5.4,25,12.1,21,25,25,12.1,1,23.0,0,0,0.0,,0,
2429.lol,lol,2026-09-17,2026-09-18,2,да,nabory-591-600_3,nabory,1,,,Theme1,numeric,4,319,2,2,нет,565,3,00-05,4,206,0,206,206,206,150,56,0,1822,1094,60.0,574,31.5,154,8.5,20,9.7,15,19,19,9.2,0,28.7,0,0,0.0,,0,
3663.team,team,2026-09-16,2026-09-17,2,да,nabory-555-564_styled_img_4,nabory,1,,styled_img,Theme1,numeric,4,209,2,2,нет,785,8,06-11,3,0,0,206,206,206,150,56,0,1471,731,49.7,573,39.0,167,11.4,44,21.4,32,42,42,20.4,0.0,13.0,0,0,0.0,,0,
k9ml.team,team,2026-08-21,2026-08-22,2,да,КОНТЕНТ НЕ ЗАПИСАН,не записан,1,,,Theme1,alpha_other,4,150,1,2,да,193,19,18-23,5,0,0,206,206,206,150,56,0,2602,1239,47.6,572,22.0,791,30.4,39,18.9,34,36,37,17.5,1,14.7,0,0,0.0,,0,
oijl.buzz,buzz,2026-09-08,2026-09-09,2,да,archive37строформленоv2часть1,archive,1,7,оформлено,Theme1,alpha_other,4,725,1,1,да,356,17,12-17,2,0,0,206,206,206,150,56,0,968,316,32.6,572,59.1,80,8.3,20,9.7,14,14,16,6.8,1.0,28.6,0,0,0.0,,0,
elzn.buzz,buzz,2026-09-09,2026-09-10,2,да,archive412_unique12оформлено,archive,1,,оформлено,Theme1,alpha_other,4,790,1,1,да,437,12,12-17,3,0,0,206,206,206,150,56,0,1496,776,51.9,572,38.2,148,9.9,26,12.6,10,11,13,5.3,1,22.0,0,0,0.0,,0,
5010.lol,lol,2026-08-26,2026-08-27,2,да,NEW33_12pages_withdate+img_25.08,NEW,1,12,без оформления,Theme1,numeric,4,272,1,2,да,309,14,12-17,3,0,0,206,206,206,150,56,0,2218,1336,60.2,570,25.7,312,14.1,15,7.3,11,13,14,6.3,1,38.0,0,0,0.0,,0,
8374.lol,lol,2026-09-17,2026-09-18,2,да,content-2026-09-16-12str_2,content-дата,1,12,,Theme1,numeric,4,404,2,2,нет,793,15,12-17,4,0,0,206,206,206,150,56,0,2200,1507,68.5,570,25.9,123,5.6,17,8.3,12,16,16,7.8,0.5,33.5,0,0,0.0,,0,
k6r.team,team,2026-09-16,2026-09-17,2,да,content-2026-09-15-7str-oform-2_8,content-дата,1,7,оформлено,Theme1,alpha_other,3,290,2,2,нет,604,21,18-23,3,0,0,206,206,206,150,56,0,1888,1147,60.8,569,30.1,172,9.1,27,13.1,19,26,27,12.6,1,21.1,0,0,0.0,,0,
1018.lol,lol,2026-09-17,2026-09-18,2,да,content-2026-09-15-7str-oform-1_11,content-дата,1,7,оформлено,Theme1,numeric,4,350,2,2,нет,832,8,06-11,4,0,0,206,206,206,150,56,0,1516,851,56.1,568,37.5,97,6.4,25,12.1,20,25,25,12.1,0,22.7,0,0,0.0,,0,
npj.lol,lol,2026-09-12,2026-09-13,2,да,content-2026-09-12-7str-oform-2,content-дата,1,7,оформлено,Theme1,alpha_other,3,1055,1,1,да,529,21,18-23,6,0,206,206,206,206,150,56,0,1360,550,40.4,567,41.7,243,17.9,23,11.2,13,15,23,7.3,1,24.7,0,0,0.0,,0,
vbtw.team,team,2026-09-20,2026-09-21,2,нет,content-2026-09-17-7str-oform-2_48,content-дата,1,7,оформлено,Theme1,alpha_other,4,1221,2,2,нет,719,7,06-11,7,0,206,206,0,206,150,56,0,1383,673,48.7,567,41.0,143,10.3,30,14.6,,,,,0.0,18.9,0,0,0.0,,0,
u0s.team,team,2026-09-02,2026-09-03,2,да,nabory294303,nabory,1,,,Theme1,alpha_other,3,385,1,2,да,466,17,12-17,3,0,0,206,206,206,150,56,0,2857,1465,51.3,566,19.8,826,28.9,42,20.4,31,36,38,17.5,1,13.5,0,0,0.0,,0,
nrwg.team,team,2026-08-20,2026-08-21,2,да,КОНТЕНТ НЕ ЗАПИСАН,не записан,1,,,Theme1,alpha_other,4,15,2,3,нет,123,22,18-23,4,0,0,205,205,205,150,55,0,2301,1136,49.4,565,24.6,600,26.1,40,19.5,26,33,35,16.1,1.0,14.1,0,0,0.0,,0,
casinomw.team,team,2026-09-07,2026-09-08,2,да,nabory436440_styled_img,nabory,1,,styled_img,Theme1,casino_prefix,8,619,1,1,да,350,18,18-23,1,0,0,206,206,206,150,56,0,1156,434,37.5,565,48.9,157,13.6,27,13.1,22,22,22,10.7,1,20.9,0,0,0.0,,0,
t8n2.lol,lol,2026-09-03,2026-09-04,2,да,КОНТЕНТ НЕ ЗАПИСАН,не записан,1,,,Theme1,alpha_other,4,435,1,2,да,435,0,00-05,4,206,0,206,206,206,150,56,0,3199,1853,57.9,563,17.6,783,24.5,20,9.7,15,15,16,7.3,0.0,28.1,0,0,0.0,,0,
0711.lol,lol,2026-09-19,2026-09-20,2,нет,nabory-641-650_3,nabory,1,,,Theme1,numeric,4,568,2,2,нет,890,22,18-23,6,0,206,206,0,206,150,56,0,1115,466,41.8,563,50.5,86,7.7,40,19.4,,,,,1.0,14.1,0,0,0.0,,0,
ejucasino.lol,lol,2026-09-14,2026-09-15,2,да,content-2026-09-12-7str-oform-3,content-дата,1,7,оформлено,Theme1,casino_infix,9,1124,1,1,да,614,3,00-05,1,206,0,206,206,206,150,56,0,1002,302,30.1,560,55.9,140,14.0,20,9.7,15,18,20,8.7,0.5,28.0,0,0,0.0,,0,
5659.team,team,2026-09-11,2026-09-12,2,да,clean7_part1_50оформлено,clean,1,,оформлено,Theme1,numeric,4,1015,1,1,да,246,6,06-11,5,0,0,206,206,206,150,56,0,1012,318,31.4,558,55.1,136,13.4,20,9.7,12,12,18,5.8,0,27.9,0,0,0.0,,0,
xoacasino.lol,lol,2026-09-04,2026-09-05,2,да,nabory284293,nabory,1,,,Theme1,casino_infix,9,528,1,2,да,110,9,06-11,5,0,0,206,206,206,150,56,0,1992,918,46.1,557,28.0,517,26.0,23,11.2,16,17,17,8.3,0.0,24.2,0,0,0.0,,0,
casino0409s.casino,casino,2026-09-04,2026-09-05,2,да,NEW20_12pages_nodate_styled_img,NEW,1,12,styled_img,Theme1,casino_prefix,11,1223,1,2,да,133,20,18-23,5,0,0,206,206,206,150,56,0,2098,1054,50.2,557,26.5,487,23.2,42,20.4,32,35,37,17.0,1,13.3,0,0,0.0,,0,
9383.team,team,2026-09-10,2026-09-11,2,да,archive47_unique119оформленочасть2,archive,1,,оформлено,Theme1,numeric,4,826,1,1,да,19,19,18-23,3,0,0,206,206,206,150,56,0,809,161,19.9,557,68.9,91,11.2,23,11.2,13,18,22,8.7,1.0,24.2,0,0,0.0,,0,
g5c3.lol,lol,2026-09-15,2026-09-16,2,да,content-2026-09-14b-7str-oform-2_25,content-дата,1,7,оформлено,Theme1,alpha_other,4,5,3,3,нет,743,12,12-17,2,0,0,206,206,206,150,56,0,1744,925,53.0,556,31.9,263,15.1,47,22.8,25,41,43,19.9,1,11.8,0,0,0.0,,0,
casinoprb.lol,lol,2026-09-04,2026-09-05,2,да,КОНТЕНТ НЕ ЗАПИСАН,не записан,1,,,Theme1,casino_prefix,9,564,1,2,да,95,16,12-17,5,0,0,206,206,206,150,56,0,2422,1405,58.0,553,22.8,464,19.2,8,3.9,3,5,7,2.4,2,69.1,0,0,0.0,,0,
274casino.team,team,2026-09-06,2026-09-07,2,да,nabory400410_styled_img,nabory,1,,styled_img,Theme1,casino_infix,9,547,1,1,да,223,19,18-23,7,0,206,206,206,206,150,56,0,1588,649,40.9,552,34.8,387,24.4,39,18.9,32,33,33,16.0,1,14.2,0,0,0.0,,0,
casinoli.team,team,2026-09-06,2026-09-07,2,да,nabory411420_styled_img,nabory,1,,styled_img,Theme1,casino_prefix,8,573,1,1,да,253,20,18-23,7,0,206,206,206,206,150,56,0,1446,592,40.9,551,38.1,303,21.0,13,6.3,10,10,10,4.9,0.5,42.4,0,0,0.0,,0,
4860.team,team,2026-09-15,2026-09-16,2,да,content-2026-09-14-7str-oform-9_35,content-дата,1,7,оформлено,Theme1,numeric,4,1187,1,1,да,692,1,00-05,2,206,0,206,206,206,150,56,0,1378,717,52.0,551,40.0,110,8.0,37,18.0,20,34,35,16.5,1,14.9,0,0,0.0,,0,
qtbh.team,team,2026-09-10,2026-09-11,2,да,archive37строформленоv2часть3,archive,1,7,оформлено,Theme1,alpha_other,4,914,1,1,да,177,17,12-17,4,0,0,206,206,206,150,56,0,1270,373,29.4,550,43.3,347,27.3,25,12.1,15,15,21,7.3,1,22.0,0,0,0.0,,0,
0509t.casino,casino,2026-09-05,2026-09-06,2,да,NEW21_12pages_nodate_styled_img,NEW,1,12,styled_img,Theme1,alpha_other,5,1269,1,2,да,137,17,12-17,6,0,206,206,206,206,150,56,0,1436,439,30.6,549,38.2,448,31.2,29,14.1,22,25,26,12.1,1,18.9,0,0,0.0,,0,
casino5675.team,team,2026-09-10,2026-09-11,2,да,archive47_unique119оформленочасть1,archive,1,,оформлено,Theme1,casino_prefix,10,854,1,1,да,36,19,18-23,3,0,0,206,206,206,150,56,0,810,167,20.6,549,67.8,94,11.6,15,7.3,3,8,14,3.9,2.5,36.6,0,0,0.0,,0,
casinojxu.team,team,2026-09-11,2026-09-12,2,да,clean7_part1_50оформлено,clean,1,,оформлено,Theme1,casino_prefix,9,1035,1,1,да,229,9,06-11,5,0,0,206,206,206,150,56,0,945,136,14.4,549,58.1,260,27.5,25,12.1,16,19,24,9.2,1.0,22.0,0,0,0.0,,0,
3520.team,team,2026-09-16,2026-09-17,2,да,nabory-565-580_11,nabory,1,,,Theme1,numeric,4,228,2,2,нет,657,10,06-11,3,0,0,206,206,206,150,56,0,2445,1648,67.4,548,22.4,249,10.2,35,17.0,29,29,29,14.1,0,15.7,0,0,0.0,,0,
3472.team,team,2026-09-16,2026-09-17,2,да,content-2026-09-15-7str-oform-2_3,content-дата,1,7,оформлено,Theme1,numeric,4,281,2,2,нет,599,20,18-23,3,0,0,206,206,206,150,56,0,1445,776,53.7,548,37.9,121,8.4,23,11.2,16,23,23,11.2,1,23.8,0,0,0.0,,0,
zyok.lol,lol,2026-09-04,2026-09-05,2,да,nabory274283,nabory,1,,,Theme1,alpha_other,4,533,1,2,да,119,11,06-11,5,0,0,206,206,206,150,56,0,1429,400,28.0,547,38.3,482,33.7,39,18.9,31,32,32,15.5,0,14.0,0,0,0.0,,0,
0778.team,team,2026-09-04,2026-09-05,2,да,NEW20_12pages_withdate_styled_img,NEW,1,12,styled_img,Theme1,numeric,4,1219,1,2,да,154,19,18-23,5,0,0,206,206,206,150,56,0,2059,1035,50.3,547,26.6,477,23.2,38,18.4,28,35,36,17.0,1.0,14.4,0,0,0.0,,0,
2966.lol,lol,2026-09-18,2026-09-18,1,да,content-2026-09-17b-7str-oform_36,content-дата,1,7,оформлено,Theme1,numeric,4,511,2,2,нет,332,17,12-17,5,0,0,150,150,150,150,0,0,978,410,41.9,541,55.3,27,2.8,32,21.3,27,32,32,21.3,1.0,16.9,0,0,0.0,,0,
jqcasino.team,team,2026-09-15,2026-09-16,2,да,content-2026-09-14-7str-oform-9_30,content-дата,1,7,оформлено,Theme1,casino_infix,8,57,2,2,нет,691,5,00-05,2,206,0,206,206,206,150,56,0,1293,634,49.0,539,41.7,120,9.3,41,19.9,20,35,37,17.0,1,13.1,0,0,0.0,,0,
casino1109.casino,casino,2026-09-11,2026-09-12,2,да,NEW102оформленосдатой,NEW,1,,оформлено,Theme1,casino_prefix,10,941,1,1,да,130,12,12-17,5,0,0,206,206,206,150,56,0,893,234,26.2,538,60.2,121,13.5,35,17.0,25,29,35,14.1,1,15.4,0,0,0.0,,0,
d2wq.team,team,2026-08-21,2026-08-22,2,да,КОНТЕНТ НЕ ЗАПИСАН,не записан,1,,,Theme1,alpha_other,4,171,1,2,да,188,22,18-23,5,0,0,206,206,206,150,56,0,2696,1436,53.3,536,19.9,724,26.9,21,10.2,14,17,20,8.3,1,25.5,0,0,0.0,,0,
zyok.team,team,2026-09-04,2026-09-05,2,да,NEW20_7pages_nodate_styled_img,NEW,1,7,styled_img,Theme1,alpha_other,4,1229,1,2,да,117,20,18-23,5,0,0,206,206,206,150,56,0,2026,991,48.9,535,26.4,500,24.7,59,28.6,49,50,50,24.3,1,9.1,0,0,0.0,,0,
casinor4.lol,lol,2026-09-14,2026-09-15,2,да,content-2026-09-14-12str-oform_2,content-дата,1,12,оформлено,Theme1,casino_prefix,8,1156,1,1,да,580,19,18-23,1,0,0,206,206,206,150,56,0,1333,631,47.3,535,40.1,167,12.5,52,25.2,32,49,52,23.8,1.0,10.3,0,0,0.0,,0,
cyfd.team,team,2026-09-15,2026-09-16,2,да,content-2026-09-14c-7str-oform-2_16,content-дата,1,7,оформлено,Theme1,alpha_other,4,136,2,2,нет,768,15,12-17,2,0,0,206,206,206,150,56,0,1816,1011,55.7,535,29.5,270,14.9,48,23.3,32,44,46,21.4,1.0,11.1,0,0,0.0,,0,
casinozr.lol,lol,2026-09-18,2026-09-18,1,да,content-2026-09-14b-7str-oform-1_38,content-дата,1,7,оформлено,Theme1,casino_prefix,8,447,2,2,нет,746,0,00-05,4,0,0,150,150,150,150,0,0,970,391,40.3,535,55.2,44,4.5,23,15.3,16,23,23,15.3,1,23.3,0,0,0.0,,0,
7186.team,team,2026-08-27,2026-08-28,2,да,КОНТЕНТ НЕ ЗАПИСАН,не записан,1,,,Theme1,numeric,4,326,1,2,да,341,19,18-23,4,0,0,206,206,206,150,56,0,1788,1097,61.4,534,29.9,157,8.8,16,7.8,13,16,16,7.8,1.0,33.4,0,0,0.0,,0,
0509ss.casino,casino,2026-09-06,2026-09-07,2,да,NEW20_3_12pages_nodate_styled_img,NEW,1,12,styled_img,Theme1,alpha_other,6,1296,1,2,да,143,15,12-17,7,0,206,206,206,206,150,56,0,1675,837,50.0,533,31.8,305,18.2,54,26.2,44,49,50,23.8,1,9.9,0,0,0.0,,0,
xvcasino.buzz,buzz,2026-09-08,2026-09-09,2,да,archive37строформленоv2часть2,archive,1,7,оформлено,Theme1,casino_infix,8,709,1,1,да,412,16,12-17,2,0,0,206,206,206,150,56,0,1077,405,37.6,532,49.4,140,13.0,27,13.1,22,26,26,12.6,1,19.7,0,0,0.0,,0,
9012.team,team,2026-09-02,2026-09-03,2,да,NEW50_7pages_nodate_01.09,NEW,1,7,без оформления,Theme1,numeric,4,406,1,2,да,427,20,18-23,3,0,0,206,206,206,150,56,0,1605,777,48.4,531,33.1,297,18.5,28,13.6,22,25,26,12.1,1.0,19.0,0,0,0.0,,0,
8928.team,team,2026-09-08,2026-09-09,2,да,clean7_part1_50оформлено,clean,1,,оформлено,Theme1,numeric,4,673,1,1,да,319,6,06-11,2,0,0,206,206,206,150,56,0,1736,412,23.7,527,30.4,797,45.9,33,16.0,33,33,33,16.0,0,16.0,0,0,0.0,,0,
casino5341.lol,lol,2026-09-17,2026-09-18,2,да,content-2026-09-14b-7str-oform-1_35,content-дата,1,7,оформлено,Theme1,casino_prefix,10,443,2,2,нет,743,23,18-23,4,0,0,206,206,206,150,56,0,742,192,25.9,525,70.8,25,3.4,37,18.0,19,37,37,18.0,1,14.2,0,0,0.0,,0,
oaza.lol,lol,2026-09-20,2026-09-21,2,нет,content-2026-09-17-12str-oform_1,content-дата,1,12,оформлено,Theme1,alpha_other,4,1265,2,2,нет,881,17,12-17,7,0,206,206,0,206,150,56,0,1275,561,44.0,524,41.1,190,14.9,42,20.4,,,,,0,12.5,0,0,0.0,,0,
7925.lol,lol,2026-09-03,2026-09-04,2,да,NEW50_3_12pages_nodate_styled,NEW,1,12,без оформления,Theme1,numeric,4,502,1,2,да,43,20,18-23,4,0,0,206,206,206,150,56,0,2173,1009,46.4,521,24.0,643,29.6,26,12.6,21,23,24,11.2,1.0,20.0,0,0,0.0,,0,
casinouep.team,team,2026-09-07,2026-09-08,2,да,nabory431435_styled_img,nabory,1,,styled_img,Theme1,casino_prefix,9,610,1,1,да,300,17,12-17,1,0,0,206,206,206,150,56,0,1986,753,37.9,521,26.2,712,35.9,38,18.4,33,36,36,17.5,1.0,13.7,0,0,0.0,,0,
ymrb.team,team,2026-09-16,2026-09-17,2,да,content-2026-09-14c-7str-oform-1_1,content-дата,1,7,оформлено,Theme1,alpha_other,4,225,2,2,нет,761,10,06-11,3,0,0,206,206,206,150,56,0,2238,1603,71.6,521,23.3,114,5.1,40,19.4,28,36,37,17.5,1,13.0,0,0,0.0,,0,
vgti.casino,casino,2026-09-01,2026-09-02,2,да,NEW50_12pages_nodate_01.09,NEW,1,12,без оформления,Theme1,alpha_other,4,358,1,2,да,388,18,18-23,2,0,0,206,206,206,150,56,0,2570,1364,53.1,519,20.2,687,26.7,43,20.9,35,39,40,18.9,1,12.1,0,0,0.0,,0,
6012.lol,lol,2026-09-03,2026-09-04,2,да,NEW50_3_12pages_nodate_styled,NEW,1,12,без оформления,Theme1,numeric,4,492,1,2,да,40,19,18-23,4,0,0,206,206,206,150,56,0,2098,995,47.4,518,24.7,585,27.9,41,19.9,32,36,39,17.5,1,12.6,0,0,0.0,,0,
0946.team,team,2026-09-11,2026-09-12,2,да,NEW102оформленобездаты,NEW,1,,оформлено,Theme1,numeric,4,958,1,1,да,149,13,12-17,5,0,0,206,206,206,150,56,0,1616,685,42.4,516,31.9,415,25.7,29,14.1,14,16,26,7.8,1,17.8,0,0,0.0,,0,
2557.team,team,2026-09-16,2026-09-17,2,да,content-2026-09-15-7str-oform-1_47,content-дата,1,7,оформлено,Theme1,numeric,4,278,2,2,нет,593,17,12-17,3,0,0,206,206,206,150,56,0,1634,1008,61.7,516,31.6,110,6.7,13,6.3,11,12,12,5.8,1.0,39.7,0,0,0.0,,0,
4502.team,team,2026-09-02,2026-09-03,2,да,NEW50_7pages_nodate_01.09,NEW,1,7,без оформления,Theme1,numeric,4,403,1,2,да,417,20,18-23,3,0,0,206,206,206,150,56,0,1242,493,39.7,515,41.5,234,18.8,26,12.6,14,23,23,11.2,1.0,19.8,0,0,0.0,,0,
3789.team,team,2026-09-15,2026-09-16,2,да,content-2026-09-14-7str-oform-9_36,content-дата,1,7,оформлено,Theme1,numeric,4,1181,1,1,да,699,1,00-05,2,206,0,206,206,206,150,56,0,1637,1044,63.8,514,31.4,79,4.8,34,16.5,22,31,32,15.0,1.0,15.1,0,0,0.0,,0,
3237.team,team,2026-09-07,2026-09-08,2,да,NEW20_12pages_withdate_оформлено,NEW,1,12,оформлено,Theme1,numeric,4,624,1,1,да,345,19,18-23,1,0,0,206,206,206,150,56,0,1521,579,38.1,513,33.7,429,28.2,49,23.8,47,47,47,22.8,1,10.5,0,0,0.0,,0,
2882.team,team,2026-09-03,2026-09-04,2,да,КОНТЕНТ НЕ ЗАПИСАН,не записан,1,,,Theme1,numeric,4,439,1,2,да,423,2,00-05,4,206,0,206,206,206,150,56,0,1384,548,39.6,512,37.0,324,23.4,20,9.7,17,19,19,9.2,0.0,25.6,0,0,0.0,,0,
0786.team,team,2026-09-15,2026-09-16,2,да,content-2026-09-14-7str-oform-9_33,content-дата,1,7,оформлено,Theme1,numeric,4,1178,1,1,да,646,0,00-05,2,206,0,206,206,206,150,56,0,1721,1018,59.2,512,29.8,191,11.1,49,23.8,29,42,45,20.4,1,10.4,0,0,0.0,,0,
4269casino.team,team,2026-09-15,2026-09-16,2,да,content-2026-09-14c-7str-oform-1_16,content-дата,1,7,оформлено,Theme1,casino_infix,10,149,2,2,нет,797,20,18-23,2,0,0,206,206,206,150,56,0,1607,899,55.9,511,31.8,197,12.3,45,21.8,34,45,45,21.8,1,11.4,0,0,0.0,,0,
jpsd.team,team,2026-08-18,2026-08-19,2,да,КОНТЕНТ НЕ ЗАПИСАН,не записан,1,,,Theme1,alpha_other,4,21,1,3,да,14,21,18-23,2,0,0,184,184,184,150,34,0,3445,1916,55.6,510,14.8,1019,29.6,35,19.0,33,33,33,17.9,1,14.6,0,0,0.0,,0,
b1l2.team,team,2026-09-15,2026-09-16,2,да,content-2026-09-14b-7str-oform-2_32,content-дата,1,7,оформлено,Theme1,alpha_other,4,101,2,2,нет,791,11,06-11,2,0,0,206,206,206,150,56,0,1347,717,53.2,509,37.8,121,9.0,19,9.2,11,17,18,8.3,1.0,26.8,0,0,0.0,,0,
o5h7.lol,lol,2026-09-03,2026-09-04,2,да,NEW50_3_7pages_nodate_styled,NEW,1,7,без оформления,Theme1,alpha_other,4,512,1,2,да,481,21,18-23,4,0,0,206,206,206,150,56,0,1484,708,47.7,508,34.2,268,18.1,44,21.4,33,40,41,19.4,1.0,11.5,0,0,0.0,,0,
jflj.team,team,2026-09-17,2026-09-18,2,да,content-2026-09-15-7str-oform-1_4,content-дата,1,7,оформлено,Theme1,alpha_other,4,366,2,2,нет,825,10,06-11,4,0,0,206,206,206,150,56,0,1448,880,60.8,507,35.0,61,4.2,46,22.3,38,46,46,22.3,0.5,11.0,0,0,0.0,,0,
z2u7.lol,lol,2026-09-03,2026-09-04,2,да,NEW50_3_7pages_withdate_styled,NEW,1,7,без оформления,Theme1,alpha_other,4,516,1,2,да,28,18,18-23,4,0,0,206,206,206,150,56,0,1998,1003,50.2,506,25.3,489,24.5,36,17.5,18,25,30,12.1,1.5,14.1,0,0,0.0,,0,
2865.lol,lol,2026-09-09,2026-09-10,2,да,archive47_unique119оформленочасть1,archive,1,,оформлено,Theme1,numeric,4,838,1,1,да,472,18,18-23,3,0,0,206,206,206,150,56,0,3129,2241,71.6,506,16.2,382,12.2,49,23.8,27,34,39,16.5,1,10.3,0,0,0.0,,0,
d5r.team,team,2026-09-15,2026-09-16,2,да,content-2026-09-14b-7str-oform-2_18,content-дата,1,7,оформлено,Theme1,alpha_other,3,117,2,2,нет,715,13,12-17,2,0,0,206,206,206,150,56,0,1617,854,52.8,504,31.2,259,16.0,60,29.1,44,55,56,26.7,1.0,8.4,0,0,0.0,,0,
casinoja.team,team,2026-09-16,2026-09-17,2,да,content-2026-09-15-7str-oform-2_44,content-дата,1,7,оформлено,Theme1,casino_prefix,8,260,2,2,нет,640,16,12-17,3,0,0,206,206,206,150,56,0,1026,425,41.4,504,49.1,97,9.5,24,11.7,15,20,24,9.7,1.0,21.0,0,0,0.0,,0,
9456.lol,lol,2026-09-14,2026-09-15,2,да,content-2026-09-14-12str-oform_3,content-дата,1,12,оформлено,Theme1,numeric,4,1151,1,1,да,593,18,18-23,1,0,0,206,206,206,150,56,0,1637,842,51.4,502,30.7,293,17.9,45,21.8,29,41,44,19.9,1.0,11.2,0,0,0.0,,0,
0964.lol,lol,2026-09-15,2026-09-16,2,да,content-2026-09-14c-7str-oform-2_36,content-дата,1,7,оформлено,Theme1,numeric,4,118,2,2,нет,828,13,12-17,2,0,0,206,206,206,150,56,0,1245,626,50.3,502,40.3,117,9.4,44,21.4,30,38,40,18.4,1.0,11.4,0,0,0.0,,0,
casinoni.lol,lol,2026-09-17,2026-09-18,2,да,content-2026-09-14b-7str-oform-1_42,content-дата,1,7,оформлено,Theme1,casino_prefix,8,382,2,2,нет,798,11,06-11,4,0,0,206,206,206,150,56,0,1168,616,52.7,500,42.8,52,4.5,28,13.6,18,25,25,12.1,1,17.9,0,0,0.0,,0,
3635.team,team,2026-08-26,2026-08-27,2,да,NEW33_12pages_nodate+img_25.08,NEW,1,12,без оформления,Theme1,numeric,4,299,1,2,да,319,18,18-23,3,0,0,206,206,206,150,56,0,2367,787,33.2,498,21.0,1082,45.7,34,16.5,23,28,30,13.6,1,14.6,0,0,0.0,,0,
537casino.team,team,2026-09-04,2026-09-05,2,да,Generator_354359_styled_img,Generator,1,,styled_img,Theme1,casino_infix,9,1206,1,2,да,207,18,18-23,5,0,0,206,206,206,150,56,0,2049,1183,57.7,498,24.3,368,18.0,12,5.8,9,9,9,4.4,1.0,41.5,0,0,0.0,,0,
2760.team,team,2026-09-03,2026-09-04,2,да,NEW50_3_7pages_nodate_styled,NEW,1,7,без оформления,Theme1,numeric,4,474,1,2,да,9,18,18-23,4,0,0,206,206,206,150,56,0,2199,1145,52.1,496,22.6,558,25.4,29,14.1,16,22,26,10.7,1,17.1,0,0,0.0,,0,
0318.team,team,2026-09-16,2026-09-17,2,да,content-2026-09-15-7str-oform-2_5,content-дата,1,7,оформлено,Theme1,numeric,4,270,2,2,нет,601,17,12-17,3,0,0,206,206,206,150,56,0,1991,1296,65.1,496,24.9,199,10.0,30,14.6,23,28,28,13.6,1.0,16.5,0,0,0.0,,0,
kzgq.team,team,2026-09-03,2026-09-04,2,да,NEW50_12pages_withdate_01.09,NEW,1,12,без оформления,Theme1,alpha_other,4,462,1,2,да,405,9,06-11,4,0,0,206,206,206,150,56,0,1954,854,43.7,495,25.3,605,31.0,30,14.6,20,25,27,12.1,1,16.5,0,0,0.0,,0,
casino0509m.casino,casino,2026-09-05,2026-09-06,2,да,NEW21_12pages_nodate_styled_img,NEW,1,12,styled_img,Theme1,casino_prefix,11,1277,1,2,да,135,18,18-23,6,0,206,206,206,206,150,56,0,1098,332,30.2,492,44.8,274,25.0,17,8.3,8,9,11,4.4,1,28.9,0,0,0.0,,0,
4149.lol,lol,2026-09-08,2026-09-09,2,да,archive37строформленоv2часть2,archive,1,7,оформлено,Theme1,numeric,4,703,1,1,да,389,16,12-17,2,0,0,206,206,206,150,56,0,1450,708,48.8,491,33.9,251,17.3,53,25.7,34,40,44,19.4,1.0,9.3,0,0,0.0,,0,
hsrk.lol,lol,2026-09-16,2026-09-17,2,да,content-2026-09-14c-7str-oform-1_27,content-дата,1,7,оформлено,Theme1,alpha_other,4,177,2,2,нет,839,3,00-05,3,206,0,206,206,206,150,56,0,1087,484,44.5,491,45.2,112,10.3,37,18.0,32,35,35,17.0,0,13.3,0,0,0.0,,0,
rzacasino.lol,lol,2026-09-12,2026-09-13,2,да,content-2026-09-12-7str-oform-2,content-дата,1,7,оформлено,Theme1,casino_infix,9,1059,1,1,да,506,22,18-23,6,0,206,206,206,206,150,56,0,865,268,31.0,490,56.6,107,12.4,54,26.2,32,42,53,20.4,1,9.1,0,0,0.0,,0,
tshz.team,team,2026-09-10,2026-09-11,2,да,archive37строформленоv2часть1,archive,1,7,оформлено,Theme1,alpha_other,4,898,1,1,да,160,14,12-17,4,0,0,206,206,206,150,56,0,1364,494,36.2,489,35.9,381,27.9,29,14.1,19,20,25,9.7,1,16.9,0,0,0.0,,0,
8061.lol,lol,2026-09-07,2026-09-08,2,да,Выдача_06.09_12стр,прочее,1,12,,Theme1,numeric,4,589,1,1,да,237,10,06-11,1,0,0,206,206,206,150,56,0,982,392,39.9,488,49.7,102,10.4,28,13.6,20,25,25,12.1,1.0,17.4,0,0,0.0,,0,
4151.lol,lol,2026-09-03,2026-09-04,2,да,NEW50_3_12pages_nodate_styled,NEW,1,12,без оформления,Theme1,numeric,4,483,1,2,да,38,19,18-23,4,0,0,206,206,206,150,56,0,2216,1142,51.5,487,22.0,587,26.5,35,17.0,21,29,31,14.1,1.0,13.9,0,0,0.0,,0,
4691.lol,lol,2026-09-14,2026-09-15,2,да,content-2026-09-14-12str-oform_4,content-дата,1,12,оформлено,Theme1,numeric,4,1146,1,1,да,596,17,12-17,1,0,0,206,206,206,150,56,0,1713,1007,58.8,487,28.4,219,12.8,44,21.4,23,38,42,18.4,1.0,11.1,0,0,0.0,,0,
f7zr.team,team,2026-08-18,2026-08-19,2,да,КОНТЕНТ НЕ ЗАПИСАН,не записан,1,,,Theme1,alpha_other,4,31,1,2,да,37,23,18-23,2,0,0,184,184,184,150,34,0,3167,1738,54.9,486,15.3,943,29.8,38,20.7,28,37,37,20.1,1.0,12.8,0,0,0.0,,0,
r7mc.team,team,2026-08-19,2026-08-20,2,да,КОНТЕНТ НЕ ЗАПИСАН,не записан,1,,,Theme1,alpha_other,4,63,1,2,да,92,17,12-17,3,0,0,184,184,184,150,34,0,3818,2184,57.2,486,12.7,1148,30.1,35,19.0,32,33,33,17.9,1.0,13.9,0,0,0.0,,0,
9124.team,team,2026-09-04,2026-09-05,2,да,Generator_368369_styled_img,Generator,1,,styled_img,Theme1,numeric,4,1230,1,2,да,100,21,18-23,5,0,0,206,206,206,150,56,0,1340,463,34.6,486,36.3,391,29.2,29,14.1,23,26,27,12.6,1,16.8,0,0,0.0,,0,
sclw.lol,lol,2026-09-15,2026-09-16,2,да,content-2026-09-14c-7str-oform-2_11,content-дата,1,7,оформлено,Theme1,alpha_other,4,11,3,3,нет,755,16,12-17,2,0,0,206,206,206,150,56,0,1340,708,52.8,485,36.2,147,11.0,30,14.6,18,28,29,13.6,1,16.2,0,0,0.0,,0,
bepcasino.team,team,2026-09-17,2026-09-18,2,да,nabory-581-590_8,nabory,1,,,Theme1,casino_infix,9,310,2,2,нет,590,2,00-05,4,206,0,206,206,206,150,56,0,1813,1155,63.7,485,26.8,173,9.5,29,14.1,18,23,23,11.2,0,16.7,0,0,0.0,,0,
fdls.lol,lol,2026-09-10,2026-09-11,2,да,archive37строформленоv2часть3,archive,1,7,оформлено,Theme1,alpha_other,4,882,1,1,да,3,9,06-11,4,0,0,206,206,206,150,56,0,1339,473,35.3,482,36.0,384,28.7,29,14.1,15,15,23,7.3,1.0,16.6,0,0,0.0,,0,
6996.team,team,2026-09-14,2026-09-15,2,да,nabory-515-524_styled_img_9,nabory,1,,styled_img,Theme1,numeric,4,34,2,2,нет,687,21,18-23,1,0,0,206,206,206,150,56,0,1223,606,49.6,482,39.4,135,11.0,9,4.4,6,9,9,4.4,1,53.6,0,0,0.0,,0,
0540.team,team,2026-09-02,2026-09-03,2,да,NEW50_2_7pages_withdate,NEW,1,7,без оформления,Theme1,numeric,4,400,1,2,да,433,20,18-23,3,0,0,206,206,206,150,56,0,2156,1127,52.3,480,22.3,549,25.5,38,18.4,36,37,37,18.0,1,12.6,0,0,0.0,,0,
knsd.team,team,2026-08-20,2026-08-21,2,да,КОНТЕНТ НЕ ЗАПИСАН,не записан,1,,,Theme1,alpha_other,4,14,2,3,нет,120,22,18-23,4,0,0,205,205,205,150,55,0,1677,807,48.1,477,28.4,393,23.4,19,9.3,14,17,18,8.3,1,25.1,0,0,0.0,,0,
3855.lol,lol,2026-09-08,2026-09-09,2,да,archive37строформленоv2часть2,archive,1,7,оформлено,Theme1,numeric,4,722,1,1,да,384,17,12-17,2,0,0,206,206,206,150,56,0,1529,736,48.1,476,31.1,317,20.7,25,12.1,15,15,15,7.3,1.0,19.0,0,0,0.0,,0,
gdpu.buzz,buzz,2026-09-09,2026-09-10,2,да,archive412_unique12оформлено,archive,1,,оформлено,Theme1,alpha_other,4,792,1,1,да,435,12,12-17,3,0,0,206,206,206,150,56,0,2284,1478,64.7,476,20.8,330,14.4,45,21.8,24,29,32,14.1,1,10.6,0,0,0.0,,0,
5772.team,team,2026-09-17,2026-09-18,2,да,content-2026-09-16-12str_4,content-дата,1,12,,Theme1,numeric,4,398,2,2,нет,795,13,12-17,4,0,0,206,206,206,150,56,0,1803,1222,67.8,474,26.3,107,5.9,29,14.1,22,27,27,13.1,1,16.3,0,0,0.0,,0,
2483.team,team,2026-08-27,2026-08-28,2,да,КОНТЕНТ НЕ ЗАПИСАН,не записан,1,,,Theme1,numeric,4,323,1,2,да,321,19,18-23,4,0,0,206,206,206,150,56,0,1358,710,52.3,473,34.8,175,12.9,24,11.7,17,20,23,9.7,1.0,19.7,0,0,0.0,,0,
5347.lol,lol,2026-09-17,2026-09-18,2,да,content-2026-09-16-12str_3,content-дата,1,12,,Theme1,numeric,4,394,2,2,нет,794,13,12-17,4,0,0,206,206,206,150,56,0,1767,1167,66.0,473,26.8,127,7.2,31,15.0,25,30,30,14.6,0.0,15.3,0,0,0.0,,0,
casinou0.team,team,2026-09-17,2026-09-18,2,да,nabory-611-620_7,nabory,1,,,Theme1,casino_prefix,8,446,2,2,нет,734,23,18-23,4,0,0,204,204,204,150,54,0,1128,589,52.2,473,41.9,66,5.9,14,6.9,8,14,14,6.9,1.0,33.8,0,0,0.0,,0,
casinos7.team,team,2026-09-13,2026-09-14,2,да,content-2026-09-12-7str-oform-3,content-дата,1,7,оформлено,Theme1,casino_prefix,8,1106,1,1,да,512,17,12-17,7,0,206,206,206,206,150,56,0,661,154,23.3,472,71.4,35,5.3,12,5.8,10,11,12,5.3,1.0,39.3,0,0,0.0,,0,
casinogsl.lol,lol,2026-09-14,2026-09-15,2,да,content-2026-09-14-12str-oform_6,content-дата,1,12,оформлено,Theme1,casino_prefix,9,1155,1,1,да,622,19,18-23,1,0,0,206,206,206,150,56,0,1400,723,51.6,470,33.6,207,14.8,52,25.2,22,45,50,21.8,2.0,9.0,0,0,0.0,,0,
1820casino.team,team,2026-09-15,2026-09-16,2,да,content-2026-09-14-7str-oform-9_23,content-дата,1,7,оформлено,Theme1,casino_infix,10,62,2,2,нет,645,3,00-05,2,206,0,206,206,206,150,56,0,1011,427,42.2,468,46.3,116,11.5,15,7.3,10,15,15,7.3,1,31.2,0,0,0.0,,0,
0040.lol,lol,2026-09-02,2026-09-03,2,да,nabory274283,nabory,1,,,Theme1,numeric,4,410,1,2,да,475,21,18-23,3,0,0,206,206,206,150,56,0,2136,1160,54.3,467,21.9,509,23.8,18,8.7,16,17,18,8.3,1.0,25.9,0,0,0.0,,0,
casino8643.team,team,2026-09-07,2026-09-08,2,да,NEW20_12pages_nodate_оформлено,NEW,1,12,оформлено,Theme1,casino_prefix,10,634,1,1,да,323,20,18-23,1,0,0,206,206,206,150,56,0,1348,578,42.9,467,34.6,303,22.5,48,23.3,35,38,38,18.4,1.0,9.7,0,0,0.0,,0,
casino753.team,team,2026-09-11,2026-09-12,2,да,nabory481483_styled_img_dark,nabory,1,,styled_img,Theme1,casino_prefix,9,1332,1,1,да,225,22,18-23,5,0,0,206,206,206,150,56,0,2012,670,33.3,467,23.2,875,43.5,53,25.7,36,40,53,19.4,1,8.8,0,0,0.0,,0,
izlx.team,team,2026-09-02,2026-09-03,2,да,NEW50_2_12pages_withdate_02.09,NEW,1,12,без оформления,Theme1,alpha_other,4,425,1,2,да,460,22,18-23,3,0,0,206,206,206,150,56,0,2397,1264,52.7,465,19.4,668,27.9,44,21.4,41,44,44,21.4,1.0,10.6,0,0,0.0,,0,
hlqz.team,team,2026-08-20,2026-08-21,2,да,КОНТЕНТ НЕ ЗАПИСАН,не записан,1,,,Theme1,alpha_other,4,10,2,3,нет,118,22,18-23,4,0,0,206,206,206,150,56,0,2505,1312,52.4,464,18.5,729,29.1,48,23.3,35,40,44,19.4,1.0,9.7,0,0,0.0,,0,
3675.lol,lol,2026-09-03,2026-09-04,2,да,NEW50_3_7pages_withdate_styled,NEW,1,7,без оформления,Theme1,numeric,4,482,1,2,да,24,18,18-23,4,0,0,206,206,206,150,56,0,1830,948,51.8,462,25.2,420,23.0,34,16.5,20,29,31,14.1,1.0,13.6,0,0,0.0,,0,
wssi.team,team,2026-09-12,2026-09-13,2,да,content-2026-09-12-7str-oform-1,content-дата,1,7,оформлено,Theme1,alpha_other,4,1070,1,1,да,219,13,12-17,6,0,206,206,206,206,150,56,0,1427,623,43.7,462,32.4,342,24.0,34,16.5,22,24,33,11.7,1,13.6,0,0,0.0,,0,
casinonck.lol,lol,2026-09-04,2026-09-05,2,да,nabory284293,nabory,1,,,Theme1,casino_prefix,9,519,1,2,да,87,3,00-05,5,206,0,206,206,206,150,56,0,1631,676,41.4,460,28.2,495,30.3,25,12.1,20,21,21,10.2,0,18.4,0,0,0.0,,0,
w0w3.casino,casino,2026-09-01,2026-09-02,2,да,NEW50_12pages_withdate_01.09,NEW,1,12,без оформления,Theme1,alpha_other,4,352,1,2,да,381,17,12-17,2,0,0,206,206,206,150,56,0,3778,2714,71.8,459,12.1,605,16.0,30,14.6,22,30,30,14.6,1.0,15.3,0,0,0.0,,0,
5653.lol,lol,2026-09-16,2026-09-17,2,да,nabory-555-564_styled_img_3,nabory,1,,styled_img,Theme1,numeric,4,211,2,2,нет,784,8,06-11,3,0,0,206,206,206,150,56,0,1799,1042,57.9,457,25.4,300,16.7,38,18.4,30,33,33,16.0,0,12.0,0,0,0.0,,0,
3260.lol,lol,2026-09-20,2026-09-21,2,нет,content-2026-09-17-7str-oform-1_20,content-дата,1,7,оформлено,Theme1,numeric,4,1230,2,2,нет,850,13,12-17,7,0,206,206,0,206,150,56,0,1037,460,44.4,457,44.1,120,11.6,44,21.4,,,,,0.0,10.4,0,0,0.0,,0,
1109cas.casino,casino,2026-09-11,2026-09-12,2,да,script_yandex_12page,script,1,12,,Theme1,alpha_other,7,960,1,1,да,78,13,12-17,5,0,0,206,206,206,150,56,0,1155,474,41.0,456,39.5,225,19.5,8,3.9,3,5,7,2.4,2.5,57.0,0,0,0.0,,0,
jfgcasino.team,team,2026-09-16,2026-09-17,2,да,nabory-565-580_15,nabory,1,,,Theme1,casino_infix,9,241,2,2,нет,661,13,12-17,3,0,0,206,206,206,150,56,0,2635,1915,72.7,456,17.3,264,10.0,33,16.0,26,30,30,14.6,0.0,13.8,0,0,0.0,,0,
k1y.team,team,2026-09-07,2026-09-08,2,да,NEW20_4_7pages_nodate,NEW,1,7,без оформления,Theme1,alpha_other,3,614,1,1,да,309,18,18-23,1,0,0,206,206,206,150,56,0,1134,463,40.8,455,40.1,216,19.0,42,20.4,31,33,34,16.0,1.0,10.8,0,0,0.0,,0,
8510.team,team,2026-09-15,2026-09-16,2,да,content-2026-09-14c-7str-oform-1_20,content-дата,1,7,оформлено,Theme1,numeric,4,160,2,2,нет,809,23,18-23,2,0,0,206,206,206,150,56,0,1207,610,50.5,455,37.7,142,11.8,39,18.9,22,39,39,18.9,1,11.7,0,0,0.0,,0,
6399.team,team,2026-09-17,2026-09-18,2,да,nabory-581-590_7,nabory,1,,,Theme1,numeric,4,302,1,1,да,589,1,00-05,4,206,0,206,206,206,150,56,0,2266,1607,70.9,453,20.0,206,9.1,39,18.9,28,33,33,16.0,0,11.6,0,0,0.0,,0,
rkw.lol,lol,2026-09-19,2026-09-20,2,нет,content-2026-09-17b-7str-oform_28,content-дата,1,7,оформлено,Theme1,alpha_other,3,569,2,2,нет,324,15,12-17,6,0,206,206,0,206,150,56,0,1077,543,50.4,453,42.1,81,7.5,47,22.8,,,,,1,9.6,0,0,0.0,,0,
casinod1.lol,lol,2026-09-11,2026-09-12,2,да,NEW102оформленобездаты,NEW,1,,оформлено,Theme1,casino_prefix,8,974,1,1,да,5,16,12-17,5,0,0,206,206,206,150,56,0,1340,606,45.2,452,33.7,282,21.0,25,12.1,12,18,24,8.7,2,18.1,0,0,0.0,,0,
cztz.team,team,2026-09-16,2026-09-17,2,да,nabory-565-580_7,nabory,1,,,Theme1,alpha_other,4,240,2,2,нет,653,13,12-17,3,0,0,206,206,206,150,56,0,2466,1764,71.5,452,18.3,250,10.1,35,17.0,29,34,34,16.5,1.0,12.9,0,0,0.0,,0,
opcasino.team,team,2026-09-07,2026-09-08,2,да,clean12_unique11оформлено,clean,1,,оформлено,Theme1,casino_infix,8,655,1,1,да,290,20,18-23,1,0,0,206,206,206,150,56,0,1758,704,40.0,449,25.5,605,34.4,42,20.4,36,38,40,18.4,1.0,10.7,0,0,0.0,,0,
ybcc.lol,lol,2026-09-11,2026-09-12,2,да,clean7_part1_50оформлено,clean,1,,оформлено,Theme1,alpha_other,4,1044,1,1,да,268,2,00-05,5,206,0,206,206,206,150,56,0,1442,686,47.6,449,31.1,307,21.3,16,7.8,13,13,15,6.3,0.0,28.1,0,0,0.0,,0,
7969.team,team,2026-09-12,2026-09-13,2,да,content-2026-09-12-7str-oform-1,content-дата,1,7,оформлено,Theme1,numeric,4,1372,1,1,да,483,16,12-17,6,0,206,206,206,206,150,56,0,1388,537,38.7,449,32.3,402,29.0,34,16.5,15,20,33,9.7,2,13.2,0,0,0.0,,0,
7216.lol,lol,2026-08-24,2026-08-25,2,да,ТЕСТ B Generator_11page_NOimg_24.08,тест,1,11,,Theme1,numeric,4,214,1,2,да,313,18,18-23,1,0,0,206,206,206,150,56,0,2265,1330,58.7,448,19.8,487,21.5,22,10.7,18,21,21,10.2,1,20.4,0,0,0.0,,0,
mjeu.lol,lol,2026-09-20,2026-09-21,2,нет,content-2026-09-17-7str-oform-1_31,content-дата,1,7,оформлено,Theme1,alpha_other,4,1284,2,2,нет,861,23,18-23,7,0,206,206,0,206,150,56,0,968,392,40.5,448,46.3,128,13.2,36,17.5,,,,,1.0,12.4,0,0,0.0,,0,
4899da.online,online,2026-08-18,2026-08-19,2,да,КОНТЕНТ НЕ ЗАПИСАН,не записан,1,,,Theme1,alpha_other,6,1,3,5,нет,6,13,12-17,2,0,0,184,184,184,150,34,0,2417,1396,57.8,447,18.5,574,23.7,57,31.0,51,52,53,28.3,0,7.8,0,0,0.0,,0,
bacasino.lol,lol,2026-09-07,2026-09-08,2,да,NEW20_12pages_nodate_оформлено,NEW,1,12,оформлено,Theme1,casino_infix,8,632,1,1,да,316,20,18-23,1,0,0,206,206,206,150,56,0,1617,775,47.9,444,27.5,398,24.6,39,18.9,29,32,33,15.5,1,11.4,0,0,0.0,,0,
h3f0.lol,lol,2026-09-09,2026-09-10,2,да,archive47_unique119оформленочасть1,archive,1,,оформлено,Theme1,alpha_other,4,867,1,1,да,478,21,18-23,3,0,0,206,206,206,150,56,0,3083,2206,71.6,444,14.4,433,14.0,41,19.9,22,25,32,12.1,1,10.8,0,0,0.0,,0,
744casino.buzz,buzz,2026-09-08,2026-09-09,2,да,archive37строформленоv2часть3,archive,1,7,оформлено,Theme1,casino_infix,9,753,1,1,да,466,19,18-23,2,0,0,206,206,206,150,56,0,777,228,29.3,442,56.9,107,13.8,13,6.3,9,10,11,4.9,1,34.0,0,0,0.0,,0,
2250.team,team,2026-09-12,2026-09-13,2,да,content-2026-09-12-7str-oform-1,content-дата,1,7,оформлено,Theme1,numeric,4,1351,1,1,да,194,14,12-17,6,0,206,206,206,206,150,56,0,984,348,35.4,442,44.9,194,19.7,36,17.5,15,18,34,8.7,2,12.3,0,0,0.0,,0,
casino00.team,team,2026-09-15,2026-09-16,2,да,content-2026-09-14-7str-oform-1_19,content-дата,1,7,оформлено,Theme1,casino_prefix,8,24,2,2,нет,628,2,00-05,2,206,0,206,206,206,150,56,0,1130,505,44.7,442,39.1,183,16.2,30,14.6,19,28,29,13.6,1,14.7,0,0,0.0,,0,
xoacasino.team,team,2026-09-04,2026-09-05,2,да,КОНТЕНТ НЕ ЗАПИСАН,не записан,1,,,Theme1,casino_infix,9,563,1,2,да,65,16,12-17,5,0,0,206,206,206,150,56,0,2147,1115,51.9,441,20.5,591,27.5,41,19.9,31,35,36,17.0,1,10.8,0,0,0.0,,0,
4313.lol,lol,2026-09-06,2026-09-07,2,да,nabory411420_styled_img,nabory,1,,styled_img,Theme1,numeric,4,543,1,1,да,256,18,18-23,7,0,206,206,206,206,150,56,0,1141,485,42.5,440,38.6,216,18.9,20,9.7,17,18,18,8.7,1,22.0,0,0,0.0,,0,
zlxm.team,team,2026-09-15,2026-09-16,2,да,content-2026-09-14-7str-oform-9_32,content-дата,1,7,оформлено,Theme1,alpha_other,4,29,2,2,нет,639,2,00-05,2,206,0,206,206,206,150,56,0,1299,681,52.4,440,33.9,178,13.7,34,16.5,14,29,30,14.1,2.0,12.9,0,0,0.0,,0,
9281.lol,lol,2026-09-08,2026-09-09,2,да,archive37строформленоv2часть2,archive,1,7,оформлено,Theme1,numeric,4,733,1,1,да,386,18,18-23,2,0,0,206,206,206,150,56,0,658,152,23.1,439,66.7,67,10.2,10,4.9,1,1,7,0.5,5.0,43.9,0,0,0.0,,0,
hlfa.lol,lol,2026-09-18,2026-09-18,1,да,content-2026-09-16-7str_8,content-дата,1,7,,Theme1,alpha_other,4,452,2,2,нет,757,0,00-05,5,150,0,150,150,150,150,0,0,1488,952,64.0,439,29.5,97,6.5,17,11.3,15,17,17,11.3,0,25.8,0,0,0.0,,0,
1908po.buzz,buzz,2026-08-19,2026-08-20,2,да,КОНТЕНТ НЕ ЗАПИСАН,не записан,1,,,Theme1,alpha_other,6,43,1,2,да,105,17,12-17,3,0,0,184,184,184,150,34,0,2305,1171,50.8,437,19.0,697,30.2,42,22.8,36,41,41,22.3,1.0,10.4,0,0,0.0,,0,
8069casino.lol,lol,2026-09-18,2026-09-18,1,да,content-2026-09-17b-7str-oform_19,content-дата,1,7,оформлено,Theme1,casino_infix,10,496,2,2,нет,315,14,12-17,5,0,0,150,150,150,150,0,0,1278,789,61.7,436,34.1,53,4.1,9,6.0,7,9,9,6.0,1,48.4,0,0,0.0,,0,
2473.lol,lol,2026-09-16,2026-09-17,2,да,content-2026-09-15-7str-oform-2_45,content-дата,1,7,оформлено,Theme1,numeric,4,248,2,2,нет,641,15,12-17,3,0,0,206,206,206,150,56,0,1600,1008,63.0,435,27.2,157,9.8,24,11.7,17,23,24,11.2,1.0,18.1,0,0,0.0,,0,
7227.team,team,2026-08-25,2026-08-26,2,да,КОНТЕНТ НЕ ЗАПИСАН,не записан,1,,,Theme1,numeric,4,258,1,2,да,286,18,18-23,2,0,0,206,206,206,150,56,0,1769,840,47.5,433,24.5,496,28.0,24,11.7,17,18,22,8.7,1.0,18.0,0,0,0.0,,0,
4110.team,team,2026-09-15,2026-09-16,2,да,content-2026-09-14c-7str-oform-2_40,content-дата,1,7,оформлено,Theme1,numeric,4,123,2,2,нет,869,14,12-17,2,0,0,206,206,206,150,56,0,1388,677,48.8,433,31.2,278,20.0,27,13.1,15,27,27,13.1,1,16.0,0,0,0.0,,0,
3375.team,team,2026-09-03,2026-09-04,2,да,КОНТЕНТ НЕ ЗАПИСАН,не записан,1,,,Theme1,numeric,4,440,1,2,да,410,2,00-05,4,206,0,206,206,206,150,56,0,2413,1082,44.8,431,17.9,900,37.3,58,28.2,40,51,53,24.8,0.0,7.4,0,0,0.0,,0,
4832.lol,lol,2026-09-06,2026-09-07,2,да,NEW20_3_12pages_withdate_styled_img,NEW,1,12,styled_img,Theme1,numeric,4,1300,1,2,да,163,15,12-17,7,0,206,206,206,206,150,56,0,1639,742,45.3,431,26.3,466,28.4,43,20.9,34,38,38,18.4,0.0,10.0,0,0,0.0,,0,
daoi.lol,lol,2026-09-16,2026-09-17,2,да,nabory-535-544_styled_img_10,nabory,1,,styled_img,Theme1,alpha_other,4,198,2,2,нет,848,6,06-11,3,0,0,206,206,206,150,56,0,1090,476,43.7,430,39.4,184,16.9,38,18.4,30,34,34,16.5,0.0,11.3,0,0,0.0,,0,
casinojih.lol,lol,2026-09-12,2026-09-13,2,да,content-2026-09-12-7str-oform-2,content-дата,1,7,оформлено,Theme1,casino_prefix,9,1391,1,1,да,519,14,12-17,6,0,206,206,206,206,150,56,0,1280,600,46.9,429,33.5,251,19.6,25,12.1,16,17,24,8.3,1.0,17.2,0,0,0.0,,0,
ofyc.lol,lol,2026-09-20,2026-09-21,2,нет,content-2026-09-17-7str-oform-1_26,content-дата,1,7,оформлено,Theme1,alpha_other,4,1269,2,2,нет,856,17,12-17,7,0,206,206,0,206,150,56,0,1316,740,56.2,429,32.6,147,11.2,34,16.5,,,,,0.5,12.6,0,0,0.0,,0,
yxuk.team,team,2026-09-12,2026-09-13,2,да,content-2026-09-12-7str-oform-1,content-дата,1,7,оформлено,Theme1,alpha_other,4,1067,1,1,да,570,22,18-23,6,0,206,206,206,206,150,56,0,1192,552,46.3,427,35.8,213,17.9,39,18.9,23,27,39,13.1,1,10.9,0,0,0.0,,0,
rvue.lol,lol,2026-09-02,2026-09-03,2,да,NEW50_7pages_withdate_01.09,NEW,1,7,без оформления,Theme1,alpha_other,4,378,1,2,да,404,0,00-05,3,206,0,206,206,206,150,56,0,3771,2421,64.2,425,11.3,925,24.5,45,21.8,39,39,39,18.9,0,9.4,0,0,0.0,,0,
pqow.team,team,2026-09-04,2026-09-05,2,да,trikomplekta,прочее,1,,,Theme1,alpha_other,4,1238,1,2,да,201,21,18-23,5,0,0,206,206,206,150,56,0,1303,538,41.3,424,32.5,341,26.2,23,11.2,19,20,20,9.7,1,18.4,0,0,0.0,,0,
411casino.team,team,2026-09-07,2026-09-08,2,да,NEW20_4_12pages_nodate,NEW,1,12,без оформления,Theme1,casino_infix,9,600,1,1,да,227,16,12-17,1,0,0,206,206,206,150,56,0,1387,595,42.9,423,30.5,369,26.6,29,14.1,24,26,27,12.6,0.0,14.6,0,0,0.0,,0,
1009casino.casino,casino,2026-09-10,2026-09-11,2,да,NEW102оформленосдатой,NEW,1,,оформлено,Theme1,casino_infix,10,916,1,1,да,128,23,18-23,4,0,0,206,206,206,150,56,0,1177,379,32.2,423,35.9,375,31.9,40,19.4,24,28,39,13.6,1.0,10.6,0,0,0.0,,0,
2801.lol,lol,2026-09-03,2026-09-04,2,да,NEW50_3_7pages_withdate_styled,NEW,1,7,без оформления,Theme1,numeric,4,475,1,2,да,21,18,18-23,4,0,0,206,206,206,150,56,0,1582,710,44.9,422,26.7,450,28.4,15,7.3,9,11,11,5.3,1,28.1,0,0,0.0,,0,
1794.lol,lol,2026-09-18,2026-09-18,1,да,nabory-621-630_10,nabory,1,,,Theme1,numeric,4,492,2,2,нет,296,14,12-17,5,0,0,150,150,150,150,0,0,2189,1683,76.9,420,19.2,86,3.9,35,23.3,33,35,35,23.3,1,12.0,0,0,0.0,,0,
3743.lol,lol,2026-09-08,2026-09-09,2,да,archive37строформленоv2часть1,archive,1,7,оформлено,Theme1,numeric,4,744,1,1,да,354,15,12-17,2,0,0,206,206,206,150,56,0,1023,497,48.6,419,41.0,107,10.5,19,9.2,8,12,16,5.8,2,22.1,0,0,0.0,,0,
casinoebt.team,team,2026-09-10,2026-09-11,2,да,archive37строформленоv2часть1,archive,1,7,оформлено,Theme1,casino_prefix,9,909,1,1,да,170,17,12-17,4,0,0,206,206,206,150,56,0,1107,350,31.6,419,37.9,338,30.5,28,13.6,23,23,26,11.2,1,15.0,0,0,0.0,,0,
w2yn.team,team,2026-08-24,2026-08-25,2,да,КОНТЕНТ НЕ ЗАПИСАН,не записан,1,,,Theme1,alpha_other,4,207,1,2,да,226,17,12-17,1,0,0,206,206,206,150,56,0,2490,1485,59.6,417,16.7,588,23.6,33,16.0,25,26,31,12.6,1.0,12.6,0,0,0.0,,0,
iuic.team,team,2026-09-17,2026-09-18,2,да,content-2026-09-14b-7str-oform-2_9,content-дата,1,7,оформлено,Theme1,alpha_other,4,385,2,2,нет,816,12,12-17,4,0,0,206,206,206,150,56,0,1661,1171,70.5,416,25.0,74,4.5,35,17.0,28,35,35,17.0,1,11.9,0,0,0.0,,0,
kvbcasino.lol,lol,2026-09-07,2026-09-08,2,да,NEW20_12pages_nodate_оформлено,NEW,1,12,оформлено,Theme1,casino_infix,9,639,1,1,да,328,20,18-23,1,0,0,206,206,206,150,56,0,1354,655,48.4,415,30.6,284,21.0,32,15.5,20,23,26,11.2,1,13.0,0,0,0.0,,0,
6912.lol,lol,2026-09-09,2026-09-10,2,да,archive47_unique119оформленочасть1,archive,1,,оформлено,Theme1,numeric,4,873,1,1,да,441,16,12-17,3,0,0,206,206,206,150,56,0,1995,1143,57.3,415,20.8,437,21.9,24,11.7,16,18,22,8.7,1,17.3,0,0,0.0,,0,
0509g.casino,casino,2026-09-05,2026-09-06,2,да,NEW21_7pages_withdate_styled_img,NEW,1,7,styled_img,Theme1,alpha_other,5,1273,1,2,да,125,18,18-23,6,0,206,206,206,206,150,56,0,838,242,28.9,412,49.2,184,22.0,29,14.1,27,27,27,13.1,1,14.2,0,0,0.0,,0,
casinov6.lol,lol,2026-09-16,2026-09-16,1,да,nabory-545-554_styled_img_10,nabory,1,,styled_img,Theme1,casino_prefix,8,197,2,2,нет,877,6,06-11,3,0,0,94,94,94,94,0,0,665,179,26.9,410,61.7,76,11.4,11,11.7,11,11,11,11.7,1,37.3,0,0,0.0,,0,
k2x1.lol,lol,2026-09-18,2026-09-18,1,да,nabory-621-630_6,nabory,1,,,Theme1,alpha_other,4,503,2,2,нет,292,15,12-17,5,0,0,150,150,150,150,0,0,1455,935,64.3,409,28.1,111,7.6,27,18.0,21,27,27,18.0,1,15.1,0,0,0.0,,0,
1040.team,team,2026-09-11,2026-09-12,2,да,NEW102оформленобездаты,NEW,1,,оформлено,Theme1,numeric,4,959,1,1,да,158,13,12-17,5,0,0,206,206,206,150,56,0,1245,540,43.4,408,32.8,297,23.9,21,10.2,13,15,20,7.3,0.0,19.4,0,0,0.0,,0,
lbpy.team,team,2026-09-14,2026-09-15,2,да,content-2026-09-14-12str-oform_13,content-дата,1,12,оформлено,Theme1,alpha_other,4,1159,1,1,да,665,19,18-23,1,0,0,206,206,206,150,56,0,1503,859,57.2,408,27.1,236,15.7,33,16.0,24,31,33,15.0,1,12.4,0,0,0.0,,0,
casinofg.team,team,2026-09-17,2026-09-18,2,да,content-2026-09-14b-7str-oform-1_31,content-дата,1,7,оформлено,Theme1,casino_prefix,8,444,2,2,нет,739,23,18-23,4,0,0,206,206,206,150,56,0,862,408,47.3,406,47.1,48,5.6,23,11.2,13,23,23,11.2,1,17.7,0,0,0.0,,0,
3584.team,team,2026-08-19,2026-08-20,2,да,КОНТЕНТ НЕ ЗАПИСАН,не записан,1,,,Theme2,numeric,4,72,1,2,да,71,23,18-23,3,0,0,198,198,198,150,48,0,1627,903,55.5,405,24.9,319,19.6,17,8.6,15,15,15,7.6,1,23.8,0,0,0.0,,0,
1936.team,team,2026-09-06,2026-09-07,2,да,bortnichiydvor1,прочее,1,,,Theme1,numeric,4,1292,1,2,да,171,12,12-17,7,0,206,206,206,206,150,56,0,1122,548,48.8,404,36.0,170,15.2,35,17.0,30,31,31,15.0,0.5,11.5,0,0,0.0,,0,
499casino.team,team,2026-09-16,2026-09-17,2,да,content-2026-09-15-7str-oform-2_37,content-дата,1,7,оформлено,Theme1,casino_infix,9,251,2,2,нет,633,15,12-17,3,0,0,206,206,206,150,56,0,1300,781,60.1,404,31.1,115,8.8,28,13.6,18,26,26,12.6,1.0,14.4,0,0,0.0,,0,
3665.lol,lol,2026-09-16,2026-09-17,2,да,content-2026-09-15-7str-oform-2_4,content-дата,1,7,оформлено,Theme1,numeric,4,283,2,2,нет,600,20,18-23,3,0,0,206,206,206,150,56,0,1811,1096,60.5,404,22.3,311,17.2,51,24.8,38,50,50,24.3,1.0,7.9,0,0,0.0,,0,
casino1535.lol,lol,2026-09-11,2026-09-12,2,да,NEW102оформленобездаты,NEW,1,,оформлено,Theme1,casino_prefix,10,1003,1,1,да,140,10,06-11,5,0,0,206,206,206,150,56,0,1205,413,34.3,402,33.4,390,32.4,36,17.5,26,27,33,13.1,1,11.2,0,0,0.0,,0,
2298.team,team,2026-09-10,2026-09-11,2,да,КОНТЕНТ НЕ ЗАПИСАН,не записан,1,,,Theme1,numeric,4,810,1,1,да,68,21,18-23,3,0,0,206,206,206,150,56,0,849,269,31.7,399,47.0,181,21.3,18,8.7,15,15,17,7.3,1,22.2,0,0,0.0,,0,
4069casino.lol,lol,2026-09-20,2026-09-21,2,нет,content-2026-09-17-7str-oform-1_36,content-дата,1,7,оформлено,Theme1,casino_infix,10,1236,2,2,нет,866,14,12-17,7,0,206,206,0,206,150,56,0,936,457,48.8,399,42.6,80,8.5,42,20.4,,,,,0.0,9.5,0,0,0.0,,0,
7663.lol,lol,2026-09-15,2026-09-16,2,да,content-2026-09-14c-7str-oform-2_43,content-дата,1,7,оформлено,Theme1,numeric,4,129,2,2,нет,890,14,12-17,2,0,0,206,206,206,150,56,0,1363,746,54.7,397,29.1,220,16.1,37,18.0,17,34,35,16.5,2,10.7,0,0,0.0,,0,
5628.team,team,2026-09-17,2026-09-18,2,да,content-2026-09-14b-7str-oform-1_40,content-дата,1,7,оформлено,Theme1,numeric,4,435,2,2,нет,748,21,18-23,4,0,0,206,206,206,150,56,0,762,303,39.8,397,52.1,62,8.1,33,16.0,19,32,33,15.5,1,12.0,0,0,0.0,,0,
2163.lol,lol,2026-09-13,2026-09-14,2,да,content-2026-09-12-7str-oform-3,content-дата,1,7,оформлено,Theme1,numeric,4,1080,1,1,да,525,12,12-17,7,0,206,206,206,206,150,56,0,1079,511,47.4,396,36.7,172,15.9,40,19.4,27,34,40,16.5,1.0,9.9,0,0,0.0,,0,
684casino.lol,lol,2026-09-16,2026-09-17,2,да,nabory-545-554_styled_img_1,nabory,1,,styled_img,Theme1,casino_infix,9,188,2,2,нет,849,5,00-05,3,206,0,206,206,206,150,56,0,1265,606,47.9,396,31.3,263,20.8,37,18.0,27,31,31,15.0,1,10.7,0,0,0.0,,0,
ogji.lol,lol,2026-09-20,2026-09-21,2,нет,content-2026-09-17-7str-oform-1_32,content-дата,1,7,оформлено,Theme1,alpha_other,4,1270,2,2,нет,862,17,12-17,7,0,206,206,0,206,150,56,0,1322,756,57.2,396,30.0,170,12.9,32,15.5,,,,,1.0,12.4,0,0,0.0,,0,
g8pz.team,team,2026-08-22,2026-08-23,2,да,КОНТЕНТ НЕ ЗАПИСАН,не записан,1,,,Theme1,alpha_other,4,186,1,2,да,190,20,18-23,6,0,206,206,206,206,150,56,0,3776,2288,60.6,394,10.4,1094,29.0,50,24.3,35,46,49,22.3,1.0,7.9,0,0,0.0,,0,
2008vu.buzz,buzz,2026-08-20,2026-08-21,2,да,КОНТЕНТ НЕ ЗАПИСАН,не записан,1,,,Theme1,alpha_other,6,88,1,2,да,100,12,12-17,4,0,0,199,199,199,150,49,0,1996,826,41.4,393,19.7,777,38.9,29,14.6,19,22,26,11.1,1.0,13.6,0,0,0.0,,0,
0403.lol,lol,2026-09-01,2026-09-02,2,да,NEW50_12pages_withdate_01.09,NEW,1,12,без оформления,Theme1,numeric,4,368,1,2,да,394,22,18-23,2,0,0,206,206,206,150,56,0,3180,2097,65.9,393,12.4,690,21.7,22,10.7,10,20,20,9.7,2.0,17.9,0,0,0.0,,0,
7311.team,team,2026-09-15,2026-09-16,2,да,content-2026-09-14c-7str-oform-2_20,content-дата,1,7,оформлено,Theme1,numeric,4,128,2,2,нет,777,14,12-17,2,0,0,206,206,206,150,56,0,1424,898,63.1,393,27.6,133,9.3,38,18.4,20,34,38,16.5,1.0,10.3,0,0,0.0,,0,
164casino.team,team,2026-09-11,2026-09-12,2,да,script_yandex_12page,script,1,12,,Theme1,casino_infix,9,1323,1,1,да,206,19,18-23,5,0,0,206,206,206,150,56,0,1819,917,50.4,392,21.6,510,28.0,28,13.6,13,17,23,8.3,1.5,14.0,0,0,0.0,,0,
tuoa.team,team,2026-09-12,2026-09-13,2,да,content-2026-09-12-7str-oform-1,content-дата,1,7,оформлено,Theme1,alpha_other,4,1060,1,1,да,541,22,18-23,6,0,206,206,206,206,150,56,0,1409,587,41.7,392,27.8,430,30.5,21,10.2,9,11,19,5.3,3,18.7,0,0,0.0,,0,
dkwq.team,team,2026-09-15,2026-09-16,2,да,content-2026-09-14c-7str-oform-2_26,content-дата,1,7,оформлено,Theme1,alpha_other,4,137,2,2,нет,806,15,12-17,2,0,0,206,206,206,150,56,0,980,480,49.0,391,39.9,109,11.1,22,10.7,15,22,22,10.7,1.0,17.8,0,0,0.0,,0,
8792.lol,lol,2026-09-15,2026-09-16,2,да,content-2026-09-14c-7str-oform-2_19,content-дата,1,7,оформлено,Theme1,numeric,4,132,2,2,нет,776,15,12-17,2,0,0,206,206,206,150,56,0,1430,831,58.1,391,27.3,208,14.5,44,21.4,28,40,41,19.4,1,8.9,0,0,0.0,,0,
8391.team,team,2026-09-17,2026-09-18,2,да,nabory-591-600_5,nabory,1,,,Theme1,numeric,4,323,2,2,нет,567,4,00-05,4,206,0,206,206,206,150,56,0,1735,1112,64.1,391,22.5,232,13.4,33,16.0,18,26,27,12.6,1,11.8,0,0,0.0,,0,
46casino.lol,lol,2026-09-15,2026-09-16,2,да,content-2026-09-14c-7str-oform-1_23,content-дата,1,7,оформлено,Theme1,casino_infix,8,150,2,2,нет,829,20,18-23,2,0,0,206,206,206,150,56,0,1510,961,63.6,390,25.8,159,10.5,55,26.7,40,53,55,25.7,1,7.1,0,0,0.0,,0,
42casino.lol,lol,2026-09-12,2026-09-13,2,да,content-2026-09-12-7str-oform-1,content-дата,1,7,оформлено,Theme1,casino_infix,8,1364,1,1,да,260,15,12-17,6,0,206,206,206,206,150,56,0,916,367,40.1,389,42.5,160,17.5,25,12.1,13,18,24,8.7,1,15.6,0,0,0.0,,0,
yadn.lol,lol,2026-09-15,2026-09-16,2,да,content-2026-09-14-7str-oform-9_4,content-дата,1,7,оформлено,Theme1,alpha_other,4,64,2,2,нет,618,6,06-11,2,0,0,206,206,206,150,56,0,1144,651,56.9,389,34.0,104,9.1,22,10.7,12,19,19,9.2,1,17.7,0,0,0.0,,0,
5148.team,team,2026-08-19,2026-08-20,2,да,КОНТЕНТ НЕ ЗАПИСАН,не записан,1,,,Theme2,numeric,4,73,1,2,да,76,23,18-23,3,0,0,198,198,198,150,48,0,2031,1085,53.4,388,19.1,558,27.5,25,12.6,23,25,25,12.6,1,15.5,0,0,0.0,,0,
ovucasino.team,team,2026-09-12,2026-09-13,2,да,content-2026-09-12-7str-oform-1,content-дата,1,7,оформлено,Theme1,casino_infix,9,1057,1,1,да,565,21,18-23,6,0,206,206,206,206,150,56,0,1031,450,43.6,388,37.6,193,18.7,22,10.7,8,14,21,6.8,2,17.6,0,0,0.0,,0,
pdmw.lol,lol,2026-09-09,2026-09-10,2,да,archive47_unique119оформленочасть2,archive,1,,оформлено,Theme1,alpha_other,4,832,1,1,да,1,17,12-17,3,0,0,206,206,206,150,56,0,2061,1340,65.0,386,18.7,335,16.3,43,20.9,27,29,32,14.1,1,9.0,0,0,0.0,,0,
zlxcasino.lol,lol,2026-09-20,2026-09-21,2,нет,nabory-631-640_4,nabory,1,,,Theme1,casino_infix,9,1263,2,2,нет,341,12,12-17,7,0,206,206,0,206,150,56,0,983,520,52.9,386,39.3,77,7.8,32,15.5,,,,,0,12.1,0,0,0.0,,0,
lwcasino.lol,lol,2026-09-04,2026-09-05,2,да,nabory294303,nabory,1,,,Theme1,casino_infix,8,525,1,2,да,67,9,06-11,5,0,0,206,206,206,150,56,0,1869,980,52.4,384,20.5,505,27.0,13,6.3,10,10,10,4.9,0.0,29.5,0,0,0.0,,0,
6514.team,team,2026-08-26,2026-08-27,2,да,NEW33_12pages_withdate+img_25.08,NEW,1,12,без оформления,Theme1,numeric,4,276,1,2,да,301,14,12-17,3,0,0,206,206,206,150,56,0,2337,1236,52.9,381,16.3,720,30.8,21,10.2,16,19,20,9.2,1,18.1,0,0,0.0,,0,
n7k.team,team,2026-09-04,2026-09-05,2,да,КОНТЕНТ НЕ ЗАПИСАН,не записан,1,,,Theme1,alpha_other,3,570,1,2,да,70,16,12-17,5,0,0,206,206,206,150,56,0,3464,2363,68.2,380,11.0,721,20.8,34,16.5,27,27,27,13.1,1,11.2,0,0,0.0,,0,
ip4nd.cyou,cyou,2026-08-19,2026-08-20,2,да,КОНТЕНТ НЕ ЗАПИСАН,не записан,1,,,Theme1,alpha_other,5,80,1,2,да,111,23,18-23,3,0,0,198,198,198,150,48,0,2858,1738,60.8,379,13.3,741,25.9,16,8.1,15,16,16,8.1,1.0,23.7,0,0,0.0,,0,
j2t.team,team,2026-08-27,2026-08-28,2,да,КОНТЕНТ НЕ ЗАПИСАН,не записан,1,,,Theme1,alpha_other,3,336,1,2,да,357,19,18-23,4,0,0,206,206,206,150,56,0,1457,751,51.5,379,26.0,327,22.4,16,7.8,13,16,16,7.8,1.0,23.7,0,0,0.0,,0,
slkz.team,team,2026-09-11,2026-09-12,2,да,clean7_part1_50оформлено,clean,1,,оформлено,Theme1,alpha_other,4,1040,1,1,да,231,2,00-05,5,206,0,206,206,206,150,56,0,1310,589,45.0,379,28.9,342,26.1,41,19.9,26,32,40,15.5,1,9.2,0,0,0.0,,0,
ujvcasino.team,team,2026-09-17,2026-09-18,2,да,content-2026-09-15-7str-oform-1_46,content-дата,1,7,оформлено,Theme1,casino_infix,9,314,2,2,нет,582,2,00-05,4,206,0,206,206,206,150,56,0,1449,951,65.6,379,26.2,119,8.2,25,12.1,18,24,24,11.7,0.0,15.2,0,0,0.0,,0,
7983.team,team,2026-09-17,2026-09-18,2,да,content-2026-09-14b-7str-oform-1_36,content-дата,1,7,оформлено,Theme1,numeric,4,439,2,2,нет,744,23,18-23,4,0,0,206,206,206,150,56,0,990,540,54.5,378,38.2,72,7.3,44,21.4,26,44,44,21.4,1.0,8.6,0,0,0.0,,0,
6574.team,team,2026-08-24,2026-08-25,2,да,КОНТЕНТ НЕ ЗАПИСАН,не записан,1,,,Theme1,numeric,4,202,1,2,да,251,17,12-17,1,0,0,206,206,206,150,56,0,2338,1526,65.3,377,16.1,435,18.6,23,11.2,18,21,23,10.2,1,16.4,0,0,0.0,,0,
c2u3.team,team,2026-09-02,2026-09-03,2,да,NEW50_2_12pages_withdate_02.09,NEW,1,12,без оформления,Theme1,alpha_other,4,424,1,2,да,438,22,18-23,3,0,0,206,206,206,150,56,0,2062,1019,49.4,377,18.3,666,32.3,52,25.2,49,52,52,25.2,1.0,7.2,0,0,0.0,,0,
8200.team,team,2026-09-11,2026-09-12,2,да,archive37строформленоv2часть1,archive,1,7,оформлено,Theme1,numeric,4,930,1,1,да,188,5,00-05,5,206,0,206,206,206,150,56,0,992,378,38.1,377,38.0,237,23.9,21,10.2,14,15,19,7.3,1,18.0,0,0,0.0,,0,
tccasino.team,team,2026-09-13,2026-09-14,2,да,nabory-495-499_styled_img,nabory,1,,styled_img,Theme1,casino_infix,8,1111,1,1,да,544,17,12-17,7,0,206,206,206,206,150,56,0,1372,950,69.2,376,27.4,46,3.4,10,4.9,6,7,10,3.4,1.0,37.6,0,0,0.0,,0,
0079.lol,lol,2026-09-17,2026-09-18,2,да,nabory-601-610_7,nabory,1,,,Theme1,numeric,4,334,2,2,нет,549,5,00-05,4,206,0,206,206,206,150,56,0,1467,963,65.6,376,25.6,128,8.7,29,14.1,19,27,27,13.1,0,13.0,0,0,0.0,,0,
9126.team,team,2026-09-10,2026-09-11,2,да,archive47_unique119оформленочасть2,archive,1,,оформлено,Theme1,numeric,4,856,1,1,да,64,21,18-23,3,0,0,206,206,206,150,56,0,793,233,29.4,375,47.3,185,23.3,18,8.7,11,14,17,6.8,1,20.8,0,0,0.0,,0,
0417.team,team,2026-09-12,2026-09-13,2,да,content-2026-09-12-7str-oform-1,content-дата,1,7,оформлено,Theme1,numeric,4,1342,1,1,да,495,13,12-17,6,0,206,206,206,206,150,56,0,1180,531,45.0,375,31.8,274,23.2,36,17.5,16,22,33,10.7,2.0,10.4,0,0,0.0,,0,
6834.lol,lol,2026-09-15,2026-09-16,2,да,content-2026-09-14c-7str-oform-2_5,content-дата,1,7,оформлено,Theme1,numeric,4,153,2,2,нет,883,21,18-23,2,0,0,206,206,206,150,56,0,1690,1009,59.7,374,22.1,307,18.2,29,14.1,15,28,29,13.6,1,12.9,0,0,0.0,,0,
8459.lol,lol,2026-09-15,2026-09-16,2,да,content-2026-09-14c-7str-oform-1_29,content-дата,1,7,оформлено,Theme1,numeric,4,159,2,2,нет,841,23,18-23,2,0,0,206,206,206,150,56,0,1347,773,57.4,374,27.8,200,14.8,35,17.0,23,34,35,16.5,1,10.7,0,0,0.0,,0,
casinoj1.lol,lol,2026-09-04,2026-09-05,2,да,КОНТЕНТ НЕ ЗАПИСАН,не записан,1,,,Theme1,casino_prefix,8,738,1,2,да,98,15,12-17,5,0,0,206,206,206,150,56,0,1674,741,44.3,372,22.2,561,33.5,17,8.3,10,14,15,6.8,1.0,21.9,0,0,0.0,,0,
6965.team,team,2026-09-15,2026-09-16,2,да,content-2026-09-14b-7str-oform-2_35,content-дата,1,7,оформлено,Theme1,numeric,4,72,2,2,нет,654,7,06-11,2,0,0,206,206,206,150,56,0,858,413,48.1,372,43.4,73,8.5,17,8.3,7,16,17,7.8,2,21.9,0,0,0.0,,0,
5867.team,team,2026-08-19,2026-08-20,2,да,КОНТЕНТ НЕ ЗАПИСАН,не записан,1,,,Theme2,numeric,4,74,1,2,да,78,23,18-23,3,0,0,198,198,198,150,48,0,1906,1094,57.4,371,19.5,441,23.1,25,12.6,21,21,22,10.6,1,14.8,0,0,0.0,,0,
sjan.lol,lol,2026-09-20,2026-09-21,2,нет,content-2026-09-17-7str-oform-1_45,content-дата,1,7,оформлено,Theme1,alpha_other,4,1273,2,2,нет,875,18,18-23,7,0,206,206,0,206,150,56,0,1137,611,53.7,370,32.5,156,13.7,34,16.5,,,,,1,10.9,0,0,0.0,,0,
casinoj1.team,team,2026-09-05,2026-09-06,2,да,Generator_385390_styled_img,Generator,1,,styled_img,Theme1,casino_prefix,8,1257,1,2,да,91,15,12-17,6,0,206,206,206,206,150,56,0,1319,449,34.0,369,28.0,501,38.0,27,13.1,20,22,24,10.7,1.0,13.7,0,0,0.0,,0,
wfcasino.team,team,2026-09-16,2026-09-17,2,да,content-2026-09-15-7str-oform-2_47,content-дата,1,7,оформлено,Theme1,casino_infix,8,244,2,2,нет,643,14,12-17,3,0,0,206,206,206,150,56,0,1962,1443,73.5,369,18.8,150,7.6,50,24.3,36,44,45,21.4,1,7.4,0,0,0.0,,0,
1274.lol,lol,2026-09-16,2026-09-17,2,да,content-2026-09-15-7str-oform-2_35,content-дата,1,7,оформлено,Theme1,numeric,4,247,2,2,нет,631,14,12-17,3,0,0,206,206,206,150,56,0,1857,1390,74.9,369,19.9,98,5.3,50,24.3,33,48,49,23.3,1,7.4,0,0,0.0,,0,
casino5829.team,team,2026-09-12,2026-09-13,2,да,content-2026-09-12-7str-oform-1,content-дата,1,7,оформлено,Theme1,casino_prefix,10,1384,1,1,да,497,18,18-23,6,0,206,206,206,206,150,56,0,792,278,35.1,367,46.3,147,18.6,12,5.8,10,10,12,4.9,1.0,30.6,0,0,0.0,,0,
5027.lol,lol,2026-09-17,2026-09-18,2,да,content-2026-09-14b-7str-oform-2_2,content-дата,1,7,оформлено,Theme1,numeric,4,372,2,2,нет,809,10,06-11,4,0,0,206,206,206,150,56,0,1471,1003,68.2,367,24.9,101,6.9,35,17.0,30,33,33,16.0,1,10.5,0,0,0.0,,0,
y3z5.team,team,2026-09-17,2026-09-18,2,да,content-2026-09-16-7str_39,content-дата,1,7,,Theme1,alpha_other,4,427,2,2,нет,788,20,18-23,4,0,0,206,206,206,150,56,0,1242,786,63.3,367,29.5,89,7.2,34,16.5,28,33,33,16.0,1,10.8,0,0,0.0,,0,
1185.team,team,2026-09-03,2026-09-04,2,да,NEW50_7pages_nodate_01.09,NEW,1,7,без оформления,Theme1,numeric,4,452,1,2,да,61,6,06-11,4,0,0,206,206,206,150,56,0,1369,566,41.3,366,26.7,437,31.9,41,19.9,33,35,35,17.0,0.0,8.9,0,0,0.0,,0,
u1y1.team,team,2026-09-10,2026-09-11,2,да,nabory470472_styled_img,nabory,1,,styled_img,Theme1,alpha_other,4,899,1,1,да,187,14,12-17,4,0,0,206,206,206,150,56,0,1168,400,34.2,366,31.3,402,34.4,36,17.5,20,20,28,9.7,1,10.2,0,0,0.0,,0,
casinoun.lol,lol,2026-09-18,2026-09-18,1,да,content-2026-09-17-7str-oform-2_10,content-дата,1,7,оформлено,Theme1,casino_prefix,8,483,2,2,нет,681,12,12-17,5,0,0,150,150,150,150,0,0,1068,659,61.7,366,34.3,43,4.0,21,14.0,20,21,21,14.0,1,17.4,0,0,0.0,,0,
4321.team,team,2026-09-07,2026-09-08,2,да,NEW20_7pages_withdate_оформлено,NEW,1,7,оформлено,Theme1,numeric,4,626,1,1,да,312,19,18-23,1,0,0,206,206,206,150,56,0,849,359,42.3,364,42.9,126,14.8,28,13.6,21,22,22,10.7,1.0,13.0,0,0,0.0,,0,
8927casino.team,team,2026-09-04,2026-09-05,2,да,Generator_354359_styled_img,Generator,1,,styled_img,Theme1,casino_infix,10,1207,1,2,да,202,18,18-23,5,0,0,206,206,206,150,56,0,1388,720,51.9,363,26.2,305,22.0,12,5.8,12,12,12,5.8,1.0,30.2,0,0,0.0,,0,
casinojdj.lol,lol,2026-09-10,2026-09-11,2,да,archive37строформленоv2часть1,archive,1,7,оформлено,Theme1,casino_prefix,9,910,1,1,да,167,17,12-17,4,0,0,206,206,206,150,56,0,1121,550,49.1,363,32.4,208,18.6,39,18.9,27,33,38,16.0,1.0,9.3,0,0,0.0,,0,
3352.lol,lol,2026-09-10,2026-09-11,2,да,archive37строформленоv2часть3,archive,1,7,оформлено,Theme1,numeric,4,887,1,1,да,12,10,06-11,4,0,0,206,206,206,150,56,0,1025,323,31.5,362,35.3,340,33.2,25,12.1,13,17,22,8.3,1,14.5,0,0,0.0,,0,
1014.lol,lol,2026-09-15,2026-09-16,2,да,content-2026-09-14b-7str-oform-2_28,content-дата,1,7,оформлено,Theme1,numeric,4,95,2,2,нет,746,10,06-11,2,0,0,206,206,206,150,56,0,1184,688,58.1,361,30.5,135,11.4,37,18.0,22,34,35,16.5,1,9.8,0,0,0.0,,0,
casino705.lol,lol,2026-09-16,2026-09-17,2,да,nabory-545-554_styled_img_5,nabory,1,,styled_img,Theme1,casino_prefix,9,190,2,2,нет,866,6,06-11,3,0,0,206,206,206,150,56,0,1009,441,43.7,361,35.8,207,20.5,22,10.7,18,19,19,9.2,0,16.4,0,0,0.0,,0,
xxhcasino.team,team,2026-09-15,2026-09-16,2,да,content-2026-09-14b-7str-oform-2_46,content-дата,1,7,оформлено,Theme1,casino_infix,9,83,2,2,нет,669,8,06-11,2,0,0,206,206,206,150,56,0,1153,709,61.5,360,31.2,84,7.3,25,12.1,18,24,24,11.7,1.0,14.4,0,0,0.0,,0,
4257.team,team,2026-08-25,2026-08-26,2,да,NEW33_12pages_withdate_25.08,NEW,1,12,без оформления,Theme1,numeric,4,253,1,2,да,225,18,18-23,2,0,0,206,206,206,150,56,0,1962,1075,54.8,359,18.3,528,26.9,29,14.1,19,22,27,10.7,1,12.4,0,0,0.0,,0,
s3q.lol,lol,2026-09-10,2026-09-11,2,да,archive37строформленоv2часть3,archive,1,7,оформлено,Theme1,alpha_other,3,897,1,1,да,178,14,12-17,4,0,0,206,206,206,150,56,0,887,341,38.4,359,40.5,187,21.1,25,12.1,16,18,23,8.7,1,14.4,0,0,0.0,,0,
1009ds.casino,casino,2026-09-10,2026-09-11,2,да,NEW102оформленобездаты,NEW,1,,оформлено,Theme1,alpha_other,6,918,1,1,да,89,23,18-23,4,0,0,206,206,206,150,56,0,992,388,39.1,359,36.2,245,24.7,28,13.6,19,23,26,11.2,1.0,12.8,0,0,0.0,,0,
nztj.team,team,2026-09-17,2026-09-18,2,да,content-2026-09-16-7str_38,content-дата,1,7,,Theme1,alpha_other,4,423,2,2,нет,787,19,18-23,4,0,0,206,206,206,150,56,0,1400,957,68.4,358,25.6,85,6.1,21,10.2,18,21,21,10.2,1,17.0,0,0,0.0,,0,
s7w.lol,lol,2026-09-16,2026-09-17,2,да,nabory-545-554_styled_img_9,nabory,1,,styled_img,Theme1,alpha_other,3,203,2,2,нет,884,7,06-11,3,0,0,206,206,206,150,56,0,1405,842,59.9,357,25.4,206,14.7,35,17.0,22,27,27,13.1,1,10.2,0,0,0.0,,0,
wxvb.team,team,2026-09-16,2026-09-17,2,да,content-2026-09-15-7str-oform-2_10,content-дата,1,7,оформлено,Theme1,alpha_other,4,298,2,2,нет,606,22,18-23,3,0,0,206,206,206,150,56,0,1657,1165,70.3,353,21.3,139,8.4,27,13.1,17,27,27,13.1,1,13.1,0,0,0.0,,0,
0509mg.casino,casino,2026-09-05,2026-09-06,2,да,NEW21_12pages_nodate_styled_img,NEW,1,12,styled_img,Theme1,alpha_other,6,1266,1,2,да,134,17,12-17,6,0,206,206,206,206,150,56,0,1260,316,25.1,352,27.9,592,47.0,28,13.6,19,25,26,12.1,1.0,12.6,0,0,0.0,,0,
369casino.team,team,2026-09-10,2026-09-11,2,да,archive47_unique119оформленочасть1,archive,1,,оформлено,Theme1,casino_infix,9,840,1,1,да,26,19,18-23,3,0,0,206,206,206,150,56,0,580,154,26.6,352,60.7,74,12.8,14,6.8,11,11,13,5.3,0,25.1,0,0,0.0,,0,
4100.team,team,2026-09-11,2026-09-12,2,да,clean7_part1_50оформлено,clean,1,,оформлено,Theme1,numeric,4,1009,1,1,да,213,3,00-05,5,206,0,206,206,206,150,56,0,1019,505,49.6,352,34.5,162,15.9,17,8.3,10,13,16,6.3,0,20.7,0,0,0.0,,0,
casinodxp.team,team,2026-09-06,2026-09-07,2,да,struktura8x7,прочее,1,,,Theme1,casino_prefix,9,1318,1,1,да,265,18,18-23,7,0,206,206,206,206,150,56,0,1553,739,47.6,351,22.6,463,29.8,33,16.0,26,26,26,12.6,1.0,10.6,0,0,0.0,,0,
2063.team,team,2026-09-16,2026-09-17,2,да,content-2026-09-15-7str-oform-2_26,content-дата,1,7,оформлено,Theme1,numeric,4,271,2,2,нет,622,17,12-17,3,0,0,206,206,206,150,56,0,1576,1056,67.0,350,22.2,170,10.8,29,14.1,26,28,28,13.6,1.0,12.1,0,0,0.0,,0,
casinohjk.lol,lol,2026-09-07,2026-09-08,2,да,NEW20_12pages_withdate_оформлено,NEW,1,12,оформлено,Theme1,casino_prefix,9,637,1,1,да,344,20,18-23,1,0,0,206,206,206,150,56,0,1010,506,50.1,349,34.6,155,15.3,32,15.5,21,25,26,12.1,1.0,10.9,0,0,0.0,,0,
3774.team,team,2026-09-16,2026-09-17,2,да,content-2026-09-15-7str-oform-2_32,content-дата,1,7,оформлено,Theme1,numeric,4,250,2,2,нет,628,15,12-17,3,0,0,206,206,206,150,56,0,1444,782,54.2,349,24.2,313,21.7,30,14.6,25,29,29,14.1,1,11.6,0,0,0.0,,0,
dtu.lol,lol,2026-09-20,2026-09-21,2,нет,content-2026-09-17-7str-oform-1_19,content-дата,1,7,оформлено,Theme1,alpha_other,3,1282,2,2,нет,849,23,18-23,7,0,206,206,0,206,150,56,0,851,395,46.4,349,41.0,107,12.6,41,19.9,,,,,1,8.5,0,0,0.0,,0,
casinok9.team,team,2026-09-18,2026-09-18,1,да,content-2026-09-17-7str-oform-2_27,content-дата,1,7,оформлено,Theme1,casino_prefix,8,521,2,2,нет,698,19,18-23,5,0,0,150,150,150,150,0,0,835,427,51.1,348,41.7,60,7.2,38,25.3,28,38,38,25.3,1.0,9.2,0,0,0.0,,0,
j4l8.team,team,2026-09-11,2026-09-12,2,да,clean7_part1_50оформлено,clean,1,,оформлено,Theme1,alpha_other,4,1047,1,1,да,230,15,12-17,5,0,0,206,206,206,150,56,0,1523,693,45.5,347,22.8,483,31.7,30,14.6,23,25,27,12.1,1.0,11.6,0,0,0.0,,0,
casinok4.team,team,2026-09-07,2026-09-08,2,да,NEW20_7pages_nodate_оформлено,NEW,1,7,оформлено,Theme1,casino_prefix,8,638,1,1,да,299,20,18-23,1,0,0,206,206,206,150,56,0,870,331,38.0,346,39.8,193,22.2,14,6.8,10,11,12,5.3,1.0,24.7,0,0,0.0,,0,
gvgcasino.team,team,2026-09-16,2026-09-17,2,да,content-2026-09-15-7str-oform-2_21,content-дата,1,7,оформлено,Theme1,casino_infix,9,288,2,2,нет,617,21,18-23,3,0,0,206,206,206,150,56,0,1190,733,61.6,346,29.1,111,9.3,25,12.1,20,25,25,12.1,1,13.8,0,0,0.0,,0,
c2u3.lol,lol,2026-09-04,2026-09-05,2,да,КОНТЕНТ НЕ ЗАПИСАН,не записан,1,,,Theme1,alpha_other,4,536,1,2,да,4,14,12-17,5,0,0,206,206,206,150,56,0,1506,769,51.1,344,22.8,393,26.1,30,14.6,23,25,25,12.1,0.0,11.5,0,0,0.0,,0,
5406.team,team,2026-09-07,2026-09-08,2,да,nabory436440_styled_img,nabory,1,,styled_img,Theme1,numeric,4,618,1,1,да,337,18,18-23,1,0,0,206,206,206,150,56,0,1245,517,41.5,344,27.6,384,30.8,26,12.6,22,23,23,11.2,1.0,13.2,0,0,0.0,,0,
qlcasino.team,team,2026-09-05,2026-09-06,2,да,NEW21_7pages_nodate_styled_img,NEW,1,7,styled_img,Theme1,casino_infix,8,1283,1,2,да,80,20,18-23,6,0,206,206,206,206,150,56,0,1079,391,36.2,341,31.6,347,32.2,30,14.6,24,27,27,13.1,1.0,11.4,0,0,0.0,,0,
6390.lol,lol,2026-09-14,2026-09-15,2,да,content-2026-09-14-7str-oform-8_37,content-дата,1,7,оформлено,Theme1,numeric,4,1170,1,1,да,597,22,18-23,1,0,0,206,206,206,150,56,0,945,510,54.0,341,36.1,94,9.9,24,11.7,14,23,24,11.2,1.0,14.2,0,0,0.0,,0,
casinoozz.lol,lol,2026-09-11,2026-09-12,2,да,NEW102оформленобездаты,NEW,1,,оформлено,Theme1,casino_prefix,9,976,1,1,да,131,17,12-17,5,0,0,206,206,206,150,56,0,1094,462,42.2,340,31.1,292,26.7,34,16.5,22,23,33,11.2,1,10.0,0,0,0.0,,0,
jnpz.lol,lol,2026-09-17,2026-09-18,2,да,content-2026-09-14b-7str-oform-1_47,content-дата,1,7,оформлено,Theme1,alpha_other,4,386,2,2,нет,803,12,12-17,4,0,0,206,206,206,150,56,0,1506,1085,72.0,340,22.6,81,5.4,33,16.0,22,32,32,15.5,1.0,10.3,0,0,0.0,,0,
casino61.lol,lol,2026-09-08,2026-09-09,2,да,archive37строформленоv2часть2,archive,1,7,оформлено,Theme1,casino_prefix,8,686,1,1,да,393,15,12-17,2,0,0,206,206,206,150,56,0,943,454,48.1,339,35.9,150,15.9,37,18.0,16,25,27,12.1,2,9.2,0,0,0.0,,0,
3343.lol,lol,2026-09-15,2026-09-16,2,да,content-2026-09-14c-7str-oform-2_39,content-дата,1,7,оформлено,Theme1,numeric,4,122,2,2,нет,846,14,12-17,2,0,0,206,206,206,150,56,0,1345,772,57.4,336,25.0,237,17.6,29,14.1,15,25,26,12.1,1.0,11.6,0,0,0.0,,0,
casino377.lol,lol,2026-09-20,2026-09-21,2,нет,content-2026-09-17-7str-oform-1_40,content-дата,1,7,оформлено,Theme1,casino_prefix,9,1249,2,2,нет,870,16,12-17,7,0,206,206,0,206,150,56,0,910,515,56.6,336,36.9,59,6.5,35,17.0,,,,,0.0,9.6,0,0,0.0,,0,
4854.lol,lol,2026-09-03,2026-09-04,2,да,NEW50_3_12pages_withdate_styled,NEW,1,12,без оформления,Theme1,numeric,4,487,1,2,да,57,19,18-23,4,0,0,206,206,206,150,56,0,1681,910,54.1,334,19.9,437,26.0,24,11.7,21,21,22,10.2,1,13.9,0,0,0.0,,0,
d1n1.buzz,buzz,2026-09-08,2026-09-09,2,да,archive37строформленоv2часть2,archive,1,7,оформлено,Theme1,alpha_other,4,690,1,1,да,402,16,12-17,2,0,0,206,206,206,150,56,0,763,325,42.6,334,43.8,104,13.6,6,2.9,2,2,2,1.0,8.0,55.7,0,0,0.0,,0,
2363.lol,lol,2026-09-17,2026-09-18,2,да,content-2026-09-14b-7str-oform-2_3,content-дата,1,7,оформлено,Theme1,numeric,4,371,2,2,нет,810,10,06-11,4,0,0,206,206,206,150,56,0,1250,840,67.2,333,26.6,77,6.2,19,9.2,16,18,18,8.7,0.0,17.5,0,0,0.0,,0,
pfoi.team,team,2026-09-10,2026-09-11,2,да,archive47_unique119оформленочасть2,archive,1,,оформлено,Theme1,alpha_other,4,833,1,1,да,48,19,18-23,3,0,0,206,206,206,150,56,0,734,260,35.4,332,45.2,142,19.3,15,7.3,11,12,14,5.8,1,22.1,0,0,0.0,,0,
5609.team,team,2026-09-11,2026-09-12,2,да,clean7_part1_50оформлено,clean,1,,оформлено,Theme1,numeric,4,1018,1,1,да,211,8,06-11,5,0,0,206,206,206,150,56,0,1088,455,41.8,331,30.4,302,27.8,43,20.9,25,32,40,15.5,1,7.7,0,0,0.0,,0,
casinolg.team,team,2026-09-13,2026-09-14,2,да,content-2026-09-12-7str-oform-3,content-дата,1,7,оформлено,Theme1,casino_prefix,8,1097,1,1,да,514,16,12-17,7,0,206,206,206,206,150,56,0,549,163,29.7,330,60.1,56,10.2,26,12.6,20,21,24,10.2,1.0,12.7,0,0,0.0,,0,
5741.team,team,2026-08-25,2026-08-26,2,да,Generator_11page_NOimg_25.08,Generator,1,11,,Theme1,numeric,4,226,1,2,да,242,15,12-17,2,0,0,206,206,206,150,56,0,1788,979,54.8,329,18.4,480,26.8,25,12.1,18,24,25,11.7,1,13.2,0,0,0.0,,0,
5863.team,team,2026-09-17,2026-09-18,2,да,content-2026-09-16-7str_34,content-дата,1,7,,Theme1,numeric,4,399,2,2,нет,783,13,12-17,4,0,0,206,206,206,150,56,0,1388,989,71.3,328,23.6,71,5.1,24,11.7,13,24,24,11.7,1.0,13.7,0,0,0.0,,0,
5988.team,team,2026-09-18,2026-09-18,1,да,content-2026-09-17-7str-oform-2_35,content-дата,1,7,оформлено,Theme1,numeric,4,478,2,2,нет,706,3,00-05,5,150,0,150,150,150,150,0,0,1049,655,62.4,328,31.3,66,6.3,38,25.3,36,38,38,25.3,0.0,8.6,0,0,0.0,,0,
wzna.team,team,2026-09-05,2026-09-06,2,да,Generator_370382_styled_img,Generator,1,,styled_img,Theme1,alpha_other,4,1252,1,2,да,184,8,06-11,6,0,206,206,206,206,150,56,0,1707,746,43.7,324,19.0,637,37.3,20,9.7,13,15,16,7.3,1,16.2,0,0,0.0,,0,
5228.lol,lol,2026-09-17,2026-09-18,2,да,nabory-601-610_9,nabory,1,,,Theme1,numeric,4,109,3,3,нет,551,6,06-11,4,0,0,206,206,206,150,56,0,1058,649,61.3,324,30.6,85,8.0,24,11.7,18,23,23,11.2,0,13.5,0,0,0.0,,0,
3654.team,team,2026-09-03,2026-09-04,2,да,NEW50_7pages_nodate_01.09,NEW,1,7,без оформления,Theme1,numeric,4,455,1,2,да,34,6,06-11,4,0,0,206,206,206,150,56,0,845,181,21.4,323,38.2,341,40.4,33,16.0,25,26,27,12.6,0.0,9.8,0,0,0.0,,0,
7142.team,team,2026-09-06,2026-09-07,2,да,struktura8x7,прочее,1,,,Theme1,numeric,4,1315,1,1,да,259,18,18-23,7,0,206,206,206,206,150,56,0,1208,476,39.4,323,26.7,409,33.9,49,23.8,38,39,39,18.9,1,6.6,0,0,0.0,,0,
casinoybc.team,team,2026-09-10,2026-09-11,2,да,КОНТЕНТ НЕ ЗАПИСАН,не записан,1,,,Theme1,casino_prefix,9,806,1,1,да,34,19,18-23,3,0,0,206,206,206,150,56,0,573,140,24.4,323,56.4,110,19.2,4,1.9,3,3,3,1.5,1.0,80.8,0,0,0.0,,0,
8625.team,team,2026-09-16,2026-09-17,2,да,content-2026-09-15-7str-oform-2_36,content-дата,1,7,оформлено,Theme1,numeric,4,256,2,2,нет,632,15,12-17,3,0,0,206,206,206,150,56,0,1240,722,58.2,323,26.0,195,15.7,22,10.7,19,22,22,10.7,1.0,14.7,0,0,0.0,,0,
qluj.team,team,2026-08-24,2026-08-25,2,да,КОНТЕНТ НЕ ЗАПИСАН,не записан,1,,,Theme1,alpha_other,4,205,1,2,да,233,17,12-17,1,0,0,206,206,206,150,56,0,2214,1358,61.3,322,14.5,534,24.1,23,11.2,18,19,21,9.2,1,14.0,0,0,0.0,,0,
7827.lol,lol,2026-09-06,2026-09-07,2,да,nabory411420_styled_img,nabory,1,,styled_img,Theme1,numeric,4,552,1,1,да,277,20,18-23,7,0,206,206,206,206,150,56,0,1266,682,53.9,322,25.4,262,20.7,17,8.3,17,17,17,8.3,1,18.9,0,0,0.0,,0,
wkdp.lol,lol,2026-09-15,2026-09-16,2,да,content-2026-09-14c-7str-oform-2_12,content-дата,1,7,оформлено,Theme1,alpha_other,4,14,3,3,нет,757,16,12-17,2,0,0,206,206,206,150,56,0,1555,876,56.3,321,20.6,358,23.0,37,18.0,26,35,37,17.0,1,8.7,0,0,0.0,,0,
seft.team,team,2026-09-04,2026-09-05,2,да,КОНТЕНТ НЕ ЗАПИСАН,не записан,1,,,Theme1,alpha_other,4,1204,1,2,да,209,16,12-17,5,0,0,206,206,206,150,56,0,1724,1128,65.4,320,18.6,276,16.0,42,20.4,36,40,40,19.4,1.0,7.6,0,0,0.0,,0,
1812.lol,lol,2026-09-06,2026-09-07,2,да,nabory400410_styled_img,nabory,1,,styled_img,Theme1,numeric,4,1322,1,1,да,221,18,18-23,7,0,206,206,206,206,150,56,0,1571,665,42.3,319,20.3,587,37.4,28,13.6,23,27,27,13.1,1,11.4,0,0,0.0,,0,
2139.team,team,2026-08-27,2026-08-28,2,да,КОНТЕНТ НЕ ЗАПИСАН,не записан,1,,,Theme1,numeric,4,321,1,2,да,277,19,18-23,4,0,0,206,206,206,150,56,0,1475,999,67.7,318,21.6,158,10.7,22,10.7,12,14,18,6.8,1.0,14.5,0,0,0.0,,0,
21casino.team,team,2026-09-12,2026-09-13,2,да,content-2026-09-12-7str-oform-2,content-дата,1,7,оформлено,Theme1,casino_infix,8,1341,1,1,да,559,13,12-17,6,0,206,206,206,206,150,56,0,1151,580,50.4,316,27.5,255,22.2,23,11.2,13,16,20,7.8,1,13.7,0,0,0.0,,0,
zimy.lol,lol,2026-09-13,2026-09-14,2,да,content-2026-09-12-7str-oform-3,content-дата,1,7,оформлено,Theme1,alpha_other,4,1104,1,1,да,515,16,12-17,7,0,206,206,206,206,150,56,0,552,167,30.3,314,56.9,71,12.9,20,9.7,12,16,20,7.8,1.0,15.7,0,0,0.0,,0,
gmcasino.lol,lol,2026-09-14,2026-09-15,2,да,content-2026-09-12-7str-oform-3,content-дата,1,7,оформлено,Theme1,casino_infix,8,1130,1,1,да,604,9,06-11,1,0,0,206,206,206,150,56,0,973,607,62.4,313,32.2,53,5.4,22,10.7,11,17,22,8.3,1.5,14.2,0,0,0.0,,0,
t1o.team,team,2026-09-04,2026-09-05,2,да,КОНТЕНТ НЕ ЗАПИСАН,не записан,1,,,Theme1,alpha_other,3,560,1,2,да,66,16,12-17,5,0,0,206,206,206,150,56,0,2561,1611,62.9,311,12.1,639,25.0,22,10.7,16,16,16,7.8,1.0,14.1,0,0,0.0,,0,
3411.lol,lol,2026-09-11,2026-09-12,2,да,clean7_part1_50оформлено,clean,1,,оформлено,Theme1,numeric,4,1016,1,1,да,243,8,06-11,5,0,0,206,206,206,150,56,0,947,373,39.4,311,32.8,263,27.8,22,10.7,13,13,16,6.3,0.0,14.1,0,0,0.0,,0,
8095.team,team,2026-09-16,2026-09-17,2,да,content-2026-09-15-7str-oform-2_28,content-дата,1,7,оформлено,Theme1,numeric,4,254,2,2,нет,624,15,12-17,3,0,0,206,206,206,150,56,0,949,581,61.2,311,32.8,57,6.0,28,13.6,20,27,28,13.1,1.0,11.1,0,0,0.0,,0,
gngv.lol,lol,2026-09-11,2026-09-12,2,да,archive37строформленоv2часть1,archive,1,7,оформлено,Theme1,alpha_other,4,940,1,1,да,176,23,18-23,5,0,0,206,206,206,150,56,0,1349,651,48.3,310,23.0,388,28.8,13,6.3,4,6,12,2.9,5,23.8,0,0,0.0,,0,
2991.lol,lol,2026-09-18,2026-09-18,1,да,content-2026-09-17b-7str-oform_33,content-дата,1,7,оформлено,Theme1,numeric,4,512,2,2,нет,329,17,12-17,5,0,0,150,150,150,150,0,0,767,365,47.6,309,40.3,93,12.1,46,30.7,37,46,46,30.7,1.0,6.7,0,0,0.0,,0,
fhml.lol,lol,2026-09-18,2026-09-18,1,да,nabory-621-630_8,nabory,1,,,Theme1,alpha_other,4,502,2,2,нет,294,15,12-17,5,0,0,150,150,150,150,0,0,1579,1143,72.4,309,19.6,127,8.0,35,23.3,30,35,35,23.3,1,8.8,0,0,0.0,,0,
8428.team,team,2026-08-26,2026-08-27,2,да,NEW17_NOimg_withdate_26.08,NEW,1,,без оформления,Theme1,numeric,4,290,1,2,да,272,16,12-17,3,0,0,206,206,206,150,56,0,1394,674,48.4,307,22.0,413,29.6,25,12.1,13,19,24,9.2,1,12.3,0,0,0.0,,0,
casino1430.lol,lol,2026-09-04,2026-09-05,2,да,КОНТЕНТ НЕ ЗАПИСАН,не записан,1,,,Theme1,casino_prefix,10,734,1,2,да,108,15,12-17,5,0,0,206,206,206,150,56,0,1488,693,46.6,307,20.6,488,32.8,23,11.2,13,19,21,9.2,1.0,13.3,0,0,0.0,,0,
qdcasino.team,team,2026-09-04,2026-09-05,2,да,NEW20_7pages_nodate_styled_img,NEW,1,7,styled_img,Theme1,casino_infix,8,1228,1,2,да,121,20,18-23,5,0,0,206,206,206,150,56,0,1032,512,49.6,307,29.7,213,20.6,20,9.7,16,18,18,8.7,1.0,15.3,0,0,0.0,,0,
casino2552.team,team,2026-09-10,2026-09-11,2,да,КОНТЕНТ НЕ ЗАПИСАН,не записан,1,,,Theme1,casino_prefix,10,802,1,1,да,33,19,18-23,3,0,0,206,206,206,150,56,0,500,127,25.4,306,61.2,67,13.4,10,4.9,8,9,10,4.4,1.0,30.6,0,0,0.0,,0,
4502.lol,lol,2026-09-03,2026-09-04,2,да,NEW50_3_7pages_nodate_styled,NEW,1,7,без оформления,Theme1,numeric,4,486,1,2,да,480,19,18-23,4,0,0,206,206,206,150,56,0,1394,819,58.8,305,21.9,270,19.4,18,8.7,16,16,16,7.8,1.0,16.9,0,0,0.0,,0,
jwjcasino.team,team,2026-09-07,2026-09-08,2,да,NEW20_4_7pages_withdate,NEW,1,7,без оформления,Theme1,casino_infix,9,613,1,1,да,331,18,18-23,1,0,0,206,206,206,150,56,0,1140,586,51.4,305,26.8,249,21.8,40,19.4,31,33,34,16.0,1.0,7.6,0,0,0.0,,0,
casino84.team,team,2026-09-10,2026-09-11,2,да,archive47_unique119оформленочасть1,archive,1,,оформлено,Theme1,casino_prefix,8,877,1,1,да,76,22,18-23,3,0,0,206,206,206,150,56,0,600,198,33.0,305,50.8,97,16.2,8,3.9,6,8,8,3.9,1.0,38.1,0,0,0.0,,0,
3294casino.team,team,2026-09-15,2026-09-16,2,да,content-2026-09-14b-7str-oform-2_22,content-дата,1,7,оформлено,Theme1,casino_infix,10,99,2,2,нет,725,11,06-11,2,0,0,206,206,206,150,56,0,908,464,51.1,305,33.6,139,15.3,35,17.0,22,34,34,16.5,1.0,8.7,0,0,0.0,,0,
casinoc9.team,team,2026-09-17,2026-09-18,2,да,content-2026-09-14b-7str-oform-2_7,content-дата,1,7,оформлено,Theme1,casino_prefix,8,381,2,2,нет,814,11,06-11,4,0,0,206,206,206,150,56,0,1372,997,72.7,305,22.2,70,5.1,10,4.9,5,10,10,4.9,1.5,30.5,0,0,0.0,,0,
2272.team,team,2026-09-17,2026-09-18,2,да,content-2026-09-16-7str_37,content-дата,1,7,,Theme1,numeric,4,390,2,2,нет,786,12,12-17,4,0,0,206,206,206,150,56,0,1721,1338,77.7,303,17.6,80,4.6,37,18.0,28,35,35,17.0,1,8.2,0,0,0.0,,0,
casinole.lol,lol,2026-09-17,2026-09-18,2,да,nabory-611-620_8,nabory,1,,,Theme1,casino_prefix,8,445,2,2,нет,735,23,18-23,4,0,0,206,206,206,150,56,0,1109,701,63.2,302,27.2,106,9.6,27,13.1,19,27,27,13.1,1,11.2,0,0,0.0,,0,
9145.lol,lol,2026-09-19,2026-09-20,2,нет,nabory-621-630_7,nabory,1,,,Theme1,numeric,4,530,2,2,нет,293,1,00-05,6,206,206,206,0,206,150,56,0,1131,754,66.7,302,26.7,75,6.6,54,26.2,,,,,0,5.6,0,0,0.0,,0,
6973.team,team,2026-09-10,2026-09-11,2,да,archive47_unique119оформленочасть2,archive,1,,оформлено,Theme1,numeric,4,824,1,1,да,50,19,18-23,3,0,0,206,206,206,150,56,0,466,98,21.0,301,64.6,67,14.4,16,7.8,10,12,15,5.8,1,18.8,0,0,0.0,,0,
dyxo.lol,lol,2026-09-18,2026-09-18,1,да,content-2026-09-17-7str-oform-2_4,content-дата,1,7,оформлено,Theme1,alpha_other,4,501,2,2,нет,284,14,12-17,5,0,0,150,150,150,150,0,0,1021,625,61.2,301,29.5,95,9.3,30,20.0,24,30,30,20.0,1.0,10.0,0,0,0.0,,0,
0831.lol,lol,2026-09-11,2026-09-12,2,да,clean7_part1_50оформлено,clean,1,,оформлено,Theme1,numeric,4,1006,1,1,да,271,3,00-05,5,206,0,206,206,206,150,56,0,874,416,47.6,300,34.3,158,18.1,14,6.8,8,8,12,3.9,0,21.4,0,0,0.0,,0,
5831.lol,lol,2026-09-13,2026-09-14,2,да,content-2026-09-12-7str-oform-3,content-дата,1,7,оформлено,Theme1,numeric,4,1085,1,1,да,548,12,12-17,7,0,206,206,206,206,150,56,0,886,452,51.0,300,33.9,134,15.1,35,17.0,27,27,35,13.1,1,8.6,0,0,0.0,,0,
p9td.team,team,2026-08-20,2026-08-21,2,да,КОНТЕНТ НЕ ЗАПИСАН,не записан,1,,,Theme2,alpha_other,4,134,1,2,да,159,21,18-23,4,0,0,203,203,203,150,53,0,1534,968,63.1,298,19.4,268,17.5,11,5.4,2,3,5,1.5,8,27.1,0,0,0.0,,0,
2108ee.buzz,buzz,2026-08-21,2026-08-22,2,да,КОНТЕНТ НЕ ЗАПИСАН,не записан,1,,,Theme1,alpha_other,6,161,1,2,да,98,22,18-23,5,0,0,206,206,206,150,56,0,1091,535,49.0,298,27.3,258,23.6,23,11.2,16,19,19,9.2,1,13.0,0,0,0.0,,0,
y6o.lol,lol,2026-09-15,2026-09-16,2,да,content-2026-09-14c-7str-oform-2_30,content-дата,1,7,оформлено,Theme1,alpha_other,3,13,3,3,нет,821,16,12-17,2,0,0,206,206,206,150,56,0,1104,651,59.0,298,27.0,155,14.0,33,16.0,22,33,33,16.0,1,9.0,0,0,0.0,,0,
2593.lol,lol,2026-09-15,2026-09-16,2,да,content-2026-09-14c-7str-oform-1_32,content-дата,1,7,оформлено,Theme1,numeric,4,22,3,3,нет,847,18,18-23,2,0,0,206,206,206,150,56,0,1544,964,62.4,298,19.3,282,18.3,36,17.5,20,33,34,16.0,1.0,8.3,0,0,0.0,,0,
7440.team,team,2026-08-27,2026-08-28,2,да,КОНТЕНТ НЕ ЗАПИСАН,не записан,1,,,Theme1,numeric,4,327,1,2,да,348,19,18-23,4,0,0,206,206,206,150,56,0,1383,866,62.6,296,21.4,221,16.0,21,10.2,14,20,21,9.7,1,14.1,0,0,0.0,,0,
dak.casino,casino,2026-09-12,2026-09-13,2,да,nabory-490-494_styled_img,nabory,1,,styled_img,Theme1,alpha_other,3,1079,1,1,да,218,21,18-23,6,0,206,206,206,206,150,56,0,1790,1087,60.7,296,16.5,407,22.7,51,24.8,27,33,50,16.0,1,5.8,0,0,0.0,,0,
casinou1.team,team,2026-09-13,2026-09-14,2,да,content-2026-09-12-7str-oform-3,content-дата,1,7,оформлено,Theme1,casino_prefix,8,1107,1,1,да,505,17,12-17,7,0,206,206,206,206,150,56,0,514,204,39.7,296,57.6,14,2.7,6,2.9,5,6,6,2.9,1.0,49.3,0,0,0.0,,0,
casinoz1.lol,lol,2026-09-16,2026-09-17,2,да,nabory-555-564_styled_img_10,nabory,1,,styled_img,Theme1,casino_prefix,8,219,2,2,нет,810,9,06-11,3,0,0,206,206,206,150,56,0,2014,1545,76.7,296,14.7,173,8.6,19,9.2,15,17,17,8.3,1,15.6,0,0,0.0,,0,
hjeu.lol,lol,2026-09-20,2026-09-21,2,нет,nabory-651-660_9,nabory,1,,,Theme1,alpha_other,4,1207,2,2,нет,281,2,00-05,7,206,206,206,0,206,150,56,0,882,503,57.0,296,33.6,83,9.4,32,15.5,,,,,0.0,9.2,0,0,0.0,,0,
casino7274.team,team,2026-09-10,2026-09-11,2,да,archive47_unique119оформленочасть1,archive,1,,оформлено,Theme1,casino_prefix,10,876,1,1,да,53,20,18-23,3,0,0,206,206,206,150,56,0,361,23,6.4,295,81.7,43,11.9,14,6.8,7,8,12,3.9,1.5,21.1,0,0,0.0,,0,
n7t0.team,team,2026-09-17,2026-09-18,2,да,nabory-601-610_10,nabory,1,,,Theme1,alpha_other,4,345,2,2,нет,552,8,06-11,4,0,0,206,206,206,150,56,0,1797,1305,72.6,295,16.4,197,11.0,19,9.2,11,17,17,8.3,0,15.5,0,0,0.0,,0,
f6bz.team,team,2026-08-20,2026-08-21,2,да,КОНТЕНТ НЕ ЗАПИСАН,не записан,1,,,Theme1,alpha_other,4,100,1,2,да,83,12,12-17,4,0,0,199,199,199,150,49,0,2912,1592,54.7,294,10.1,1026,35.2,29,14.6,22,23,23,11.6,0.0,10.1,0,0,0.0,,0,
6249casino.lol,lol,2026-09-08,2026-09-09,2,да,archive37строформленоv2часть3,archive,1,7,оформлено,Theme1,casino_infix,10,764,1,1,да,451,20,18-23,2,0,0,206,206,206,150,56,0,597,201,33.7,294,49.2,102,17.1,5,2.4,2,3,3,1.5,1.5,58.8,0,0,0.0,,0,
r4p4.team,team,2026-09-11,2026-09-12,2,да,КОНТЕНТ НЕ ЗАПИСАН,не записан,1,,,Theme1,alpha_other,4,1329,1,1,да,257,21,18-23,5,0,0,206,206,206,150,56,0,1583,763,48.2,294,18.6,526,33.2,34,16.5,19,24,33,11.7,1.0,8.6,0,0,0.0,,0,
3453.team,team,2026-09-15,2026-09-16,2,да,content-2026-09-14c-7str-oform-1_34,content-дата,1,7,оформлено,Theme1,numeric,4,145,2,2,нет,852,18,18-23,2,0,0,206,206,206,150,56,0,1546,889,57.5,294,19.0,363,23.5,35,17.0,18,35,35,17.0,1,8.4,0,0,0.0,,0,
7888.team,team,2026-09-16,2026-09-17,2,да,nabory-535-544_styled_img_8,nabory,1,,styled_img,Theme1,numeric,4,189,2,2,нет,834,5,00-05,3,206,0,206,206,206,150,56,0,1109,606,54.6,294,26.5,209,18.8,34,16.5,25,32,33,15.5,0,8.6,0,0,0.0,,0,
casino4552.team,team,2026-09-11,2026-09-12,2,да,clean7_part1_50оформлено,clean,1,,оформлено,Theme1,casino_prefix,10,1027,1,1,да,210,18,18-23,5,0,0,206,206,206,150,56,0,878,373,42.5,292,33.3,213,24.3,25,12.1,13,15,22,7.3,1,11.7,0,0,0.0,,0,
casinofnl.buzz,buzz,2026-09-08,2026-09-09,2,да,archive37строформленоv2часть2,archive,1,7,оформлено,Theme1,casino_prefix,9,700,1,1,да,371,16,12-17,2,0,0,206,206,206,150,56,0,492,149,30.3,291,59.1,52,10.6,17,8.3,13,13,13,6.3,1.0,17.1,0,0,0.0,,0,
casino1209s.casino,casino,2026-09-12,2026-09-13,2,да,content-2026-09-12-7str-oform-1,content-дата,1,7,оформлено,Theme1,casino_prefix,11,1382,1,1,да,123,18,18-23,6,0,206,206,206,206,150,56,0,613,242,39.5,291,47.5,80,13.1,14,6.8,7,8,13,3.9,1,20.8,0,0,0.0,,0,
0728.lol,lol,2026-09-02,2026-09-03,2,да,nabory284293,nabory,1,,,Theme1,numeric,4,411,1,2,да,463,21,18-23,3,0,0,206,206,206,150,56,0,1760,901,51.2,289,16.4,570,32.4,16,7.8,13,14,14,6.8,1.0,18.1,0,0,0.0,,0,
casino0962.team,team,2026-09-06,2026-09-07,2,да,NEW20_3_7pages_withdate_styled_img,NEW,1,7,styled_img,Theme1,casino_prefix,10,1311,1,2,да,71,17,12-17,7,0,206,206,206,206,150,56,0,815,430,52.8,289,35.5,96,11.8,6,2.9,5,5,5,2.4,1.0,48.2,0,0,0.0,,0,
5962.lol,lol,2026-09-11,2026-09-12,2,да,NEW102оформленобездаты,NEW,1,,оформлено,Theme1,numeric,4,966,1,1,да,141,14,12-17,5,0,0,206,206,206,150,56,0,1252,631,50.4,288,23.0,333,26.6,19,9.2,10,11,18,5.3,1,15.2,0,0,0.0,,0,
7728.team,team,2026-09-12,2026-09-13,2,да,content-2026-09-12-7str-oform-1,content-дата,1,7,оформлено,Theme1,numeric,4,1371,1,1,да,221,16,12-17,6,0,206,206,206,206,150,56,0,764,311,40.7,287,37.6,166,21.7,20,9.7,11,11,20,5.3,1.0,14.3,0,0,0.0,,0,
3081.team,team,2026-09-15,2026-09-16,2,да,content-2026-09-14b-7str-oform-2_42,content-дата,1,7,оформлено,Theme1,numeric,4,68,2,2,нет,661,6,06-11,2,0,0,206,206,206,150,56,0,972,511,52.6,287,29.5,174,17.9,34,16.5,20,28,32,13.6,1.0,8.4,0,0,0.0,,0,
8988.team,team,2026-09-10,2026-09-11,2,да,КОНТЕНТ НЕ ЗАПИСАН,не записан,1,,,Theme1,numeric,4,812,1,1,да,61,21,18-23,3,0,0,206,206,206,150,56,0,622,212,34.1,286,46.0,124,19.9,11,5.3,7,7,10,3.4,1.0,26.0,0,0,0.0,,0,
casinomol.lol,lol,2026-09-17,2026-09-18,2,да,content-2026-09-15-7str-oform-1_3,content-дата,1,7,оформлено,Theme1,casino_prefix,9,360,2,2,нет,824,9,06-11,4,0,0,206,206,206,150,56,0,973,641,65.9,285,29.3,47,4.8,22,10.7,17,21,21,10.2,0,13.0,0,0,0.0,,0,
d1c3.team,team,2026-09-11,2026-09-12,2,да,clean7_part1_50оформлено,clean,1,,оформлено,Theme1,alpha_other,4,1038,1,1,да,214,9,06-11,5,0,0,206,206,206,150,56,0,1248,550,44.1,284,22.8,414,33.2,36,17.5,18,21,30,10.2,1.0,7.9,0,0,0.0,,0,
butcasino.team,team,2026-09-11,2026-09-12,2,да,clean7_part1_50оформлено,clean,1,,оформлено,Theme1,casino_infix,9,1026,1,1,да,237,18,18-23,5,0,0,206,206,206,150,56,0,1166,500,42.9,281,24.1,385,33.0,19,9.2,12,13,18,6.3,1.0,14.8,0,0,0.0,,0,
b2kn.team,team,2026-08-19,2026-08-20,2,да,КОНТЕНТ НЕ ЗАПИСАН,не записан,1,,,Theme1,alpha_other,4,49,1,2,да,80,17,12-17,3,0,0,184,184,184,150,34,0,1932,1145,59.3,279,14.4,508,26.3,10,5.4,9,9,10,4.9,1.0,27.9,0,0,0.0,,0,
khev.lol,lol,2026-09-12,2026-09-13,2,да,content-2026-09-12-7str-oform-2,content-дата,1,7,оформлено,Theme1,alpha_other,4,1049,1,1,да,249,14,12-17,6,0,206,206,206,206,150,56,0,896,430,48.0,278,31.0,188,21.0,20,9.7,9,11,20,5.3,2.5,13.9,0,0,0.0,,0,
7213.lol,lol,2026-09-18,2026-09-19,2,да,content-2026-09-17b-7str-oform_6,content-дата,1,7,оформлено,Theme1,numeric,4,526,2,2,нет,302,21,18-23,5,0,0,206,206,206,150,56,0,904,544,60.2,278,30.8,82,9.1,32,15.5,20,32,32,15.5,1.0,8.7,0,0,0.0,,0,
mqvb.team,team,2026-08-20,2026-08-21,2,да,КОНТЕНТ НЕ ЗАПИСАН,не записан,1,,,Theme1,alpha_other,4,13,2,3,нет,122,22,18-23,4,0,0,205,205,205,150,55,0,1612,849,52.7,277,17.2,486,30.1,19,9.3,16,17,17,8.3,1,14.6,0,0,0.0,,0,
p3y3.team,team,2026-09-04,2026-09-05,2,да,NEW20_7pages_nodate_styled_img,NEW,1,7,styled_img,Theme1,alpha_other,4,1226,1,2,да,118,20,18-23,5,0,0,206,206,206,150,56,0,1788,906,50.7,277,15.5,605,33.8,21,10.2,18,20,20,9.7,1,13.2,0,0,0.0,,0,
4967.team,team,2026-09-03,2026-09-04,2,да,NEW50_7pages_withdate_01.09,NEW,1,7,без оформления,Theme1,numeric,4,456,1,2,да,19,6,06-11,4,0,0,206,206,206,150,56,0,1216,566,46.5,274,22.5,376,30.9,17,8.3,15,15,16,7.3,0.0,16.1,0,0,0.0,,0,
casinou5.team,team,2026-09-15,2026-09-16,2,да,content-2026-09-14b-7str-oform-2_36,content-дата,1,7,оформлено,Theme1,casino_prefix,8,76,2,2,нет,655,7,06-11,2,0,0,205,205,205,150,55,0,860,501,58.3,274,31.9,85,9.9,1,0.5,1,1,1,0.5,0,274.0,0,0,0.0,,0,
1209ss.casino,casino,2026-09-12,2026-09-13,2,да,content-2026-09-12-7str-oform-1,content-дата,1,7,оформлено,Theme1,alpha_other,6,1359,1,1,да,122,15,12-17,6,0,206,206,206,206,150,56,0,786,348,44.3,272,34.6,166,21.1,35,17.0,18,22,33,10.7,1,7.8,0,0,0.0,,0,
dpcasino.team,team,2026-09-04,2026-09-05,2,да,КОНТЕНТ НЕ ЗАПИСАН,не записан,1,,,Theme1,casino_infix,8,741,1,2,да,79,15,12-17,5,0,0,206,206,206,150,56,0,1974,1161,58.8,271,13.7,542,27.5,32,15.5,20,27,27,13.1,1.0,8.5,0,0,0.0,,0,
gylz.team,team,2026-08-26,2026-08-27,2,да,КОНТРОЛЬ NEW50_5_7pages_nodate_21.08,контроль,1,7,без оформления,Theme1,alpha_other,4,315,1,2,да,333,23,18-23,3,0,0,206,206,206,150,56,0,2526,1504,59.5,270,10.7,752,29.8,32,15.5,23,29,31,14.1,1.0,8.4,0,0,0.0,,0,
casinor7.team,team,2026-09-11,2026-09-12,2,да,archive37строформленоv2часть1,archive,1,7,оформлено,Theme1,casino_prefix,8,939,1,1,да,184,23,18-23,5,0,0,206,206,206,150,56,0,653,257,39.4,270,41.3,126,19.3,11,5.3,7,7,10,3.4,1,24.5,0,0,0.0,,0,
n9t.team,team,2026-09-12,2026-09-13,2,да,content-2026-09-12-7str-oform-1,content-дата,1,7,оформлено,Theme1,alpha_other,3,1054,1,1,да,220,21,18-23,6,0,206,206,206,206,150,56,0,935,420,44.9,269,28.8,246,26.3,31,15.0,16,18,31,8.7,1,8.7,0,0,0.0,,0,
7342.lol,lol,2026-09-11,2026-09-12,2,да,clean7_part1_50оформлено,clean,1,,оформлено,Theme1,numeric,4,1025,1,1,да,240,18,18-23,5,0,0,206,206,206,150,56,0,774,336,43.4,268,34.6,170,22.0,5,2.4,4,4,5,1.9,0,53.6,0,0,0.0,,0,
5649.lol,lol,2026-09-18,2026-09-18,1,да,nabory-631-640_10,nabory,1,,,Theme1,numeric,4,518,2,2,нет,347,18,18-23,5,0,0,150,150,150,150,0,0,795,474,59.6,268,33.7,53,6.7,47,31.3,42,47,47,31.3,1,5.7,0,0,0.0,,0,
9765.team,team,2026-09-13,2026-09-14,2,да,content-2026-09-12-7str-oform-3,content-дата,1,7,оформлено,Theme1,numeric,4,1093,1,1,да,533,15,12-17,7,0,206,206,206,206,150,56,0,646,315,48.8,267,41.3,64,9.9,9,4.4,7,8,9,3.9,1,29.7,0,0,0.0,,0,
t2h6.team,team,2026-09-16,2026-09-17,2,да,content-2026-09-14c-7str-oform-1_9,content-дата,1,7,оформлено,Theme1,alpha_other,4,185,2,2,нет,779,4,00-05,3,206,0,206,206,206,150,56,0,1011,583,57.7,267,26.4,161,15.9,45,21.8,37,44,44,21.4,1.0,5.9,0,0,0.0,,0,
fjuw.lol,lol,2026-09-15,2026-09-16,2,да,content-2026-09-14-7str-oform-9_2,content-дата,1,7,оформлено,Theme1,alpha_other,4,55,2,2,нет,616,5,00-05,2,206,0,206,206,206,150,56,0,871,402,46.2,266,30.5,203,23.3,28,13.6,18,26,27,12.6,1,9.5,0,0,0.0,,0,
7415.buzz,buzz,2026-09-08,2026-09-09,2,да,archive37строформленоv2часть2,archive,1,7,оформлено,Theme1,numeric,4,699,1,1,да,407,16,12-17,2,0,0,206,206,206,150,56,0,657,314,47.8,265,40.3,78,11.9,23,11.2,16,19,19,9.2,1,11.5,0,0,0.0,,0,
k3u.team,team,2026-09-01,2026-09-02,2,да,nabory264268_01.09,nabory,1,,,Theme1,alpha_other,3,365,1,2,да,373,20,18-23,2,0,0,206,206,206,150,56,0,3909,2769,70.8,264,6.8,876,22.4,41,19.9,36,40,40,19.4,1.0,6.4,0,0,0.0,,0,
3211.team,team,2026-09-06,2026-09-07,2,да,NEW20_3_7pages_nodate_styled_img,NEW,1,7,styled_img,Theme1,numeric,4,541,1,1,да,229,18,18-23,7,0,206,206,206,206,150,56,0,753,343,45.6,263,34.9,147,19.5,35,17.0,27,29,30,14.1,1,7.5,0,0,0.0,,0,
9940.team,team,2026-09-10,2026-09-11,2,да,КОНТЕНТ НЕ ЗАПИСАН,не записан,1,,,Theme1,numeric,4,813,1,1,да,44,19,18-23,3,0,0,206,206,206,150,56,0,603,217,36.0,263,43.6,123,20.4,18,8.7,13,14,15,6.8,1,14.6,0,0,0.0,,0,
1009d.casino,casino,2026-09-10,2026-09-11,2,да,NEW102оформленобездаты,NEW,1,,оформлено,Theme1,alpha_other,5,917,1,1,да,88,23,18-23,4,0,0,206,206,206,150,56,0,705,268,38.0,263,37.3,174,24.7,20,9.7,11,15,20,7.3,1.0,13.2,0,0,0.0,,0,
g4j.lol,lol,2026-09-19,2026-09-20,2,нет,content-2026-09-17b-7str-oform_29,content-дата,1,7,оформлено,Theme1,alpha_other,3,738,2,2,нет,325,14,12-17,6,0,206,206,0,206,150,56,0,778,449,57.7,263,33.8,66,8.5,32,15.5,,,,,0.0,8.2,0,0,0.0,,0,
0332casino.team,team,2026-09-16,2026-09-17,2,да,nabory-555-564_styled_img_5,nabory,1,,styled_img,Theme1,casino_infix,10,206,2,2,нет,786,8,06-11,3,0,0,206,206,206,150,56,0,1069,633,59.2,262,24.5,174,16.3,29,14.1,25,27,27,13.1,0,9.0,0,0,0.0,,0,
vafe.team,team,2026-09-17,2026-09-18,2,да,content-2026-09-14b-7str-oform-2_5,content-дата,1,7,оформлено,Theme1,alpha_other,4,388,2,2,нет,812,12,12-17,4,0,0,206,206,206,150,56,0,1652,1292,78.2,261,15.8,99,6.0,23,11.2,16,21,21,10.2,1,11.3,0,0,0.0,,0,
4184.team,team,2026-08-26,2026-08-27,2,да,КОНТРОЛЬ NEW50_5_7pages_nodate_21.08,контроль,1,7,без оформления,Theme1,numeric,4,311,1,2,да,337,23,18-23,3,0,0,206,206,206,150,56,0,2556,1835,71.8,260,10.2,461,18.0,30,14.6,18,23,26,11.2,1.0,8.7,0,0,0.0,,0,
1558.lol,lol,2026-09-18,2026-09-18,1,да,content-2026-09-17b-7str-oform_35,content-дата,1,7,оформлено,Theme1,numeric,4,490,2,2,нет,331,13,12-17,5,0,0,150,150,150,150,0,0,1741,1408,80.9,260,14.9,73,4.2,41,27.3,38,41,41,27.3,0,6.3,0,0,0.0,,0,
h7nd.team,team,2026-08-27,2026-08-28,2,да,КОНТЕНТ НЕ ЗАПИСАН,не записан,1,,,Theme1,alpha_other,4,335,1,2,да,356,19,18-23,4,0,0,206,206,206,150,56,0,2110,967,45.8,259,12.3,884,41.9,25,12.1,9,19,23,9.2,2.0,10.4,0,0,0.0,,0,
xjl.lol,lol,2026-09-03,2026-09-04,2,да,КОНТЕНТ НЕ ЗАПИСАН,не записан,1,,,Theme1,alpha_other,3,436,1,2,да,444,0,00-05,4,206,0,206,206,206,150,56,0,2504,1672,66.8,259,10.3,573,22.9,26,12.6,21,21,22,10.2,0,10.0,0,0,0.0,,0,
casinorty.lol,lol,2026-09-15,2026-09-16,2,да,content-2026-09-14-7str-oform-1_4,content-дата,1,7,оформлено,Theme1,casino_prefix,9,26,2,2,нет,591,2,00-05,2,206,0,206,206,206,150,56,0,777,448,57.7,259,33.3,70,9.0,39,18.9,22,33,35,16.0,1,6.6,0,0,0.0,,0,
0346.lol,lol,2026-09-17,2026-09-18,2,да,content-2026-09-15-7str-oform-1_22,content-дата,1,7,оформлено,Theme1,numeric,4,335,2,2,нет,538,5,00-05,4,206,0,206,206,206,150,56,0,1455,1065,73.2,259,17.8,131,9.0,32,15.5,25,30,30,14.6,1.0,8.1,0,0,0.0,,0,
2116.team,team,2026-09-04,2026-09-05,2,да,Generator_346353_styled_img,Generator,1,,styled_img,Theme1,numeric,4,1196,1,2,да,212,17,12-17,5,0,0,206,206,206,150,56,0,1942,1340,69.0,258,13.3,344,17.7,20,9.7,9,11,12,5.3,2,12.9,0,0,0.0,,0,
8271.lol,lol,2026-09-16,2026-09-17,2,да,nabory-535-544_styled_img_6,nabory,1,,styled_img,Theme1,numeric,4,191,2,2,нет,832,5,00-05,3,206,0,206,206,206,150,56,0,1108,646,58.3,258,23.3,204,18.4,18,8.7,17,18,18,8.7,1.0,14.3,0,0,0.0,,0,
w7o3.team,team,2026-09-16,2026-09-17,2,да,content-2026-09-15-7str-oform-2_11,content-дата,1,7,оформлено,Theme1,alpha_other,4,296,2,2,нет,607,22,18-23,3,0,0,206,206,206,150,56,0,1525,1153,75.6,258,16.9,114,7.5,38,18.4,32,38,38,18.4,1.0,6.8,0,0,0.0,,0,
casino8600.lol,lol,2026-09-20,2026-09-21,2,нет,nabory-651-660_4,nabory,1,,,Theme1,casino_prefix,10,1205,2,2,нет,276,1,00-05,7,206,206,206,0,206,150,56,0,631,318,50.4,258,40.9,55,8.7,29,14.1,,,,,0.0,8.9,0,0,0.0,,0,
zkmt.lol,lol,2026-09-17,2026-09-18,2,да,content-2026-09-15-7str-oform-1_30,content-дата,1,7,оформлено,Theme1,alpha_other,4,333,2,2,нет,556,5,00-05,4,206,0,206,206,206,150,56,0,1233,858,69.6,257,20.8,118,9.6,24,11.7,19,24,24,11.7,1.0,10.7,0,0,0.0,,0,
4212.team,team,2026-09-13,2026-09-14,2,да,content-2026-09-12-7str-oform-3,content-дата,1,7,оформлено,Theme1,numeric,4,1089,1,1,да,532,14,12-17,7,0,206,206,206,206,150,56,0,564,255,45.2,256,45.4,53,9.4,17,8.3,10,15,17,7.3,1,15.1,0,0,0.0,,0,
9882.team,team,2026-09-15,2026-09-16,2,да,content-2026-09-14-7str-oform-9_10,content-дата,1,7,оформлено,Theme1,numeric,4,51,2,2,нет,629,5,00-05,2,206,0,206,206,206,150,56,0,777,452,58.2,256,32.9,69,8.9,11,5.3,7,10,11,4.9,1,23.3,0,0,0.0,,0,
8763.lol,lol,2026-09-17,2026-09-18,2,да,content-2026-09-15-7str-oform-1_38,content-дата,1,7,оформлено,Theme1,numeric,4,305,2,2,нет,574,1,00-05,4,206,0,206,206,206,150,56,0,1250,889,71.1,256,20.5,105,8.4,29,14.1,22,26,26,12.6,0.0,8.8,0,0,0.0,,0,
9365.team,team,2026-09-04,2026-09-05,2,да,Generator_354359_styled_img,Generator,1,,styled_img,Theme1,numeric,4,1208,1,2,да,203,18,18-23,5,0,0,205,205,205,150,55,0,1812,1208,66.7,255,14.1,349,19.3,24,11.7,15,17,17,8.3,1,10.6,0,0,0.0,,0,
casino4614.team,team,2026-09-12,2026-09-13,2,да,content-2026-09-12-7str-oform-2,content-дата,1,7,оформлено,Theme1,casino_prefix,10,1383,1,1,да,196,18,18-23,6,0,206,206,206,206,150,56,0,680,288,42.4,255,37.5,137,20.1,13,6.3,3,6,8,2.9,4,19.6,0,0,0.0,,0,
lmnp.lol,lol,2026-09-07,2026-09-08,2,да,NEW20_4_7pages_withdate,NEW,1,7,без оформления,Theme1,alpha_other,4,615,1,1,да,349,18,18-23,1,0,0,206,206,206,150,56,0,1161,619,53.3,252,21.7,290,25.0,38,18.4,27,30,30,14.6,1.0,6.6,0,0,0.0,,0,
j1j.casino,casino,2026-09-01,2026-09-02,2,да,NEW50_12pages_withdate_01.09,NEW,1,12,без оформления,Theme1,alpha_other,3,361,1,2,да,379,18,18-23,2,0,0,206,206,206,150,56,0,3841,2811,73.2,251,6.5,779,20.3,42,20.4,28,37,40,18.0,1,6.0,0,0,0.0,,0,
9274.team,team,2026-09-04,2026-09-05,2,да,trikomplekta,прочее,1,,,Theme1,numeric,4,1235,1,2,да,200,22,18-23,5,0,0,206,206,206,150,56,0,1009,466,46.2,249,24.7,294,29.1,39,18.9,35,37,37,18.0,1,6.4,0,0,0.0,,0,
2518.team,team,2026-09-10,2026-09-11,2,да,archive47_unique119оформленочасть2,archive,1,,оформлено,Theme1,numeric,4,820,1,1,да,65,21,18-23,3,0,0,206,206,206,150,56,0,651,244,37.5,249,38.2,158,24.3,12,5.8,10,11,12,5.3,1.0,20.8,0,0,0.0,,0,
5600.team,team,2026-09-11,2026-09-12,2,да,nabory484486_styled_img,nabory,1,,styled_img,Theme1,numeric,4,1334,1,1,да,226,21,18-23,5,0,0,206,206,206,150,56,0,1359,688,50.6,248,18.2,423,31.1,32,15.5,18,20,29,9.7,1,7.8,0,0,0.0,,0,
casino8915.lol,lol,2026-09-12,2026-09-13,2,да,content-2026-09-12-7str-oform-2,content-дата,1,7,оформлено,Theme1,casino_prefix,10,1386,1,1,да,199,20,18-23,6,0,206,206,206,206,150,56,0,755,292,38.7,247,32.7,216,28.6,24,11.7,17,19,24,9.2,1.0,10.3,0,0,0.0,,0,
6808.lol,lol,2026-09-06,2026-09-07,2,да,nabory411420_styled_img,nabory,1,,styled_img,Theme1,numeric,4,551,1,1,да,271,19,18-23,7,0,206,206,206,206,150,56,0,1928,533,27.6,246,12.8,1149,59.6,8,3.9,8,8,8,3.9,1.0,30.8,0,0,0.0,,0,
8057.team,team,2026-09-16,2026-09-17,2,да,content-2026-09-15-7str-oform-2_25,content-дата,1,7,оформлено,Theme1,numeric,4,269,2,2,нет,621,20,18-23,3,0,0,206,206,206,150,56,0,1178,780,66.2,246,20.9,152,12.9,12,5.8,11,12,12,5.8,1.0,20.5,0,0,0.0,,0,
1938.team,team,2026-09-11,2026-09-12,2,да,nabory481483_styled_img_dark,nabory,1,,styled_img,Theme1,numeric,4,1331,1,1,да,253,22,18-23,5,0,0,206,206,206,150,56,0,1403,641,45.7,245,17.5,517,36.8,33,16.0,19,25,33,12.1,1,7.4,0,0,0.0,,0,
casino5450.buzz,buzz,2026-09-08,2026-09-09,2,да,archive37строформленоv2часть2,archive,1,7,оформлено,Theme1,casino_prefix,10,705,1,1,да,399,16,12-17,2,0,0,206,206,206,150,56,0,762,385,50.5,243,31.9,134,17.6,19,9.2,13,14,15,6.8,1.0,12.8,0,0,0.0,,0,
1668.team,team,2026-09-11,2026-09-12,2,да,archive37строформленоv2часть1,archive,1,7,оформлено,Theme1,numeric,4,929,1,1,да,180,23,18-23,5,0,0,206,206,206,150,56,0,889,319,35.9,243,27.3,327,36.8,18,8.7,11,15,17,7.3,1.0,13.5,0,0,0.0,,0,
1543.lol,lol,2026-09-16,2026-09-17,2,да,nabory-545-554_styled_img_3,nabory,1,,styled_img,Theme1,numeric,4,183,2,2,нет,859,4,00-05,3,206,0,206,206,206,150,56,0,1225,736,60.1,243,19.8,246,20.1,29,14.1,25,26,26,12.6,0.0,8.4,0,0,0.0,,0,
casino922.lol,lol,2026-09-04,2026-09-05,2,да,nabory274283,nabory,1,,,Theme1,casino_prefix,9,518,1,2,да,114,3,00-05,5,206,0,206,206,206,150,56,0,1457,770,52.8,242,16.6,445,30.5,19,9.2,10,12,13,5.8,1.0,12.7,0,0,0.0,,0,
casino8509.lol,lol,2026-09-07,2026-09-08,2,да,NEW20_12pages_nodate_оформлено,NEW,1,12,оформлено,Theme1,casino_prefix,10,633,1,1,да,339,20,18-23,1,0,0,206,206,206,150,56,0,956,458,47.9,242,25.3,256,26.8,26,12.6,20,24,24,11.7,1,9.3,0,0,0.0,,0,
76casino.team,team,2026-09-14,2026-09-15,2,да,content-2026-09-14-7str-oform-8_50,content-дата,1,7,оформлено,Theme1,casino_infix,8,1173,1,1,да,708,23,18-23,1,0,0,206,206,206,150,56,0,935,594,63.5,242,25.9,99,10.6,33,16.0,13,28,33,13.6,2,7.3,0,0,0.0,,0,
casinoy1.team,team,2026-09-16,2026-09-17,2,да,content-2026-09-15-7str-oform-2_43,content-дата,1,7,оформлено,Theme1,casino_prefix,8,262,1,1,да,639,16,12-17,3,0,0,206,206,206,150,56,0,487,190,39.0,242,49.7,55,11.3,12,5.8,4,8,12,3.9,3.0,20.2,0,0,0.0,,0,
l4nq.team,team,2026-08-18,2026-08-19,2,да,КОНТЕНТ НЕ ЗАПИСАН,не записан,1,,,Theme1,alpha_other,4,36,1,2,да,42,23,18-23,2,0,0,184,184,184,150,34,0,1575,850,54.0,241,15.3,484,30.7,42,22.8,35,40,41,21.7,1.0,5.7,0,0,0.0,,0,
1818.team,team,2026-09-05,2026-09-06,2,да,tesemochnaya1,прочее,1,,,Theme1,numeric,4,1284,1,2,да,178,23,18-23,6,0,206,206,206,206,150,56,0,917,347,37.8,241,26.3,329,35.9,35,17.0,27,32,34,15.5,1,6.9,0,0,0.0,,0,
dckd.casino,casino,2026-09-11,2026-09-12,2,да,NEW102оформленобездаты,NEW,1,,оформлено,Theme1,alpha_other,4,1004,1,1,да,107,10,06-11,5,0,0,206,206,206,150,56,0,1285,659,51.3,241,18.8,385,30.0,32,15.5,20,22,28,10.7,0.5,7.5,0,0,0.0,,0,
casino4761.team,team,2026-09-17,2026-09-18,2,да,content-2026-09-15-7str-oform-1_32,content-дата,1,7,оформлено,Theme1,casino_prefix,10,326,2,2,нет,558,4,00-05,4,205,0,205,205,205,150,55,0,1158,792,68.4,239,20.6,127,11.0,27,13.2,16,24,24,11.7,1.0,8.9,0,0,0.0,,0,
casino97.lol,lol,2026-09-17,2026-09-18,2,да,content-2026-09-15-7str-oform-1_7,content-дата,1,7,оформлено,Theme1,casino_prefix,8,358,2,2,нет,828,9,06-11,4,0,0,206,206,206,150,56,0,962,673,70.0,238,24.7,51,5.3,13,6.3,11,13,13,6.3,1,18.3,0,0,0.0,,0,
casinoxm.team,team,2026-09-15,2026-09-16,2,да,content-2026-09-14-7str-oform-9_31,content-дата,1,7,оформлено,Theme1,casino_prefix,8,27,2,2,нет,638,2,00-05,2,206,0,206,206,206,150,56,0,846,535,63.2,237,28.0,74,8.7,19,9.2,8,16,17,7.8,2,12.5,0,0,0.0,,0,
m3wv.team,team,2026-08-20,2026-08-21,2,да,КОНТЕНТ НЕ ЗАПИСАН,не записан,1,,,Theme2,alpha_other,4,132,1,2,да,157,21,18-23,4,0,0,204,204,204,150,54,0,1114,680,61.0,236,21.2,198,17.8,4,2.0,3,3,3,1.5,1.0,59.0,0,0,0.0,,0,
zmbv.work,work,2026-08-22,2026-08-23,2,да,КОНТЕНТ НЕ ЗАПИСАН,не записан,1,,,Theme1,alpha_other,4,198,1,2,да,215,21,18-23,6,0,206,206,206,206,150,56,0,1609,981,61.0,236,14.7,392,24.4,31,15.0,21,26,31,12.6,1,7.6,0,0,0.0,,0,
xwbw.team,team,2026-09-12,2026-09-13,2,да,content-2026-09-12-7str-oform-2,content-дата,1,7,оформлено,Theme1,alpha_other,4,1071,1,1,да,528,13,12-17,6,0,206,206,206,206,150,56,0,971,498,51.3,236,24.3,237,24.4,25,12.1,14,15,25,7.3,1,9.4,0,0,0.0,,0,
0248.lol,lol,2026-09-16,2026-09-17,2,да,content-2026-09-15-7str-oform-2_40,content-дата,1,7,оформлено,Theme1,numeric,4,246,2,2,нет,636,14,12-17,3,0,0,206,206,206,150,56,0,1765,1466,83.1,236,13.4,63,3.6,23,11.2,12,17,17,8.3,1,10.3,0,0,0.0,,0,
d3mw.team,team,2026-08-27,2026-08-28,2,да,КОНТЕНТ НЕ ЗАПИСАН,не записан,1,,,Theme1,alpha_other,4,332,1,2,да,353,19,18-23,4,0,0,206,206,206,150,56,0,933,512,54.9,235,25.2,186,19.9,12,5.8,9,11,12,5.3,1.0,19.6,0,0,0.0,,0,
5580.lol,lol,2026-09-03,2026-09-04,2,да,NEW50_3_7pages_nodate_styled,NEW,1,7,без оформления,Theme1,numeric,4,491,1,2,да,2,19,18-23,4,0,0,206,206,206,150,56,0,1211,696,57.5,235,19.4,280,23.1,33,16.0,23,29,29,14.1,1,7.1,0,0,0.0,,0,
emnc.lol,lol,2026-09-04,2026-09-05,2,да,nabory294303,nabory,1,,,Theme1,alpha_other,4,523,1,1,да,73,3,00-05,5,206,0,206,206,206,150,56,0,1543,768,49.8,235,15.2,540,35.0,24,11.7,16,17,17,8.3,0,9.8,0,0,0.0,,0,
casinodp.team,team,2026-09-11,2026-09-12,2,да,NEW102оформленобездаты,NEW,1,,оформлено,Theme1,casino_prefix,8,975,1,1,да,139,16,12-17,5,0,0,206,206,206,150,56,0,882,406,46.0,235,26.6,241,27.3,35,17.0,19,19,30,9.2,1,6.7,0,0,0.0,,0,
4389.lol,lol,2026-09-21,2026-09-21,1,нет,content-2026-09-14b-7str-oform-1_13,content-дата,1,7,оформлено,Theme1,numeric,4,1254,2,2,нет,524,1,00-05,1,150,0,150,0,150,150,0,0,921,557,60.5,235,25.5,129,14.0,22,14.7,,,,,0.0,10.7,0,0,0.0,,0,
qmpl.lol,lol,2026-09-03,2026-09-04,2,да,КОНТЕНТ НЕ ЗАПИСАН,не записан,1,,,Theme1,alpha_other,4,433,1,2,да,445,0,00-05,4,206,0,206,206,206,150,56,0,3266,2407,73.7,233,7.1,626,19.2,33,16.0,28,29,29,14.1,0,7.1,0,0,0.0,,0,
uphv.team,team,2026-09-06,2026-09-07,2,да,troykaC,прочее,1,,,Theme1,alpha_other,4,575,1,1,да,273,20,18-23,7,0,206,206,206,206,150,56,0,945,461,48.8,233,24.7,251,26.6,18,8.7,15,15,15,7.3,1.0,12.9,0,0,0.0,,0,
oznv.team,team,2026-09-04,2026-09-05,2,да,Generator_346353_styled_img,Generator,1,,styled_img,Theme1,alpha_other,4,1200,1,2,да,215,17,12-17,5,0,0,206,206,206,150,56,0,1854,1216,65.6,232,12.5,406,21.9,36,17.5,23,27,30,13.1,1.0,6.4,0,0,0.0,,0,
3284.lol,lol,2026-09-05,2026-09-06,2,да,Generator_385390_styled_img,Generator,1,,styled_img,Theme1,numeric,4,1251,1,2,да,167,12,12-17,6,0,206,206,206,206,150,56,0,1270,611,48.1,232,18.3,427,33.6,7,3.4,7,7,7,3.4,0,33.1,0,0,0.0,,0,
8616casino.lol,lol,2026-09-09,2026-09-10,2,да,archive47_unique119оформленочасть1,archive,1,,оформлено,Theme1,casino_infix,10,850,1,1,да,474,20,18-23,3,0,0,206,206,206,150,56,0,1513,1048,69.3,232,15.3,233,15.4,25,12.1,13,15,19,7.3,1,9.3,0,0,0.0,,0,
lcdj.team,team,2026-09-05,2026-09-06,2,да,NEW21_7pages_nodate_styled_img,NEW,1,7,styled_img,Theme1,alpha_other,4,1280,1,2,да,85,20,18-23,6,0,206,206,206,206,150,56,0,1001,435,43.5,231,23.1,335,33.5,31,15.0,24,30,30,14.6,1,7.5,0,0,0.0,,0,
j6qz.team,team,2026-08-26,2026-08-27,2,да,NEW33_12pages_withdate+img_25.08,NEW,1,12,без оформления,Theme1,alpha_other,4,284,1,2,да,305,14,12-17,3,0,0,206,206,206,150,56,0,2575,1787,69.4,229,8.9,559,21.7,11,5.3,7,8,11,3.9,1,20.8,0,0,0.0,,0,
4330.lol,lol,2026-09-03,2026-09-04,2,да,NEW50_3_7pages_withdate_styled,NEW,1,7,без оформления,Theme1,numeric,4,484,1,2,да,29,19,18-23,4,0,0,206,206,206,150,56,0,1196,667,55.8,229,19.1,300,25.1,13,6.3,11,12,12,5.8,1,17.6,0,0,0.0,,0,
5936.lol,lol,2026-09-21,2026-09-21,1,нет,content-2026-09-14b-7str-oform-1_24,content-дата,1,7,оформлено,Theme1,numeric,4,1285,2,2,нет,665,2,00-05,1,150,0,150,0,150,150,0,0,1141,850,74.5,229,20.1,62,5.4,17,11.3,,,,,0,13.5,0,0,0.0,,0,
4781.team,team,2026-09-13,2026-09-14,2,да,nabory-495-499_styled_img,nabory,1,,styled_img,Theme1,numeric,4,1084,1,1,да,534,12,12-17,7,0,206,206,206,206,150,56,0,686,338,49.3,228,33.2,120,17.5,26,12.6,17,21,25,10.2,1,8.8,0,0,0.0,,0,
0626.team,team,2026-09-07,2026-09-08,2,да,clean12_unique11оформлено,clean,1,,оформлено,Theme1,numeric,4,644,1,1,да,286,21,18-23,1,0,0,206,206,206,150,56,0,1326,712,53.7,227,17.1,387,29.2,13,6.3,11,12,12,5.8,1,17.5,0,0,0.0,,0,
casinoq4.lol,lol,2026-09-10,2026-09-11,2,да,archive37строформленоv2часть3,archive,1,7,оформлено,Theme1,casino_prefix,8,896,1,1,да,2,11,06-11,4,0,0,206,206,206,150,56,0,780,365,46.8,227,29.1,188,24.1,23,11.2,14,16,21,7.8,1,9.9,0,0,0.0,,0,
hdvg.casino,casino,2026-09-12,2026-09-13,2,да,content-2026-09-12-7str-oform-1,content-дата,1,7,оформлено,Theme1,alpha_other,4,1390,1,1,да,202,20,18-23,6,0,206,206,206,206,150,56,0,834,459,55.0,227,27.2,148,17.7,11,5.3,4,5,11,2.4,4,20.6,0,0,0.0,,0,
kztt.lol,lol,2026-09-15,2026-09-16,2,да,content-2026-09-14c-7str-oform-2_37,content-дата,1,7,оформлено,Theme1,alpha_other,4,142,2,2,нет,843,15,12-17,2,0,0,206,206,206,150,56,0,1433,983,68.6,226,15.8,224,15.6,34,16.5,25,31,34,15.0,1.0,6.6,0,0,0.0,,0,
plol.lol,lol,2026-09-17,2026-09-18,2,да,content-2026-09-15-7str-oform-1_12,content-дата,1,7,оформлено,Theme1,alpha_other,4,369,2,2,нет,833,10,06-11,4,0,0,206,206,206,150,56,0,1012,714,70.6,226,22.3,72,7.1,13,6.3,8,13,13,6.3,1,17.4,0,0,0.0,,0,
5793.lol,lol,2026-09-08,2026-09-09,2,да,archive37строформленоv2часть1,archive,1,7,оформлено,Theme1,numeric,4,716,1,1,да,365,15,12-17,2,0,0,206,206,206,150,56,0,944,542,57.4,225,23.8,177,18.8,21,10.2,12,12,12,5.8,1,10.7,0,0,0.0,,0,
3191.lol,lol,2026-09-03,2026-09-04,2,да,NEW50_3_7pages_withdate_styled,NEW,1,7,без оформления,Theme1,numeric,4,478,1,2,да,22,18,18-23,4,0,0,206,206,206,150,56,0,1428,977,68.4,224,15.7,227,15.9,28,13.6,17,25,25,12.1,1.0,8.0,0,0,0.0,,0,
g3p0.lol,lol,2026-09-12,2026-09-13,2,да,content-2026-09-12-7str-oform-2,content-дата,1,7,оформлено,Theme1,alpha_other,4,1379,1,1,да,527,17,12-17,6,0,206,206,206,206,150,56,0,773,362,46.8,224,29.0,187,24.2,27,13.1,16,18,27,8.7,1,8.3,0,0,0.0,,0,
0338.team,team,2026-09-12,2026-09-13,2,да,nabory-490-494_styled_img,nabory,1,,styled_img,Theme1,numeric,4,1075,1,1,да,556,21,18-23,6,0,206,206,206,206,150,56,0,1481,795,53.7,222,15.0,464,31.3,37,18.0,12,17,37,8.3,4,6.0,0,0,0.0,,0,
566casino.team,team,2026-09-15,2026-09-16,2,да,content-2026-09-14b-7str-oform-2_38,content-дата,1,7,оформлено,Theme1,casino_infix,9,70,2,2,нет,657,6,06-11,2,0,0,206,206,206,150,56,0,713,417,58.5,222,31.1,74,10.4,35,17.0,16,29,31,14.1,1,6.3,0,0,0.0,,0,
lvcasino.lol,lol,2026-09-17,2026-09-18,2,да,content-2026-09-16-7str_32,content-дата,1,7,,Theme1,casino_infix,8,418,2,2,нет,781,17,12-17,4,0,0,206,206,206,150,56,0,1122,847,75.5,222,19.8,53,4.7,27,13.1,16,26,26,12.6,1.0,8.2,0,0,0.0,,0,
4333.lol,lol,2026-09-18,2026-09-18,1,да,content-2026-09-17b-7str-oform_23,content-дата,1,7,оформлено,Theme1,numeric,4,494,2,2,нет,319,14,12-17,5,0,0,150,150,150,150,0,0,1665,1325,79.6,222,13.3,118,7.1,33,22.0,32,33,33,22.0,0,6.7,0,0,0.0,,0,
4839.team,team,2026-08-20,2026-08-21,2,да,КОНТЕНТ НЕ ЗАПИСАН,не записан,1,,,Theme2,numeric,4,113,1,2,да,141,21,18-23,4,0,0,202,202,202,150,52,0,1949,1001,51.4,220,11.3,728,37.4,24,11.9,21,21,23,10.4,1.0,9.2,0,0,0.0,,0,
2404.lol,lol,2026-09-15,2026-09-16,2,да,content-2026-09-14b-7str-oform-2_23,content-дата,1,7,оформлено,Theme1,numeric,4,97,2,2,нет,726,10,06-11,2,0,0,206,206,206,150,56,0,1057,692,65.5,220,20.8,145,13.7,33,16.0,16,27,29,13.1,1,6.7,0,0,0.0,,0,
8663.lol,lol,2026-09-03,2026-09-04,2,да,NEW50_3_7pages_nodate_styled,NEW,1,7,без оформления,Theme1,numeric,4,504,1,2,да,3,20,18-23,4,0,0,206,206,206,150,56,0,1622,950,58.6,218,13.4,454,28.0,39,18.9,29,36,37,17.5,1.0,5.6,0,0,0.0,,0,
1908by.buzz,buzz,2026-08-19,2026-08-20,2,да,КОНТЕНТ НЕ ЗАПИСАН,не записан,1,,,Theme1,alpha_other,6,41,1,2,да,102,17,12-17,3,0,0,185,185,185,150,35,0,1589,709,44.6,217,13.7,663,41.7,23,12.4,18,22,22,11.9,1,9.4,0,0,0.0,,0,
8359.team,team,2026-08-25,2026-08-26,2,да,КОНТРОЛЬ NEW50_5_7pages_nodate_21.08,контроль,1,7,без оформления,Theme1,numeric,4,242,1,2,да,300,15,12-17,2,0,0,206,206,206,150,56,0,764,380,49.7,217,28.4,167,21.9,15,7.3,12,14,14,6.8,1,14.5,0,0,0.0,,0,
casino6809.lol,lol,2026-09-09,2026-09-10,2,да,archive47_unique119оформленочасть1,archive,1,,оформлено,Theme1,casino_prefix,10,846,1,1,да,15,18,18-23,3,0,0,206,206,206,150,56,0,1586,1121,70.7,217,13.7,248,15.6,27,13.1,14,22,24,10.7,1,8.0,0,0,0.0,,0,
1209dd.casino,casino,2026-09-12,2026-09-13,2,да,content-2026-09-12-7str-oform-1,content-дата,1,7,оформлено,Theme1,alpha_other,6,1349,1,1,да,118,14,12-17,6,0,206,206,206,206,150,56,0,631,283,44.8,217,34.4,131,20.8,21,10.2,15,16,20,7.8,1.0,10.3,0,0,0.0,,0,
x5i0.lol,lol,2026-09-20,2026-09-21,2,нет,content-2026-09-17-7str-oform-1_30,content-дата,1,7,оформлено,Theme1,alpha_other,4,1278,2,2,нет,860,19,18-23,7,0,206,206,0,206,150,56,0,857,509,59.4,217,25.3,131,15.3,48,23.3,,,,,0,4.5,0,0,0.0,,0,
f4w.team,team,2026-09-03,2026-09-04,2,да,КОНТЕНТ НЕ ЗАПИСАН,не записан,1,,,Theme1,alpha_other,3,450,1,2,да,448,4,00-05,4,206,0,206,206,206,150,56,0,1293,667,51.6,215,16.6,411,31.8,16,7.8,10,10,11,4.9,0.0,13.4,0,0,0.0,,0,
iqcasino.team,team,2026-09-16,2026-09-17,2,да,content-2026-09-14c-7str-oform-1_19,content-дата,1,7,оформлено,Theme1,casino_infix,8,178,2,2,нет,808,3,00-05,3,206,0,206,206,206,150,56,0,933,613,65.7,214,22.9,106,11.4,31,15.0,28,30,30,14.6,0.0,6.9,0,0,0.0,,0,
6657.lol,lol,2026-09-20,2026-09-21,2,нет,content-2026-09-17-7str-oform-2_1,content-дата,1,7,оформлено,Theme1,numeric,4,1244,2,2,нет,883,15,12-17,7,0,206,206,0,206,150,56,0,814,493,60.6,214,26.3,107,13.1,37,18.0,,,,,0.0,5.8,0,0,0.0,,0,
b5wt.team,team,2026-08-18,2026-08-19,2,да,КОНТЕНТ НЕ ЗАПИСАН,не записан,1,,,Theme1,alpha_other,4,28,1,2,да,34,23,18-23,2,0,0,184,184,184,150,34,0,2483,1496,60.2,213,8.6,774,31.2,31,16.8,24,27,29,14.7,1,6.9,0,0,0.0,,0,
5974casino.lol,lol,2026-09-08,2026-09-09,2,да,archive37строформленоv2часть3,archive,1,7,оформлено,Theme1,casino_infix,10,773,1,1,да,461,21,18-23,2,0,0,206,206,206,150,56,0,424,162,38.2,213,50.2,49,11.6,20,9.7,8,15,17,7.3,2.0,10.7,0,0,0.0,,0,
9814.team,team,2026-09-15,2026-09-16,2,да,content-2026-09-14b-7str-oform-2_43,content-дата,1,7,оформлено,Theme1,numeric,4,75,2,2,нет,662,7,06-11,2,0,0,206,206,206,150,56,0,863,526,61.0,212,24.6,125,14.5,24,11.7,15,21,23,10.2,0,8.8,0,0,0.0,,0,
4809.team,team,2026-09-06,2026-09-07,2,да,struktura8x7,прочее,1,,,Theme1,numeric,4,1314,1,2,да,275,18,18-23,7,0,206,206,206,206,150,56,0,586,297,50.7,211,36.0,78,13.3,19,9.2,17,17,17,8.3,1.0,11.1,0,0,0.0,,0,
tsnb.team,team,2026-09-07,2026-09-08,2,да,nabory441443_styled_img,nabory,1,,styled_img,Theme1,alpha_other,4,643,1,1,да,296,19,18-23,1,0,0,206,206,206,150,56,0,1204,687,57.1,210,17.4,307,25.5,17,8.3,10,12,13,5.8,1.0,12.4,0,0,0.0,,0,
v2b.team,team,2026-09-12,2026-09-13,2,да,content-2026-09-12-7str-oform-2,content-дата,1,7,оформлено,Theme1,alpha_other,3,1065,1,1,да,517,22,18-23,6,0,206,206,206,206,150,56,0,1032,579,56.1,210,20.3,243,23.5,30,14.6,17,17,30,8.3,1.0,7.0,0,0,0.0,,0,
casinot8.lol,lol,2026-09-19,2026-09-20,2,нет,nabory-631-640_7,nabory,1,,,Theme1,casino_prefix,8,735,2,2,нет,344,13,12-17,6,0,206,206,0,206,150,56,0,804,522,64.9,210,26.1,72,9.0,40,19.4,,,,,1,5.2,0,0,0.0,,0,
hhfp.team,team,2026-09-10,2026-09-11,2,да,КОНТЕНТ НЕ ЗАПИСАН,не записан,1,,,Theme1,alpha_other,4,808,1,1,да,73,22,18-23,3,0,0,206,206,206,150,56,0,565,146,25.8,208,36.8,211,37.3,13,6.3,7,8,11,3.9,1,16.0,0,0,0.0,,0,
hhsw.team,team,2026-09-16,2026-09-17,2,да,content-2026-09-14c-7str-oform-1_11,content-дата,1,7,оформлено,Theme1,alpha_other,4,176,2,2,нет,788,3,00-05,3,206,0,206,206,206,150,56,0,791,490,61.9,208,26.3,93,11.8,23,11.2,20,21,21,10.2,1,9.0,0,0,0.0,,0,
5368casino.team,team,2026-09-17,2026-09-18,2,да,content-2026-09-16-7str_26,content-дата,1,7,,Theme1,casino_infix,10,395,2,2,нет,775,13,12-17,4,0,0,206,206,206,150,56,0,1120,860,76.8,208,18.6,52,4.6,17,8.3,9,17,17,8.3,1,12.2,0,0,0.0,,0,
8347.team,team,2026-09-12,2026-09-13,2,да,content-2026-09-12-7str-oform-1,content-дата,1,7,оформлено,Theme1,numeric,4,1368,1,1,да,553,16,12-17,6,0,206,206,206,206,150,56,0,987,535,54.2,207,21.0,245,24.8,11,5.3,4,4,9,1.9,4.0,18.8,0,0,0.0,,0,
7662.team,team,2026-09-03,2026-09-04,2,да,NEW50_3_12pages_withdate_styled,NEW,1,12,без оформления,Theme1,numeric,4,500,1,2,да,58,20,18-23,4,0,0,206,206,206,150,56,0,2809,1250,44.5,206,7.3,1353,48.2,33,16.0,26,28,29,13.6,1,6.2,0,0,0.0,,0,
xsjb.team,team,2026-09-14,2026-09-15,2,да,content-2026-09-14-12str-oform_12,content-дата,1,12,оформлено,Theme1,alpha_other,4,1161,1,1,да,653,20,18-23,1,0,0,206,206,206,150,56,0,1309,935,71.4,206,15.7,168,12.8,20,9.7,10,16,20,7.8,1.5,10.3,0,0,0.0,,0,
9085.team,team,2026-09-14,2026-09-15,2,да,content-2026-09-14-7str-oform-8_47,content-дата,1,7,оформлено,Theme1,numeric,4,1174,1,1,да,684,23,18-23,1,0,0,206,206,206,150,56,0,668,415,62.1,206,30.8,47,7.0,7,3.4,2,5,7,2.4,3,29.4,0,0,0.0,,0,
6166.lol,lol,2026-09-15,2026-09-16,2,да,content-2026-09-14c-7str-oform-1_42,content-дата,1,7,оформлено,Theme1,numeric,4,152,2,2,нет,864,21,18-23,2,0,0,206,206,206,150,56,0,1096,744,67.9,206,18.8,146,13.3,37,18.0,19,34,37,16.5,1,5.6,0,0,0.0,,0,
s8e.lol,lol,2026-09-17,2026-09-18,2,да,content-2026-09-15-7str-oform-1_20,content-дата,1,7,оформлено,Theme1,alpha_other,3,346,2,2,нет,536,8,06-11,4,0,0,206,206,206,150,56,0,1189,879,73.9,206,17.3,104,8.7,25,12.1,18,23,23,11.2,1,8.2,0,0,0.0,,0,
854casino.team,team,2026-09-11,2026-09-12,2,да,clean7_part1_50оформлено,clean,1,,оформлено,Theme1,casino_infix,9,1019,1,1,да,242,8,06-11,5,0,0,206,206,206,150,56,0,426,127,29.8,205,48.1,94,22.1,26,12.6,14,19,24,9.2,1.0,7.9,0,0,0.0,,0,
6465.team,team,2026-09-17,2026-09-18,2,да,content-2026-09-15-7str-oform-1_17,content-дата,1,7,оформлено,Theme1,numeric,4,111,3,3,нет,533,7,06-11,4,0,0,206,206,206,150,56,0,900,588,65.3,203,22.6,109,12.1,14,6.8,9,14,14,6.8,1.0,14.5,0,0,0.0,,0,
casino2049.lol,lol,2026-09-11,2026-09-12,2,да,NEW102оформленобездаты,NEW,1,,оформлено,Theme1,casino_prefix,10,971,1,1,да,135,16,12-17,5,0,0,206,206,206,150,56,0,934,429,45.9,202,21.6,303,32.4,14,6.8,6,6,10,2.9,1.0,14.4,0,0,0.0,,0,
awzt.team,team,2026-09-17,2026-09-18,2,да,nabory-581-590_2,nabory,1,,,Theme1,alpha_other,4,309,2,2,нет,584,2,00-05,4,206,0,206,206,206,150,56,0,1023,753,73.6,202,19.7,68,6.6,10,4.9,7,8,8,3.9,0.0,20.2,0,0,0.0,,0,
0409casino.casino,casino,2026-09-04,2026-09-05,2,да,NEW20_7pages_nodate_styled_img,NEW,1,7,styled_img,Theme1,casino_infix,10,1212,1,2,да,126,19,18-23,5,0,0,206,206,206,150,56,0,864,495,57.3,201,23.3,168,19.4,14,6.8,14,14,14,6.8,1.0,14.4,0,0,0.0,,0,
6808.team,team,2026-09-06,2026-09-07,2,да,NEW20_3_7pages_nodate_styled_img,NEW,1,7,styled_img,Theme1,numeric,4,544,1,1,да,249,18,18-23,7,0,206,206,206,206,150,56,0,644,256,39.8,201,31.2,187,29.0,22,10.7,17,19,19,9.2,1.0,9.1,0,0,0.0,,0,
1209k.casino,casino,2026-09-12,2026-09-13,2,да,script_yandex_12page,script,1,12,,Theme1,alpha_other,5,994,1,1,да,111,8,06-11,6,0,206,206,206,206,150,56,0,848,450,53.1,201,23.7,197,23.2,20,9.7,11,13,19,6.3,1.0,10.1,0,0,0.0,,0,
yjxb.lol,lol,2026-09-20,2026-09-21,2,нет,content-2026-09-17b-7str-oform_20,content-дата,1,7,оформлено,Theme1,alpha_other,4,1260,2,2,нет,316,12,12-17,7,0,206,206,0,206,150,56,0,556,322,57.9,201,36.2,33,5.9,15,7.3,,,,,0.0,13.4,0,0,0.0,,0,
byai.team,team,2026-08-27,2026-08-28,2,да,КОНТЕНТ НЕ ЗАПИСАН,не записан,1,,,Theme1,alpha_other,4,329,1,2,да,327,19,18-23,4,0,0,206,206,206,150,56,0,1129,735,65.1,200,17.7,194,17.2,17,8.3,14,17,17,8.3,1,11.8,0,0,0.0,,0,
0503.team,team,2026-09-17,2026-09-18,2,да,nabory-601-610_5,nabory,1,,,Theme1,numeric,4,336,2,2,нет,547,5,00-05,4,206,0,206,206,206,150,56,0,1584,1214,76.6,200,12.6,170,10.7,20,9.7,11,17,17,8.3,0,10.0,0,0,0.0,,0,
ubgh.lol,lol,2026-09-04,2026-09-05,2,да,nabory294303,nabory,1,,,Theme1,alpha_other,4,526,1,2,да,69,9,06-11,5,0,0,206,206,206,150,56,0,2324,1103,47.5,199,8.6,1022,44.0,12,5.8,10,11,11,5.3,0.5,16.6,0,0,0.0,,0,
4591.lol,lol,2026-09-13,2026-09-14,2,да,content-2026-09-12-7str-oform-3,content-дата,1,7,оформлено,Theme1,numeric,4,1082,1,1,да,521,12,12-17,7,0,206,206,206,206,150,56,0,802,496,61.8,198,24.7,108,13.5,25,12.1,16,18,25,8.7,1,7.9,0,0,0.0,,0,
9825.lol,lol,2026-09-16,2026-09-17,2,да,content-2026-09-15-7str-oform-2_41,content-дата,1,7,оформлено,Theme1,numeric,4,258,2,2,нет,637,15,12-17,3,0,0,206,206,206,150,56,0,891,618,69.4,198,22.2,75,8.4,29,14.1,26,29,29,14.1,1,6.8,0,0,0.0,,0,
1779.lol,lol,2026-09-17,2026-09-18,2,да,nabory-601-610_8,nabory,1,,,Theme1,numeric,4,337,2,2,нет,550,5,00-05,4,206,0,206,206,206,150,56,0,1881,1549,82.3,197,10.5,135,7.2,17,8.3,13,17,17,8.3,0,11.6,0,0,0.0,,0,
8504.lol,lol,2026-09-20,2026-09-21,2,нет,nabory-651-660_8,nabory,1,,,Theme1,numeric,4,1202,2,2,нет,280,1,00-05,7,206,206,206,0,206,150,56,0,1022,729,71.3,197,19.3,96,9.4,37,18.0,,,,,0.0,5.3,0,0,0.0,,0,
casino72.team,team,2026-09-16,2026-09-17,2,да,content-2026-09-14c-7str-oform-1_2,content-дата,1,7,оформлено,Theme1,casino_prefix,8,215,2,2,нет,771,9,06-11,3,0,0,206,206,206,150,56,0,972,719,74.0,196,20.2,57,5.9,27,13.1,24,26,27,12.6,0,7.3,0,0,0.0,,0,
f4zh.team,team,2026-08-25,2026-08-26,2,да,Generator_11page_NOimg_25.08,Generator,1,11,,Theme1,alpha_other,4,231,1,2,да,308,15,12-17,2,0,0,206,206,206,150,56,0,1690,917,54.3,195,11.5,578,34.2,12,5.8,9,10,12,4.9,1.0,16.2,0,0,0.0,,0,
0403.team,team,2026-09-03,2026-09-04,2,да,NEW50_3_7pages_nodate_styled,NEW,1,7,без оформления,Theme1,numeric,4,469,1,2,да,478,18,18-23,4,0,0,206,206,206,150,56,0,1068,602,56.4,195,18.3,271,25.4,11,5.3,9,9,10,4.4,1.0,17.7,0,0,0.0,,0,
casinoc7.team,team,2026-09-17,2026-09-18,2,да,content-2026-09-14b-7str-oform-2_1,content-дата,1,7,оформлено,Theme1,casino_prefix,8,380,2,2,нет,808,11,06-11,4,0,0,206,206,206,150,56,0,1522,1259,82.7,195,12.8,68,4.5,4,1.9,4,4,4,1.9,0.5,48.8,0,0,0.0,,0,
casino072.lol,lol,2026-09-07,2026-09-08,2,да,NEW20_4_7pages_nodate,NEW,1,7,без оформления,Theme1,casino_prefix,9,609,1,1,да,311,17,12-17,1,0,0,206,206,206,150,56,0,476,190,39.9,194,40.8,92,19.3,7,3.4,6,6,7,2.9,1,27.7,0,0,0.0,,0,
casino8189.lol,lol,2026-09-11,2026-09-12,2,да,clean7_part1_50оформлено,clean,1,,оформлено,Theme1,casino_prefix,10,1031,1,1,да,241,14,12-17,5,0,0,206,206,206,150,56,0,615,299,48.6,194,31.5,122,19.8,18,8.7,9,11,16,5.3,0.5,10.8,0,0,0.0,,0,
7925.team,team,2026-09-01,2026-09-02,2,да,NEW50_12pages_withdate_01.09,NEW,1,12,без оформления,Theme1,numeric,4,372,1,2,да,398,23,18-23,2,0,0,206,206,206,150,56,0,1691,967,57.2,193,11.4,531,31.4,40,19.4,31,36,36,17.5,1.0,4.8,0,0,0.0,,0,
9525casino.team,team,2026-09-10,2026-09-11,2,да,archive37строформленоv2часть3,archive,1,7,оформлено,Theme1,casino_infix,10,905,1,1,да,172,16,12-17,4,0,0,206,206,206,150,56,0,336,103,30.7,193,57.4,40,11.9,31,15.0,15,21,31,10.2,2,6.2,0,0,0.0,,0,
tiff.team,team,2026-09-12,2026-09-13,2,да,content-2026-09-12-7str-oform-1,content-дата,1,7,оформлено,Theme1,alpha_other,4,1052,1,1,да,569,14,12-17,6,0,206,206,206,206,150,56,0,1141,639,56.0,193,16.9,309,27.1,12,5.8,7,7,11,3.4,1,16.1,0,0,0.0,,0,
5420.team,team,2026-09-17,2026-09-18,2,да,content-2026-09-16-7str_24,content-дата,1,7,,Theme1,numeric,4,397,2,2,нет,773,13,12-17,4,0,0,206,206,206,150,56,0,1414,1173,83.0,193,13.6,48,3.4,37,18.0,21,36,37,17.5,1,5.2,0,0,0.0,,0,
jgd.lol,lol,2026-09-18,2026-09-18,1,да,content-2026-09-14b-7str-oform-1_32,content-дата,1,7,оформлено,Theme1,alpha_other,3,454,2,2,нет,740,1,00-05,5,150,0,150,150,150,150,0,0,1107,832,75.2,193,17.4,82,7.4,10,6.7,9,10,10,6.7,0.0,19.3,0,0,0.0,,0,
2328.team,team,2026-08-20,2026-08-21,2,да,КОНТЕНТ НЕ ЗАПИСАН,не записан,1,,,Theme1,numeric,4,138,1,2,да,132,21,18-23,4,0,0,202,202,202,150,52,0,1183,645,54.5,192,16.2,346,29.2,25,12.4,15,19,20,9.4,1,7.7,0,0,0.0,,0,
1009r.casino,casino,2026-09-10,2026-09-11,2,да,NEW102оформленобездаты,NEW,1,,оформлено,Theme1,alpha_other,5,920,1,1,да,79,23,18-23,4,0,0,206,206,206,150,56,0,781,322,41.2,191,24.5,268,34.3,32,15.5,24,27,31,13.1,1.0,6.0,0,0,0.0,,0,
9836.team,team,2026-09-15,2026-09-16,2,да,content-2026-09-14-7str-oform-9_11,content-дата,1,7,оформлено,Theme1,numeric,4,49,2,2,нет,630,5,00-05,2,206,0,206,206,206,150,56,0,872,565,64.8,191,21.9,116,13.3,39,18.9,21,34,36,16.5,1.0,4.9,0,0,0.0,,0,
0509kk.casino,casino,2026-09-05,2026-09-06,2,да,NEW21_12pages_nodate_styled_img,NEW,1,12,styled_img,Theme1,alpha_other,6,1265,1,2,да,136,17,12-17,6,0,206,206,206,206,150,56,0,1051,422,40.2,190,18.1,439,41.8,39,18.9,31,35,37,17.0,1.0,4.9,0,0,0.0,,0,
d8y5.lol,lol,2026-09-09,2026-09-10,2,да,archive47_unique119оформленочасть2,archive,1,,оформлено,Theme1,alpha_other,4,819,1,1,да,481,17,12-17,3,0,0,206,206,206,150,56,0,2346,1834,78.2,190,8.1,322,13.7,31,15.0,20,21,25,10.2,1,6.1,0,0,0.0,,0,
casinoi0.team,team,2026-09-16,2026-09-17,2,да,content-2026-09-14c-7str-oform-1_6,content-дата,1,7,оформлено,Theme1,casino_prefix,8,171,2,2,нет,770,2,00-05,3,206,0,206,206,206,150,56,0,652,402,61.7,190,29.1,60,9.2,40,19.4,32,36,36,17.5,0.0,4.8,0,0,0.0,,0,
1578.lol,lol,2026-09-18,2026-09-18,1,да,content-2026-09-17b-7str-oform_24,content-дата,1,7,оформлено,Theme1,numeric,4,491,2,2,нет,320,13,12-17,5,0,0,150,150,150,150,0,0,1769,1514,85.6,190,10.7,65,3.7,26,17.3,19,26,26,17.3,1.0,7.3,0,0,0.0,,0,
0108.team,team,2026-09-13,2026-09-14,2,да,nabory-495-499_styled_img,nabory,1,,styled_img,Theme1,numeric,4,1086,1,1,да,537,14,12-17,7,0,206,206,206,206,150,56,0,703,457,65.0,189,26.9,57,8.1,19,9.2,10,14,19,6.8,1,9.9,0,0,0.0,,0,
9090.team,team,2026-09-05,2026-09-06,2,да,NEW21_7pages_nodate_styled_img,NEW,1,7,styled_img,Theme1,numeric,4,1275,1,2,да,93,18,18-23,6,0,206,206,206,206,150,56,0,526,210,39.9,188,35.7,128,24.3,10,4.9,8,8,8,3.9,1.0,18.8,0,0,0.0,,0,
d7w5.lol,lol,2026-09-15,2026-09-16,2,да,content-2026-09-14-7str-oform-8_29,content-дата,1,7,оформлено,Theme1,alpha_other,4,56,2,2,нет,610,5,00-05,2,206,0,206,206,206,150,56,0,612,370,60.5,188,30.7,54,8.8,12,5.8,7,11,12,5.3,1.0,15.7,0,0,0.0,,0,
6839.lol,lol,2026-09-17,2026-09-18,2,да,content-2026-09-15-7str-oform-1_19,content-дата,1,7,оформлено,Theme1,numeric,4,339,2,2,нет,535,7,06-11,4,0,0,206,206,206,150,56,0,866,622,71.8,188,21.7,56,6.5,5,2.4,5,5,5,2.4,1,37.6,0,0,0.0,,0,
tfpc.lol,lol,2026-08-22,2026-08-23,2,да,КОНТЕНТ НЕ ЗАПИСАН,не записан,1,,,Theme1,alpha_other,4,188,1,2,да,199,20,18-23,6,0,206,206,206,206,150,56,0,3310,2382,72.0,187,5.6,741,22.4,18,8.7,13,17,17,8.3,1.0,10.4,0,0,0.0,,0,
casinocvq.team,team,2026-09-10,2026-09-11,2,да,archive37строформленоv2часть3,archive,1,7,оформлено,Theme1,casino_prefix,9,908,1,1,да,174,16,12-17,4,0,0,206,206,206,150,56,0,280,68,24.3,187,66.8,25,8.9,8,3.9,3,4,8,1.9,3.0,23.4,0,0,0.0,,0,
casino6206.team,team,2026-09-10,2026-09-11,2,да,archive47_unique119оформленочасть2,archive,1,,оформлено,Theme1,casino_prefix,10,843,1,1,да,51,20,18-23,3,0,0,206,206,206,150,56,0,541,155,28.7,186,34.4,200,37.0,15,7.3,10,11,15,5.3,1,12.4,0,0,0.0,,0,
0697.lol,lol,2026-09-08,2026-09-09,2,да,Content_script_12page_08.09,script,1,12,,Theme1,numeric,4,663,1,1,да,247,10,06-11,2,0,0,206,206,206,150,56,0,1082,688,63.6,184,17.0,210,19.4,20,9.7,14,15,18,7.3,1.0,9.2,0,0,0.0,,0,
5030.team,team,2026-09-10,2026-09-11,2,да,archive47_unique119оформленочасть2,archive,1,,оформлено,Theme1,numeric,4,821,1,1,да,22,19,18-23,3,0,0,206,206,206,150,56,0,391,98,25.1,184,47.1,109,27.9,15,7.3,10,10,12,4.9,1.0,12.3,0,0,0.0,,0,
ttbz.team,team,2026-09-15,2026-09-16,2,да,content-2026-09-14b-7str-oform-2_51,content-дата,1,7,оформлено,Theme1,alpha_other,4,82,2,2,нет,681,8,06-11,2,0,0,206,206,206,150,56,0,739,505,68.3,184,24.9,50,6.8,42,20.4,19,36,40,17.5,2.0,4.4,0,0,0.0,,0,
x2g8.lol,lol,2026-09-20,2026-09-21,2,нет,content-2026-09-19-12str_2,content-дата,1,12,,Theme1,alpha_other,4,1277,2,2,нет,886,18,18-23,7,0,206,206,0,206,150,56,0,1043,619,59.3,184,17.6,240,23.0,43,20.9,,,,,0,4.3,0,0,0.0,,0,
yqzcasino.team,team,2026-09-17,2026-09-18,2,да,content-2026-09-15-7str-oform-1_24,content-дата,1,7,оформлено,Theme1,casino_infix,9,349,2,2,нет,540,8,06-11,4,0,0,206,206,206,150,56,0,1170,853,72.9,183,15.6,134,11.5,13,6.3,11,13,13,6.3,1,14.1,0,0,0.0,,0,
7119.lol,lol,2026-09-02,2026-09-03,2,да,nabory284293,nabory,1,,,Theme1,numeric,4,413,1,2,да,464,21,18-23,3,0,0,206,206,206,150,56,0,1874,1061,56.6,182,9.7,631,33.7,20,9.7,17,18,18,8.7,1.0,9.1,0,0,0.0,,0,
7711.lol,lol,2026-09-20,2026-09-21,2,нет,nabory-651-660_1,nabory,1,,,Theme1,numeric,4,1199,2,2,нет,898,1,00-05,7,206,206,206,0,206,150,56,0,1685,1407,83.5,182,10.8,96,5.7,25,12.1,,,,,0,7.3,0,0,0.0,,0,
3349.lol,lol,2026-09-03,2026-09-04,2,да,NEW50_3_7pages_withdate_styled,NEW,1,7,без оформления,Theme1,numeric,4,480,1,2,да,23,18,18-23,4,0,0,206,206,206,150,56,0,1272,787,61.9,181,14.2,304,23.9,35,17.0,23,31,34,15.0,1,5.2,0,0,0.0,,0,
casino0509g.casino,casino,2026-09-04,2026-09-05,2,да,NEW20_7pages_withdate_styled_img,NEW,1,7,styled_img,Theme1,casino_prefix,11,1224,1,2,да,127,20,18-23,5,0,0,206,206,206,150,56,0,878,506,57.6,181,20.6,191,21.8,29,14.1,17,23,24,11.2,1,6.2,0,0,0.0,,0,
casinowuf.team,team,2026-09-07,2026-09-08,2,да,NEW20_4_7pages_nodate,NEW,1,7,без оформления,Theme1,casino_prefix,9,611,1,1,да,301,17,12-17,1,0,0,206,206,206,150,56,0,578,263,45.5,179,31.0,136,23.5,8,3.9,5,5,5,2.4,1,22.4,0,0,0.0,,0,
7529.lol,lol,2026-09-08,2026-09-09,2,да,archive37строформленоv2часть1,archive,1,7,оформлено,Theme1,numeric,4,746,1,1,да,362,15,12-17,2,0,0,206,206,206,150,56,0,900,517,57.4,179,19.9,204,22.7,23,11.2,18,18,19,8.7,1,7.8,0,0,0.0,,0,
1209hh.casino,casino,2026-09-12,2026-09-13,2,да,script_yandex_12page,script,1,12,,Theme1,alpha_other,6,993,1,1,да,84,8,06-11,6,0,206,206,206,206,150,56,0,992,538,54.2,179,18.0,275,27.7,29,14.1,15,19,26,9.2,1,6.2,0,0,0.0,,0,
z2u7.team,team,2026-09-03,2026-09-04,2,да,NEW50_3_12pages_nodate_styled,NEW,1,12,без оформления,Theme1,alpha_other,4,517,1,2,да,33,18,18-23,4,0,0,206,206,206,150,56,0,2004,1108,55.3,177,8.8,719,35.9,33,16.0,27,28,30,13.6,1,5.4,0,0,0.0,,0,
h1s.lol,lol,2026-09-17,2026-09-18,2,да,content-2026-09-16-7str_31,content-дата,1,7,,Theme1,alpha_other,3,415,2,2,нет,780,16,12-17,4,0,0,206,206,206,150,56,0,1325,1072,80.9,177,13.4,76,5.7,35,17.0,25,35,35,17.0,1,5.1,0,0,0.0,,0,
4705.lol,lol,2026-09-18,2026-09-18,1,да,content-2026-09-17-7str-oform-2_12,content-дата,1,7,оформлено,Theme1,numeric,4,517,2,2,нет,683,3,00-05,5,150,0,150,150,150,150,0,0,800,526,65.8,177,22.1,97,12.1,14,9.3,13,14,14,9.3,0.0,12.6,0,0,0.0,,0,
z1n9.team,team,2026-09-11,2026-09-12,2,да,nabory484486_styled_img,nabory,1,,styled_img,Theme1,alpha_other,4,1336,1,1,да,224,21,18-23,5,0,0,206,206,206,150,56,0,1361,634,46.6,176,12.9,551,40.5,24,11.7,19,21,24,10.2,1.0,7.3,0,0,0.0,,0,
casinoc8.team,team,2026-09-16,2026-09-17,2,да,content-2026-09-15-7str-oform-2_9,content-дата,1,7,оформлено,Theme1,casino_prefix,8,277,2,2,нет,605,21,18-23,3,0,0,206,206,206,150,56,0,872,655,75.1,176,20.2,41,4.7,23,11.2,13,23,23,11.2,1,7.7,0,0,0.0,,0,
6433.team,team,2026-09-07,2026-09-08,2,да,NEW20_7pages_nodate_оформлено,NEW,1,7,оформлено,Theme1,numeric,4,627,1,1,да,298,19,18-23,1,0,0,206,206,206,150,56,0,834,472,56.6,175,21.0,187,22.4,16,7.8,14,14,14,6.8,1.0,10.9,0,0,0.0,,0,
8848.lol,lol,2026-09-13,2026-09-14,2,да,content-2026-09-12-7str-oform-3,content-дата,1,7,оформлено,Theme1,numeric,4,1092,1,1,да,524,15,12-17,7,0,206,206,206,206,150,56,0,861,572,66.4,175,20.3,114,13.2,13,6.3,10,12,13,5.8,1,13.5,0,0,0.0,,0,
ykvm.team,team,2026-09-14,2026-09-15,2,да,content-2026-09-14-12str-oform_10,content-дата,1,12,оформлено,Theme1,alpha_other,4,1162,1,1,да,626,20,18-23,1,0,0,206,206,206,150,56,0,1403,1015,72.3,175,12.5,213,15.2,30,14.6,19,26,30,12.6,1.0,5.8,0,0,0.0,,0,
6134.lol,lol,2026-09-09,2026-09-10,2,да,archive47_unique119оформленочасть1,archive,1,,оформлено,Theme1,numeric,4,863,1,1,да,475,21,18-23,3,0,0,206,206,206,150,56,0,2503,2023,80.8,173,6.9,307,12.3,30,14.6,15,18,24,8.7,1.5,5.8,0,0,0.0,,0,
9341.lol,lol,2026-09-14,2026-09-15,2,да,content-2026-09-14-7str-oform-8_33,content-дата,1,7,оформлено,Theme1,numeric,4,1175,1,1,да,579,23,18-23,1,0,0,206,206,206,150,56,0,676,402,59.5,173,25.6,101,14.9,22,10.7,10,16,22,7.8,2.0,7.9,0,0,0.0,,0,
135casino.buzz,buzz,2026-09-08,2026-09-09,2,да,archive37строформленоv2часть2,archive,1,7,оформлено,Theme1,casino_infix,9,676,1,1,да,375,14,12-17,2,0,0,206,206,206,150,56,0,596,346,58.1,172,28.9,78,13.1,6,2.9,4,5,5,2.4,1.0,28.7,0,0,0.0,,0,
7415.lol,lol,2026-09-08,2026-09-09,2,да,archive37строформленоv2часть1,archive,1,7,оформлено,Theme1,numeric,4,749,1,1,да,379,19,18-23,2,0,0,206,206,206,150,56,0,555,278,50.1,172,31.0,105,18.9,8,3.9,3,4,4,1.9,5.5,21.5,0,0,0.0,,0,
7283.lol,lol,2026-09-10,2026-09-11,2,да,archive37строформленоv2часть3,archive,1,7,оформлено,Theme1,numeric,4,893,1,1,да,4,11,06-11,4,0,0,206,206,206,150,56,0,644,297,46.1,172,26.7,175,27.2,25,12.1,18,18,22,8.7,1.0,6.9,0,0,0.0,,0,
4248.team,team,2026-09-21,2026-09-21,1,нет,content-2026-09-14b-7str-oform-1_21,content-дата,1,7,оформлено,Theme1,numeric,4,1253,2,2,нет,532,1,00-05,1,150,0,150,0,150,150,0,0,835,597,71.5,172,20.6,66,7.9,31,20.7,,,,,0,5.5,0,0,0.0,,0,
casinogh.lol,lol,2026-09-04,2026-09-05,2,да,КОНТЕНТ НЕ ЗАПИСАН,не записан,1,,,Theme1,casino_prefix,8,737,1,2,да,106,15,12-17,5,0,0,206,206,206,150,56,0,1930,1197,62.0,171,8.9,562,29.1,16,7.8,11,11,12,5.3,1.0,10.7,0,0,0.0,,0,
casino0509s.casino,casino,2026-09-05,2026-09-06,2,да,NEW21_7pages_withdate_styled_img,NEW,1,7,styled_img,Theme1,casino_prefix,11,1278,1,2,да,128,18,18-23,6,0,206,206,206,206,150,56,0,526,191,36.3,171,32.5,164,31.2,25,12.1,20,20,21,9.7,1,6.8,0,0,0.0,,0,
yciu.lol,lol,2026-09-17,2026-09-18,2,да,content-2026-09-16-7str_42,content-дата,1,7,,Theme1,alpha_other,4,428,2,2,нет,791,21,18-23,4,0,0,206,206,206,150,56,0,907,648,71.4,171,18.9,88,9.7,27,13.1,20,26,27,12.6,1,6.3,0,0,0.0,,0,
rvcn.team,team,2026-08-20,2026-08-21,2,да,КОНТЕНТ НЕ ЗАПИСАН,не записан,1,,,Theme1,alpha_other,4,18,2,3,нет,126,22,18-23,4,0,0,203,203,203,150,53,0,1749,880,50.3,170,9.7,699,40.0,31,15.3,17,26,30,12.8,1,5.5,0,0,0.0,,0,
izlx.lol,lol,2026-09-03,2026-09-04,2,да,КОНТЕНТ НЕ ЗАПИСАН,не записан,1,,,Theme1,alpha_other,4,431,1,2,да,443,0,00-05,4,206,0,206,206,206,150,56,0,2677,1974,73.7,170,6.4,533,19.9,29,14.1,22,23,23,11.2,0.0,5.9,0,0,0.0,,0,
6775casino.team,team,2026-09-15,2026-09-16,2,да,content-2026-09-14-7str-oform-9_22,content-дата,1,7,оформлено,Theme1,casino_infix,10,43,2,2,нет,641,4,00-05,2,206,0,206,206,206,150,56,0,520,316,60.8,170,32.7,34,6.5,19,9.2,11,16,19,7.8,1,8.9,0,0,0.0,,0,
dqdv.team,team,2026-09-07,2026-09-08,2,да,NEW20_4_7pages_nodate,NEW,1,7,без оформления,Theme1,alpha_other,4,612,1,1,да,303,18,18-23,1,0,0,206,206,206,150,56,0,868,494,56.9,169,19.5,205,23.6,27,13.1,15,17,18,8.3,1.0,6.3,0,0,0.0,,0,
1373.lol,lol,2026-09-12,2026-09-13,2,да,content-2026-09-12-7str-oform-1,content-дата,1,7,оформлено,Theme1,numeric,4,1353,1,1,да,261,15,12-17,6,0,206,206,206,206,150,56,0,1323,550,41.6,168,12.7,605,45.7,18,8.7,4,6,18,2.9,4.0,9.3,0,0,0.0,,0,
i6w9.casino,casino,2026-09-11,2026-09-12,2,да,NEW102оформленобездаты,NEW,1,,оформлено,Theme1,alpha_other,4,979,1,1,да,113,17,12-17,5,0,0,206,206,206,150,56,0,946,477,50.4,167,17.7,302,31.9,22,10.7,14,16,20,7.8,1.0,7.6,0,0,0.0,,0,
8975.team,team,2026-09-11,2026-09-12,2,да,clean7_part1_50оформлено,clean,1,,оформлено,Theme1,numeric,4,1021,1,1,да,208,8,06-11,5,0,0,206,206,206,150,56,0,827,435,52.6,167,20.2,225,27.2,28,13.6,17,21,28,10.2,0.5,6.0,0,0,0.0,,0,
casinohy.team,team,2026-09-16,2026-09-17,2,да,content-2026-09-15-7str-oform-2_39,content-дата,1,7,оформлено,Theme1,casino_prefix,8,259,2,2,нет,635,16,12-17,3,0,0,206,206,206,150,56,0,525,285,54.3,167,31.8,73,13.9,12,5.8,8,8,10,3.9,1.0,13.9,0,0,0.0,,0,
btum.team,team,2026-09-18,2026-09-18,1,да,content-2026-09-17-7str-oform-2_46,content-дата,1,7,оформлено,Theme1,alpha_other,4,498,2,2,нет,717,14,12-17,5,0,0,150,150,150,150,0,0,994,656,66.0,167,16.8,171,17.2,30,20.0,28,30,30,20.0,1.0,5.6,0,0,0.0,,0,
2669.lol,lol,2026-09-18,2026-09-18,1,да,content-2026-09-17-7str-oform-2_44,content-дата,1,7,оформлено,Theme1,numeric,4,467,2,2,нет,715,2,00-05,5,150,0,150,150,150,150,0,0,893,653,73.1,167,18.7,73,8.2,23,15.3,23,23,23,15.3,0,7.3,0,0,0.0,,0,
0858.lol,lol,2026-09-18,2026-09-18,1,да,content-2026-09-17b-7str-oform_15,content-дата,1,7,оформлено,Theme1,numeric,4,489,2,2,нет,311,13,12-17,5,0,0,150,150,150,150,0,0,1393,1170,84.0,167,12.0,56,4.0,4,2.7,3,4,4,2.7,0.5,41.8,0,0,0.0,,0,
52casino.team,team,2026-09-21,2026-09-21,1,нет,content-2026-09-14b-7str-oform-1_28,content-дата,1,7,оформлено,Theme1,casino_infix,8,1267,2,2,нет,669,2,00-05,1,150,0,150,0,150,150,0,0,628,401,63.9,167,26.6,60,9.6,19,12.7,,,,,0,8.8,0,0,0.0,,0,
u2b7.team,team,2026-09-07,2026-09-08,2,да,NEW20_7pages_withdate_оформлено,NEW,1,7,оформлено,Theme1,alpha_other,4,636,1,1,да,313,20,18-23,1,0,0,206,206,206,150,56,0,841,504,59.9,166,19.7,171,20.3,9,4.4,8,8,8,3.9,1,18.4,0,0,0.0,,0,
2279.team,team,2026-09-10,2026-09-11,2,да,КОНТЕНТ НЕ ЗАПИСАН,не записан,1,,,Theme1,numeric,4,809,1,1,да,31,19,18-23,3,0,0,206,206,206,150,56,0,496,197,39.7,166,33.5,133,26.8,21,10.2,19,20,21,9.7,1,7.9,0,0,0.0,,0,
rxdu.lol,lol,2026-09-18,2026-09-18,1,да,nabory-621-630_1,nabory,1,,,Theme1,alpha_other,4,505,2,2,нет,287,15,12-17,5,0,0,150,150,150,150,0,0,987,733,74.3,165,16.7,89,9.0,25,16.7,19,25,25,16.7,1,6.6,0,0,0.0,,0,
xlod.team,team,2026-09-10,2026-09-11,2,да,archive37строформленоv2часть1,archive,1,7,оформлено,Theme1,alpha_other,4,901,1,1,да,162,14,12-17,4,0,0,206,206,206,150,56,0,974,520,53.4,164,16.8,290,29.8,34,16.5,26,28,32,13.6,1,4.8,0,0,0.0,,0,
7410.team,team,2026-09-12,2026-09-13,2,да,content-2026-09-12-7str-oform-2,content-дата,1,7,оформлено,Theme1,numeric,4,1370,1,1,да,500,16,12-17,6,0,206,206,206,206,150,56,0,978,524,53.6,163,16.7,291,29.8,18,8.7,6,8,16,3.9,4,9.1,0,0,0.0,,0,
eozw.lol,lol,2026-09-20,2026-09-21,2,нет,content-2026-09-17-7str-oform-1_46,content-дата,1,7,оформлено,Theme1,alpha_other,4,1283,2,2,нет,876,23,18-23,7,0,206,206,0,206,150,56,0,524,313,59.7,163,31.1,48,9.2,19,9.2,,,,,1,8.6,0,0,0.0,,0,
6204.team,team,2026-08-19,2026-08-20,2,да,КОНТЕНТ НЕ ЗАПИСАН,не записан,1,,,Theme1,numeric,4,50,1,2,да,79,17,12-17,3,0,0,184,184,184,150,34,0,2165,1445,66.7,162,7.5,558,25.8,21,11.4,18,19,19,10.3,1,7.7,0,0,0.0,,0,
4797.lol,lol,2026-09-11,2026-09-12,2,да,clean7_part1_50оформлено,clean,1,,оформлено,Theme1,numeric,4,1010,1,1,да,247,3,00-05,5,206,0,206,206,206,150,56,0,1001,604,60.3,162,16.2,235,23.5,19,9.2,11,14,18,6.8,1.0,8.5,0,0,0.0,,0,
kura.team,team,2026-09-11,2026-09-12,2,да,nabory484486_styled_img,nabory,1,,styled_img,Theme1,alpha_other,4,1335,1,1,да,250,21,18-23,5,0,0,206,206,206,150,56,0,1057,516,48.8,162,15.3,379,35.9,27,13.1,16,17,26,8.3,1,6.0,0,0,0.0,,0,
o0n4.lol,lol,2026-09-12,2026-09-13,2,да,content-2026-09-12-7str-oform-1,content-дата,1,7,оформлено,Theme1,alpha_other,4,1058,1,1,да,254,22,18-23,6,0,206,206,206,206,150,56,0,588,292,49.7,161,27.4,135,23.0,15,7.3,11,12,15,5.8,1,10.7,0,0,0.0,,0,
f9pb.team,team,2026-08-27,2026-08-28,2,да,КОНТЕНТ НЕ ЗАПИСАН,не записан,1,,,Theme1,alpha_other,4,334,1,2,да,355,19,18-23,4,0,0,206,206,206,150,56,0,1396,835,59.8,160,11.5,401,28.7,24,11.7,21,24,24,11.7,1.0,6.7,0,0,0.0,,0,
5335.lol,lol,2026-09-03,2026-09-04,2,да,NEW50_3_12pages_nodate_styled,NEW,1,12,без оформления,Theme1,numeric,4,489,1,2,да,39,19,18-23,4,0,0,206,206,206,150,56,0,1799,1108,61.6,160,8.9,531,29.5,23,11.2,14,20,20,9.7,1,7.0,0,0,0.0,,0,
1697casino.lol,lol,2026-09-17,2026-09-18,2,да,content-2026-09-15-7str-oform-1_29,content-дата,1,7,оформлено,Theme1,casino_infix,10,317,2,2,нет,555,3,00-05,4,206,0,206,206,206,150,56,0,1268,1026,80.9,159,12.5,83,6.5,15,7.3,11,15,15,7.3,1,10.6,0,0,0.0,,0,
casino0752.team,team,2026-09-18,2026-09-18,1,да,nabory-611-620_3,nabory,1,,,Theme1,casino_prefix,10,451,2,2,нет,730,1,00-05,5,150,0,150,150,150,150,0,0,541,307,56.7,159,29.4,75,13.9,6,4.0,6,6,6,4.0,0.0,26.5,0,0,0.0,,0,
rmpd.buzz,buzz,2026-09-08,2026-09-09,2,да,archive37строформленоv2часть3,archive,1,7,оформлено,Theme1,alpha_other,4,777,1,1,да,439,21,18-23,2,0,0,206,206,206,150,56,0,684,366,53.5,158,23.1,160,23.4,9,4.4,6,8,8,3.9,1,17.6,0,0,0.0,,0,
casinoqqo.team,team,2026-09-13,2026-09-14,2,да,content-2026-09-12-7str-oform-3,content-дата,1,7,оформлено,Theme1,casino_prefix,9,1100,1,1,да,516,16,12-17,7,0,206,206,206,206,150,56,0,348,141,40.5,158,45.4,49,14.1,10,4.9,5,7,10,3.4,2.0,15.8,0,0,0.0,,0,
casino63.team,team,2026-09-15,2026-09-16,2,да,content-2026-09-14-7str-oform-9_26,content-дата,1,7,оформлено,Theme1,casino_prefix,8,53,2,2,нет,650,5,00-05,2,206,0,206,206,206,150,56,0,566,356,62.9,158,27.9,52,9.2,25,12.1,13,24,25,11.7,1,6.3,0,0,0.0,,0,
m3e.lol,lol,2026-09-15,2026-09-16,2,да,content-2026-09-14-7str-oform-8_25,content-дата,1,7,оформлено,Theme1,alpha_other,3,59,2,2,нет,574,5,00-05,2,206,0,206,206,206,150,56,0,617,410,66.5,158,25.6,49,7.9,25,12.1,13,21,23,10.2,1,6.3,0,0,0.0,,0,
k3b5.team,team,2026-09-15,2026-09-16,2,да,content-2026-09-14b-7str-oform-2_34,content-дата,1,7,оформлено,Theme1,alpha_other,4,77,2,2,нет,652,8,06-11,2,0,0,206,206,206,150,56,0,773,536,69.3,158,20.4,79,10.2,30,14.6,16,25,27,12.1,1,5.3,0,0,0.0,,0,
casinowm.lol,lol,2026-09-11,2026-09-12,2,да,clean7_part1_50оформлено,clean,1,,оформлено,Theme1,casino_prefix,8,1036,1,1,да,269,9,06-11,5,0,0,206,206,206,150,56,0,841,439,52.2,157,18.7,245,29.1,36,17.5,24,26,33,12.6,0.0,4.4,0,0,0.0,,0,
0305.lol,lol,2026-09-16,2026-09-17,2,да,content-2026-09-15-7str-oform-1_49,content-дата,1,7,оформлено,Theme1,numeric,4,266,2,2,нет,595,17,12-17,3,0,0,206,206,206,150,56,0,1047,767,73.3,157,15.0,123,11.7,20,9.7,15,18,19,8.7,1,7.8,0,0,0.0,,0,
fjnv.team,team,2026-08-20,2026-08-21,2,да,КОНТЕНТ НЕ ЗАПИСАН,не записан,1,,,Theme1,alpha_other,4,142,1,2,да,116,22,18-23,4,0,0,206,206,206,150,56,0,1606,1009,62.8,156,9.7,441,27.5,18,8.7,15,17,17,8.3,1.0,8.7,0,0,0.0,,0,
9859casino.team,team,2026-09-06,2026-09-07,2,да,struktura8x7,прочее,1,,,Theme1,casino_infix,10,1317,1,1,да,258,18,18-23,7,0,206,206,206,206,150,56,0,741,442,59.6,156,21.1,143,19.3,17,8.3,14,16,16,7.8,1,9.2,0,0,0.0,,0,
8508.team,team,2026-09-07,2026-09-08,2,да,NEW20_7pages_withdate_оформлено,NEW,1,7,оформлено,Theme1,numeric,4,629,1,1,да,305,19,18-23,1,0,0,206,206,206,150,56,0,723,381,52.7,156,21.6,186,25.7,37,18.0,26,30,31,14.6,1,4.2,0,0,0.0,,0,
0190.team,team,2026-09-03,2026-09-04,2,да,NEW50_3_7pages_withdate_styled,NEW,1,7,без оформления,Theme1,numeric,4,468,1,2,да,32,18,18-23,4,0,0,206,206,206,150,56,0,2026,1110,54.8,155,7.7,761,37.6,39,18.9,28,34,34,16.5,1,4.0,0,0,0.0,,0,
7790.team,team,2026-09-15,2026-09-16,2,да,content-2026-09-14-7str-oform-9_28,content-дата,1,7,оформлено,Theme1,numeric,4,48,2,2,нет,685,4,00-05,2,206,0,206,206,206,150,56,0,676,456,67.5,155,22.9,65,9.6,30,14.6,22,30,30,14.6,1.0,5.2,0,0,0.0,,0,
0196.team,team,2026-09-17,2026-09-18,2,да,nabory-591-600_1,nabory,1,,,Theme1,numeric,4,315,2,2,нет,563,3,00-05,4,206,0,206,206,206,150,56,0,1242,966,77.8,155,12.5,121,9.7,28,13.6,17,24,24,11.7,1.0,5.5,0,0,0.0,,0,
858casino.buzz,buzz,2026-09-08,2026-09-09,2,да,archive37строформленоv2часть3,archive,1,7,оформлено,Theme1,casino_infix,9,774,1,1,да,454,21,18-23,2,0,0,206,206,206,150,56,0,841,291,34.6,154,18.3,396,47.1,15,7.3,8,13,14,6.3,1,10.3,0,0,0.0,,0,
y4s.lol,lol,2026-09-08,2026-09-09,2,да,archive37строформленоv2часть3,archive,1,7,оформлено,Theme1,alpha_other,3,767,1,1,да,448,20,18-23,2,0,0,206,206,206,150,56,0,839,500,59.6,152,18.1,187,22.3,21,10.2,11,12,12,5.8,1,7.2,0,0,0.0,,0,
7817.team,team,2026-09-17,2026-09-18,2,да,content-2026-09-16-7str_28,content-дата,1,7,,Theme1,numeric,4,403,2,2,нет,777,14,12-17,4,0,0,206,206,206,150,56,0,1269,1072,84.5,151,11.9,46,3.6,32,15.5,23,32,32,15.5,1.0,4.7,0,0,0.0,,0,
casino160.lol,lol,2026-09-14,2026-09-15,2,да,content-2026-09-14-7str-oform-8_42,content-дата,1,7,оформлено,Theme1,casino_prefix,9,1176,1,1,да,621,23,18-23,1,0,0,206,206,206,150,56,0,778,500,64.3,150,19.3,128,16.5,27,13.1,10,25,27,12.1,2,5.6,0,0,0.0,,0,
lkcasino.lol,lol,2026-09-17,2026-09-18,2,да,content-2026-09-16-7str_13,content-дата,1,7,,Theme1,casino_infix,8,417,2,2,нет,762,17,12-17,4,0,0,206,206,206,150,56,0,480,289,60.2,150,31.2,41,8.5,8,3.9,7,8,8,3.9,1.0,18.8,0,0,0.0,,0,
1908xc.buzz,buzz,2026-08-19,2026-08-20,2,да,КОНТЕНТ НЕ ЗАПИСАН,не записан,1,,,Theme1,alpha_other,6,45,1,2,да,99,17,12-17,3,0,0,184,184,184,150,34,0,1540,832,54.0,149,9.7,559,36.3,16,8.7,14,15,15,8.2,1.0,9.3,0,0,0.0,,0,
1916.team,team,2026-09-17,2026-09-18,2,да,nabory-591-600_6,nabory,1,,,Theme1,numeric,4,330,2,2,нет,568,3,00-05,4,206,0,206,206,206,150,56,0,1530,1186,77.5,149,9.7,195,12.7,14,6.8,10,13,13,6.3,0,10.6,0,0,0.0,,0,
1276.team,team,2026-09-04,2026-09-05,2,да,Generator_346353_styled_img,Generator,1,,styled_img,Theme1,numeric,4,1195,1,2,да,218,17,12-17,5,0,0,206,206,206,150,56,0,1490,972,65.2,147,9.9,371,24.9,27,13.1,15,16,20,7.8,1,5.4,0,0,0.0,,0,
2032.lol,lol,2026-09-20,2026-09-21,2,нет,content-2026-09-17-7str-oform-1_38,content-дата,1,7,оформлено,Theme1,numeric,4,1226,2,2,нет,868,13,12-17,7,0,206,206,0,206,150,56,0,711,477,67.1,147,20.7,87,12.2,39,18.9,,,,,0,3.8,0,0,0.0,,0,
9147.team,team,2026-09-10,2026-09-11,2,да,nabory464466,nabory,1,,,Theme1,numeric,4,879,1,1,да,56,20,18-23,3,0,0,206,206,206,150,56,0,725,264,36.4,146,20.1,315,43.4,13,6.3,11,11,12,5.3,1.0,11.2,0,0,0.0,,0,
4954.team,team,2026-09-15,2026-09-16,2,да,content-2026-09-14b-7str-oform-2_27,content-дата,1,7,оформлено,Theme1,numeric,4,100,2,2,нет,745,11,06-11,2,0,0,206,206,206,150,56,0,755,470,62.3,145,19.2,140,18.5,32,15.5,22,29,31,14.1,1,4.5,0,0,0.0,,0,
jrcg.team,team,2026-09-06,2026-09-07,2,да,Generator_392396_styled_img,Generator,1,,styled_img,Theme1,alpha_other,4,1290,1,2,да,176,9,06-11,7,0,206,206,206,206,150,56,0,1079,607,56.3,144,13.3,328,30.4,20,9.7,14,16,16,7.8,0.0,7.2,0,0,0.0,,0,
7827.team,team,2026-09-06,2026-09-07,2,да,nabory411420_styled_img,nabory,1,,styled_img,Theme1,numeric,4,553,1,1,да,276,20,18-23,7,0,206,206,206,206,150,56,0,1127,600,53.2,144,12.8,383,34.0,18,8.7,16,18,18,8.7,1.0,8.0,0,0,0.0,,0,
1038.team,team,2026-09-10,2026-09-11,2,да,archive47_unique119оформленочасть1,archive,1,,оформлено,Theme1,numeric,4,871,1,1,да,58,20,18-23,3,0,0,206,206,206,150,56,0,424,139,32.8,144,34.0,141,33.3,14,6.8,5,6,12,2.9,5,10.3,0,0,0.0,,0,
0574.team,team,2026-09-12,2026-09-13,2,да,content-2026-09-12-7str-oform-1,content-дата,1,7,оформлено,Theme1,numeric,4,1343,1,1,да,195,13,12-17,6,0,206,206,206,206,150,56,0,721,360,49.9,144,20.0,217,30.1,27,13.1,16,17,26,8.3,1,5.3,0,0,0.0,,0,
615casino.team,team,2026-09-12,2026-09-13,2,да,content-2026-09-12-7str-oform-2,content-дата,1,7,оформлено,Theme1,casino_infix,9,1367,1,1,да,217,16,12-17,6,0,206,206,206,206,150,56,0,541,312,57.7,144,26.6,85,15.7,23,11.2,10,13,23,6.3,2,6.3,0,0,0.0,,0,
v9g.lol,lol,2026-09-03,2026-09-04,2,да,NEW50_3_7pages_nodate_styled,NEW,1,7,без оформления,Theme1,alpha_other,3,514,1,2,да,6,21,18-23,4,0,0,206,206,206,150,56,0,1666,1056,63.4,143,8.6,467,28.0,20,9.7,14,17,18,8.3,1.0,7.2,0,0,0.0,,0,
1186.lol,lol,2026-09-17,2026-09-18,2,да,nabory-611-620_6,nabory,1,,,Theme1,numeric,4,432,2,2,нет,733,21,18-23,4,0,0,206,206,206,150,56,0,1083,801,74.0,143,13.2,139,12.8,25,12.1,18,25,25,12.1,1,5.7,0,0,0.0,,0,
w5mq.lol,lol,2026-08-22,2026-08-23,2,да,КОНТЕНТ НЕ ЗАПИСАН,не записан,1,,,Theme1,alpha_other,4,197,1,2,да,204,21,18-23,6,0,206,206,206,206,150,56,0,2703,2000,74.0,142,5.3,561,20.8,32,15.5,23,27,27,13.1,1.0,4.4,0,0,0.0,,0,
qlhc.lol,lol,2026-09-15,2026-09-16,2,да,content-2026-09-14c-7str-oform-2_28,content-дата,1,7,оформлено,Theme1,alpha_other,4,10,3,3,нет,812,16,12-17,2,0,0,206,206,206,150,56,0,1362,941,69.1,142,10.4,279,20.5,21,10.2,14,20,20,9.7,1.0,6.8,0,0,0.0,,0,
casinosdc.team,team,2026-09-10,2026-09-11,2,да,КОНТЕНТ НЕ ЗАПИСАН,не записан,1,,,Theme1,casino_prefix,9,804,1,1,да,43,19,18-23,3,0,0,206,206,206,150,56,0,357,124,34.7,141,39.5,92,25.8,11,5.3,9,9,11,4.4,1,12.8,0,0,0.0,,0,
5740.team,team,2026-09-12,2026-09-13,2,да,content-2026-09-12-7str-oform-2,content-дата,1,7,оформлено,Theme1,numeric,4,1366,1,1,да,509,16,12-17,6,0,206,206,206,206,150,56,0,991,553,55.8,141,14.2,297,30.0,20,9.7,9,11,19,5.3,2.5,7.0,0,0,0.0,,0,
czfe.lol,lol,2026-09-18,2026-09-18,1,да,content-2026-09-17b-7str-oform_1,content-дата,1,7,оформлено,Theme1,alpha_other,4,500,2,2,нет,297,14,12-17,5,0,0,150,150,150,150,0,0,832,655,78.7,141,16.9,36,4.3,31,20.7,27,31,31,20.7,1,4.5,0,0,0.0,,0,
7119.team,team,2026-09-03,2026-09-04,2,да,NEW50_3_7pages_nodate_styled,NEW,1,7,без оформления,Theme1,numeric,4,498,1,2,да,11,20,18-23,4,0,0,206,206,206,150,56,0,1312,832,63.4,140,10.7,340,25.9,25,12.1,15,20,21,9.7,1,5.6,0,0,0.0,,0,
7740.team,team,2026-09-10,2026-09-11,2,да,archive47_unique119оформленочасть2,archive,1,,оформлено,Theme1,numeric,4,825,1,1,да,20,19,18-23,3,0,0,206,206,206,150,56,0,300,87,29.0,140,46.7,73,24.3,7,3.4,3,3,6,1.5,4.0,20.0,0,0,0.0,,0,
6524.lol,lol,2026-09-11,2026-09-12,2,да,NEW102оформленобездаты,NEW,1,,оформлено,Theme1,numeric,4,968,1,1,да,9,14,12-17,5,0,0,206,206,206,150,56,0,1224,652,53.3,140,11.4,432,35.3,21,10.2,7,11,20,5.3,3.0,6.7,0,0,0.0,,0,
g5pb.team,team,2026-08-20,2026-08-21,2,да,КОНТЕНТ НЕ ЗАПИСАН,не записан,1,,,Theme2,alpha_other,4,128,1,2,да,153,21,18-23,4,0,0,204,204,204,150,54,0,1229,821,66.8,139,11.3,269,21.9,11,5.4,10,10,11,4.9,1,12.6,0,0,0.0,,0,
x284.site,site,2026-08-21,2026-08-22,2,да,КОНТЕНТ НЕ ЗАПИСАН,не записан,1,,,Theme1,alpha_other,4,177,1,2,да,207,22,18-23,5,0,0,206,206,206,150,56,0,1417,959,67.7,139,9.8,319,22.5,14,6.8,9,10,13,4.9,1.0,9.9,0,0,0.0,,0,
3318.team,team,2026-09-15,2026-09-16,2,да,nabory-525-534_styled_img_2,nabory,1,,styled_img,Theme1,numeric,4,87,2,2,нет,816,9,06-11,2,0,0,206,206,206,150,56,0,1076,782,72.7,139,12.9,155,14.4,28,13.6,11,22,24,10.7,2.0,5.0,0,0,0.0,,0,
qpbcasino.lol,lol,2026-09-09,2026-09-10,2,да,archive47_unique119оформленочасть1,archive,1,,оформлено,Theme1,casino_infix,9,869,1,1,да,476,21,18-23,3,0,0,206,206,206,150,56,0,1684,1381,82.0,138,8.2,165,9.8,35,17.0,12,26,30,12.6,2,3.9,0,0,0.0,,0,
94casino.lol,lol,2026-09-10,2026-09-11,2,да,archive37строформленоv2часть3,archive,1,7,оформлено,Theme1,casino_infix,8,894,1,1,да,13,11,06-11,4,0,0,206,206,206,150,56,0,696,337,48.4,138,19.8,221,31.8,32,15.5,11,18,29,8.7,2.0,4.3,0,0,0.0,,0,
h8v.team,team,2026-09-12,2026-09-13,2,да,content-2026-09-12-7str-oform-2,content-дата,1,7,оформлено,Theme1,alpha_other,3,1380,1,1,да,197,17,12-17,6,0,206,206,206,206,150,56,0,801,458,57.2,138,17.2,205,25.6,29,14.1,15,17,29,8.3,1,4.8,0,0,0.0,,0,
7190.team,team,2026-09-05,2026-09-06,2,да,trikomplektaB,прочее,1,,,Theme1,numeric,4,1254,1,2,да,180,12,12-17,6,0,206,206,206,206,150,56,0,644,290,45.0,137,21.3,217,33.7,21,10.2,20,20,20,9.7,0,6.5,0,0,0.0,,0,
8489.lol,lol,2026-09-09,2026-09-10,2,да,archive47_unique119оформленочасть1,archive,1,,оформлено,Theme1,numeric,4,875,1,1,да,8,16,12-17,3,0,0,206,206,206,150,56,0,2616,2214,84.6,137,5.2,265,10.1,35,17.0,18,20,28,9.7,1.0,3.9,0,0,0.0,,0,
nywv.lol,lol,2026-09-16,2026-09-17,2,да,content-2026-09-15-7str-oform-2_18,content-дата,1,7,оформлено,Theme1,alpha_other,4,294,2,2,нет,614,22,18-23,3,0,0,206,206,206,150,56,0,1425,1168,82.0,137,9.6,120,8.4,19,9.2,16,19,19,9.2,1,7.2,0,0,0.0,,0,
nnjcasino.lol,lol,2026-09-20,2026-09-21,2,нет,nabory-631-640_3,nabory,1,,,Theme1,casino_infix,9,1214,2,2,нет,340,4,00-05,7,206,206,206,0,206,150,56,0,534,325,60.9,137,25.7,72,13.5,19,9.2,,,,,0.0,7.2,0,0,0.0,,0,
d9mq.team,team,2026-08-19,2026-08-20,2,да,КОНТЕНТ НЕ ЗАПИСАН,не записан,1,,,Theme2,alpha_other,4,76,1,2,да,82,23,18-23,3,0,0,198,198,198,150,48,0,1732,1067,61.6,136,7.9,529,30.5,27,13.6,20,25,27,12.6,1,5.0,0,0,0.0,,0,
5472.lol,lol,2026-09-03,2026-09-04,2,да,КОНТЕНТ НЕ ЗАПИСАН,не записан,1,,,Theme1,numeric,4,443,1,2,да,420,2,00-05,4,206,0,206,206,206,150,56,0,1749,1219,69.7,136,7.8,394,22.5,32,15.5,25,25,27,12.1,0,4.2,0,0,0.0,,0,
6294.lol,lol,2026-09-06,2026-09-07,2,да,nabory400410_styled_img,nabory,1,,styled_img,Theme1,numeric,4,1308,1,2,да,162,17,12-17,7,0,206,206,206,206,150,56,0,1132,595,52.6,136,12.0,401,35.4,25,12.1,19,19,20,9.2,1,5.4,0,0,0.0,,0,
7316.team,team,2026-09-17,2026-09-18,2,да,nabory-611-620_9,nabory,1,,,Theme1,numeric,4,438,2,2,нет,736,22,18-23,4,0,0,206,206,206,150,56,0,965,706,73.2,136,14.1,123,12.7,27,13.1,23,26,27,12.6,1,5.0,0,0,0.0,,0,
e8k.lol,lol,2026-09-08,2026-09-09,2,да,archive37строформленоv2часть1,archive,1,7,оформлено,Theme1,alpha_other,3,729,1,1,да,370,18,18-23,2,0,0,206,206,206,150,56,0,958,563,58.8,135,14.1,260,27.1,12,5.8,5,9,10,4.4,2,11.2,0,0,0.0,,0,
0409gg.casino,casino,2026-09-04,2026-09-05,2,да,NEW20_12pages_withdate_styled_img,NEW,1,12,styled_img,Theme1,alpha_other,6,1215,1,2,да,152,19,18-23,5,0,0,206,206,206,150,56,0,1316,667,50.7,134,10.2,515,39.1,12,5.8,10,10,11,4.9,1.0,11.2,0,0,0.0,,0,
f8t4.team,team,2026-09-14,2026-09-15,2,да,content-2026-09-14-7str-oform-8_43,content-дата,1,7,оформлено,Theme1,alpha_other,4,1183,1,1,да,664,23,18-23,1,0,0,206,206,206,150,56,0,1051,817,77.7,134,12.7,100,9.5,28,13.6,15,28,28,13.6,1.0,4.8,0,0,0.0,,0,
hmdcasino.lol,lol,2026-09-16,2026-09-17,2,да,content-2026-09-14c-7str-oform-1_18,content-дата,1,7,оформлено,Theme1,casino_infix,9,199,2,2,нет,813,6,06-11,3,0,0,206,206,206,150,56,0,827,569,68.8,134,16.2,124,15.0,20,9.7,18,18,18,8.7,0.5,6.7,0,0,0.0,,0,
t6g.lol,lol,2026-09-20,2026-09-21,2,нет,content-2026-09-17-7str-oform-1_47,content-дата,1,7,оформлено,Theme1,alpha_other,3,1276,2,2,нет,877,18,18-23,7,0,206,206,0,206,150,56,0,798,537,67.3,134,16.8,127,15.9,20,9.7,,,,,0.0,6.7,0,0,0.0,,0,
casino01.team,team,2026-09-04,2026-09-05,2,да,КОНТЕНТ НЕ ЗАПИСАН,не записан,1,,,Theme1,casino_prefix,8,538,1,2,да,63,14,12-17,5,0,0,206,206,206,150,56,0,1814,840,46.3,133,7.3,841,46.4,8,3.9,5,6,6,2.9,1.0,16.6,0,0,0.0,,0,
0147.team,team,2026-09-07,2026-09-08,2,да,NEW20_7pages_withdate_оформлено,NEW,1,7,оформлено,Theme1,numeric,4,621,1,1,да,308,19,18-23,1,0,0,206,206,206,150,56,0,745,424,56.9,133,17.9,188,25.2,17,8.3,10,11,11,5.3,1,7.8,0,0,0.0,,0,
7574.lol,lol,2026-09-16,2026-09-17,2,да,nabory-565-580_6,nabory,1,,,Theme1,numeric,4,233,2,2,нет,652,11,06-11,3,0,0,206,206,206,150,56,0,2361,2025,85.8,133,5.6,203,8.6,33,16.0,26,32,32,15.5,1.0,4.0,0,0,0.0,,0,
hkcasino.lol,lol,2026-09-05,2026-09-06,2,да,trikomplektaB,прочее,1,,,Theme1,casino_infix,8,1260,1,2,да,169,15,12-17,6,0,206,206,206,206,150,56,0,794,401,50.5,132,16.6,261,32.9,23,11.2,20,21,21,10.2,1.0,5.7,0,0,0.0,,0,
8491.team,team,2026-09-12,2026-09-13,2,да,content-2026-09-12-7str-oform-2,content-дата,1,7,оформлено,Theme1,numeric,4,1375,1,1,да,560,17,12-17,6,0,206,206,206,206,150,56,0,1166,715,61.3,132,11.3,319,27.4,17,8.3,10,10,16,4.9,1.0,7.8,0,0,0.0,,0,
3533.team,team,2026-09-16,2026-09-17,2,да,nabory-581-590_4,nabory,1,,,Theme1,numeric,4,297,2,2,нет,586,23,18-23,3,0,0,206,206,206,150,56,0,2268,1951,86.0,132,5.8,185,8.2,22,10.7,17,22,22,10.7,1.0,6.0,0,0,0.0,,0,
casinoqw.lol,lol,2026-09-16,2026-09-17,2,да,content-2026-09-14c-7str-oform-1_10,content-дата,1,7,оформлено,Theme1,casino_prefix,8,172,2,2,нет,780,2,00-05,3,206,0,206,206,206,150,56,0,677,470,69.4,131,19.4,76,11.2,11,5.3,8,10,10,4.9,1.0,11.9,0,0,0.0,,0,
7874.team,team,2026-09-03,2026-09-04,2,да,NEW50_3_7pages_nodate_styled,NEW,1,7,без оформления,Theme1,numeric,4,501,1,2,да,479,20,18-23,4,0,0,206,206,206,150,56,0,1417,924,65.2,130,9.2,363,25.6,24,11.7,20,23,23,11.2,1.0,5.4,0,0,0.0,,0,
tyfh.lol,lol,2026-09-15,2026-09-16,2,да,nabory-525-534_styled_img_3,nabory,1,,styled_img,Theme1,alpha_other,4,93,2,2,нет,817,10,06-11,2,0,0,206,206,206,150,56,0,1137,727,63.9,130,11.4,280,24.6,18,8.7,8,16,17,7.8,2,7.2,0,0,0.0,,0,
q7a.lol,lol,2026-09-02,2026-09-03,2,да,NEW50_7pages_withdate_01.09,NEW,1,7,без оформления,Theme1,alpha_other,3,377,1,2,да,403,0,00-05,3,206,0,206,206,206,150,56,0,2461,1761,71.6,129,5.2,571,23.2,31,15.0,22,23,24,11.2,0.0,4.2,0,0,0.0,,0,
c7mt.team,team,2026-08-21,2026-08-22,2,да,КОНТЕНТ НЕ ЗАПИСАН,не записан,1,,,Theme1,alpha_other,4,170,1,2,да,187,22,18-23,5,0,0,206,206,206,150,56,0,1417,1014,71.6,128,9.0,275,19.4,16,7.8,8,13,14,6.3,1,8.0,0,0,0.0,,0,
btj.lol,lol,2026-09-10,2026-09-11,2,да,archive37строформленоv2часть3,archive,1,7,оформлено,Theme1,alpha_other,3,907,1,1,да,191,16,12-17,4,0,0,206,206,206,150,56,0,873,548,62.8,128,14.7,197,22.6,23,11.2,15,17,22,8.3,1,5.6,0,0,0.0,,0,
2233.team,team,2026-09-14,2026-09-15,2,да,nabory-515-524_styled_img_1,nabory,1,,styled_img,Theme1,numeric,4,30,2,2,нет,673,21,18-23,1,0,0,206,206,206,150,56,0,848,422,49.8,128,15.1,298,35.1,21,10.2,11,21,21,10.2,1,6.1,0,0,0.0,,0,
9243.team,team,2026-09-17,2026-09-18,2,да,nabory-581-590_3,nabory,1,,,Theme1,numeric,4,306,2,2,нет,585,1,00-05,4,206,0,206,206,206,150,56,0,1467,1175,80.1,128,8.7,164,11.2,20,9.7,14,17,17,8.3,0,6.4,0,0,0.0,,0,
ryqcasino.buzz,buzz,2026-09-08,2026-09-09,2,да,archive37строформленоv2часть3,archive,1,7,оформлено,Theme1,casino_infix,9,766,1,1,да,444,20,18-23,2,0,0,206,206,206,150,56,0,378,177,46.8,127,33.6,74,19.6,18,8.7,13,15,17,7.3,1.0,7.1,0,0,0.0,,0,
xpph.team,team,2026-09-13,2026-09-14,2,да,nabory-495-499_styled_img,nabory,1,,styled_img,Theme1,alpha_other,4,1115,1,1,да,535,18,18-23,7,0,206,206,206,206,150,56,0,1013,806,79.6,127,12.5,80,7.9,5,2.4,2,4,5,1.9,2,25.4,0,0,0.0,,0,
y2p5.lol,lol,2026-09-20,2026-09-21,2,нет,nabory-641-650_9,nabory,1,,,Theme1,alpha_other,4,1259,2,2,нет,896,11,06-11,7,0,206,206,0,206,150,56,0,668,462,69.2,127,19.0,79,11.8,17,8.3,,,,,0.0,7.5,0,0,0.0,,0,
jkzr.team,team,2026-08-26,2026-08-27,2,да,КОНТРОЛЬ NEW50_5_7pages_nodate_21.08,контроль,1,7,без оформления,Theme1,alpha_other,4,316,1,2,да,335,23,18-23,3,0,0,206,206,206,150,56,0,2738,2236,81.7,126,4.6,376,13.7,21,10.2,14,19,21,9.2,1,6.0,0,0,0.0,,0,
b6t.team,team,2026-08-20,2026-08-21,2,да,КОНТЕНТ НЕ ЗАПИСАН,не записан,1,,,Theme2,alpha_other,3,122,1,2,да,163,21,18-23,4,0,0,202,202,202,150,52,0,1780,992,55.7,125,7.0,663,37.2,18,8.9,13,14,14,6.9,1.0,6.9,0,0,0.0,,0,
9316.buzz,buzz,2026-09-08,2026-09-09,2,да,nabory447451_styled_img,nabory,1,,styled_img,Theme1,numeric,4,754,1,1,да,469,19,18-23,2,0,0,206,206,206,150,56,0,820,416,50.7,125,15.2,279,34.0,19,9.2,14,15,17,7.3,1.0,6.6,0,0,0.0,,0,
3416.team,team,2026-09-10,2026-09-11,2,да,КОНТЕНТ НЕ ЗАПИСАН,не записан,1,,,Theme1,numeric,4,811,1,1,да,35,19,18-23,3,0,0,206,206,206,150,56,0,630,256,40.6,125,19.8,249,39.5,17,8.3,12,16,17,7.8,1,7.4,0,0,0.0,,0,
0343.lol,lol,2026-09-15,2026-09-16,2,да,content-2026-09-14c-7str-oform-2_32,content-дата,1,7,оформлено,Theme1,numeric,4,113,2,2,нет,823,13,12-17,2,0,0,206,206,206,150,56,0,1157,725,62.7,125,10.8,307,26.5,29,14.1,18,28,28,13.6,1.0,4.3,0,0,0.0,,0,
casinoph.lol,lol,2026-09-16,2026-09-17,2,да,nabory-545-554_styled_img_7,nabory,1,,styled_img,Theme1,casino_prefix,8,196,2,2,нет,868,6,06-11,3,0,0,206,206,206,150,56,0,826,548,66.3,125,15.1,153,18.5,22,10.7,16,19,19,9.2,1,5.7,0,0,0.0,,0,
7163.lol,lol,2026-09-17,2026-09-18,2,да,content-2026-09-16-7str_35,content-дата,1,7,,Theme1,numeric,4,402,2,2,нет,784,14,12-17,4,0,0,206,206,206,150,56,0,2048,1810,88.4,125,6.1,113,5.5,14,6.8,9,14,14,6.8,1.0,8.9,0,0,0.0,,0,
qlcasino.lol,lol,2026-09-04,2026-09-05,2,да,КОНТЕНТ НЕ ЗАПИСАН,не записан,1,,,Theme1,casino_infix,8,559,1,2,да,102,16,12-17,5,0,0,206,206,206,150,56,0,1574,1035,65.8,124,7.9,415,26.4,8,3.9,6,6,6,2.9,0.0,15.5,0,0,0.0,,0,
casinow2.team,team,2026-09-10,2026-09-11,2,да,КОНТЕНТ НЕ ЗАПИСАН,не записан,1,,,Theme1,casino_prefix,8,805,1,1,да,63,21,18-23,3,0,0,206,206,206,150,56,0,519,280,53.9,124,23.9,115,22.2,11,5.3,8,10,11,4.9,1,11.3,0,0,0.0,,0,
kfrcasino.lol,lol,2026-09-17,2026-09-18,2,да,content-2026-09-15-7str-oform-1_15,content-дата,1,7,оформлено,Theme1,casino_infix,9,367,2,2,нет,836,10,06-11,4,0,0,206,206,206,150,56,0,958,776,81.0,124,12.9,58,6.1,19,9.2,14,19,19,9.2,0,6.5,0,0,0.0,,0,
8831.team,team,2026-09-17,2026-09-18,2,да,content-2026-09-15-12str-oform_3,content-дата,1,12,оформлено,Theme1,numeric,4,353,2,2,нет,821,9,06-11,4,0,0,206,206,206,150,56,0,1021,782,76.6,124,12.1,115,11.3,10,4.9,7,10,10,4.9,1.0,12.4,0,0,0.0,,0,
casinonz.team,team,2026-09-18,2026-09-18,1,да,nabory-611-620_2,nabory,1,,,Theme1,casino_prefix,8,458,2,2,нет,729,1,00-05,5,150,0,150,150,150,150,0,0,691,481,69.6,124,17.9,86,12.4,11,7.3,10,11,11,7.3,0,11.3,0,0,0.0,,0,
dbcasino.lol,lol,2026-09-18,2026-09-18,1,да,content-2026-09-17-7str-oform-2_17,content-дата,1,7,оформлено,Theme1,casino_infix,8,487,2,2,нет,688,13,12-17,5,0,0,150,150,150,150,0,0,753,591,78.5,124,16.5,38,5.0,17,11.3,14,17,17,11.3,1,7.3,0,0,0.0,,0,
45casino.lol,lol,2026-09-21,2026-09-21,1,нет,content-2026-09-17-7str-oform-1_11,content-дата,1,7,оформлено,Theme1,casino_infix,8,1255,2,2,нет,841,1,00-05,1,150,0,150,0,150,150,0,0,712,519,72.9,124,17.4,69,9.7,16,10.7,,,,,0.0,7.8,0,0,0.0,,0,
67casino.lol,lol,2026-09-08,2026-09-09,2,да,archive37строформленоv2часть2,archive,1,7,оформлено,Theme1,casino_infix,8,710,1,1,да,410,17,12-17,2,0,0,206,206,206,150,56,0,737,480,65.1,123,16.7,134,18.2,16,7.8,8,9,10,4.4,1,7.7,0,0,0.0,,0,
c4e8.team,team,2026-09-10,2026-09-11,2,да,archive47_unique119оформленочасть1,archive,1,,оформлено,Theme1,alpha_other,4,841,1,1,да,40,19,18-23,3,0,0,206,206,206,150,56,0,452,206,45.6,123,27.2,123,27.2,13,6.3,9,10,13,4.9,1,9.5,0,0,0.0,,0,
5652.team,team,2026-09-14,2026-09-15,2,да,content-2026-09-14-7str-oform-8_44,content-дата,1,7,оформлено,Theme1,numeric,4,1169,1,1,да,666,22,18-23,1,0,0,206,206,206,150,56,0,780,562,72.1,123,15.8,95,12.2,31,15.0,17,28,31,13.6,1,4.0,0,0,0.0,,0,
90casino.lol,lol,2026-09-15,2026-09-16,2,да,nabory-525-534_styled_img_10,nabory,1,,styled_img,Theme1,casino_infix,8,90,2,2,нет,892,9,06-11,2,0,0,206,206,206,150,56,0,981,670,68.3,123,12.5,188,19.2,14,6.8,7,9,12,4.4,1.0,8.8,0,0,0.0,,0,
3553.lol,lol,2026-09-08,2026-09-09,2,да,archive37строформленоv2часть1,archive,1,7,оформлено,Theme1,numeric,4,743,1,1,да,383,15,12-17,2,0,0,206,206,206,150,56,0,666,451,67.7,122,18.3,93,14.0,20,9.7,11,12,13,5.8,1,6.1,0,0,0.0,,0,
5932.lol,lol,2026-09-08,2026-09-09,2,да,archive37строформленоv2часть3,archive,1,7,оформлено,Theme1,numeric,4,758,1,1,да,452,20,18-23,2,0,0,206,206,206,150,56,0,528,287,54.4,122,23.1,119,22.5,11,5.3,9,9,10,4.4,1,11.1,0,0,0.0,,0,
9426.team,team,2026-09-17,2026-09-18,2,да,nabory-581-590_1,nabory,1,,,Theme1,numeric,4,307,2,2,нет,583,1,00-05,4,206,0,206,206,206,150,56,0,1361,1073,78.8,122,9.0,166,12.2,9,4.4,5,6,6,2.9,0.0,13.6,0,0,0.0,,0,
n4kd.team,team,2026-08-19,2026-08-20,2,да,КОНТЕНТ НЕ ЗАПИСАН,не записан,1,,,Theme1,alpha_other,4,59,1,2,да,90,17,12-17,3,0,0,184,184,184,150,34,0,3028,1973,65.2,120,4.0,935,30.9,21,11.4,16,18,21,9.8,1,5.7,0,0,0.0,,0,
5554.team,team,2026-08-26,2026-08-27,2,да,NEW33_12pages_withdate+img_25.08,NEW,1,12,без оформления,Theme1,numeric,4,275,1,2,да,244,14,12-17,3,0,0,206,206,206,150,56,0,1838,1099,59.8,120,6.5,619,33.7,23,11.2,14,19,20,9.2,1.0,5.2,0,0,0.0,,0,
9131.lol,lol,2026-09-15,2026-09-16,2,да,content-2026-09-14-7str-oform-1_3,content-дата,1,7,оформлено,Theme1,numeric,4,1193,1,1,да,590,2,00-05,2,206,0,206,206,206,150,56,0,771,557,72.2,120,15.6,94,12.2,29,14.1,14,26,28,12.6,1.5,4.1,0,0,0.0,,0,
nnn7.team,team,2026-08-18,2026-08-19,2,да,КОНТЕНТ НЕ ЗАПИСАН,не записан,1,,,Theme1,alpha_other,4,7,1,3,да,8,15,12-17,2,0,0,184,184,184,150,34,0,414,185,44.7,119,28.7,110,26.6,5,2.7,3,4,4,2.2,0.0,23.8,0,0,0.0,,0,
5402.team,team,2026-09-10,2026-09-11,2,да,archive47_unique119оформленочасть2,archive,1,,оформлено,Theme1,numeric,4,822,1,1,да,47,19,18-23,3,0,0,206,206,206,150,56,0,311,121,38.9,119,38.3,71,22.8,7,3.4,4,5,6,2.4,1,17.0,0,0,0.0,,0,
5153.team,team,2026-09-06,2026-09-07,2,да,nabory421425_styled_img,nabory,1,,styled_img,Theme1,numeric,4,576,1,1,да,250,21,18-23,7,0,206,206,206,206,150,56,0,853,517,60.6,118,13.8,218,25.6,14,6.8,12,12,12,5.8,1,8.4,0,0,0.0,,0,
casino806.lol,lol,2026-09-12,2026-09-13,2,да,content-2026-09-12-7str-oform-1,content-дата,1,7,оформлено,Theme1,casino_prefix,9,1385,1,1,да,252,18,18-23,6,0,206,206,206,206,150,56,0,449,259,57.7,118,26.3,72,16.0,10,4.9,4,4,8,1.9,2.5,11.8,0,0,0.0,,0,
ywbb.lol,lol,2026-09-20,2026-09-21,2,нет,content-2026-09-17-7str-oform-1_49,content-дата,1,7,оформлено,Theme1,alpha_other,4,1280,2,2,нет,879,19,18-23,7,0,206,206,0,206,150,56,0,745,490,65.8,118,15.8,137,18.4,19,9.2,,,,,0,6.2,0,0,0.0,,0,
5523.lol,lol,2026-09-11,2026-09-12,2,да,clean7_part1_50оформлено,clean,1,,оформлено,Theme1,numeric,4,1017,1,1,да,245,8,06-11,5,0,0,206,206,206,150,56,0,956,501,52.4,117,12.2,338,35.4,13,6.3,9,10,12,4.9,1,9.0,0,0,0.0,,0,
casinottb.team,team,2026-09-10,2026-09-11,2,да,archive47_unique119оформленочасть2,archive,1,,оформлено,Theme1,casino_prefix,9,818,1,1,да,17,19,18-23,3,0,0,206,206,206,150,56,0,519,197,38.0,116,22.4,206,39.7,14,6.8,6,9,13,4.4,2,8.3,0,0,0.0,,0,
q8k0.team,team,2026-09-15,2026-09-16,2,да,content-2026-09-14b-7str-oform-2_45,content-дата,1,7,оформлено,Theme1,alpha_other,4,81,2,2,нет,668,8,06-11,2,0,0,206,206,206,150,56,0,716,523,73.0,116,16.2,77,10.8,15,7.3,8,15,15,7.3,1,7.7,0,0,0.0,,0,
jbyp.team,team,2026-09-10,2026-09-11,2,да,archive47_unique119оформленочасть1,archive,1,,оформлено,Theme1,alpha_other,4,861,1,1,да,54,20,18-23,3,0,0,206,206,206,150,56,0,443,229,51.7,115,26.0,99,22.3,8,3.9,5,5,5,2.4,1.0,14.4,0,0,0.0,,0,
yzxw.lol,lol,2026-09-20,2026-09-21,2,нет,content-2026-09-17b-7str-oform_17,content-дата,1,7,оформлено,Theme1,alpha_other,4,1261,2,2,нет,313,12,12-17,7,0,206,206,0,206,150,56,0,583,423,72.6,115,19.7,45,7.7,26,12.6,,,,,0.0,4.4,0,0,0.0,,0,
0765.team,team,2026-09-07,2026-09-08,2,да,nabory436440_styled_img,nabory,1,,styled_img,Theme1,numeric,4,617,1,1,да,341,18,18-23,1,0,0,206,206,206,150,56,0,987,546,55.3,114,11.6,327,33.1,13,6.3,10,10,10,4.9,1.0,8.8,0,0,0.0,,0,
uzgcasino.team,team,2026-09-10,2026-09-11,2,да,archive47_unique119оформленочасть2,archive,1,,оформлено,Theme1,casino_infix,9,837,1,1,да,72,22,18-23,3,0,0,205,205,205,150,55,0,494,184,37.2,114,23.1,196,39.7,11,5.4,9,10,11,4.9,1,10.4,0,0,0.0,,0,
gkpw.team,team,2026-08-20,2026-08-21,2,да,КОНТЕНТ НЕ ЗАПИСАН,не записан,1,,,Theme1,alpha_other,4,4,2,3,нет,117,22,18-23,4,0,0,206,206,206,150,56,0,1758,1089,61.9,113,6.4,556,31.6,26,12.6,12,18,22,8.7,2.0,4.3,0,0,0.0,,0,
pjxu.team,team,2026-09-04,2026-09-05,2,да,NEW20_7pages_nodate_styled_img,NEW,1,7,styled_img,Theme1,alpha_other,4,1227,1,2,да,116,20,18-23,5,0,0,206,206,206,150,56,0,1441,888,61.6,112,7.8,441,30.6,27,13.1,23,25,25,12.1,1,4.1,0,0,0.0,,0,
2120.team,team,2026-09-12,2026-09-13,2,да,content-2026-09-12-7str-oform-2,content-дата,1,7,оформлено,Theme1,numeric,4,1340,1,1,да,562,13,12-17,6,0,206,206,206,206,150,56,0,864,214,24.8,111,12.8,539,62.4,34,16.5,14,16,31,7.8,2,3.3,0,0,0.0,,0,
g7ld.team,team,2026-08-19,2026-08-20,2,да,КОНТЕНТ НЕ ЗАПИСАН,не записан,1,,,Theme2,alpha_other,4,77,1,2,да,84,23,18-23,3,0,0,198,198,198,150,48,0,2008,1288,64.1,110,5.5,610,30.4,29,14.6,23,26,29,13.1,1,3.8,0,0,0.0,,0,
1514.lol,lol,2026-09-08,2026-09-09,2,да,nabory447451_styled_img,nabory,1,,styled_img,Theme1,numeric,4,752,1,1,да,470,19,18-23,2,0,0,206,206,206,150,56,0,841,369,43.9,109,13.0,363,43.2,12,5.8,10,10,11,4.9,1.0,9.1,0,0,0.0,,0,
npcasino.lol,lol,2026-09-11,2026-09-12,2,да,archive37строформленоv2часть1,archive,1,7,оформлено,Theme1,casino_infix,8,945,1,1,да,175,12,12-17,5,0,0,206,206,206,150,56,0,768,578,75.3,109,14.2,81,10.5,6,2.9,3,3,6,1.5,2.5,18.2,0,0,0.0,,0,
8275.team,team,2026-09-17,2026-09-18,2,да,nabory-581-590_5,nabory,1,,,Theme1,numeric,4,304,2,2,нет,587,1,00-05,4,206,0,206,206,206,150,56,0,1519,1143,75.2,109,7.2,267,17.6,22,10.7,15,18,18,8.7,0.0,5.0,0,0,0.0,,0,
m3o.team,team,2026-09-17,2026-09-18,2,да,content-2026-09-15-12str-oform_1,content-дата,1,12,оформлено,Theme1,alpha_other,3,368,2,2,нет,819,10,06-11,4,0,0,206,206,206,150,56,0,1332,1095,82.2,109,8.2,128,9.6,28,13.6,14,26,26,12.6,1.0,3.9,0,0,0.0,,0,
1287.lol,lol,2026-09-15,2026-09-16,2,да,content-2026-09-14-7str-oform-1_1,content-дата,1,7,оформлено,Theme1,numeric,4,1179,1,1,да,587,0,00-05,2,206,0,206,206,206,150,56,0,1596,1408,88.2,108,6.8,80,5.0,16,7.8,8,15,15,7.3,1,6.8,0,0,0.0,,0,
r2km.team,team,2026-08-20,2026-08-21,2,да,КОНТЕНТ НЕ ЗАПИСАН,не записан,1,,,Theme2,alpha_other,4,135,1,2,да,160,21,18-23,4,0,0,203,203,203,150,53,0,1747,1134,64.9,107,6.1,506,29.0,21,10.3,15,16,18,7.9,1,5.1,0,0,0.0,,0,
1959.team,team,2026-09-14,2026-09-15,2,да,content-2026-09-14-7str-oform-8_49,content-дата,1,7,оформлено,Theme1,numeric,4,1166,1,1,да,703,21,18-23,1,0,0,206,206,206,150,56,0,669,467,69.8,106,15.8,96,14.3,19,9.2,13,18,19,8.7,1,5.6,0,0,0.0,,0,
casinojq.team,team,2026-09-14,2026-09-15,2,да,content-2026-09-14-7str-oform-8_46,content-дата,1,7,оформлено,Theme1,casino_prefix,8,1177,1,1,да,683,23,18-23,1,0,0,206,206,206,150,56,0,836,643,76.9,106,12.7,87,10.4,26,12.6,14,25,26,12.1,1.0,4.1,0,0,0.0,,0,
7473.lol,lol,2026-09-17,2026-09-18,2,да,nabory-581-590_6,nabory,1,,,Theme1,numeric,4,303,2,2,нет,588,1,00-05,4,206,0,206,206,206,150,56,0,1529,1307,85.5,106,6.9,116,7.6,21,10.2,15,18,18,8.7,0.0,5.0,0,0,0.0,,0,
33casino.lol,lol,2026-09-18,2026-09-18,1,да,content-2026-09-17-7str-oform-2_25,content-дата,1,7,оформлено,Theme1,casino_infix,8,471,2,2,нет,696,3,00-05,5,150,0,150,150,150,150,0,0,803,635,79.1,106,13.2,62,7.7,10,6.7,9,10,10,6.7,0.0,10.6,0,0,0.0,,0,
0615.lol,lol,2026-09-11,2026-09-12,2,да,NEW102оформленобездаты,NEW,1,,оформлено,Theme1,numeric,4,957,1,1,да,136,13,12-17,5,0,0,206,206,206,150,56,0,934,554,59.3,105,11.2,275,29.4,22,10.7,11,14,22,6.8,1.5,4.8,0,0,0.0,,0,
8995.team,team,2026-09-14,2026-09-15,2,да,content-2026-09-14-12str-oform_7,content-дата,1,12,оформлено,Theme1,numeric,4,1149,1,1,да,623,18,18-23,1,0,0,206,206,206,150,56,0,1015,718,70.7,105,10.3,192,18.9,24,11.7,15,24,24,11.7,1.0,4.4,0,0,0.0,,0,
0148.team,team,2026-09-12,2026-09-13,2,да,content-2026-09-12-7str-oform-2,content-дата,1,7,оформлено,Theme1,numeric,4,1337,1,1,да,507,13,12-17,6,0,206,206,206,206,150,56,0,978,551,56.3,104,10.6,323,33.0,31,15.0,13,15,27,7.3,3,3.4,0,0,0.0,,0,
casino8768.lol,lol,2026-09-17,2026-09-18,2,да,content-2026-09-15-7str-oform-1_33,content-дата,1,7,оформлено,Theme1,casino_prefix,10,327,2,2,нет,559,4,00-05,4,206,0,206,206,206,150,56,0,1008,766,76.0,103,10.2,139,13.8,15,7.3,10,15,15,7.3,1,6.9,0,0,0.0,,0,
8618.team,team,2026-09-16,2026-09-17,2,да,content-2026-09-15-7str-oform-2_27,content-дата,1,7,оформлено,Theme1,numeric,4,255,2,2,нет,623,15,12-17,3,0,0,206,206,206,150,56,0,844,613,72.6,102,12.1,129,15.3,16,7.8,13,15,15,7.3,1,6.4,0,0,0.0,,0,
7224.team,team,2026-08-26,2026-08-27,2,да,NEW17_img_withdate_26.08,NEW,1,,без оформления,Theme1,numeric,4,289,1,2,да,289,16,12-17,3,0,0,206,206,206,150,56,0,1553,931,59.9,101,6.5,521,33.5,16,7.8,13,15,15,7.3,1,6.3,0,0,0.0,,0,
6725.team,team,2026-09-04,2026-09-05,2,да,Generator_A_staryy_stil,Generator,1,,,Theme1,numeric,4,1234,1,2,да,194,22,18-23,5,0,0,206,206,206,150,56,0,843,400,47.4,101,12.0,342,40.6,14,6.8,10,11,12,5.3,1.0,7.2,0,0,0.0,,0,
u3i.team,team,2026-09-06,2026-09-07,2,да,troykaC,прочее,1,,,Theme1,alpha_other,3,574,1,1,да,251,20,18-23,7,0,206,206,206,206,150,56,0,735,436,59.3,101,13.7,198,26.9,25,12.1,18,21,22,10.2,1,4.0,0,0,0.0,,0,
watc.team,team,2026-09-12,2026-09-13,2,да,content-2026-09-12-7str-oform-1,content-дата,1,7,оформлено,Theme1,alpha_other,4,1069,1,1,да,564,13,12-17,6,0,206,206,206,206,150,56,0,555,252,45.4,101,18.2,202,36.4,26,12.6,12,13,22,6.3,2,3.9,0,0,0.0,,0,
9495casino.lol,lol,2026-09-19,2026-09-20,2,нет,content-2026-09-17b-7str-oform_12,content-дата,1,7,оформлено,Theme1,casino_infix,10,531,2,2,нет,308,1,00-05,6,206,206,206,0,206,150,56,0,610,468,76.7,101,16.6,41,6.7,8,3.9,,,,,1.0,12.6,0,0,0.0,,0,
l6j.lol,lol,2026-09-08,2026-09-09,2,да,archive37строформленоv2часть2,archive,1,7,оформлено,Theme1,alpha_other,3,714,1,1,да,408,17,12-17,2,0,0,206,206,206,150,56,0,986,625,63.4,100,10.1,261,26.5,19,9.2,13,14,14,6.8,1.0,5.3,0,0,0.0,,0,
5211.team,team,2026-09-15,2026-09-16,2,да,content-2026-09-14b-7str-oform-2_47,content-дата,1,7,оформлено,Theme1,numeric,4,69,2,2,нет,670,6,06-11,2,0,0,206,206,206,150,56,0,701,527,75.2,100,14.3,74,10.6,6,2.9,2,3,5,1.5,2,16.7,0,0,0.0,,0,
casino1543.lol,lol,2026-09-15,2026-09-16,2,да,nabory-525-534_styled_img_7,nabory,1,,styled_img,Theme1,casino_prefix,10,91,2,2,нет,879,9,06-11,2,0,0,206,206,206,150,56,0,808,521,64.5,99,12.3,188,23.3,16,7.8,7,16,16,7.8,2.0,6.2,0,0,0.0,,0,
casinoe8.lol,lol,2026-09-16,2026-09-17,2,да,nabory-535-544_styled_img_5,nabory,1,,styled_img,Theme1,casino_prefix,8,195,2,2,нет,831,6,06-11,3,0,0,206,206,206,150,56,0,577,323,56.0,99,17.2,155,26.9,13,6.3,11,12,12,5.8,0.0,7.6,0,0,0.0,,0,
cnlu.lol,lol,2026-09-17,2026-09-18,2,да,content-2026-09-15-7str-oform-1_1,content-дата,1,7,оформлено,Theme1,alpha_other,4,362,2,2,нет,822,10,06-11,4,0,0,206,206,206,150,56,0,813,648,79.7,99,12.2,66,8.1,16,7.8,8,14,14,6.8,1.0,6.2,0,0,0.0,,0,
nkrh.team,team,2026-09-17,2026-09-18,2,да,content-2026-09-16-7str_33,content-дата,1,7,,Theme1,alpha_other,4,421,2,2,нет,782,18,18-23,4,0,0,206,206,206,150,56,0,1100,940,85.5,99,9.0,61,5.5,16,7.8,14,16,16,7.8,1.0,6.2,0,0,0.0,,0,
z6z.lol,lol,2026-09-04,2026-09-05,2,да,nabory274283,nabory,1,,,Theme1,alpha_other,3,531,1,2,да,115,11,06-11,5,0,0,206,206,206,150,56,0,1578,802,50.8,98,6.2,678,43.0,17,8.3,9,10,11,4.9,0,5.8,0,0,0.0,,0,
7847.team,team,2026-09-15,2026-09-16,2,да,content-2026-09-14b-7str-oform-2_40,content-дата,1,7,оформлено,Theme1,numeric,4,73,2,2,нет,659,7,06-11,2,0,0,206,206,206,150,56,0,630,418,66.3,97,15.4,115,18.3,20,9.7,13,18,20,8.7,1.0,4.8,0,0,0.0,,0,
opxcasino.lol,lol,2026-09-20,2026-09-21,2,нет,content-2026-09-17-7str-oform-1_18,content-дата,1,7,оформлено,Theme1,casino_infix,9,1272,2,2,нет,848,18,18-23,7,0,206,206,0,206,150,56,0,994,789,79.4,97,9.8,108,10.9,29,14.1,,,,,0,3.3,0,0,0.0,,0,
casinoyso.team,team,2026-09-07,2026-09-08,2,да,nabory441443_styled_img,nabory,1,,styled_img,Theme1,casino_prefix,9,642,1,1,да,294,19,18-23,1,0,0,206,206,206,150,56,0,985,552,56.0,96,9.7,337,34.2,21,10.2,15,18,20,8.7,1,4.6,0,0,0.0,,0,
4586.team,team,2026-08-20,2026-08-21,2,да,КОНТЕНТ НЕ ЗАПИСАН,не записан,1,,,Theme2,numeric,4,112,1,3,да,140,20,18-23,4,0,0,204,204,204,150,54,0,1049,701,66.8,95,9.1,253,24.1,14,6.9,6,8,11,3.9,3.0,6.8,0,0,0.0,,0,
casino876.team,team,2026-09-04,2026-09-05,2,да,КОНТЕНТ НЕ ЗАПИСАН,не записан,1,,,Theme1,casino_prefix,9,736,1,2,да,68,15,12-17,5,0,0,206,206,206,150,56,0,1536,760,49.5,94,6.1,682,44.4,19,9.2,9,11,12,5.3,2,4.9,0,0,0.0,,0,
0509mm.casino,casino,2026-09-05,2026-09-06,2,да,NEW21_7pages_withdate_styled_img,NEW,1,7,styled_img,Theme1,alpha_other,6,1274,1,2,да,124,18,18-23,6,0,206,206,206,206,150,56,0,721,399,55.3,94,13.0,228,31.6,19,9.2,7,10,13,4.9,3,4.9,0,0,0.0,,0,
qdcasino.lol,lol,2026-09-05,2026-09-06,2,да,NEW21_7pages_nodate_styled_img_2,NEW,1,7,styled_img,Theme1,casino_infix,8,1282,1,2,да,83,20,18-23,6,0,206,206,206,206,150,56,0,827,382,46.2,94,11.4,351,42.4,15,7.3,10,12,13,5.8,1,6.3,0,0,0.0,,0,
8687.lol,lol,2026-09-08,2026-09-09,2,да,archive37строформленоv2часть1,archive,1,7,оформлено,Theme1,numeric,4,750,1,1,да,376,19,18-23,2,0,0,206,206,206,150,56,0,549,341,62.1,94,17.1,114,20.8,17,8.3,6,10,10,4.9,3,5.5,0,0,0.0,,0,
3613.team,team,2026-09-14,2026-09-15,2,да,nabory-515-524_styled_img_7,nabory,1,,styled_img,Theme1,numeric,4,31,2,2,нет,680,21,18-23,1,0,0,206,206,206,150,56,0,799,569,71.2,94,11.8,136,17.0,19,9.2,9,17,19,8.3,2,4.9,0,0,0.0,,0,
3744.team,team,2026-09-15,2026-09-16,2,да,content-2026-09-14-7str-oform-9_24,content-дата,1,7,оформлено,Theme1,numeric,4,44,2,2,нет,648,4,00-05,2,206,0,206,206,206,150,56,0,548,378,69.0,93,17.0,77,14.1,21,10.2,10,19,21,9.2,2,4.4,0,0,0.0,,0,
9058.team,team,2026-09-17,2026-09-18,2,да,content-2026-09-16-7str_9,content-дата,1,7,,Theme1,numeric,4,405,2,2,нет,758,15,12-17,4,0,0,206,206,206,150,56,0,1146,1012,88.3,93,8.1,41,3.6,21,10.2,15,21,21,10.2,1,4.4,0,0,0.0,,0,
n8i.lol,lol,2026-09-20,2026-09-21,2,нет,content-2026-09-17-7str-oform-2_3,content-дата,1,7,оформлено,Theme1,alpha_other,3,1213,2,2,нет,283,4,00-05,7,206,206,206,0,206,150,56,0,465,280,60.2,93,20.0,92,19.8,7,3.4,,,,,0,13.3,0,0,0.0,,0,
8908.team,team,2026-09-07,2026-09-08,2,да,NEW20_7pages_nodate_оформлено,NEW,1,7,оформлено,Theme1,numeric,4,631,1,1,да,295,19,18-23,1,0,0,206,206,206,150,56,0,640,363,56.7,92,14.4,185,28.9,19,9.2,14,15,15,7.3,1,4.8,0,0,0.0,,0,
ssycasino.team,team,2026-09-07,2026-09-08,2,да,NEW20_7pages_nodate_оформлено_1,NEW,1,7,оформлено,Theme1,casino_infix,9,640,1,1,да,291,20,18-23,1,0,0,206,206,206,150,56,0,816,466,57.1,91,11.2,259,31.7,16,7.8,12,13,13,6.3,1,5.7,0,0,0.0,,0,
mpnw.lol,lol,2026-09-08,2026-09-09,2,да,archive37строформленоv2часть3,archive,1,7,оформлено,Theme1,alpha_other,4,770,1,1,да,465,21,18-23,2,0,0,206,206,206,150,56,0,545,323,59.3,91,16.7,131,24.0,6,2.9,3,3,4,1.5,3.0,15.2,0,0,0.0,,0,
casinoq6.team,team,2026-09-10,2026-09-11,2,да,archive47_unique119оформленочасть2,archive,1,,оформлено,Theme1,casino_prefix,8,817,1,1,да,16,19,18-23,3,0,0,206,206,206,150,56,0,379,189,49.9,91,24.0,99,26.1,9,4.4,5,7,8,3.4,1,10.1,0,0,0.0,,0,
5046.team,team,2026-09-12,2026-09-13,2,да,content-2026-09-12-7str-oform-2,content-дата,1,7,оформлено,Theme1,numeric,4,1356,1,1,да,540,15,12-17,6,0,206,206,206,206,150,56,0,483,216,44.7,91,18.8,176,36.4,20,9.7,8,10,18,4.9,3,4.5,0,0,0.0,,0,
casinoxn.lol,lol,2026-09-18,2026-09-18,1,да,content-2026-09-17-7str-oform-2_41,content-дата,1,7,оформлено,Theme1,casino_prefix,8,485,2,2,нет,712,12,12-17,5,0,0,150,150,150,150,0,0,669,526,78.6,91,13.6,52,7.8,18,12.0,17,18,18,12.0,1.0,5.1,0,0,0.0,,0,
lvqv.lol,lol,2026-09-04,2026-09-05,2,да,КОНТЕНТ НЕ ЗАПИСАН,не записан,1,,,Theme1,alpha_other,4,567,1,2,да,92,16,12-17,5,0,0,206,206,206,150,56,0,1502,910,60.6,90,6.0,502,33.4,3,1.5,3,3,3,1.5,1,30.0,0,0,0.0,,0,
6375.team,team,2026-09-17,2026-09-18,2,да,nabory-591-600_2,nabory,1,,,Theme1,numeric,4,321,2,2,нет,564,4,00-05,4,206,0,206,206,206,150,56,0,1318,997,75.6,90,6.8,231,17.5,10,4.9,9,9,9,4.4,0,9.0,0,0,0.0,,0,
7180.lol,lol,2026-09-02,2026-09-03,2,да,nabory294303,nabory,1,,,Theme1,numeric,4,414,1,2,да,453,21,18-23,3,0,0,206,206,206,150,56,0,2206,1371,62.1,89,4.0,746,33.8,17,8.3,14,16,17,7.8,1,5.2,0,0,0.0,,0,
4358.team,team,2026-09-05,2026-09-06,2,да,Generator_370382_styled_img,Generator,1,,styled_img,Theme1,numeric,4,1241,1,2,да,182,0,00-05,6,206,206,206,206,206,150,56,0,1721,1261,73.3,89,5.2,371,21.6,15,7.3,12,12,12,5.8,0.0,5.9,0,0,0.0,,0,
casino1109g.casino,casino,2026-09-11,2026-09-12,2,да,script_yandex_12page,script,1,12,,Theme1,casino_prefix,11,1002,1,1,да,98,10,06-11,5,0,0,206,206,206,150,56,0,560,283,50.5,89,15.9,188,33.6,16,7.8,10,11,12,5.3,1.0,5.6,0,0,0.0,,0,
9866.team,team,2026-09-05,2026-09-06,2,да,shponnayarezka1,прочее,1,,,Theme1,numeric,4,1286,1,2,да,179,23,18-23,6,0,206,206,206,206,150,56,0,754,345,45.8,88,11.7,321,42.6,19,9.2,12,14,15,6.8,1,4.6,0,0,0.0,,0,
ufdb.buzz,buzz,2026-09-08,2026-09-09,2,да,archive37строформленоv2часть2,archive,1,7,оформлено,Theme1,alpha_other,4,708,1,1,да,394,16,12-17,2,0,0,206,206,206,150,56,0,652,416,63.8,88,13.5,148,22.7,19,9.2,10,13,13,6.3,1,4.6,0,0,0.0,,0,
843casino.team,team,2026-09-11,2026-09-12,2,да,archive37строформленоv2часть1,archive,1,7,оформлено,Theme1,casino_infix,9,950,1,1,да,189,7,06-11,5,0,0,206,206,206,150,56,0,371,79,21.3,88,23.7,204,55.0,10,4.9,7,8,10,3.9,1.0,8.8,0,0,0.0,,0,
6820.team,team,2026-08-20,2026-08-21,2,да,КОНТЕНТ НЕ ЗАПИСАН,не записан,1,,,Theme2,numeric,4,120,1,2,да,148,21,18-23,4,0,0,202,202,202,150,52,0,1068,603,56.5,87,8.1,378,35.4,16,7.9,6,9,12,4.5,3.0,5.4,0,0,0.0,,0,
81casino.team,team,2026-09-05,2026-09-06,2,да,Generator_370382_styled_img,Generator,1,,styled_img,Theme1,casino_infix,8,1242,1,2,да,190,0,00-05,6,206,206,206,206,206,150,56,0,1775,1275,71.8,87,4.9,413,23.3,15,7.3,9,10,11,4.9,0.0,5.8,0,0,0.0,,0,
j9s2.buzz,buzz,2026-09-08,2026-09-09,2,да,archive37строформленоv2часть1,archive,1,7,оформлено,Theme1,alpha_other,4,719,1,1,да,352,15,12-17,2,0,0,206,206,206,150,56,0,624,434,69.6,87,13.9,103,16.5,21,10.2,11,11,11,5.3,1,4.1,0,0,0.0,,0,
hjpi.team,team,2026-09-10,2026-09-11,2,да,archive47_unique119оформленочасть2,archive,1,,оформлено,Theme1,alpha_other,4,829,1,1,да,70,21,18-23,3,0,0,206,206,206,150,56,0,439,160,36.4,87,19.8,192,43.7,10,4.9,5,6,7,2.9,1,8.7,0,0,0.0,,0,
3001.lol,lol,2026-09-12,2026-09-13,2,да,content-2026-09-12-7str-oform-2,content-дата,1,7,оформлено,Theme1,numeric,4,1360,1,1,да,486,15,12-17,6,0,206,206,206,206,150,56,0,828,535,64.6,87,10.5,206,24.9,14,6.8,10,10,14,4.9,1.0,6.2,0,0,0.0,,0,
2640.lol,lol,2026-09-21,2026-09-21,1,нет,content-2026-09-14b-7str-oform-1_7,content-дата,1,7,оформлено,Theme1,numeric,4,1240,2,2,нет,518,1,00-05,1,150,0,150,0,150,150,0,0,968,788,81.4,87,9.0,93,9.6,21,14.0,,,,,0,4.1,0,0,0.0,,0,
6527.lol,lol,2026-09-20,2026-09-21,2,нет,content-2026-09-17-7str-oform-1_23,content-дата,1,7,оформлено,Theme1,numeric,4,1242,2,2,нет,853,15,12-17,7,0,206,206,0,206,150,56,0,648,491,75.8,86,13.3,71,11.0,16,7.8,,,,,0,5.4,0,0,0.0,,0,
sppj.lol,lol,2026-09-11,2026-09-12,2,да,archive37строформленоv2часть1,archive,1,7,оформлено,Theme1,alpha_other,4,947,1,1,да,193,12,12-17,5,0,0,206,206,206,150,56,0,635,470,74.0,85,13.4,80,12.6,3,1.5,2,2,3,1.0,0,28.3,0,0,0.0,,0,
9263casino.team,team,2026-09-12,2026-09-13,2,да,content-2026-09-12-7str-oform-2,content-дата,1,7,оформлено,Theme1,casino_infix,10,1377,1,1,да,557,17,12-17,6,0,206,206,206,206,150,56,0,916,616,67.2,85,9.3,215,23.5,22,10.7,14,16,22,7.8,1.0,3.9,0,0,0.0,,0,
gqfw.lol,lol,2026-09-13,2026-09-14,2,да,content-2026-09-12-7str-oform-3,content-дата,1,7,оформлено,Theme1,alpha_other,4,1090,1,1,да,520,14,12-17,7,0,206,206,206,206,150,56,0,380,229,60.3,85,22.4,66,17.4,7,3.4,3,6,7,2.9,2,12.1,0,0,0.0,,0,
casinobqy.team,team,2026-09-15,2026-09-16,2,да,nabory-515-524_styled_img_4,nabory,1,,styled_img,Theme1,casino_prefix,9,36,2,2,нет,677,3,00-05,2,206,0,206,206,206,150,56,0,966,570,59.0,85,8.8,311,32.2,23,11.2,6,21,22,10.2,2.0,3.7,0,0,0.0,,0,
rgjz.lol,lol,2026-09-19,2026-09-20,2,нет,content-2026-09-17b-7str-oform_9,content-дата,1,7,оформлено,Theme1,alpha_other,4,560,2,2,нет,305,15,12-17,6,0,206,206,0,206,150,56,0,596,449,75.3,84,14.1,63,10.6,24,11.7,,,,,0,3.5,0,0,0.0,,0,
7653.team,team,2026-09-03,2026-09-04,2,да,КОНТЕНТ НЕ ЗАПИСАН,не записан,1,,,Theme1,numeric,4,448,1,2,да,408,4,00-05,4,206,0,206,206,206,150,56,0,976,627,64.2,83,8.5,266,27.3,17,8.3,13,13,15,6.3,0,4.9,0,0,0.0,,0,
d4n.lol,lol,2026-09-16,2026-09-17,2,да,content-2026-09-14b-7str-oform-2_14,content-дата,1,7,оформлено,Theme1,alpha_other,3,220,2,2,нет,753,9,06-11,3,0,0,206,206,206,150,56,0,1708,1468,85.9,82,4.8,158,9.3,23,11.2,21,22,22,10.7,0.0,3.6,0,0,0.0,,0,
hfhf.team,team,2026-09-12,2026-09-13,2,да,content-2026-09-12-7str-oform-1,content-дата,1,7,оформлено,Theme1,alpha_other,4,1392,1,1,да,493,14,12-17,6,0,206,206,206,206,150,56,0,988,613,62.0,81,8.2,294,29.8,18,8.7,8,8,17,3.9,4.0,4.5,0,0,0.0,,0,
022casino.team,team,2026-09-12,2026-09-13,2,да,content-2026-09-12-7str-oform-2,content-дата,1,7,оформлено,Theme1,casino_infix,9,1338,1,1,да,201,13,12-17,6,0,206,206,206,206,150,56,0,706,407,57.6,81,11.5,218,30.9,11,5.3,5,6,8,2.9,1.5,7.4,0,0,0.0,,0,
h9y9.lol,lol,2026-09-14,2026-09-16,3,да,content-2026-09-14-7str-oform-8_32,content-дата,1,7,оформлено,Theme1,alpha_other,4,1184,1,1,да,578,0,00-05,1,0,0,206,206,206,49,157,0,1081,841,77.8,80,7.4,160,14.8,18,8.7,6,13,18,6.3,2.0,4.4,0,0,0.0,,0,
y6u3.lol,lol,2026-09-16,2026-09-17,2,да,content-2026-09-15-7str-oform-2_19,content-дата,1,7,оформлено,Theme1,alpha_other,4,299,2,2,нет,615,23,18-23,3,0,0,206,206,206,150,56,0,1329,1045,78.6,80,6.0,204,15.3,24,11.7,18,24,24,11.7,1.0,3.3,0,0,0.0,,0,
0697.team,team,2026-09-06,2026-09-07,2,да,nabory400410_styled_img,nabory,1,,styled_img,Theme1,numeric,4,545,1,1,да,220,19,18-23,7,0,206,206,206,206,150,56,0,836,426,51.0,79,9.4,331,39.6,15,7.3,11,12,13,5.8,1,5.3,0,0,0.0,,0,
vlg.lol,lol,2026-09-08,2026-09-09,2,да,archive37строформленоv2часть3,archive,1,7,оформлено,Theme1,alpha_other,3,782,1,1,да,457,22,18-23,2,0,0,206,206,206,150,56,0,503,280,55.7,79,15.7,144,28.6,20,9.7,13,13,16,6.3,1.0,4.0,0,0,0.0,,0,
8723.team,team,2026-09-16,2026-09-17,2,да,content-2026-09-15-7str-oform-2_34,content-дата,1,7,оформлено,Theme1,numeric,4,257,2,2,нет,630,15,12-17,3,0,0,206,206,206,150,56,0,645,477,74.0,79,12.2,89,13.8,17,8.3,10,17,17,8.3,1,4.6,0,0,0.0,,0,
1490.team,team,2026-09-18,2026-09-18,1,да,content-2026-09-17-7str-oform-2_20,content-дата,1,7,оформлено,Theme1,numeric,4,463,2,2,нет,691,2,00-05,5,150,0,150,150,150,150,0,0,500,388,77.6,79,15.8,33,6.6,8,5.3,8,8,8,5.3,0.0,9.9,0,0,0.0,,0,
389casino.buzz,buzz,2026-09-08,2026-09-09,2,да,archive37строформленоv2часть2,archive,1,7,оформлено,Theme1,casino_infix,9,679,1,1,да,382,14,12-17,2,0,0,206,206,206,150,56,0,760,479,63.0,78,10.3,203,26.7,28,13.6,18,19,19,9.2,1.0,2.8,0,0,0.0,,0,
0431.team,team,2026-09-15,2026-09-16,2,да,content-2026-09-14-7str-oform-9_21,content-дата,1,7,оформлено,Theme1,numeric,4,2,3,3,нет,640,3,00-05,2,206,0,206,206,206,150,56,0,462,315,68.2,78,16.9,69,14.9,16,7.8,8,16,16,7.8,1.5,4.9,0,0,0.0,,0,
casinoaa.lol,lol,2026-09-18,2026-09-18,1,да,content-2026-09-17-7str-oform-2_36,content-дата,1,7,оформлено,Theme1,casino_prefix,8,476,2,2,нет,707,12,12-17,5,0,0,150,150,150,150,0,0,570,449,78.8,78,13.7,43,7.5,22,14.7,16,22,22,14.7,1.0,3.5,0,0,0.0,,0,
4827s.team,team,2026-08-11,2026-08-12,2,да,КОНТЕНТ НЕ ЗАПИСАН,не записан,1,,,Theme2,alpha_other,5,1,1,5,да,1,15,12-17,2,0,0,166,166,166,150,16,0,1456,158,10.9,77,5.3,1221,83.9,7,4.2,2,2,3,1.2,9,11.0,0,0,0.0,,0,
3164.team,team,2026-08-20,2026-08-21,2,да,КОНТЕНТ НЕ ЗАПИСАН,не записан,1,,,Theme1,numeric,4,141,1,2,да,135,22,18-23,4,0,0,205,205,205,150,55,0,1744,1251,71.7,77,4.4,416,23.9,14,6.8,10,11,14,5.4,1.0,5.5,0,0,0.0,,0,
p2v.team,team,2026-09-01,2026-09-02,2,да,nabory264268_01.09,nabory,1,,,Theme1,alpha_other,3,367,1,2,да,375,20,18-23,2,0,0,206,206,206,150,56,0,2312,1532,66.3,77,3.3,703,30.4,19,9.2,18,19,19,9.2,1,4.1,0,0,0.0,,0,
u4f5.lol,lol,2026-09-04,2026-09-05,2,да,nabory284293,nabory,1,,,Theme1,alpha_other,4,530,1,2,да,109,11,06-11,5,0,0,206,206,206,150,56,0,1353,781,57.7,77,5.7,495,36.6,15,7.3,13,13,13,6.3,0.5,5.1,0,0,0.0,,0,
9722.team,team,2026-09-05,2026-09-06,2,да,Generator_370382_styled_img,Generator,1,,styled_img,Theme1,numeric,4,1245,1,2,да,191,8,06-11,6,0,206,206,206,206,150,56,0,949,493,51.9,77,8.1,379,39.9,14,6.8,8,10,10,4.9,1,5.5,0,0,0.0,,0,
d4v.team,team,2026-08-20,2026-08-21,2,да,КОНТЕНТ НЕ ЗАПИСАН,не записан,1,,,Theme2,alpha_other,3,125,1,2,да,165,21,18-23,4,0,0,203,203,203,150,53,0,1505,942,62.6,76,5.0,487,32.4,16,7.9,10,15,15,7.4,1.0,4.8,0,0,0.0,,0,
h8cz.team,team,2026-08-20,2026-08-21,2,да,КОНТЕНТ НЕ ЗАПИСАН,не записан,1,,,Theme2,alpha_other,4,129,1,2,да,154,21,18-23,4,0,0,204,204,204,150,54,0,1647,1010,61.3,76,4.6,561,34.1,6,2.9,6,6,6,2.9,1.0,12.7,0,0,0.0,,0,
nyfj.team,team,2026-09-04,2026-09-05,2,да,Generator_354359_styled_img,Generator,1,,styled_img,Theme1,alpha_other,4,1209,1,2,да,206,18,18-23,5,0,0,206,206,206,150,56,0,985,633,64.3,76,7.7,276,28.0,12,5.8,8,10,10,4.9,1.0,6.3,0,0,0.0,,0,
2155.lol,lol,2026-09-21,2026-09-21,1,нет,content-2026-09-17-7str-oform-1_12,content-дата,1,7,оформлено,Theme1,numeric,4,1232,2,2,нет,842,0,00-05,1,150,0,150,0,150,150,0,0,1208,1028,85.1,76,6.3,104,8.6,22,14.7,,,,,0.0,3.5,0,0,0.0,,0,
4893.lol,lol,2026-09-06,2026-09-07,2,да,nabory400410_styled_img,nabory,1,,styled_img,Theme1,numeric,4,1307,1,2,да,159,17,12-17,7,0,206,206,206,206,150,56,0,885,535,60.5,75,8.5,275,31.1,17,8.3,15,16,17,7.8,1,4.4,0,0,0.0,,0,
3155.team,team,2026-09-14,2026-09-15,2,да,nabory-500-509_styled_img,nabory,1,,styled_img,Theme1,numeric,4,1117,1,1,да,711,15,12-17,1,206,0,206,206,206,150,56,0,521,348,66.8,75,14.4,98,18.8,5,2.4,3,4,4,1.9,1.0,15.0,0,0,0.0,,0,
6907.team,team,2026-09-15,2026-09-16,2,да,content-2026-09-14-7str-oform-9_37,content-дата,1,7,оформлено,Theme1,numeric,4,1189,1,1,да,700,1,00-05,2,206,0,206,206,206,150,56,0,852,684,80.3,75,8.8,93,10.9,11,5.3,6,11,11,5.3,1,6.8,0,0,0.0,,0,
0472.lol,lol,2026-09-16,2026-09-17,2,да,nabory-565-580_10,nabory,1,,,Theme1,numeric,4,227,2,2,нет,656,10,06-11,3,0,0,206,206,206,150,56,0,1981,1622,81.9,75,3.8,284,14.3,17,8.3,12,16,16,7.8,1.0,4.4,0,0,0.0,,0,
tzeq.lol,lol,2026-09-17,2026-09-18,2,да,content-2026-09-15-7str-oform-1_28,content-дата,1,7,оформлено,Theme1,alpha_other,4,331,2,2,нет,554,5,00-05,4,206,0,206,206,206,150,56,0,1212,974,80.4,75,6.2,163,13.4,21,10.2,16,21,21,10.2,1,3.6,0,0,0.0,,0,
788casino.lol,lol,2026-09-17,2026-09-18,2,да,content-2026-09-14b-7str-oform-2_4,content-дата,1,7,оформлено,Theme1,casino_infix,9,375,2,2,нет,811,11,06-11,4,0,0,206,206,206,150,56,0,893,771,86.3,75,8.4,47,5.3,12,5.8,10,12,12,5.8,1.0,6.2,0,0,0.0,,0,
casino60.team,team,2026-09-17,2026-09-18,2,да,content-2026-09-16-7str_41,content-дата,1,7,,Theme1,casino_prefix,8,410,2,2,нет,790,16,12-17,4,0,0,206,206,206,150,56,0,890,738,82.9,75,8.4,77,8.7,13,6.3,7,13,13,6.3,1,5.8,0,0,0.0,,0,
3405.team,team,2026-08-20,2026-08-21,2,да,КОНТЕНТ НЕ ЗАПИСАН,не записан,1,,,Theme2,numeric,4,108,1,3,да,136,20,18-23,4,0,0,204,204,204,150,54,0,1029,658,63.9,74,7.2,297,28.9,18,8.8,16,17,17,8.3,1.0,4.1,0,0,0.0,,0,
casinofdv.lol,lol,2026-09-17,2026-09-18,2,да,content-2026-09-15-7str-oform-1_14,content-дата,1,7,оформлено,Theme1,casino_prefix,9,359,2,2,нет,835,9,06-11,4,0,0,206,206,206,150,56,0,820,691,84.3,74,9.0,55,6.7,12,5.8,6,11,12,5.3,1.5,6.2,0,0,0.0,,0,
5403.team,team,2026-09-17,2026-09-18,2,да,content-2026-09-14b-7str-oform-1_45,content-дата,1,7,оформлено,Theme1,numeric,4,373,2,2,нет,801,10,06-11,4,0,0,206,206,206,150,56,0,1007,867,86.1,74,7.3,66,6.6,14,6.8,9,14,14,6.8,1.0,5.3,0,0,0.0,,0,
anpl.lol,lol,2026-09-17,2026-09-18,2,да,content-2026-09-16-7str_12,content-дата,1,7,,Theme1,alpha_other,4,407,2,2,нет,761,15,12-17,4,0,0,206,206,206,150,56,0,1447,1300,89.8,74,5.1,73,5.0,10,4.9,7,10,10,4.9,1.0,7.4,0,0,0.0,,0,
0779.team,team,2026-09-10,2026-09-11,2,да,КОНТЕНТ НЕ ЗАПИСАН,не записан,1,,,Theme1,numeric,4,800,1,1,да,67,21,18-23,3,0,0,206,206,206,150,56,0,312,161,51.6,73,23.4,78,25.0,11,5.3,6,9,11,4.4,1,6.6,0,0,0.0,,0,
casinot0.lol,lol,2026-09-14,2026-09-15,2,да,content-2026-09-12-7str-oform-3,content-дата,1,7,оформлено,Theme1,casino_prefix,8,1138,1,1,да,600,12,12-17,1,0,0,206,206,206,150,56,0,885,740,83.6,73,8.2,72,8.1,8,3.9,4,8,8,3.9,1.5,9.1,0,0,0.0,,0,
nidcasino.lol,lol,2026-09-17,2026-09-18,2,да,content-2026-09-16-7str_27,content-дата,1,7,,Theme1,casino_infix,9,420,2,2,нет,776,17,12-17,4,0,0,206,206,206,150,56,0,1139,1031,90.5,73,6.4,35,3.1,14,6.8,9,14,14,6.8,1.0,5.2,0,0,0.0,,0,
tbvi.lol,lol,2026-09-18,2026-09-18,1,да,content-2026-09-17b-7str-oform_11,content-дата,1,7,оформлено,Theme1,alpha_other,4,508,2,2,нет,307,16,12-17,5,0,0,150,150,150,150,0,0,675,542,80.3,73,10.8,60,8.9,21,14.0,20,21,21,14.0,1,3.5,0,0,0.0,,0,
9061.lol,lol,2026-09-02,2026-09-03,2,да,nabory284293,nabory,1,,,Theme1,numeric,4,417,1,2,да,462,21,18-23,3,0,0,206,206,206,150,56,0,1549,809,52.2,72,4.6,668,43.1,15,7.3,11,14,14,6.8,1,4.8,0,0,0.0,,0,
zxcasino.team,team,2026-09-17,2026-09-18,2,да,content-2026-09-16-12str_5,content-дата,1,12,,Theme1,casino_infix,8,430,2,2,нет,796,21,18-23,4,0,0,206,206,206,150,56,0,1055,850,80.6,72,6.8,133,12.6,19,9.2,15,19,19,9.2,1,3.8,0,0,0.0,,0,
9747.team,team,2026-09-17,2026-09-18,2,да,content-2026-09-16-7str_18,content-дата,1,7,,Theme1,numeric,4,406,2,2,нет,767,15,12-17,4,0,0,206,206,206,150,56,0,939,831,88.5,72,7.7,36,3.8,23,11.2,12,22,23,10.7,1,3.1,0,0,0.0,,0,
casino423.lol,lol,2026-09-17,2026-09-18,2,да,content-2026-09-14b-7str-oform-1_30,content-дата,1,7,оформлено,Theme1,casino_prefix,9,442,2,2,нет,738,23,18-23,4,0,0,206,206,206,150,56,0,573,449,78.4,72,12.6,52,9.1,4,1.9,3,4,4,1.9,1.0,18.0,0,0,0.0,,0,
5364.team,team,2026-08-20,2026-08-21,2,да,КОНТЕНТ НЕ ЗАПИСАН,не записан,1,,,Theme2,numeric,4,115,1,2,да,143,21,18-23,4,0,0,204,204,204,150,54,0,1832,982,53.6,71,3.9,779,42.5,18,8.8,14,15,16,7.4,1,3.9,0,0,0.0,,0,
casinozfa.team,team,2026-09-05,2026-09-06,2,да,Generator_385390_styled_img,Generator,1,,styled_img,Theme1,casino_prefix,9,1259,1,2,да,99,15,12-17,6,0,206,206,206,206,150,56,0,788,320,40.6,71,9.0,397,50.4,8,3.9,3,4,5,1.9,4.0,8.9,0,0,0.0,,0,
p9y.casino,casino,2026-09-12,2026-09-13,2,да,script_yandex_12page,script,1,12,,Theme1,alpha_other,3,1001,1,1,да,99,19,18-23,6,0,206,206,206,206,150,56,0,937,560,59.8,71,7.6,306,32.7,21,10.2,12,15,19,7.3,1.0,3.4,0,0,0.0,,0,
2108jd.buzz,buzz,2026-08-21,2026-08-22,2,да,КОНТЕНТ НЕ ЗАПИСАН,не записан,1,,,Theme1,alpha_other,6,163,1,2,да,104,22,18-23,5,0,0,206,206,206,150,56,0,750,468,62.4,70,9.3,212,28.3,17,8.3,11,13,14,6.3,1,4.1,0,0,0.0,,0,
casinoj5.lol,lol,2026-09-13,2026-09-14,2,да,nabory-495-499_styled_img,nabory,1,,styled_img,Theme1,casino_prefix,8,1096,1,1,да,550,16,12-17,7,0,206,206,206,206,150,56,0,432,257,59.5,70,16.2,105,24.3,14,6.8,6,9,13,4.4,2,5.0,0,0,0.0,,0,
39casino.lol,lol,2026-09-15,2026-09-16,2,да,content-2026-09-14-7str-oform-9_1,content-дата,1,7,оформлено,Theme1,casino_infix,8,39,2,2,нет,613,4,00-05,2,206,0,206,206,206,150,56,0,609,470,77.2,70,11.5,69,11.3,14,6.8,10,14,14,6.8,1.0,5.0,0,0,0.0,,0,
x5j.lol,lol,2026-09-17,2026-09-18,2,да,content-2026-09-16-7str_16,content-дата,1,7,,Theme1,alpha_other,3,426,2,2,нет,765,20,18-23,4,0,0,206,206,206,150,56,0,1125,954,84.8,70,6.2,101,9.0,18,8.7,10,18,18,8.7,1.0,3.9,0,0,0.0,,0,
casinopo.team,team,2026-09-10,2026-09-11,2,да,archive47_unique119оформленочасть2,archive,1,,оформлено,Theme1,casino_prefix,8,828,1,1,да,49,19,18-23,3,0,0,206,206,206,150,56,0,324,162,50.0,69,21.3,93,28.7,10,4.9,6,7,9,3.4,1,6.9,0,0,0.0,,0,
evcasino.team,team,2026-09-12,2026-09-13,2,да,content-2026-09-12-7str-oform-2,content-дата,1,7,оформлено,Theme1,casino_infix,8,1378,1,1,да,566,17,12-17,6,0,206,206,206,206,150,56,0,603,359,59.5,69,11.4,175,29.0,7,3.4,4,5,7,2.4,1,9.9,0,0,0.0,,0,
vitt.lol,lol,2026-09-12,2026-09-13,2,да,content-2026-09-12-7str-oform-2,content-дата,1,7,оформлено,Theme1,alpha_other,4,1068,1,1,да,200,13,12-17,6,0,206,206,206,206,150,56,0,978,641,65.5,69,7.1,268,27.4,12,5.8,4,5,11,2.4,4,5.8,0,0,0.0,,0,
0649.lol,lol,2026-09-17,2026-09-18,2,да,content-2026-09-15-7str-oform-1_35,content-дата,1,7,оформлено,Theme1,numeric,4,316,2,2,нет,561,3,00-05,4,206,0,206,206,206,150,56,0,863,725,84.0,69,8.0,69,8.0,17,8.3,13,15,15,7.3,0,4.1,0,0,0.0,,0,
fgqw.team,team,2026-08-20,2026-08-21,2,да,КОНТЕНТ НЕ ЗАПИСАН,не записан,1,,,Theme2,alpha_other,4,102,1,2,да,52,12,12-17,4,0,0,199,199,199,150,49,0,2069,1276,61.7,68,3.3,725,35.0,28,14.1,19,21,23,10.6,1,2.4,0,0,0.0,,0,
fkjj.lol,lol,2026-08-25,2026-08-26,2,да,КОНТРОЛЬ NEW50_5_7pages_nodate_21.08,контроль,1,7,без оформления,Theme1,alpha_other,4,244,1,2,да,315,15,12-17,2,0,0,206,206,206,150,56,0,816,513,62.9,68,8.3,235,28.8,11,5.3,7,11,11,5.3,1,6.2,0,0,0.0,,0,
gsbe.lol,lol,2026-09-08,2026-09-09,2,да,archive37строформленоv2часть3,archive,1,7,оформлено,Theme1,alpha_other,4,776,1,1,да,442,21,18-23,2,0,0,206,206,206,150,56,0,791,500,63.2,68,8.6,223,28.2,15,7.3,6,6,10,2.9,5,4.5,0,0,0.0,,0,
kohi.team,team,2026-09-10,2026-09-11,2,да,archive37строформленоv2часть1,archive,1,7,оформлено,Theme1,alpha_other,4,912,1,1,да,163,17,12-17,4,0,0,206,206,206,150,56,0,700,406,58.0,68,9.7,226,32.3,18,8.7,10,11,18,5.3,1.0,3.8,0,0,0.0,,0,
u5k4.team,team,2026-09-12,2026-09-13,2,да,content-2026-09-12-7str-oform-1,content-дата,1,7,оформлено,Theme1,alpha_other,4,1061,1,1,да,567,22,18-23,6,0,206,206,206,206,150,56,0,1111,530,47.7,68,6.1,513,46.2,13,6.3,5,7,11,3.4,2.0,5.2,0,0,0.0,,0,
5295.lol,lol,2026-09-17,2026-09-18,2,да,content-2026-09-15-7str-oform-1_6,content-дата,1,7,оформлено,Theme1,numeric,4,352,2,2,нет,827,9,06-11,4,0,0,206,206,206,150,56,0,783,630,80.5,68,8.7,85,10.9,19,9.2,13,18,19,8.7,1,3.6,0,0,0.0,,0,
7491.lol,lol,2026-09-08,2026-09-09,2,да,archive37строформленоv2часть1,archive,1,7,оформлено,Theme1,numeric,4,717,1,1,да,353,15,12-17,2,0,0,206,206,206,150,56,0,726,435,59.9,66,9.1,225,31.0,14,6.8,10,10,11,4.9,1,4.7,0,0,0.0,,0,
ptcasino.buzz,buzz,2026-09-08,2026-09-09,2,да,archive37строформленоv2часть3,archive,1,7,оформлено,Theme1,casino_infix,8,781,1,1,да,438,22,18-23,2,0,0,206,206,206,150,56,0,355,187,52.7,66,18.6,102,28.7,9,4.4,5,7,7,3.4,1,7.3,0,0,0.0,,0,
2872.team,team,2026-08-20,2026-08-21,2,да,КОНТЕНТ НЕ ЗАПИСАН,не записан,1,,,Theme1,numeric,4,140,1,2,да,134,22,18-23,4,0,0,205,205,205,150,55,0,1085,763,70.3,65,6.0,257,23.7,18,8.8,12,12,14,5.9,1.0,3.6,0,0,0.0,,0,
8292.team,team,2026-09-10,2026-09-11,2,да,archive47_unique119оформленочасть1,archive,1,,оформлено,Theme1,numeric,4,849,1,1,да,30,19,18-23,3,0,0,206,206,206,150,56,0,334,128,38.3,65,19.5,141,42.2,8,3.9,6,6,8,2.9,1.0,8.1,0,0,0.0,,0,
4253.team,team,2026-09-12,2026-09-13,2,да,content-2026-09-12-7str-oform-1,content-дата,1,7,оформлено,Theme1,numeric,4,1363,1,1,да,539,15,12-17,6,0,206,206,206,206,150,56,0,877,503,57.4,65,7.4,309,35.2,10,4.9,2,3,10,1.5,5.0,6.5,0,0,0.0,,0,
8436casino.lol,lol,2026-09-12,2026-09-13,2,да,content-2026-09-12-7str-oform-2,content-дата,1,7,оформлено,Theme1,casino_infix,10,1373,1,1,да,545,16,12-17,6,0,206,206,206,206,150,56,0,716,423,59.1,65,9.1,228,31.8,16,7.8,7,9,16,4.4,3.0,4.1,0,0,0.0,,0,
casino5457.team,team,2026-09-12,2026-09-13,2,да,nabory-490-494_styled_img,nabory,1,,styled_img,Theme1,casino_prefix,10,1077,1,1,да,536,21,18-23,6,0,206,206,206,206,150,56,0,885,534,60.3,65,7.3,286,32.3,22,10.7,8,10,22,4.9,4.0,3.0,0,0,0.0,,0,
2242.team,team,2026-09-13,2026-09-14,2,да,content-2026-09-12-7str-oform-3,content-дата,1,7,оформлено,Theme1,numeric,4,1088,1,1,да,499,14,12-17,7,0,206,206,206,206,150,56,0,484,397,82.0,65,13.4,22,4.5,18,8.7,12,13,18,6.3,1.0,3.6,0,0,0.0,,0,
fwl.lol,lol,2026-09-17,2026-09-18,2,да,content-2026-09-15-7str-oform-1_13,content-дата,1,7,оформлено,Theme1,alpha_other,3,363,2,2,нет,834,10,06-11,4,0,0,206,206,206,150,56,0,965,797,82.6,65,6.7,103,10.7,17,8.3,10,16,17,7.8,1,3.8,0,0,0.0,,0,
casino5308.team,team,2026-09-17,2026-09-18,2,да,content-2026-09-14b-7str-oform-2_8,content-дата,1,7,оформлено,Theme1,casino_prefix,10,379,2,2,нет,815,11,06-11,4,0,0,206,206,206,150,56,0,964,840,87.1,65,6.7,59,6.1,9,4.4,6,8,8,3.9,1.0,7.2,0,0,0.0,,0,
95casino.team,team,2026-09-19,2026-09-20,2,нет,content-2026-09-17-7str-oform-2_31,content-дата,1,7,оформлено,Theme1,casino_infix,8,533,2,2,нет,702,3,00-05,6,206,206,206,0,206,150,56,0,443,345,77.9,65,14.7,33,7.4,13,6.3,,,,,0,5.0,0,0,0.0,,0,
837f.team,team,2026-08-18,2026-08-19,2,да,КОНТЕНТ НЕ ЗАПИСАН,не записан,1,,,Theme1,alpha_other,4,5,1,3,да,9,15,12-17,2,0,0,184,184,184,150,34,0,384,207,53.9,64,16.7,113,29.4,6,3.3,4,6,6,3.3,1.0,10.7,0,0,0.0,,0,
1908jd.buzz,buzz,2026-08-19,2026-08-20,2,да,КОНТЕНТ НЕ ЗАПИСАН,не записан,1,,,Theme1,alpha_other,6,42,1,2,да,96,17,12-17,3,0,0,184,184,184,150,34,0,1456,783,53.8,64,4.4,609,41.8,19,10.3,15,16,16,8.7,1,3.4,0,0,0.0,,0,
8730.lol,lol,2026-09-02,2026-09-03,2,да,nabory274283,nabory,1,,,Theme1,numeric,4,416,1,2,да,476,21,18-23,3,0,0,206,206,206,150,56,0,1363,916,67.2,64,4.7,383,28.1,9,4.4,8,8,8,3.9,1,7.1,0,0,0.0,,0,
bvve.lol,lol,2026-09-04,2026-09-05,2,да,КОНТЕНТ НЕ ЗАПИСАН,не записан,1,,,Theme1,alpha_other,4,535,1,2,да,77,14,12-17,5,0,0,206,206,206,150,56,0,1493,926,62.0,64,4.3,503,33.7,10,4.9,4,7,8,3.4,2.0,6.4,0,0,0.0,,0,
v3w0.team,team,2026-09-07,2026-09-08,2,да,nabory436440_styled_img,nabory,1,,styled_img,Theme1,alpha_other,4,620,1,1,да,336,18,18-23,1,0,0,206,206,206,150,56,0,772,499,64.6,64,8.3,209,27.1,17,8.3,11,13,14,6.3,1,3.8,0,0,0.0,,0,
xwo.lol,lol,2026-09-16,2026-09-17,2,да,nabory-565-580_13,nabory,1,,,Theme1,alpha_other,3,245,2,2,нет,659,14,12-17,3,0,0,206,206,206,150,56,0,2113,1862,88.1,64,3.0,187,8.8,18,8.7,14,17,17,8.3,0,3.6,0,0,0.0,,0,
1186casino.lol,lol,2026-09-20,2026-09-21,2,нет,content-2026-09-17-7str-oform-1_41,content-дата,1,7,оформлено,Theme1,casino_infix,10,1224,2,2,нет,871,12,12-17,7,0,206,206,0,206,150,56,0,482,355,73.7,64,13.3,63,13.1,17,8.3,,,,,1,3.8,0,0,0.0,,0,
0409gd.casino,casino,2026-09-04,2026-09-05,2,да,NEW20_7pages_nodate_styled_img,NEW,1,7,styled_img,Theme1,alpha_other,6,1214,1,2,да,122,19,18-23,5,0,0,206,206,206,150,56,0,803,504,62.8,63,7.8,236,29.4,18,8.7,15,17,18,8.3,1.0,3.5,0,0,0.0,,0,
0876.team,team,2026-09-07,2026-09-08,2,да,NEW20_12pages_withdate_оформлено,NEW,1,12,оформлено,Theme1,numeric,4,622,1,1,да,340,19,18-23,1,0,0,206,206,206,150,56,0,1173,670,57.1,63,5.4,440,37.5,27,13.1,19,21,21,10.2,1.0,2.3,0,0,0.0,,0,
5076.team,team,2026-09-08,2026-09-09,2,да,Content_script_12page_08.09,script,1,12,,Theme1,numeric,4,654,1,1,да,283,8,06-11,2,0,0,206,206,206,150,56,0,785,438,55.8,62,7.9,285,36.3,11,5.3,8,8,10,3.9,0,5.6,0,0,0.0,,0,
5730.lol,lol,2026-09-08,2026-09-09,2,да,archive37строформленоv2часть2,archive,1,7,оформлено,Theme1,numeric,4,681,1,1,да,417,14,12-17,2,0,0,206,206,206,150,56,0,639,452,70.7,62,9.7,125,19.6,18,8.7,13,13,14,6.3,1,3.4,0,0,0.0,,0,
4946.team,team,2026-09-10,2026-09-11,2,да,archive37строформленоv2часть3,archive,1,7,оформлено,Theme1,numeric,4,889,1,1,да,60,20,18-23,4,0,0,206,206,206,150,56,0,392,207,52.8,62,15.8,123,31.4,7,3.4,3,3,4,1.5,6,8.9,0,0,0.0,,0,
1163.team,team,2026-09-14,2026-09-15,2,да,nabory-500-509_styled_img,nabory,1,,styled_img,Theme1,numeric,4,1128,1,1,да,643,15,12-17,1,0,0,206,206,206,150,56,0,735,518,70.5,62,8.4,155,21.1,9,4.4,7,9,9,4.4,1,6.9,0,0,0.0,,0,
d8c3.team,team,2026-09-17,2026-09-18,2,да,content-2026-09-16-7str_22,content-дата,1,7,,Theme1,alpha_other,4,413,2,2,нет,771,16,12-17,4,0,0,206,206,206,150,56,0,1141,1007,88.3,62,5.4,72,6.3,16,7.8,10,16,16,7.8,1.0,3.9,0,0,0.0,,0,
4771.team,team,2026-09-21,2026-09-21,1,нет,content-2026-09-17-7str-oform-1_5,content-дата,1,7,оформлено,Theme1,numeric,4,1256,2,2,нет,675,1,00-05,1,150,0,150,0,150,150,0,0,622,505,81.2,62,10.0,55,8.8,23,15.3,,,,,0,2.7,0,0,0.0,,0,
f4w.lol,lol,2026-09-02,2026-09-03,2,да,nabory294303,nabory,1,,,Theme1,alpha_other,3,418,1,2,да,457,21,18-23,3,0,0,206,206,206,150,56,0,1803,1124,62.3,61,3.4,618,34.3,16,7.8,12,14,15,6.8,1.0,3.8,0,0,0.0,,0,
casino50.team,team,2026-09-17,2026-09-18,2,да,content-2026-09-16-7str_30,content-дата,1,7,,Theme1,casino_prefix,8,409,2,2,нет,779,16,12-17,4,0,0,206,206,206,150,56,0,1010,882,87.3,61,6.0,67,6.6,13,6.3,8,13,13,6.3,1,4.7,0,0,0.0,,0,
4213.team,team,2026-08-20,2026-08-21,2,да,КОНТЕНТ НЕ ЗАПИСАН,не записан,1,,,Theme2,numeric,4,111,1,3,да,139,20,18-23,4,0,0,203,203,203,150,53,0,886,609,68.7,60,6.8,217,24.5,13,6.4,7,9,11,4.4,1,4.6,0,0,0.0,,0,
4970.team,team,2026-09-14,2026-09-15,2,да,content-2026-09-14-7str-oform-8_48,content-дата,1,7,оформлено,Theme1,numeric,4,1168,1,1,да,701,22,18-23,1,0,0,206,206,206,150,56,0,632,486,76.9,60,9.5,86,13.6,13,6.3,8,13,13,6.3,1,4.6,0,0,0.0,,0,
8864casino.team,team,2026-09-06,2026-09-07,2,да,Generator_392396_styled_img,Generator,1,,styled_img,Theme1,casino_infix,10,1288,1,2,да,173,9,06-11,7,0,206,206,206,206,150,56,0,776,403,51.9,59,7.6,314,40.5,11,5.3,10,10,11,4.9,1,5.4,0,0,0.0,,0,
casino29.team,team,2026-09-10,2026-09-11,2,да,archive47_unique119оформленочасть1,archive,1,,оформлено,Theme1,casino_prefix,8,853,1,1,да,24,19,18-23,3,0,0,206,206,206,150,56,0,245,124,50.6,59,24.1,62,25.3,8,3.9,6,6,6,2.9,1,7.4,0,0,0.0,,0,
6709.team,team,2026-09-17,2026-09-18,2,да,content-2026-09-16-7str_10,content-дата,1,7,,Theme1,numeric,4,401,2,2,нет,759,13,12-17,4,0,0,206,206,206,150,56,0,1520,1374,90.4,59,3.9,87,5.7,15,7.3,10,14,14,6.8,1.0,3.9,0,0,0.0,,0,
casino79.team,team,2026-09-04,2026-09-05,2,да,Generator_346353_styled_img,Generator,1,,styled_img,Theme1,casino_prefix,8,1197,1,2,да,216,17,12-17,5,0,0,206,206,206,150,56,0,1800,1450,80.6,58,3.2,292,16.2,8,3.9,4,4,6,1.9,2.5,7.2,0,0,0.0,,0,
0409ss.casino,casino,2026-09-04,2026-09-05,2,да,NEW20_7pages_withdate_styled_img,NEW,1,7,styled_img,Theme1,alpha_other,6,1218,1,2,да,130,19,18-23,5,0,0,206,206,206,150,56,0,453,298,65.8,58,12.8,97,21.4,8,3.9,5,5,6,2.4,1.0,7.2,0,0,0.0,,0,
z1o4.team,team,2026-09-11,2026-09-12,2,да,КОНТЕНТ НЕ ЗАПИСАН,не записан,1,,,Theme1,alpha_other,4,1330,1,1,да,258,21,18-23,5,0,0,206,206,206,150,56,0,1162,669,57.6,58,5.0,435,37.4,28,13.6,17,19,26,9.2,1.0,2.1,0,0,0.0,,0,
4885.lol,lol,2026-09-14,2026-09-15,2,да,content-2026-09-14-7str-oform-8_39,content-дата,1,7,оформлено,Theme1,numeric,4,1167,1,1,да,603,21,18-23,1,0,0,206,206,206,150,56,0,735,547,74.4,58,7.9,130,17.7,16,7.8,7,16,16,7.8,2.0,3.6,0,0,0.0,,0,
casinoiho.lol,lol,2026-09-18,2026-09-18,1,да,content-2026-09-17-7str-oform-2_53,content-дата,1,7,оформлено,Theme1,casino_prefix,9,477,2,2,нет,724,12,12-17,5,0,0,150,150,150,150,0,0,682,587,86.1,58,8.5,37,5.4,5,3.3,4,5,5,3.3,0,11.6,0,0,0.0,,0,
9827.lol,lol,2026-09-20,2026-09-21,2,нет,content-2026-09-17-12str-oform_2,content-дата,1,12,оформлено,Theme1,numeric,4,1247,2,2,нет,882,15,12-17,7,0,206,206,0,206,150,56,0,655,509,77.7,58,8.9,88,13.4,22,10.7,,,,,0.0,2.6,0,0,0.0,,0,
d9tk.team,team,2026-08-20,2026-08-21,2,да,КОНТЕНТ НЕ ЗАПИСАН,не записан,1,,,Theme2,alpha_other,4,126,1,2,да,151,21,18-23,4,0,0,204,204,204,150,54,0,1100,794,72.2,57,5.2,249,22.6,5,2.5,3,4,5,2.0,1,11.4,0,0,0.0,,0,
xxlx.buzz,buzz,2026-09-08,2026-09-09,2,да,archive37строформленоv2часть2,archive,1,7,оформлено,Theme1,alpha_other,4,695,1,1,да,405,16,12-17,2,0,0,206,206,206,150,56,0,523,257,49.1,57,10.9,209,40.0,6,2.9,2,3,4,1.5,4.5,9.5,0,0,0.0,,0,
4944.lol,lol,2026-09-08,2026-09-09,2,да,archive37строформленоv2часть1,archive,1,7,оформлено,Theme1,numeric,4,726,1,1,да,357,18,18-23,2,0,0,206,206,206,150,56,0,559,380,68.0,57,10.2,122,21.8,7,3.4,4,6,6,2.9,1,8.1,0,0,0.0,,0,
0815.lol,lol,2026-09-08,2026-09-09,2,да,archive37строформленоv2часть3,archive,1,7,оформлено,Theme1,numeric,4,779,1,1,да,443,22,18-23,2,0,0,206,206,206,150,56,0,463,288,62.2,57,12.3,118,25.5,17,8.3,9,10,12,4.9,1,3.4,0,0,0.0,,0,
0400.lol,lol,2026-09-16,2026-09-17,2,да,nabory-565-580_1,nabory,1,,,Theme1,numeric,4,226,2,2,нет,647,10,06-11,3,0,0,206,206,206,150,56,0,2412,1959,81.2,57,2.4,396,16.4,16,7.8,12,14,15,6.8,1,3.6,0,0,0.0,,0,
casinon4.team,team,2026-09-21,2026-09-21,1,нет,content-2026-09-14b-7str-oform-1_29,content-дата,1,7,оформлено,Theme1,casino_prefix,8,1299,2,2,нет,670,9,06-11,1,0,0,150,0,150,150,0,0,287,195,67.9,56,19.5,36,12.5,19,12.7,,,,,0,2.9,0,0,0.0,,0,
im8tq.icu,icu,2026-08-19,2026-08-20,2,да,КОНТЕНТ НЕ ЗАПИСАН,не записан,1,,,Theme1,alpha_other,5,55,1,2,да,108,17,12-17,3,0,0,184,184,184,150,34,0,1812,1148,63.4,55,3.0,609,33.6,10,5.4,6,6,7,3.3,1.0,5.5,0,0,0.0,,0,
1414.lol,lol,2026-09-03,2026-09-04,2,да,КОНТЕНТ НЕ ЗАПИСАН,не записан,1,,,Theme1,numeric,4,437,1,2,да,409,2,00-05,4,206,0,206,206,206,150,56,0,1536,1158,75.4,55,3.6,323,21.0,23,11.2,17,17,17,8.3,0,2.4,0,0,0.0,,0,
6420.lol,lol,2026-09-03,2026-09-04,2,да,NEW50_3_7pages_withdate_styled,NEW,1,7,без оформления,Theme1,numeric,4,494,1,2,да,25,20,18-23,4,0,0,206,206,206,150,56,0,1211,825,68.1,55,4.5,331,27.3,6,2.9,3,3,3,1.5,1,9.2,0,0,0.0,,0,
kpkl.casino,casino,2026-09-11,2026-09-12,2,да,clean7_part1_50оформлено,clean,1,,оформлено,Theme1,alpha_other,4,1034,1,1,да,262,14,12-17,5,0,0,206,206,206,150,56,0,883,601,68.1,55,6.2,227,25.7,13,6.3,5,7,13,3.4,2,4.2,0,0,0.0,,0,
6277.team,team,2026-09-15,2026-09-16,2,да,content-2026-09-14-7str-oform-9_12,content-дата,1,7,оформлено,Theme1,numeric,4,41,2,2,нет,631,4,00-05,2,206,0,206,206,206,150,56,0,807,499,61.8,55,6.8,253,31.4,16,7.8,9,14,16,6.8,1.0,3.4,0,0,0.0,,0,
0699.lol,lol,2026-09-15,2026-09-16,2,да,nabory-525-534_styled_img_5,nabory,1,,styled_img,Theme1,numeric,4,86,2,2,нет,862,9,06-11,2,0,0,206,206,206,150,56,0,723,576,79.7,55,7.6,92,12.7,18,8.7,13,16,17,7.8,1,3.1,0,0,0.0,,0,
emot.team,team,2026-09-17,2026-09-18,2,да,content-2026-09-16-7str_40,content-дата,1,7,,Theme1,alpha_other,4,414,2,2,нет,789,16,12-17,4,0,0,206,206,206,150,56,0,1219,1082,88.8,55,4.5,82,6.7,18,8.7,12,17,17,8.3,1,3.1,0,0,0.0,,0,
b3nq.team,team,2026-08-20,2026-08-21,2,да,КОНТЕНТ НЕ ЗАПИСАН,не записан,1,,,Theme2,alpha_other,4,121,1,2,да,149,21,18-23,4,0,0,204,204,204,150,54,0,1017,618,60.8,54,5.3,345,33.9,13,6.4,12,13,13,6.4,1,4.2,0,0,0.0,,0,
m8t.team,team,2026-09-01,2026-09-02,2,да,nabory264268_01.09,nabory,1,,,Theme1,alpha_other,3,366,1,2,да,374,20,18-23,2,0,0,206,206,206,150,56,0,2098,1409,67.2,54,2.6,635,30.3,20,9.7,13,13,13,6.3,1.0,2.7,0,0,0.0,,0,
8474.team,team,2026-09-03,2026-09-04,2,да,NEW50_3_7pages_nodate_styled,NEW,1,7,без оформления,Theme1,numeric,4,503,1,2,да,482,20,18-23,4,0,0,206,206,206,150,56,0,1220,781,64.0,54,4.4,385,31.6,19,9.2,13,17,17,8.3,1,2.8,0,0,0.0,,0,
casinoopk.lol,lol,2026-09-04,2026-09-05,2,да,nabory284293,nabory,1,,,Theme1,casino_prefix,9,520,1,2,да,111,3,00-05,5,206,0,206,206,206,150,56,0,1330,663,49.8,54,4.1,613,46.1,17,8.3,15,16,16,7.8,0.0,3.2,0,0,0.0,,0,
lwta.buzz,buzz,2026-09-08,2026-09-09,2,да,archive37строформленоv2часть1,archive,1,7,оформлено,Theme1,alpha_other,4,720,1,1,да,360,15,12-17,2,0,0,206,206,206,150,56,0,600,443,73.8,54,9.0,103,17.2,10,4.9,6,6,6,2.9,1.0,5.4,0,0,0.0,,0,
6581casino.team,team,2026-09-12,2026-09-13,2,да,content-2026-09-12-7str-oform-2,content-дата,1,7,оформлено,Theme1,casino_infix,10,1358,1,1,да,561,15,12-17,6,0,206,206,206,206,150,56,0,857,526,61.4,54,6.3,277,32.3,13,6.3,3,6,12,2.9,4,4.2,0,0,0.0,,0,
f3a.lol,lol,2026-09-14,2026-09-15,2,да,content-2026-09-14-7str-oform-8_34,content-дата,1,7,оформлено,Theme1,alpha_other,3,1182,1,1,да,581,23,18-23,1,0,0,206,206,206,150,56,0,800,636,79.5,54,6.8,110,13.8,20,9.7,9,16,20,7.8,2.0,2.7,0,0,0.0,,0,
gbf5.team,team,2026-08-18,2026-08-19,2,да,КОНТЕНТ НЕ ЗАПИСАН,не записан,1,,,Theme1,alpha_other,4,2,1,3,да,7,15,12-17,2,0,0,184,184,184,150,34,0,537,264,49.2,53,9.9,220,41.0,8,4.3,6,6,6,3.3,0,6.6,0,0,0.0,,0,
lokd.lol,lol,2026-08-25,2026-08-26,2,да,Generator_11page_NOimg_25.08,Generator,1,11,,Theme1,alpha_other,4,232,1,2,да,311,15,12-17,2,0,0,206,206,206,150,56,0,1636,1108,67.7,53,3.2,475,29.0,7,3.4,7,7,7,3.4,1,7.6,0,0,0.0,,0,
w7k4.lol,lol,2026-09-10,2026-09-11,2,да,archive37строформленоv2часть3,archive,1,7,оформлено,Theme1,alpha_other,4,900,1,1,да,190,14,12-17,4,0,0,206,206,206,150,56,0,689,418,60.7,53,7.7,218,31.6,16,7.8,9,12,15,5.8,1.0,3.3,0,0,0.0,,0,
casinov7.lol,lol,2026-09-18,2026-09-18,1,да,content-2026-09-17-7str-oform-2_18,content-дата,1,7,оформлено,Theme1,casino_prefix,8,484,2,2,нет,689,12,12-17,5,0,0,150,150,150,150,0,0,684,564,82.5,53,7.7,67,9.8,6,4.0,5,6,6,4.0,0.5,8.8,0,0,0.0,,0,
2502.lol,lol,2026-09-21,2026-09-21,1,нет,content-2026-09-14b-7str-oform-1_16,content-дата,1,7,оформлено,Theme1,numeric,4,1239,2,2,нет,527,0,00-05,1,150,0,150,0,150,150,0,0,1110,985,88.7,53,4.8,72,6.5,12,8.0,,,,,0.0,4.4,0,0,0.0,,0,
3064.lol,lol,2026-09-02,2026-09-03,2,да,nabory294303,nabory,1,,,Theme1,numeric,4,412,1,2,да,452,21,18-23,3,0,0,206,206,206,150,56,0,1695,1126,66.4,52,3.1,517,30.5,21,10.2,19,21,21,10.2,1,2.5,0,0,0.0,,0,
arhd.buzz,buzz,2026-09-08,2026-09-09,2,да,archive37строформленоv2часть2,archive,1,7,оформлено,Theme1,alpha_other,4,684,1,1,да,420,15,12-17,2,0,0,206,206,206,150,56,0,502,323,64.3,52,10.4,127,25.3,9,4.4,7,7,7,3.4,1,5.8,0,0,0.0,,0,
6985.team,team,2026-09-10,2026-09-11,2,да,archive47_unique119оформленочасть1,archive,1,,оформлено,Theme1,numeric,4,874,1,1,да,45,19,18-23,3,0,0,206,206,206,150,56,0,440,169,38.4,52,11.8,219,49.8,11,5.3,7,7,8,3.4,1.0,4.7,0,0,0.0,,0,
0269.lol,lol,2026-09-18,2026-09-18,1,да,content-2026-09-17b-7str-oform_32,content-дата,1,7,оформлено,Theme1,numeric,4,488,2,2,нет,328,13,12-17,5,0,0,150,150,150,150,0,0,1644,1523,92.6,52,3.2,69,4.2,11,7.3,11,11,11,7.3,0,4.7,0,0,0.0,,0,
3808.lol,lol,2026-09-21,2026-09-21,1,нет,content-2026-09-17-7str-oform-1_9,content-дата,1,7,оформлено,Theme1,numeric,4,1246,2,2,нет,839,1,00-05,1,150,0,150,0,150,150,0,0,1008,872,86.5,52,5.2,84,8.3,11,7.3,,,,,0,4.7,0,0,0.0,,0,
casino814.team,team,2026-09-04,2026-09-05,2,да,Generator_B_novyy_bez_img,Generator,1,,,Theme1,casino_prefix,9,1236,1,2,да,199,21,18-23,5,0,0,206,206,206,150,56,0,988,578,58.5,51,5.2,359,36.3,11,5.3,6,7,8,3.4,1,4.6,0,0,0.0,,0,
ixkf.lol,lol,2026-09-07,2026-09-08,2,да,Выдача_06.09_12стр,прочее,1,12,,Theme1,alpha_other,4,591,1,1,да,255,10,06-11,1,0,0,206,206,206,150,56,0,435,321,73.8,51,11.7,63,14.5,7,3.4,5,7,7,3.4,1,7.3,0,0,0.0,,0,
26casino.buzz,buzz,2026-09-08,2026-09-09,2,да,archive37строформленоv2часть2,archive,1,7,оформлено,Theme1,casino_infix,8,698,1,1,да,416,16,12-17,2,0,0,206,206,206,150,56,0,417,272,65.2,51,12.2,94,22.5,9,4.4,5,7,8,3.4,1,5.7,0,0,0.0,,0,
1494.lol,lol,2026-09-14,2026-09-15,2,да,content-2026-09-14-7str-oform-8_40,content-дата,1,7,оформлено,Theme1,numeric,4,1165,1,1,да,611,21,18-23,1,0,0,206,206,206,150,56,0,835,670,80.2,51,6.1,114,13.7,19,9.2,9,19,19,9.2,2,2.7,0,0,0.0,,0,
3089.team,team,2026-09-18,2026-09-18,1,да,content-2026-09-17-7str-oform-2_29,content-дата,1,7,оформлено,Theme1,numeric,4,470,2,2,нет,700,2,00-05,5,150,0,150,150,150,150,0,0,626,510,81.5,51,8.1,65,10.4,8,5.3,7,8,8,5.3,0.0,6.4,0,0,0.0,,0,
dpcasino.lol,lol,2026-09-04,2026-09-05,2,да,nabory284293,nabory,1,,,Theme1,casino_infix,8,522,1,1,да,86,3,00-05,5,206,0,206,206,206,150,56,0,1448,744,51.4,50,3.5,654,45.2,8,3.9,6,6,6,2.9,0.0,6.2,0,0,0.0,,0,
5494.team,team,2026-09-14,2026-09-15,2,да,nabory-515-524_styled_img_8,nabory,1,,styled_img,Theme1,numeric,4,32,2,2,нет,686,21,18-23,1,0,0,206,206,206,150,56,0,625,473,75.7,50,8.0,102,16.3,13,6.3,5,8,13,3.9,3,3.8,0,0,0.0,,0,
oqnd.lol,lol,2026-09-15,2026-09-16,2,да,nabory-525-534_styled_img_4,nabory,1,,styled_img,Theme1,alpha_other,4,92,2,2,нет,860,10,06-11,2,0,0,206,206,206,150,56,0,773,601,77.7,50,6.5,122,15.8,10,4.9,7,9,9,4.4,1,5.0,0,0,0.0,,0,
u9i.team,team,2026-09-04,2026-09-05,2,да,Generator_354359_styled_img,Generator,1,,styled_img,Theme1,alpha_other,3,1210,1,2,да,205,18,18-23,5,0,0,206,206,206,150,56,0,1501,1076,71.7,49,3.3,376,25.0,15,7.3,11,12,14,5.8,1,3.3,0,0,0.0,,0,
l9z.lol,lol,2026-09-08,2026-09-09,2,да,clean7_part1_50оформлено,clean,1,,оформлено,Theme1,alpha_other,3,674,1,1,да,327,6,06-11,2,0,0,206,206,206,150,56,0,764,463,60.6,49,6.4,252,33.0,18,8.7,10,10,11,4.9,1,2.7,0,0,0.0,,0,
uakcasino.buzz,buzz,2026-09-08,2026-09-09,2,да,archive37строформленоv2часть2,archive,1,7,оформлено,Theme1,casino_infix,9,693,1,1,да,378,16,12-17,2,0,0,206,206,206,150,56,0,381,276,72.4,49,12.9,56,14.7,7,3.4,0,2,3,1.0,9,7.0,0,0,0.0,,0,
p7x7.team,team,2026-09-13,2026-09-14,2,да,content-2026-09-12-7str-oform-3,content-дата,1,7,оформлено,Theme1,alpha_other,4,1102,1,1,да,491,16,12-17,7,0,206,206,206,206,150,56,0,242,161,66.5,49,20.2,32,13.2,9,4.4,6,6,9,2.9,1,5.4,0,0,0.0,,0,
casino2861.team,team,2026-09-17,2026-09-18,2,да,nabory-581-590_9,nabory,1,,,Theme1,casino_prefix,10,311,2,2,нет,591,2,00-05,4,206,0,206,206,206,150,56,0,941,753,80.0,49,5.2,139,14.8,13,6.3,8,11,11,5.3,1,3.8,0,0,0.0,,0,
3523.lol,lol,2026-09-18,2026-09-18,1,да,content-2026-09-17-7str-oform-2_9,content-дата,1,7,оформлено,Theme1,numeric,4,472,2,2,нет,680,3,00-05,5,150,0,150,150,150,150,0,0,713,621,87.1,49,6.9,43,6.0,18,12.0,17,18,18,12.0,0.0,2.7,0,0,0.0,,0,
1054.lol,lol,2026-09-14,2026-09-15,2,да,content-2026-09-14-7str-oform-8_36,content-дата,1,7,оформлено,Theme1,numeric,4,1163,1,1,да,586,20,18-23,1,0,0,206,206,206,150,56,0,856,702,82.0,48,5.6,106,12.4,10,4.9,3,8,10,3.9,3.0,4.8,0,0,0.0,,0,
8159.lol,lol,2026-09-15,2026-09-16,2,да,content-2026-09-14-7str-oform-8_30,content-дата,1,7,оформлено,Theme1,numeric,4,50,2,2,нет,612,4,00-05,2,206,0,206,206,206,150,56,0,600,473,78.8,48,8.0,79,13.2,10,4.9,4,9,10,4.4,2.0,4.8,0,0,0.0,,0,
gwrt.team,team,2026-09-16,2026-09-17,2,да,content-2026-09-15-7str-oform-2_24,content-дата,1,7,оформлено,Theme1,alpha_other,4,289,2,2,нет,620,21,18-23,3,0,0,206,206,206,150,56,0,1793,1565,87.3,48,2.7,180,10.0,14,6.8,10,14,14,6.8,1.0,3.4,0,0,0.0,,0,
2008qw.buzz,buzz,2026-08-19,2026-08-20,2,да,КОНТЕНТ НЕ ЗАПИСАН,не записан,1,,,Theme2,alpha_other,6,69,1,2,да,97,23,18-23,3,0,0,198,198,198,150,48,0,711,412,57.9,47,6.6,252,35.4,10,5.1,10,10,10,5.1,1.0,4.7,0,0,0.0,,0,
vjkd.lol,lol,2026-09-06,2026-09-07,2,да,nabory400410_styled_img,nabory,1,,styled_img,Theme1,alpha_other,4,1305,1,2,да,160,16,12-17,7,0,206,206,206,206,150,56,0,507,307,60.6,47,9.3,153,30.2,12,5.8,10,10,11,4.9,0.5,3.9,0,0,0.0,,0,
3372.lol,lol,2026-09-08,2026-09-09,2,да,archive37строформленоv2часть1,archive,1,7,оформлено,Theme1,numeric,4,742,1,1,да,381,15,12-17,2,0,0,206,206,206,150,56,0,626,462,73.8,47,7.5,117,18.7,21,10.2,10,13,14,6.3,1.5,2.2,0,0,0.0,,0,
casino8463.lol,lol,2026-09-08,2026-09-09,2,да,archive37строформленоv2часть3,archive,1,7,оформлено,Theme1,casino_prefix,10,769,1,1,да,446,21,18-23,2,0,0,206,206,206,150,56,0,314,175,55.7,47,15.0,92,29.3,4,1.9,2,2,3,1.0,3.0,11.8,0,0,0.0,,0,
oxbh.team,team,2026-09-10,2026-09-11,2,да,archive47_unique119оформленочасть2,archive,1,,оформлено,Theme1,alpha_other,4,831,1,1,да,71,22,18-23,3,0,0,206,206,206,150,56,0,369,173,46.9,47,12.7,149,40.4,16,7.8,8,11,16,5.3,1.5,2.9,0,0,0.0,,0,
hmhh.team,team,2026-09-15,2026-09-16,2,да,content-2026-09-14b-7str-oform-2_49,content-дата,1,7,оформлено,Theme1,alpha_other,4,78,2,2,нет,672,7,06-11,2,0,0,206,206,206,150,56,0,750,574,76.5,47,6.3,129,17.2,16,7.8,10,16,16,7.8,1.0,2.9,0,0,0.0,,0,
3744casino.team,team,2026-09-17,2026-09-18,2,да,content-2026-09-15-7str-oform-1_34,content-дата,1,7,оформлено,Theme1,casino_infix,10,320,2,2,нет,560,3,00-05,4,206,0,206,206,206,150,56,0,1219,969,79.5,47,3.9,203,16.7,2,1.0,2,2,2,1.0,0.0,23.5,0,0,0.0,,0,
4283.team,team,2026-09-04,2026-09-05,2,да,Generator_B_novyy_bez_img,Generator,1,,,Theme1,numeric,4,1232,1,2,да,197,22,18-23,5,0,0,206,206,206,150,56,0,1141,621,54.4,46,4.0,474,41.5,15,7.3,12,13,13,6.3,1,3.1,0,0,0.0,,0,
casinobo.buzz,buzz,2026-09-08,2026-09-09,2,да,archive37строформленоv2часть3,archive,1,7,оформлено,Theme1,casino_prefix,8,775,1,1,да,445,21,18-23,2,0,0,206,206,206,150,56,0,517,342,66.2,46,8.9,129,25.0,9,4.4,6,6,7,2.9,1,5.1,0,0,0.0,,0,
1413.team,team,2026-09-10,2026-09-11,2,да,archive47_unique119оформленочасть1,archive,1,,оформлено,Theme1,numeric,4,872,1,1,да,28,19,18-23,3,0,0,206,206,206,150,56,0,398,221,55.5,46,11.6,131,32.9,13,6.3,7,7,11,3.4,1.0,3.5,0,0,0.0,,0,
3508.lol,lol,2026-09-12,2026-09-13,2,да,content-2026-09-12-7str-oform-1,content-дата,1,7,оформлено,Theme1,numeric,4,1346,1,1,да,203,13,12-17,6,0,206,206,206,206,150,56,0,831,524,63.1,46,5.5,261,31.4,16,7.8,7,9,16,4.4,2.0,2.9,0,0,0.0,,0,
dwb7.top,top,2026-08-19,2026-08-20,2,да,КОНТЕНТ НЕ ЗАПИСАН,не записан,1,,,Theme1,alpha_other,4,53,1,2,да,109,17,12-17,3,0,0,184,184,184,150,34,0,1339,924,69.0,45,3.4,370,27.6,11,6.0,7,8,8,4.3,1,4.1,0,0,0.0,,0,
4468.team,team,2026-09-16,2026-09-17,2,да,nabory-565-580_16,nabory,1,,,Theme1,numeric,4,230,2,2,нет,662,11,06-11,3,0,0,206,206,206,150,56,0,1967,1724,87.6,45,2.3,198,10.1,13,6.3,12,13,13,6.3,1,3.5,0,0,0.0,,0,
8514.lol,lol,2026-09-17,2026-09-18,2,да,content-2026-09-14b-7str-oform-1_51,content-дата,1,7,оформлено,Theme1,numeric,4,377,2,2,нет,807,11,06-11,4,0,0,206,206,206,150,56,0,1006,901,89.6,45,4.5,60,6.0,10,4.9,7,10,10,4.9,0.5,4.5,0,0,0.0,,0,
mvxy.lol,lol,2026-09-20,2026-09-21,2,нет,content-2026-09-17b-7str-oform_37,content-дата,1,7,оформлено,Theme1,alpha_other,4,1212,2,2,нет,333,4,00-05,7,206,206,206,0,206,150,56,0,391,268,68.5,45,11.5,78,19.9,11,5.3,,,,,0.0,4.1,0,0,0.0,,0,
wlncasino.lol,lol,2026-09-20,2026-09-21,2,нет,content-2026-09-17b-7str-oform_8,content-дата,1,7,оформлено,Theme1,casino_infix,9,1223,2,2,нет,304,7,06-11,7,0,206,206,0,206,150,56,0,400,292,73.0,45,11.2,63,15.8,5,2.4,,,,,0,9.0,0,0,0.0,,0,
3961.team,team,2026-08-20,2026-08-21,2,да,КОНТЕНТ НЕ ЗАПИСАН,не записан,1,,,Theme2,numeric,4,110,1,3,да,138,20,18-23,4,0,0,204,204,204,150,54,0,757,489,64.6,44,5.8,224,29.6,15,7.4,3,3,7,1.5,8,2.9,0,0,0.0,,0,
casinoz2.buzz,buzz,2026-09-08,2026-09-09,2,да,archive37строформленоv2часть2,archive,1,7,оформлено,Theme1,casino_prefix,8,689,1,1,да,390,15,12-17,2,0,0,206,206,206,150,56,0,430,308,71.6,44,10.2,78,18.1,12,5.8,2,6,9,2.9,2,3.7,0,0,0.0,,0,
hfkg.team,team,2026-09-10,2026-09-11,2,да,КОНТЕНТ НЕ ЗАПИСАН,не записан,1,,,Theme1,alpha_other,4,807,1,1,да,32,19,18-23,3,0,0,206,206,206,150,56,0,237,136,57.4,44,18.6,57,24.1,9,4.4,6,7,8,3.4,1,4.9,0,0,0.0,,0,
7841casino.team,team,2026-09-14,2026-09-15,2,да,nabory-515-524_styled_img_10,nabory,1,,styled_img,Theme1,casino_infix,10,35,2,2,нет,689,21,18-23,1,0,0,206,206,206,150,56,0,635,468,73.7,44,6.9,123,19.4,12,5.8,5,11,12,5.3,2.0,3.7,0,0,0.0,,0,
6749.lol,lol,2026-09-17,2026-09-18,2,да,content-2026-09-15-7str-oform-1_26,content-дата,1,7,оформлено,Theme1,numeric,4,112,3,3,нет,542,7,06-11,4,0,0,206,206,206,150,56,0,779,652,83.7,44,5.6,83,10.7,9,4.4,6,9,9,4.4,1,4.9,0,0,0.0,,0,
7763.lol,lol,2026-09-19,2026-09-20,2,нет,content-2026-09-17b-7str-oform_7,content-дата,1,7,оформлено,Theme1,numeric,4,528,2,2,нет,303,1,00-05,6,206,206,206,0,206,150,56,0,857,759,88.6,44,5.1,54,6.3,18,8.7,,,,,0.5,2.4,0,0,0.0,,0,
j8vp.team,team,2026-08-19,2026-08-20,2,да,КОНТЕНТ НЕ ЗАПИСАН,не записан,1,,,Theme1,alpha_other,4,81,1,2,да,86,23,18-23,3,0,0,198,198,198,150,48,0,2701,1796,66.5,43,1.6,862,31.9,20,10.1,15,19,20,9.6,1.0,2.1,0,0,0.0,,0,
b8rn.team,team,2026-08-27,2026-08-28,2,да,КОНТЕНТ НЕ ЗАПИСАН,не записан,1,,,Theme1,alpha_other,4,328,1,2,да,351,19,18-23,4,0,0,206,206,206,150,56,0,1621,1223,75.4,43,2.7,355,21.9,15,7.3,3,11,14,5.3,2.0,2.9,0,0,0.0,,0,
htqr.team,team,2026-09-12,2026-09-13,2,да,NEW102оформленобездаты,NEW,1,,оформлено,Theme1,alpha_other,4,989,1,1,да,154,0,00-05,6,206,206,206,206,206,150,56,0,2017,1521,75.4,43,2.1,453,22.5,12,5.8,8,8,12,3.9,1.0,3.6,0,0,0.0,,0,
0784.team,team,2026-09-12,2026-09-13,2,да,content-2026-09-12-7str-oform-1,content-дата,1,7,оформлено,Theme1,numeric,4,1347,1,1,да,485,14,12-17,6,0,206,206,206,206,150,56,0,500,254,50.8,43,8.6,203,40.6,5,2.4,3,3,5,1.5,1,8.6,0,0,0.0,,0,
e5m9.lol,lol,2026-09-17,2026-09-18,2,да,content-2026-09-15-7str-oform-1_36,content-дата,1,7,оформлено,Theme1,alpha_other,4,328,2,2,нет,562,5,00-05,4,206,0,206,206,206,150,56,0,904,766,84.7,43,4.8,95,10.5,16,7.8,13,16,16,7.8,1.0,2.7,0,0,0.0,,0,
c6vr.team,team,2026-08-20,2026-08-21,2,да,КОНТЕНТ НЕ ЗАПИСАН,не записан,1,,,Theme2,alpha_other,4,123,1,2,да,150,21,18-23,4,0,0,202,202,202,150,52,0,1059,752,71.0,42,4.0,265,25.0,13,6.4,4,6,8,3.0,3.0,3.2,0,0,0.0,,0,
emnc.team,team,2026-09-04,2026-09-05,2,да,КОНТЕНТ НЕ ЗАПИСАН,не записан,1,,,Theme1,alpha_other,4,566,1,2,да,82,16,12-17,5,0,0,206,206,206,150,56,0,2073,1472,71.0,42,2.0,559,27.0,17,8.3,8,9,9,4.4,2,2.5,0,0,0.0,,0,
casinoq2.team,team,2026-09-10,2026-09-11,2,да,КОНТЕНТ НЕ ЗАПИСАН,не записан,1,,,Theme1,casino_prefix,8,814,1,1,да,42,19,18-23,3,0,0,206,206,206,150,56,0,274,145,52.9,42,15.3,87,31.8,6,2.9,4,4,6,1.9,1.0,7.0,0,0,0.0,,0,
mscasino.lol,lol,2026-09-11,2026-09-12,2,да,clean7_part1_50оформлено,clean,1,,оформлено,Theme1,casino_infix,8,1039,1,1,да,270,9,06-11,5,0,0,206,206,206,150,56,0,890,552,62.0,42,4.7,296,33.3,13,6.3,8,8,11,3.9,0.0,3.2,0,0,0.0,,0,
2273.team,team,2026-09-12,2026-09-13,2,да,content-2026-09-12-7str-oform-1,content-дата,1,7,оформлено,Theme1,numeric,4,1354,1,1,да,204,15,12-17,6,0,205,205,205,205,150,55,0,494,297,60.1,42,8.5,155,31.4,11,5.4,4,4,10,2.0,4,3.8,0,0,0.0,,0,
1209m.casino,casino,2026-09-12,2026-09-13,2,да,КОНТЕНТ НЕ ЗАПИСАН,не записан,1,,,Theme1,alpha_other,5,1352,1,1,да,93,15,12-17,6,0,206,206,206,206,150,56,0,388,243,62.6,42,10.8,103,26.5,15,7.3,6,6,14,2.9,5,2.8,0,0,0.0,,0,
4489.lol,lol,2026-09-12,2026-09-13,2,да,content-2026-09-12-7str-oform-2,content-дата,1,7,оформлено,Theme1,numeric,4,1365,1,1,да,198,16,12-17,6,0,206,206,206,206,150,56,0,931,607,65.2,42,4.5,282,30.3,8,3.9,4,5,8,2.4,1.5,5.2,0,0,0.0,,0,
3093casino.lol,lol,2026-09-17,2026-09-18,2,да,content-2026-09-15-7str-oform-1_27,content-дата,1,7,оформлено,Theme1,casino_infix,10,222,3,3,нет,553,3,00-05,4,206,0,206,206,206,150,56,0,1017,874,85.9,42,4.1,101,9.9,7,3.4,7,7,7,3.4,1,6.0,0,0,0.0,,0,
0722.team,team,2026-09-05,2026-09-06,2,да,Generator_370382_styled_img,Generator,1,,styled_img,Theme1,numeric,4,1239,1,2,да,185,0,00-05,6,206,206,206,206,206,150,56,0,2261,1710,75.6,41,1.8,510,22.6,19,9.2,13,13,13,6.3,0,2.2,0,0,0.0,,0,
u4f5.team,team,2026-09-05,2026-09-06,2,да,degtyarnya,прочее,1,,,Theme1,alpha_other,4,1261,1,2,да,89,15,12-17,6,0,206,206,206,206,150,56,0,693,353,50.9,41,5.9,299,43.1,14,6.8,7,8,9,3.9,1.0,2.9,0,0,0.0,,0,
g7u.lol,lol,2026-09-08,2026-09-09,2,да,archive37строформленоv2часть2,archive,1,7,оформлено,Theme1,alpha_other,3,692,1,1,да,392,16,12-17,2,0,0,206,206,206,150,56,0,607,441,72.7,41,6.8,125,20.6,6,2.9,2,2,2,1.0,8,6.8,0,0,0.0,,0,
casinoa9.lol,lol,2026-09-08,2026-09-09,2,да,archive37строформленоv2часть1,archive,1,7,оформлено,Theme1,casino_prefix,8,751,1,1,да,374,19,18-23,2,0,0,206,206,206,150,56,0,333,242,72.7,41,12.3,50,15.0,6,2.9,5,6,6,2.9,1.0,6.8,0,0,0.0,,0,
z1y.buzz,buzz,2026-09-08,2026-09-09,2,да,archive37строформленоv2часть3,archive,1,7,оформлено,Theme1,alpha_other,3,768,1,1,да,460,20,18-23,2,0,0,206,206,206,150,56,0,598,411,68.7,41,6.9,146,24.4,15,7.3,11,11,12,5.3,1,2.7,0,0,0.0,,0,
casino6629.lol,lol,2026-09-09,2026-09-10,2,да,nabory455457_styled_img,nabory,1,,styled_img,Theme1,casino_prefix,10,785,1,1,да,426,10,06-11,3,0,0,206,206,206,150,56,0,2123,1961,92.4,41,1.9,121,5.7,6,2.9,1,3,5,1.5,2,6.8,0,0,0.0,,0,
vdvg.lol,lol,2026-09-16,2026-09-17,2,да,content-2026-09-14b-7str-oform-2_16,content-дата,1,7,оформлено,Theme1,alpha_other,4,224,2,2,нет,756,10,06-11,3,0,0,206,206,206,150,56,0,1315,1184,90.0,41,3.1,90,6.8,12,5.8,9,12,12,5.8,0.5,3.4,0,0,0.0,,0,
74casino.lol,lol,2026-09-16,2026-09-17,2,да,content-2026-09-15-7str-oform-2_14,content-дата,1,7,оформлено,Theme1,casino_infix,8,261,3,3,нет,610,20,18-23,3,0,0,206,206,206,150,56,0,1561,1348,86.4,41,2.6,172,11.0,11,5.3,6,11,11,5.3,1,3.7,0,0,0.0,,0,
6408.team,team,2026-09-16,2026-09-17,2,да,content-2026-09-15-7str-oform-2_13,content-дата,1,7,оформлено,Theme1,numeric,4,285,2,2,нет,609,20,18-23,3,0,0,206,206,206,150,56,0,888,777,87.5,41,4.6,70,7.9,9,4.4,8,9,9,4.4,1,4.6,0,0,0.0,,0,
5597.lol,lol,2026-09-08,2026-09-09,2,да,archive37строформленоv2часть3,archive,1,7,оформлено,Theme1,numeric,4,763,1,1,да,453,20,18-23,2,0,0,206,206,206,150,56,0,700,482,68.9,39,5.6,179,25.6,13,6.3,8,10,11,4.9,1,3.0,0,0,0.0,,0,
casinojj.team,team,2026-09-10,2026-09-11,2,да,archive47_unique119оформленочасть1,archive,1,,оформлено,Theme1,casino_prefix,8,866,1,1,да,38,19,18-23,3,0,0,206,206,206,150,56,0,187,95,50.8,39,20.9,53,28.3,3,1.5,2,2,3,1.0,1,13.0,0,0,0.0,,0,
1970.team,team,2026-09-12,2026-09-13,2,да,content-2026-09-12-7str-oform-1,content-дата,1,7,оформлено,Theme1,numeric,4,1350,1,1,да,222,14,12-17,6,0,206,206,206,206,150,56,0,706,458,64.9,39,5.5,209,29.6,12,5.8,7,7,12,3.4,1.0,3.2,0,0,0.0,,0,
h7zb.quest,quest,2026-08-19,2026-08-20,2,да,КОНТЕНТ НЕ ЗАПИСАН,не записан,1,,,Theme1,alpha_other,4,52,1,2,да,114,17,12-17,3,0,0,184,184,184,150,34,0,2759,1963,71.1,38,1.4,758,27.5,9,4.9,7,8,9,4.3,1,4.2,0,0,0.0,,0,
tvmk7.bond,bond,2026-08-19,2026-08-20,2,да,КОНТЕНТ НЕ ЗАПИСАН,не записан,1,,,Theme1,alpha_other,5,60,1,2,да,112,17,12-17,3,0,0,184,184,184,150,34,0,2647,2025,76.5,38,1.4,584,22.1,11,6.0,11,11,11,6.0,1,3.5,0,0,0.0,,0,
9699.team,team,2026-09-05,2026-09-06,2,да,Generator_370382_styled_img,Generator,1,,styled_img,Theme1,numeric,4,1244,1,2,да,183,8,06-11,6,0,206,206,206,206,150,56,0,808,416,51.5,38,4.7,354,43.8,7,3.4,3,3,4,1.5,2.0,5.4,0,0,0.0,,0,
4693.team,team,2026-09-05,2026-09-06,2,да,nabor391,nabory,1,,,Theme1,numeric,4,1285,1,2,да,177,23,18-23,6,0,206,206,206,206,150,56,0,974,468,48.0,38,3.9,468,48.0,8,3.9,6,6,6,2.9,1.0,4.8,0,0,0.0,,0,
n5w2.buzz,buzz,2026-09-08,2026-09-09,2,да,archive37строформленоv2часть1,archive,1,7,оформлено,Theme1,alpha_other,4,730,1,1,да,359,18,18-23,2,0,0,206,206,206,150,56,0,573,395,68.9,38,6.6,140,24.4,4,1.9,1,1,2,0.5,7.5,9.5,0,0,0.0,,0,
y1n.lol,lol,2026-09-11,2026-09-12,2,да,clean7_part1_50оформлено,clean,1,,оформлено,Theme1,alpha_other,3,1043,1,1,да,238,2,00-05,5,206,0,206,206,206,150,56,0,411,260,63.3,38,9.2,113,27.5,11,5.3,4,6,10,2.9,2,3.5,0,0,0.0,,0,
7132.lol,lol,2026-09-20,2026-09-21,2,нет,nabory-641-650_7,nabory,1,,,Theme1,numeric,4,1198,2,2,нет,894,0,00-05,7,206,206,206,0,206,150,56,0,2244,2070,92.2,38,1.7,136,6.1,16,7.8,,,,,0,2.4,0,0,0.0,,0,
tgga.team,team,2026-09-10,2026-09-11,2,да,archive47_unique119оформленочасть1,archive,1,,оформлено,Theme1,alpha_other,4,870,1,1,да,55,20,18-23,3,0,0,206,206,206,150,56,0,390,221,56.7,37,9.5,132,33.8,7,3.4,3,3,7,1.5,7,5.3,0,0,0.0,,0,
0416.team,team,2026-09-15,2026-09-16,2,да,content-2026-09-14b-7str-oform-2_33,content-дата,1,7,оформлено,Theme1,numeric,4,66,2,2,нет,651,6,06-11,2,0,0,206,206,206,150,56,0,540,421,78.0,37,6.9,82,15.2,12,5.8,8,10,11,4.9,1,3.1,0,0,0.0,,0,
8208.lol,lol,2026-09-18,2026-09-18,1,да,content-2026-09-17-7str-oform-2_15,content-дата,1,7,оформлено,Theme1,numeric,4,469,2,2,нет,686,12,12-17,5,0,0,150,150,150,150,0,0,625,550,88.0,37,5.9,38,6.1,12,8.0,12,12,12,8.0,1.0,3.1,0,0,0.0,,0,
0908.lol,lol,2026-09-18,2026-09-18,1,да,content-2026-09-17-7str-oform-2_11,content-дата,1,7,оформлено,Theme1,numeric,4,461,2,2,нет,682,2,00-05,5,150,0,150,150,150,150,0,0,545,437,80.2,37,6.8,71,13.0,13,8.7,10,13,13,8.7,0,2.8,0,0,0.0,,0,
casinojr.team,team,2026-09-05,2026-09-06,2,да,Generator_370382_styled_img,Generator,1,,styled_img,Theme1,casino_prefix,8,1247,1,2,да,186,8,06-11,6,0,206,206,206,206,150,56,0,913,478,52.4,36,3.9,399,43.7,7,3.4,1,2,5,1.0,5,5.1,0,0,0.0,,0,
casinoh2.team,team,2026-09-06,2026-09-07,2,да,nabory400410_styled_img,nabory,1,,styled_img,Theme1,casino_prefix,8,556,1,1,да,228,20,18-23,7,0,206,206,206,206,150,56,0,894,612,68.5,36,4.0,246,27.5,15,7.3,14,15,15,7.3,1,2.4,0,0,0.0,,0,
5126.buzz,buzz,2026-09-08,2026-09-09,2,да,archive37строформленоv2часть2,archive,1,7,оформлено,Theme1,numeric,4,680,1,1,да,401,14,12-17,2,0,0,206,206,206,150,56,0,746,470,63.0,36,4.8,240,32.2,16,7.8,6,6,7,2.9,7.5,2.2,0,0,0.0,,0,
5562.team,team,2026-09-12,2026-09-13,2,да,nabory-490-494_styled_img,nabory,1,,styled_img,Theme1,numeric,4,1076,1,1,да,543,21,18-23,6,0,206,206,206,206,150,56,0,1003,645,64.3,36,3.6,322,32.1,13,6.3,7,7,11,3.4,1,2.8,0,0,0.0,,0,
7114casino.lol,lol,2026-09-15,2026-09-16,2,да,nabory-525-534_styled_img_9,nabory,1,,styled_img,Theme1,casino_infix,10,89,2,2,нет,891,9,06-11,2,0,0,206,206,206,150,56,0,691,536,77.6,36,5.2,119,17.2,8,3.9,2,5,5,2.4,2,4.5,0,0,0.0,,0,
9758.team,team,2026-09-17,2026-09-18,2,да,content-2026-09-15-7str-oform-1_44,content-дата,1,7,оформлено,Theme1,numeric,4,308,2,2,нет,580,1,00-05,4,206,0,206,206,206,150,56,0,903,785,86.9,36,4.0,82,9.1,6,2.9,3,5,6,2.4,1.0,6.0,0,0,0.0,,0,
casinokgq.lol,lol,2026-09-20,2026-09-21,2,нет,nabory-651-660_7,nabory,1,,,Theme1,casino_prefix,9,1206,2,2,нет,279,1,00-05,7,206,206,206,0,206,150,56,0,408,284,69.6,36,8.8,88,21.6,10,4.9,,,,,0.0,3.6,0,0,0.0,,0,
1519.lol,lol,2026-09-21,2026-09-21,1,нет,content-2026-09-17-7str-oform-1_13,content-дата,1,7,оформлено,Theme1,numeric,4,1229,2,2,нет,843,0,00-05,1,150,0,150,0,150,150,0,0,1197,1054,88.1,36,3.0,107,8.9,23,15.3,,,,,0,1.6,0,0,0.0,,0,
lcdj.lol,lol,2026-09-04,2026-09-05,2,да,nabory284293,nabory,1,,,Theme1,alpha_other,4,524,1,2,да,113,9,06-11,5,0,0,206,206,206,150,56,0,1529,995,65.1,35,2.3,499,32.6,8,3.9,6,6,6,2.9,1,4.4,0,0,0.0,,0,
casinoprb.team,team,2026-09-04,2026-09-05,2,да,КОНТЕНТ НЕ ЗАПИСАН,не записан,1,,,Theme1,casino_prefix,9,565,1,2,да,81,16,12-17,5,0,0,206,206,206,150,56,0,2159,1574,72.9,35,1.6,550,25.5,8,3.9,4,6,6,2.9,1,4.4,0,0,0.0,,0,
casino91.lol,lol,2026-09-09,2026-09-10,2,да,nabory455457_styled_img,nabory,1,,styled_img,Theme1,casino_prefix,8,786,1,1,да,427,10,06-11,3,0,0,206,206,206,150,56,0,2733,2332,85.3,35,1.3,366,13.4,9,4.4,3,6,7,2.9,2.0,3.9,0,0,0.0,,0,
pocasino.team,team,2026-09-14,2026-09-15,2,да,nabory-500-509_styled_img,nabory,1,,styled_img,Theme1,casino_infix,8,1126,1,1,да,707,15,12-17,1,206,0,206,206,206,150,56,0,546,394,72.2,35,6.4,117,21.4,4,1.9,3,4,4,1.9,1.0,8.8,0,0,0.0,,0,
casinostt.team,team,2026-09-14,2026-09-15,2,да,nabory-510-514_styled_img,nabory,1,,styled_img,Theme1,casino_prefix,9,1157,1,1,да,696,19,18-23,1,0,0,206,206,206,150,56,0,848,649,76.5,35,4.1,164,19.3,4,1.9,3,3,4,1.5,0.5,8.8,0,0,0.0,,0,
nfdh.team,team,2026-09-15,2026-09-16,2,да,content-2026-09-14-7str-oform-9_25,content-дата,1,7,оформлено,Theme1,alpha_other,4,61,2,2,нет,649,6,06-11,2,206,0,206,206,206,150,56,0,582,452,77.7,35,6.0,95,16.3,16,7.8,5,14,16,6.8,2.0,2.2,0,0,0.0,,0,
casino04.team,team,2026-09-17,2026-09-18,2,да,content-2026-09-15-7str-oform-1_5,content-дата,1,7,оформлено,Theme1,casino_prefix,8,356,2,2,нет,826,9,06-11,4,0,0,206,206,206,150,56,0,756,667,88.2,35,4.6,54,7.1,8,3.9,6,8,8,3.9,0.0,4.4,0,0,0.0,,0,
651casino.lol,lol,2026-09-17,2026-09-18,2,да,content-2026-09-14b-7str-oform-2_10,content-дата,1,7,оформлено,Theme1,casino_infix,9,374,2,2,нет,817,11,06-11,4,0,0,206,206,206,150,56,0,977,884,90.5,35,3.6,58,5.9,10,4.9,9,9,9,4.4,0,3.5,0,0,0.0,,0,
casino95.lol,lol,2026-09-19,2026-09-20,2,нет,nabory-631-640_8,nabory,1,,,Theme1,casino_prefix,8,536,2,2,нет,345,4,00-05,6,206,206,206,0,206,150,56,0,435,318,73.1,35,8.0,82,18.9,12,5.8,,,,,0.5,2.9,0,0,0.0,,0,
4355.team,team,2026-09-04,2026-09-05,2,да,Generator_A_staryy_stil,Generator,1,,,Theme1,numeric,4,1233,1,2,да,196,22,18-23,5,0,0,206,206,206,150,56,0,1273,642,50.4,34,2.7,597,46.9,14,6.8,9,10,11,4.9,1.0,2.4,0,0,0.0,,0,
bvve.team,team,2026-09-05,2026-09-06,2,да,Generator_385390_styled_img,Generator,1,,styled_img,Theme1,alpha_other,4,1256,1,2,да,101,12,12-17,6,0,206,206,206,206,150,56,0,1059,465,43.9,34,3.2,560,52.9,11,5.3,10,10,10,4.9,1,3.1,0,0,0.0,,0,
65casino.lol,lol,2026-09-06,2026-09-07,2,да,drobilnyydvor1,прочее,1,,,Theme1,casino_infix,8,1293,1,2,да,170,12,12-17,7,0,206,206,206,206,150,56,0,912,645,70.7,34,3.7,233,25.5,19,9.2,12,15,15,7.3,1,1.8,0,0,0.0,,0,
0778.lol,lol,2026-09-06,2026-09-07,2,да,nabory400410_styled_img,nabory,1,,styled_img,Theme1,numeric,4,1298,1,2,да,161,15,12-17,7,0,206,206,206,206,150,56,0,836,500,59.8,34,4.1,302,36.1,14,6.8,12,12,13,5.8,1,2.4,0,0,0.0,,0,
anxg.buzz,buzz,2026-09-08,2026-09-09,2,да,archive37строформленоv2часть3,archive,1,7,оформлено,Theme1,alpha_other,4,760,1,1,да,459,20,18-23,2,0,0,206,206,206,150,56,0,203,131,64.5,34,16.7,38,18.7,3,1.5,0,0,3,0.0,4,11.3,0,0,0.0,,0,
casinoqi.team,team,2026-09-11,2026-09-12,2,да,NEW102оформленобездаты,NEW,1,,оформлено,Theme1,casino_prefix,8,981,1,1,да,133,20,18-23,5,0,0,206,206,206,150,56,0,366,206,56.3,34,9.3,126,34.4,9,4.4,4,5,9,2.4,2,3.8,0,0,0.0,,0,
7412.team,team,2026-09-14,2026-09-15,2,да,content-2026-09-14-7str-oform-8_45,content-дата,1,7,оформлено,Theme1,numeric,4,1172,1,1,да,667,22,18-23,1,0,0,206,206,206,150,56,0,812,630,77.6,34,4.2,148,18.2,8,3.9,3,6,8,2.9,2.0,4.2,0,0,0.0,,0,
pkbh.team,team,2026-09-17,2026-09-18,2,да,content-2026-09-14b-7str-oform-2_6,content-дата,1,7,оформлено,Theme1,alpha_other,4,387,2,2,нет,813,12,12-17,4,0,0,206,206,206,150,56,0,1395,1288,92.3,34,2.4,73,5.2,7,3.4,6,7,7,3.4,1,4.9,0,0,0.0,,0,
m9a2.lol,lol,2026-09-20,2026-09-21,2,нет,content-2026-09-17-7str-oform-2_30,content-дата,1,7,оформлено,Theme1,alpha_other,4,1211,2,2,нет,701,3,00-05,7,206,206,206,0,206,150,56,0,393,282,71.8,34,8.7,77,19.6,16,7.8,,,,,1,2.1,0,0,0.0,,0,
hhfr.team,team,2026-09-14,2026-09-15,2,да,nabory-500-509_styled_img,nabory,1,,styled_img,Theme1,alpha_other,4,1132,1,1,да,694,15,12-17,1,0,0,206,206,206,150,56,0,704,531,75.4,33,4.7,140,19.9,9,4.4,4,7,9,3.4,3,3.7,0,0,0.0,,0,
8380.team,team,2026-09-15,2026-09-16,2,да,content-2026-09-14-7str-oform-1_20,content-дата,1,7,оформлено,Theme1,numeric,4,1192,1,1,да,632,2,00-05,2,206,0,206,206,206,150,56,0,772,624,80.8,33,4.3,115,14.9,13,6.3,6,7,11,3.4,1,2.5,0,0,0.0,,0,
584casino.team,team,2026-09-14,2026-09-15,2,да,nabory-515-524_styled_img_3,nabory,1,,styled_img,Theme1,casino_infix,9,33,2,2,нет,676,21,18-23,1,0,0,206,206,206,150,56,0,862,673,78.1,33,3.8,156,18.1,13,6.3,8,12,13,5.8,1,2.5,0,0,0.0,,0,
jmpj.lol,lol,2026-09-20,2026-09-21,2,нет,nabory-651-660_2,nabory,1,,,Theme1,alpha_other,4,1209,2,2,нет,274,3,00-05,7,206,206,206,0,206,150,56,0,426,315,73.9,33,7.7,78,18.3,7,3.4,,,,,0.0,4.7,0,0,0.0,,0,
5273r.cfd,cfd,2026-08-20,2026-08-21,2,да,КОНТЕНТ НЕ ЗАПИСАН,не записан,1,,,Theme2,alpha_other,5,92,1,2,да,107,12,12-17,4,0,0,199,199,199,150,49,0,602,404,67.1,31,5.1,167,27.7,8,4.0,3,6,6,3.0,2.0,3.9,0,0,0.0,,0,
6420.team,team,2026-09-03,2026-09-04,2,да,NEW50_3_7pages_nodate_styled,NEW,1,7,без оформления,Theme1,numeric,4,495,1,2,да,8,20,18-23,4,0,0,206,206,206,150,56,0,1187,847,71.4,31,2.6,309,26.0,15,7.3,8,10,12,4.9,1,2.1,0,0,0.0,,0,
d3x2.lol,lol,2026-09-08,2026-09-09,2,да,archive37строформленоv2часть2,archive,1,7,оформлено,Theme1,alpha_other,4,711,1,1,да,409,17,12-17,2,0,0,206,206,206,150,56,0,825,455,55.2,31,3.8,339,41.1,7,3.4,6,6,6,2.9,1,4.4,0,0,0.0,,0,
8405.team,team,2026-09-12,2026-09-13,2,да,КОНТЕНТ НЕ ЗАПИСАН,не записан,1,,,Theme1,numeric,4,1074,1,1,да,554,18,18-23,6,0,206,206,206,206,150,56,0,522,347,66.5,31,5.9,144,27.6,9,4.4,6,7,8,3.4,1,3.4,0,0,0.0,,0,
5205.lol,lol,2026-09-08,2026-09-09,2,да,archive37строформленоv2часть1,archive,1,7,оформлено,Theme1,numeric,4,748,1,1,да,358,19,18-23,2,0,0,205,205,205,150,55,0,682,497,72.9,30,4.4,155,22.7,9,4.4,5,5,5,2.4,1,3.3,0,0,0.0,,0,
xoys.buzz,buzz,2026-09-08,2026-09-09,2,да,archive37строформленоv2часть3,archive,1,7,оформлено,Theme1,alpha_other,4,783,1,1,да,434,22,18-23,2,0,0,206,206,206,150,56,0,384,257,66.9,30,7.8,97,25.3,10,4.9,6,7,8,3.4,1.0,3.0,0,0,0.0,,0,
luts.team,team,2026-09-10,2026-09-11,2,да,archive47_unique119оформленочасть1,archive,1,,оформлено,Theme1,alpha_other,4,855,1,1,да,39,19,18-23,3,0,0,206,206,206,150,56,0,383,219,57.2,30,7.8,134,35.0,10,4.9,5,5,8,2.4,3.5,3.0,0,0,0.0,,0,
1153.team,team,2026-09-18,2026-09-18,1,да,content-2026-09-17-7str-oform-2_51,content-дата,1,7,оформлено,Theme1,numeric,4,462,2,2,нет,722,2,00-05,5,150,0,150,150,150,150,0,0,589,508,86.2,30,5.1,51,8.7,6,4.0,6,6,6,4.0,0.5,5.0,0,0,0.0,,0,
j6td.team,team,2026-08-21,2026-08-22,2,да,КОНТЕНТ НЕ ЗАПИСАН,не записан,1,,,Theme1,alpha_other,4,149,1,2,да,192,19,18-23,5,0,0,206,206,206,150,56,0,1878,1298,69.1,29,1.5,551,29.3,9,4.4,7,7,7,3.4,1,3.2,0,0,0.0,,0,
0509d.casino,casino,2026-09-05,2026-09-06,2,да,NEW21_7pages_withdate_styled_img,NEW,1,7,styled_img,Theme1,alpha_other,5,1270,1,2,да,123,18,18-23,6,0,206,206,206,206,150,56,0,552,305,55.3,29,5.3,218,39.5,11,5.3,3,3,6,1.5,7,2.6,0,0,0.0,,0,
lvqv.team,team,2026-09-05,2026-09-06,2,да,NEW21_7pages_nodate_styled_img,NEW,1,7,styled_img,Theme1,alpha_other,4,1281,1,2,да,84,20,18-23,6,0,206,206,206,206,150,56,0,530,279,52.6,29,5.5,222,41.9,11,5.3,5,6,8,2.9,3,2.6,0,0,0.0,,0,
5307.lol,lol,2026-09-08,2026-09-09,2,да,clean7_part1_50оформлено,clean,1,,оформлено,Theme1,numeric,4,669,1,1,да,338,10,06-11,2,0,0,206,206,206,150,56,0,533,410,76.9,29,5.4,94,17.6,15,7.3,6,8,9,3.9,2,1.9,0,0,0.0,,0,
oopf.team,team,2026-09-12,2026-09-13,2,да,content-2026-09-12-7str-oform-2,content-дата,1,7,оформлено,Theme1,alpha_other,4,1056,1,1,да,568,21,18-23,6,0,206,206,206,206,150,56,0,866,533,61.5,29,3.3,304,35.1,9,4.4,4,6,9,2.9,2,3.2,0,0,0.0,,0,
4457.lol,lol,2026-09-17,2026-09-18,2,да,content-2026-09-16-7str_17,content-дата,1,7,,Theme1,numeric,4,392,2,2,нет,766,13,12-17,4,0,0,206,206,206,150,56,0,1085,985,90.8,29,2.7,71,6.5,15,7.3,10,15,15,7.3,1,1.9,0,0,0.0,,0,
6158.team,team,2026-08-20,2026-08-21,2,да,КОНТЕНТ НЕ ЗАПИСАН,не записан,1,,,Theme2,numeric,4,118,1,2,да,146,21,18-23,4,0,0,204,204,204,150,54,0,743,530,71.3,28,3.8,185,24.9,8,3.9,4,5,7,2.5,1.5,3.5,0,0,0.0,,0,
g7u.buzz,buzz,2026-09-08,2026-09-09,2,да,archive37строформленоv2часть2,archive,1,7,оформлено,Theme1,alpha_other,3,706,1,1,да,396,16,12-17,2,0,0,206,206,206,150,56,0,573,422,73.6,28,4.9,123,21.5,9,4.4,4,4,5,1.9,4,3.1,0,0,0.0,,0,
casino5463.team,team,2026-09-12,2026-09-13,2,да,nabory-490-494_styled_img,nabory,1,,styled_img,Theme1,casino_prefix,10,1078,1,1,да,538,21,18-23,6,0,206,206,206,206,150,56,0,895,559,62.5,28,3.1,308,34.4,10,4.9,5,6,10,2.9,2.0,2.8,0,0,0.0,,0,
3989.team,team,2026-09-15,2026-09-16,2,да,content-2026-09-14-7str-oform-1_22,content-дата,1,7,оформлено,Theme1,numeric,4,1186,1,1,да,635,1,00-05,2,206,0,206,206,206,150,56,0,1115,991,88.9,28,2.5,96,8.6,7,3.4,4,7,7,3.4,1,4.0,0,0,0.0,,0,
6297.lol,lol,2026-09-17,2026-09-18,2,да,content-2026-09-15-7str-oform-1_21,content-дата,1,7,оформлено,Theme1,numeric,4,110,3,3,нет,537,7,06-11,4,0,0,206,206,206,150,56,0,669,516,77.1,28,4.2,125,18.7,9,4.4,6,7,7,3.4,0,3.1,0,0,0.0,,0,
32gf.team,team,2026-09-01,2026-09-02,2,да,nabory264268_01.09,nabory,1,,,Theme1,alpha_other,4,364,1,2,да,360,20,18-23,2,0,0,206,206,206,150,56,0,2119,1564,73.8,27,1.3,528,24.9,9,4.4,8,9,9,4.4,1,3.0,0,0,0.0,,0,
casino0962.lol,lol,2026-09-04,2026-09-05,2,да,КОНТЕНТ НЕ ЗАПИСАН,не записан,1,,,Theme1,casino_prefix,10,539,1,2,да,107,14,12-17,5,0,0,206,206,206,150,56,0,577,285,49.4,27,4.7,265,45.9,6,2.9,2,4,5,1.9,2.0,4.5,0,0,0.0,,0,
26casino.lol,lol,2026-09-08,2026-09-09,2,да,archive37строформленоv2часть2,archive,1,7,оформлено,Theme1,casino_infix,8,678,1,1,да,380,14,12-17,2,0,0,206,206,206,150,56,0,661,516,78.1,27,4.1,118,17.9,13,6.3,5,9,10,4.4,2.0,2.1,0,0,0.0,,0,
hhcasino.team,team,2026-09-10,2026-09-11,2,да,archive37строформленоv2часть3,archive,1,7,оформлено,Theme1,casino_infix,8,884,1,1,да,57,20,18-23,4,0,0,206,206,206,150,56,0,356,207,58.1,27,7.6,122,34.3,3,1.5,2,2,2,1.0,1,9.0,0,0,0.0,,0,
xret.lol,lol,2026-09-08,2026-09-09,2,да,clean7_part1_50оформлено,clean,1,,оформлено,Theme1,alpha_other,4,662,1,1,да,351,8,06-11,2,0,0,206,206,206,150,56,0,757,553,73.1,26,3.4,178,23.5,10,4.9,4,5,7,2.4,3,2.6,0,0,0.0,,0,
1819.lol,lol,2026-09-11,2026-09-12,2,да,clean7_part1_50оформлено,clean,1,,оформлено,Theme1,numeric,4,1008,1,1,да,264,3,00-05,5,206,0,206,206,206,150,56,0,408,263,64.5,26,6.4,119,29.2,8,3.9,6,6,7,2.9,0.5,3.2,0,0,0.0,,0,
2532.team,team,2026-09-12,2026-09-13,2,да,content-2026-09-12-7str-oform-1,content-дата,1,7,оформлено,Theme1,numeric,4,1344,1,1,да,215,13,12-17,6,0,206,206,206,206,150,56,0,527,354,67.2,26,4.9,147,27.9,9,4.4,4,5,9,2.4,2,2.9,0,0,0.0,,0,
t6n1.team,team,2026-09-13,2026-09-14,2,да,content-2026-09-12-7str-oform-3,content-дата,1,7,оформлено,Theme1,alpha_other,4,1103,1,1,да,498,16,12-17,7,0,206,206,206,206,150,56,0,249,174,69.9,26,10.4,49,19.7,7,3.4,4,5,6,2.4,1,3.7,0,0,0.0,,0,
ozts.lol,lol,2026-09-16,2026-09-17,2,да,content-2026-09-15-7str-oform-2_12,content-дата,1,7,оформлено,Theme1,alpha_other,4,295,2,2,нет,608,22,18-23,3,0,0,206,206,206,150,56,0,899,792,88.1,26,2.9,81,9.0,6,2.9,4,6,6,2.9,1.0,4.3,0,0,0.0,,0,
0934.lol,lol,2026-09-06,2026-09-07,2,да,nabory400410_styled_img,nabory,1,,styled_img,Theme1,numeric,4,1321,1,1,да,222,18,18-23,7,0,206,206,206,206,150,56,0,752,518,68.9,25,3.3,209,27.8,14,6.8,9,11,11,5.3,1.0,1.8,0,0,0.0,,0,
bxgi.lol,lol,2026-09-07,2026-09-08,2,да,NEW20_4_7pages_withdate,NEW,1,7,без оформления,Theme1,alpha_other,4,608,1,1,да,348,17,12-17,1,0,0,206,206,206,150,56,0,809,509,62.9,25,3.1,275,34.0,12,5.8,8,9,9,4.4,1,2.1,0,0,0.0,,0,
casinoqu.buzz,buzz,2026-09-08,2026-09-09,2,да,archive37строформленоv2часть2,archive,1,7,оформлено,Theme1,casino_prefix,8,701,1,1,да,395,16,12-17,2,0,0,206,206,206,150,56,0,236,174,73.7,25,10.6,37,15.7,10,4.9,4,6,7,2.9,2.0,2.5,0,0,0.0,,0,
3945.lol,lol,2026-09-08,2026-09-09,2,да,archive37строформленоv2часть1,archive,1,7,оформлено,Theme1,numeric,4,747,1,1,да,373,19,18-23,2,0,0,206,206,206,150,56,0,470,352,74.9,25,5.3,93,19.8,11,5.3,8,8,8,3.9,1,2.3,0,0,0.0,,0,
casinoycm.team,team,2026-09-11,2026-09-12,2,да,clean7_part1_50оформлено,clean,1,,оформлено,Theme1,casino_prefix,9,1037,1,1,да,234,9,06-11,5,0,0,206,206,206,150,56,0,588,394,67.0,25,4.3,169,28.7,7,3.4,3,6,7,2.9,3,3.6,0,0,0.0,,0,
5638casino.lol,lol,2026-09-15,2026-09-16,2,да,nabory-525-534_styled_img_6,nabory,1,,styled_img,Theme1,casino_infix,10,88,2,2,нет,863,9,06-11,2,0,0,206,206,206,150,56,0,681,530,77.8,25,3.7,126,18.5,9,4.4,5,8,8,3.9,1.0,2.8,0,0,0.0,,0,
ktto.lol,lol,2026-09-17,2026-09-18,2,да,content-2026-09-15-7str-oform-1_37,content-дата,1,7,оформлено,Theme1,alpha_other,4,313,2,2,нет,573,2,00-05,4,206,0,206,206,206,150,56,0,1206,1093,90.6,25,2.1,88,7.3,12,5.8,8,11,11,5.3,0,2.1,0,0,0.0,,0,
4892casino.lol,lol,2026-09-21,2026-09-21,1,нет,content-2026-09-14b-7str-oform-1_8,content-дата,1,7,оформлено,Theme1,casino_infix,10,1266,2,2,нет,519,2,00-05,1,150,0,150,0,150,150,0,0,474,412,86.9,25,5.3,37,7.8,8,5.3,,,,,0.0,3.1,0,0,0.0,,0,
j4rd.team,team,2026-08-20,2026-08-21,2,да,КОНТЕНТ НЕ ЗАПИСАН,не записан,1,,,Theme2,alpha_other,4,130,1,2,да,155,21,18-23,4,0,0,203,203,203,150,53,0,1572,1154,73.4,24,1.5,394,25.1,14,6.9,10,12,13,5.9,1.0,1.7,0,0,0.0,,0,
9090.lol,lol,2026-09-04,2026-09-05,2,да,КОНТЕНТ НЕ ЗАПИСАН,не записан,1,,,Theme1,numeric,4,532,1,2,да,105,14,12-17,5,0,0,206,206,206,150,56,0,1256,710,56.5,24,1.9,522,41.6,8,3.9,5,5,6,2.4,1.0,3.0,0,0,0.0,,0,
ldwg.buzz,buzz,2026-09-08,2026-09-09,2,да,archive37строформленоv2часть1,archive,1,7,оформлено,Theme1,alpha_other,4,739,1,1,да,363,18,18-23,2,0,0,206,206,206,150,56,0,639,392,61.3,24,3.8,223,34.9,10,4.9,5,7,8,3.4,1.5,2.4,0,0,0.0,,0,
1061.lol,lol,2026-09-14,2026-09-15,2,да,content-2026-09-14-7str-oform-8_38,content-дата,1,7,оформлено,Theme1,numeric,4,1164,1,1,да,598,20,18-23,1,0,0,206,206,206,150,56,0,897,743,82.8,24,2.7,130,14.5,12,5.8,6,10,12,4.9,1.5,2.0,0,0,0.0,,0,
6856casino.team,team,2026-09-17,2026-09-18,2,да,nabory-591-600_4,nabory,1,,,Theme1,casino_infix,10,322,2,2,нет,566,4,00-05,4,206,0,206,206,206,150,56,0,865,711,82.2,24,2.8,130,15.0,15,7.3,11,14,14,6.8,0.5,1.6,0,0,0.0,,0,
t8z9.lol,lol,2026-09-18,2026-09-18,1,да,content-2026-09-17-7str-oform-2_21,content-дата,1,7,оформлено,Theme1,alpha_other,4,507,2,2,нет,692,15,12-17,5,0,0,150,150,150,150,0,0,985,908,92.2,24,2.4,53,5.4,15,10.0,12,15,15,10.0,1,1.6,0,0,0.0,,0,
v3zm.team,team,2026-08-26,2026-08-27,2,да,NEW17_NOimg_withdate_26.08,NEW,1,,без оформления,Theme1,alpha_other,4,295,1,2,да,256,16,12-17,3,0,0,206,206,206,150,56,0,1246,824,66.1,23,1.8,399,32.0,6,2.9,5,6,6,2.9,0.5,3.8,0,0,0.0,,0,
0409hh.casino,casino,2026-09-04,2026-09-05,2,да,NEW20_7pages_withdate_styled_img,NEW,1,7,styled_img,Theme1,alpha_other,6,1217,1,2,да,129,19,18-23,5,0,0,206,206,206,150,56,0,759,544,71.7,23,3.0,192,25.3,9,4.4,7,7,8,3.4,1,2.6,0,0,0.0,,0,
5954.lol,lol,2026-09-07,2026-09-08,2,да,nabory431435_styled_img,nabory,1,,styled_img,Theme1,numeric,4,602,1,1,да,293,16,12-17,1,0,0,206,206,206,150,56,0,1032,635,61.5,23,2.2,374,36.2,12,5.8,9,10,10,4.9,1,1.9,0,0,0.0,,0,
casinoqu.lol,lol,2026-09-08,2026-09-09,2,да,archive37строформленоv2часть1,archive,1,7,оформлено,Theme1,casino_prefix,8,728,1,1,да,361,18,18-23,2,0,0,206,206,206,150,56,0,582,397,68.2,23,4.0,162,27.8,9,4.4,3,3,7,1.5,5.5,2.6,0,0,0.0,,0,
rplcasino.lol,lol,2026-09-12,2026-09-13,2,да,content-2026-09-12-7str-oform-2,content-дата,1,7,оформлено,Theme1,casino_infix,9,1063,1,1,да,563,22,18-23,6,0,206,206,206,206,150,56,0,741,514,69.4,23,3.1,204,27.5,13,6.3,6,6,12,2.9,4,1.8,0,0,0.0,,0,
lvma.lol,lol,2026-09-17,2026-09-18,2,да,nabory-601-610_6,nabory,1,,,Theme1,alpha_other,4,343,2,2,нет,548,7,06-11,4,0,0,206,206,206,150,56,0,1284,1072,83.5,23,1.8,189,14.7,6,2.9,5,6,6,2.9,1.0,3.8,0,0,0.0,,0,
6015casino.lol,lol,2026-09-18,2026-09-18,1,да,content-2026-09-17b-7str-oform_16,content-дата,1,7,оформлено,Theme1,casino_infix,10,519,2,2,нет,312,18,18-23,5,0,0,150,150,150,150,0,0,416,368,88.5,23,5.5,25,6.0,9,6.0,4,9,9,6.0,2,2.6,0,0,0.0,,0,
9055.team,team,2026-09-05,2026-09-06,2,да,Generator_385390_styled_img,Generator,1,,styled_img,Theme1,numeric,4,1255,1,2,да,155,12,12-17,6,0,206,206,206,206,150,56,0,812,436,53.7,22,2.7,354,43.6,9,4.4,6,6,6,2.9,1,2.4,0,0,0.0,,0,
0036.lol,lol,2026-09-14,2026-09-15,2,да,content-2026-09-12-7str-oform-1,content-дата,1,7,оформлено,Theme1,numeric,4,1116,1,1,да,585,1,00-05,1,206,0,206,206,206,150,56,0,465,366,78.7,22,4.7,77,16.6,4,1.9,0,0,4,0.0,5.0,5.5,0,0,0.0,,0,
0652.team,team,2026-09-15,2026-09-16,2,да,nabory-525-534_styled_img_1,nabory,1,,styled_img,Theme1,numeric,4,85,2,2,нет,804,9,06-11,2,0,0,206,206,206,150,56,0,852,671,78.8,22,2.6,159,18.7,8,3.9,6,7,7,3.4,1,2.8,0,0,0.0,,0,
casinow7.team,team,2026-09-17,2026-09-18,2,да,nabory-601-610_1,nabory,1,,,Theme1,casino_prefix,8,342,2,2,нет,543,7,06-11,4,0,0,206,206,206,150,56,0,925,813,87.9,22,2.4,90,9.7,8,3.9,5,6,6,2.9,0.0,2.8,0,0,0.0,,0,
zodd.lol,lol,2026-09-18,2026-09-18,1,да,content-2026-09-14b-7str-oform-1_33,content-дата,1,7,оформлено,Theme1,alpha_other,4,457,2,2,нет,741,1,00-05,5,150,0,150,150,150,150,0,0,649,541,83.4,22,3.4,86,13.3,5,3.3,5,5,5,3.3,0,4.4,0,0,0.0,,0,
1191.team,team,2026-09-04,2026-09-05,2,да,Generator_346353_styled_img,Generator,1,,styled_img,Theme1,numeric,4,1194,1,2,да,213,17,12-17,5,0,0,206,206,206,150,56,0,1480,961,64.9,21,1.4,498,33.6,13,6.3,5,7,8,3.4,3,1.6,0,0,0.0,,0,
vngr.team,team,2026-09-12,2026-09-13,2,да,content-2026-09-12-7str-oform-2,content-дата,1,7,оформлено,Theme1,alpha_other,4,1066,1,1,да,508,22,18-23,6,0,206,206,206,206,150,56,0,954,643,67.4,21,2.2,290,30.4,9,4.4,5,8,9,3.9,1,2.3,0,0,0.0,,0,
662casino.lol,lol,2026-09-15,2026-09-16,2,да,content-2026-09-14-7str-oform-1_18,content-дата,1,7,оформлено,Theme1,casino_infix,9,1188,1,1,да,619,1,00-05,2,206,0,206,206,206,150,56,0,789,655,83.0,21,2.7,113,14.3,10,4.9,5,10,10,4.9,1.5,2.1,0,0,0.0,,0,
8109.team,team,2026-09-21,2026-09-21,1,нет,content-2026-09-14b-7str-oform-1_20,content-дата,1,7,оформлено,Theme1,numeric,4,1289,2,2,нет,531,9,06-11,1,0,0,150,0,150,150,0,0,272,216,79.4,21,7.7,35,12.9,11,7.3,,,,,0,1.9,0,0,0.0,,0,
2352.team,team,2026-09-05,2026-09-06,2,да,Generator_370382_styled_img,Generator,1,,styled_img,Theme1,numeric,4,1240,1,2,да,189,0,00-05,6,206,206,206,206,206,150,56,0,1615,1089,67.4,20,1.2,506,31.3,11,5.3,6,7,7,3.4,0,1.8,0,0,0.0,,0,
0811.lol,lol,2026-09-08,2026-09-09,2,да,archive37строформленоv2часть2,archive,1,7,оформлено,Theme1,numeric,4,702,1,1,да,398,16,12-17,2,0,0,206,206,206,150,56,0,556,436,78.4,20,3.6,100,18.0,8,3.9,5,5,6,2.4,1.0,2.5,0,0,0.0,,0,
casinox5.lol,lol,2026-09-14,2026-09-15,2,да,content-2026-09-12-7str-oform-3,content-дата,1,7,оформлено,Theme1,casino_prefix,8,1139,1,1,да,609,12,12-17,1,0,0,206,206,206,150,56,0,1342,1104,82.3,20,1.5,218,16.2,6,2.9,2,4,6,1.9,3.0,3.3,0,0,0.0,,0,
v5w.lol,lol,2026-09-16,2026-09-17,2,да,nabory-565-580_4,nabory,1,,,Theme1,alpha_other,3,243,2,2,нет,650,14,12-17,3,0,0,206,206,206,150,56,0,2156,1844,85.5,20,0.9,292,13.5,11,5.3,8,10,10,4.9,0.5,1.8,0,0,0.0,,0,
hhal.lol,lol,2026-09-17,2026-09-18,2,да,content-2026-09-15-7str-oform-1_10,content-дата,1,7,оформлено,Theme1,alpha_other,4,365,2,2,нет,831,10,06-11,4,0,0,206,206,206,150,56,0,761,651,85.5,20,2.6,90,11.8,8,3.9,7,8,8,3.9,0.5,2.5,0,0,0.0,,0,
ukfw.lol,lol,2026-09-04,2026-09-05,2,да,nabory284293,nabory,1,,,Theme1,alpha_other,4,527,1,2,да,90,9,06-11,5,0,0,206,206,206,150,56,0,758,402,53.0,19,2.5,337,44.5,6,2.9,4,5,5,2.4,0,3.2,0,0,0.0,,0,
98casino.buzz,buzz,2026-09-08,2026-09-09,2,да,archive37строформленоv2часть3,archive,1,7,оформлено,Theme1,casino_infix,8,765,1,1,да,463,20,18-23,2,0,0,206,206,206,150,56,0,503,357,71.0,19,3.8,127,25.2,8,3.9,2,2,4,1.0,7.5,2.4,0,0,0.0,,0,
2894.team,team,2026-09-10,2026-09-11,2,да,archive47_unique119оформленочасть1,archive,1,,оформлено,Theme1,numeric,4,848,1,1,да,25,19,18-23,3,0,0,206,206,206,150,56,0,213,113,53.1,19,8.9,81,38.0,10,4.9,6,8,10,3.9,1.0,1.9,0,0,0.0,,0,
8325.lol,lol,2026-09-15,2026-09-16,2,да,content-2026-09-14-7str-oform-1_2,content-дата,1,7,оформлено,Theme1,numeric,4,1191,1,1,да,588,2,00-05,2,206,0,206,206,206,150,56,0,596,513,86.1,19,3.2,64,10.7,8,3.9,3,8,8,3.9,2.0,2.4,0,0,0.0,,0,
casinoi7.team,team,2026-09-21,2026-09-21,1,нет,content-2026-09-14b-7str-oform-1_9,content-дата,1,7,оформлено,Theme1,casino_prefix,8,1295,2,2,нет,520,9,06-11,1,0,0,150,0,150,150,0,0,238,196,82.4,19,8.0,23,9.7,9,6.0,,,,,0,2.1,0,0,0.0,,0,
casino876.lol,lol,2026-09-04,2026-09-05,2,да,КОНТЕНТ НЕ ЗАПИСАН,не записан,1,,,Theme1,casino_prefix,9,735,1,2,да,88,15,12-17,5,0,0,206,206,206,150,56,0,1160,674,58.1,18,1.6,468,40.3,3,1.5,2,2,3,1.0,0,6.0,0,0,0.0,,0,
1368.team,team,2026-09-04,2026-09-05,2,да,Generator_354359_styled_img,Generator,1,,styled_img,Theme1,numeric,4,1205,1,2,да,204,18,18-23,5,0,0,206,206,206,150,56,0,1632,1158,71.0,18,1.1,456,27.9,12,5.8,3,6,6,2.9,5.5,1.5,0,0,0.0,,0,
epfy.team,team,2026-09-05,2026-09-06,2,да,Generator_370382_styled_img,Generator,1,,styled_img,Theme1,alpha_other,4,1249,1,2,да,192,8,06-11,6,0,206,206,206,206,150,56,0,945,489,51.7,18,1.9,438,46.3,4,1.9,4,4,4,1.9,0.0,4.5,0,0,0.0,,0,
d3x2.buzz,buzz,2026-09-08,2026-09-09,2,да,archive37строформленоv2часть2,archive,1,7,оформлено,Theme1,alpha_other,4,691,1,1,да,418,16,12-17,2,0,0,206,206,206,150,56,0,126,98,77.8,18,14.3,10,7.9,6,2.9,3,4,4,1.9,2.0,3.0,0,0,0.0,,0,
tapz.casino,casino,2026-09-11,2026-09-12,2,да,NEW102оформленобездаты,NEW,1,,оформлено,Theme1,alpha_other,4,983,1,1,да,115,20,18-23,5,0,0,206,206,206,150,56,0,517,315,60.9,18,3.5,184,35.6,9,4.4,2,6,8,2.9,2,2.0,0,0,0.0,,0,
qcfi.team,team,2026-09-12,2026-09-13,2,да,content-2026-09-12-7str-oform-2,content-дата,1,7,оформлено,Theme1,alpha_other,4,1050,1,1,да,503,14,12-17,6,0,206,206,206,206,150,56,0,431,273,63.3,18,4.2,140,32.5,9,4.4,1,1,8,0.5,5.0,2.0,0,0,0.0,,0,
casinof8.team,team,2026-09-15,2026-09-16,2,да,nabory-515-524_styled_img_6,nabory,1,,styled_img,Theme1,casino_prefix,8,37,2,2,нет,679,3,00-05,2,206,0,206,206,206,150,56,0,623,500,80.3,18,2.9,105,16.9,4,1.9,2,4,4,1.9,1.5,4.5,0,0,0.0,,0,
n6qf.team,team,2026-08-20,2026-08-21,2,да,КОНТЕНТ НЕ ЗАПИСАН,не записан,1,,,Theme2,alpha_other,4,133,1,2,да,158,21,18-23,4,0,0,203,203,203,150,53,0,1326,947,71.4,17,1.3,362,27.3,12,5.9,5,5,7,2.5,6.0,1.4,0,0,0.0,,0,
vilx.team,team,2026-09-05,2026-09-06,2,да,Generator_370382_styled_img,Generator,1,,styled_img,Theme1,alpha_other,4,1250,1,2,да,195,8,06-11,6,0,206,206,206,206,150,56,0,752,412,54.8,17,2.3,323,43.0,6,2.9,3,3,3,1.5,1.0,2.8,0,0,0.0,,0,
casinoa9.buzz,buzz,2026-09-08,2026-09-09,2,да,archive37строформленоv2часть2,archive,1,7,оформлено,Theme1,casino_prefix,8,688,1,1,да,403,15,12-17,2,0,0,206,206,206,150,56,0,599,328,54.8,17,2.8,254,42.4,10,4.9,7,7,8,3.4,1.0,1.7,0,0,0.0,,0,
0658.lol,lol,2026-09-08,2026-09-09,2,да,archive37строформленоv2часть2,archive,1,7,оформлено,Theme1,numeric,4,721,1,1,да,372,17,12-17,2,0,0,206,206,206,150,56,0,433,342,79.0,16,3.7,75,17.3,7,3.4,2,3,4,1.5,5,2.3,0,0,0.0,,0,
e6c.team,team,2026-09-13,2026-09-14,2,да,content-2026-09-12-7str-oform-3,content-дата,1,7,оформлено,Theme1,alpha_other,3,1108,1,1,да,492,17,12-17,7,0,206,206,206,206,150,56,0,112,85,75.9,16,14.3,11,9.8,10,4.9,4,5,10,2.4,3.5,1.6,0,0,0.0,,0,
5377.lol,lol,2026-09-14,2026-09-15,2,да,content-2026-09-12-7str-oform-1,content-дата,1,7,оформлено,Theme1,numeric,4,1136,1,1,да,592,11,06-11,1,0,0,206,206,206,150,56,0,225,172,76.4,16,7.1,37,16.4,6,2.9,1,5,6,2.4,2.5,2.7,0,0,0.0,,0,
kdjm.lol,lol,2026-09-17,2026-09-18,2,да,nabory-591-600_9,nabory,1,,,Theme1,alpha_other,4,329,2,2,нет,571,5,00-05,4,206,0,206,206,206,150,56,0,1104,930,84.2,16,1.4,158,14.3,8,3.9,8,8,8,3.9,0.0,2.0,0,0,0.0,,0,
6106.lol,lol,2026-09-17,2026-09-18,2,да,content-2026-09-16-7str_36,content-дата,1,7,,Theme1,numeric,4,400,2,2,нет,785,13,12-17,4,0,0,206,206,206,150,56,0,1378,1289,93.5,16,1.2,73,5.3,3,1.5,1,3,3,1.5,2,5.3,0,0,0.0,,0,
m7s3.team,team,2026-09-04,2026-09-05,2,да,КОНТЕНТ НЕ ЗАПИСАН,не записан,1,,,Theme1,alpha_other,4,568,1,2,да,78,16,12-17,5,0,0,206,206,206,150,56,0,1658,1309,79.0,15,0.9,334,20.1,9,4.4,4,5,5,2.4,2,1.7,0,0,0.0,,0,
l6j.buzz,buzz,2026-09-08,2026-09-09,2,да,archive37строформленоv2часть1,archive,1,7,оформлено,Theme1,alpha_other,3,724,1,1,да,367,17,12-17,2,0,0,206,206,206,150,56,0,799,442,55.3,15,1.9,342,42.8,8,3.9,4,5,6,2.4,1.5,1.9,0,0,0.0,,0,
ywm.lol,lol,2026-09-11,2026-09-12,2,да,NEW102оформленосдатой,NEW,1,,оформлено,Theme1,alpha_other,3,948,1,1,да,134,12,12-17,5,0,0,206,206,206,150,56,0,403,267,66.3,15,3.7,121,30.0,9,4.4,4,5,9,2.4,2,1.7,0,0,0.0,,0,
1209sg.casino,casino,2026-09-12,2026-09-13,2,да,script_yandex_12page,script,1,12,,Theme1,alpha_other,6,998,1,1,да,102,19,18-23,6,0,206,206,206,206,150,56,0,378,203,53.7,15,4.0,160,42.3,8,3.9,3,4,5,1.9,3.5,1.9,0,0,0.0,,0,
itrv.team,team,2026-09-12,2026-09-13,2,да,content-2026-09-12-7str-oform-2,content-дата,1,7,оформлено,Theme1,alpha_other,4,1393,1,1,да,546,14,12-17,6,0,206,206,206,206,150,56,0,924,587,63.5,15,1.6,322,34.8,4,1.9,2,2,4,1.0,2.5,3.8,0,0,0.0,,0,
llnh.team,team,2026-09-13,2026-09-14,2,да,content-2026-09-12-7str-oform-3,content-дата,1,7,оформлено,Theme1,alpha_other,4,1109,1,1,да,490,17,12-17,7,0,206,206,206,206,150,56,0,59,36,61.0,15,25.4,8,13.6,2,1.0,0,0,2,0.0,7.0,7.5,0,0,0.0,,0,
casino716.lol,lol,2026-09-16,2026-09-17,2,да,content-2026-09-15-7str-oform-2_22,content-дата,1,7,оформлено,Theme1,casino_prefix,9,274,2,2,нет,618,21,18-23,3,0,0,206,206,206,150,56,0,1337,1181,88.3,15,1.1,141,10.5,2,1.0,1,1,1,0.5,1,7.5,0,0,0.0,,0,
lmlx.lol,lol,2026-09-16,2026-09-17,2,да,content-2026-09-15-7str-oform-2_20,content-дата,1,7,оформлено,Theme1,alpha_other,4,291,2,2,нет,616,22,18-23,3,0,0,206,206,206,150,56,0,1326,1197,90.3,15,1.1,114,8.6,3,1.5,2,2,2,1.0,0.5,5.0,0,0,0.0,,0,
m0w5.team,team,2026-09-17,2026-09-18,2,да,nabory-601-610_3,nabory,1,,,Theme1,alpha_other,4,344,2,2,нет,545,7,06-11,4,0,0,206,206,206,150,56,0,1400,1151,82.2,15,1.1,234,16.7,6,2.9,4,5,5,2.4,1,2.5,0,0,0.0,,0,
ukfw.team,team,2026-09-04,2026-09-05,2,да,КОНТЕНТ НЕ ЗАПИСАН,не записан,1,,,Theme1,alpha_other,4,562,1,2,да,5,16,12-17,5,0,0,206,206,206,150,56,0,1188,708,59.6,14,1.2,466,39.2,8,3.9,4,4,5,1.9,4.0,1.8,0,0,0.0,,0,
casinoopk.team,team,2026-09-05,2026-09-06,2,да,Generator_385390_styled_img,Generator,1,,styled_img,Theme1,casino_prefix,9,1258,1,2,да,97,15,12-17,6,0,206,206,206,206,150,56,0,757,392,51.8,14,1.8,351,46.4,8,3.9,6,6,8,2.9,1.0,1.8,0,0,0.0,,0,
qwsc.lol,lol,2026-09-08,2026-09-09,2,да,Content_script_12page_08.09,script,1,12,,Theme1,alpha_other,4,661,1,1,да,335,8,06-11,2,0,0,206,206,206,150,56,0,834,565,67.7,14,1.7,255,30.6,9,4.4,9,9,9,4.4,1,1.6,0,0,0.0,,0,
0496.lol,lol,2026-09-08,2026-09-09,2,да,archive37строформленоv2часть3,archive,1,7,оформлено,Theme1,numeric,4,761,1,1,да,464,20,18-23,2,0,0,206,206,206,150,56,0,475,328,69.1,14,2.9,133,28.0,9,4.4,3,4,5,1.9,6,1.6,0,0,0.0,,0,
casinorlj.team,team,2026-09-12,2026-09-13,2,да,content-2026-09-12-7str-oform-2,content-дата,1,7,оформлено,Theme1,casino_prefix,9,1389,1,1,да,488,20,18-23,6,0,206,206,206,206,150,56,0,597,397,66.5,14,2.3,186,31.2,3,1.5,0,0,3,0.0,5,4.7,0,0,0.0,,0,
0427.lol,lol,2026-09-13,2026-09-14,2,да,content-2026-09-12-7str-oform-3,content-дата,1,7,оформлено,Theme1,numeric,4,1087,1,1,да,549,14,12-17,7,0,206,206,206,206,150,56,0,805,647,80.4,14,1.7,144,17.9,8,3.9,6,6,8,2.9,1.0,1.8,0,0,0.0,,0,
2138.team,team,2026-09-14,2026-09-15,2,да,content-2026-09-14-12str-oform_15,content-дата,1,12,оформлено,Theme1,numeric,4,1143,1,1,да,704,16,12-17,1,0,0,206,206,206,150,56,0,1031,812,78.8,14,1.4,205,19.9,6,2.9,4,4,6,1.9,1.0,2.3,0,0,0.0,,0,
4572.lol,lol,2026-09-18,2026-09-18,1,да,nabory-611-620_5,nabory,1,,,Theme1,numeric,4,450,2,2,нет,732,1,00-05,5,150,0,150,150,150,150,0,0,681,570,83.7,14,2.1,97,14.2,7,4.7,7,7,7,4.7,0,2.0,0,0,0.0,,0,
2753casino.lol,lol,2026-09-18,2026-09-18,1,да,content-2026-09-17-7str-oform-2_26,content-дата,1,7,оформлено,Theme1,casino_infix,10,468,2,2,нет,697,2,00-05,5,150,0,150,150,150,150,0,0,464,394,84.9,14,3.0,56,12.1,8,5.3,6,8,8,5.3,1.0,1.8,0,0,0.0,,0,
7829.lol,lol,2026-09-18,2026-09-18,1,да,content-2026-09-17b-7str-oform_41,content-дата,1,7,оформлено,Theme1,numeric,4,495,2,2,нет,337,14,12-17,5,0,0,150,150,150,150,0,0,1243,1181,95.0,14,1.1,48,3.9,9,6.0,7,9,9,6.0,1,1.6,0,0,0.0,,0,
xycasino.lol,lol,2026-09-04,2026-09-05,2,да,КОНТЕНТ НЕ ЗАПИСАН,не записан,1,,,Theme1,casino_infix,8,569,1,2,да,104,16,12-17,5,0,0,206,206,206,150,56,0,1883,1027,54.5,13,0.7,843,44.8,7,3.4,4,4,4,1.9,1.0,1.9,0,0,0.0,,0,
5076casino.lol,lol,2026-09-12,2026-09-13,2,да,content-2026-09-12-7str-oform-2,content-дата,1,7,оформлено,Theme1,casino_infix,10,1357,1,1,да,547,15,12-17,6,0,206,206,206,206,150,56,0,211,135,64.0,13,6.2,63,29.9,7,3.4,3,3,7,1.5,4,1.9,0,0,0.0,,0,
casino395.team,team,2026-09-14,2026-09-15,2,да,content-2026-09-14-12str-oform_16,content-дата,1,12,оформлено,Theme1,casino_prefix,9,1154,1,1,да,705,19,18-23,1,0,0,206,206,206,150,56,0,748,543,72.6,13,1.7,192,25.7,4,1.9,0,0,4,0.0,6.0,3.2,0,0,0.0,,0,
6393.team,team,2026-09-15,2026-09-16,2,да,content-2026-09-14-7str-oform-9_29,content-дата,1,7,оформлено,Theme1,numeric,4,42,2,2,нет,690,4,00-05,2,206,0,206,206,206,150,56,0,764,556,72.8,13,1.7,195,25.5,6,2.9,4,4,6,1.9,1.0,2.2,0,0,0.0,,0,
byxx.lol,lol,2026-09-20,2026-09-21,2,нет,nabory-641-650_8,nabory,1,,,Theme1,alpha_other,4,1203,2,2,нет,895,1,00-05,7,206,206,206,0,206,150,56,0,497,402,80.9,13,2.6,82,16.5,10,4.9,,,,,0.0,1.3,0,0,0.0,,0,
casino4623.team,team,2026-09-05,2026-09-06,2,да,Generator_370382_styled_img,Generator,1,,styled_img,Theme1,casino_prefix,10,1246,1,2,да,187,8,06-11,6,0,206,206,206,206,150,56,0,996,537,53.9,12,1.2,447,44.9,3,1.5,3,3,3,1.5,0,4.0,0,0,0.0,,0,
w8h.lol,lol,2026-09-08,2026-09-09,2,да,nabory447451_styled_img,nabory,1,,styled_img,Theme1,alpha_other,3,772,1,1,да,468,21,18-23,2,0,0,206,206,206,150,56,0,909,542,59.6,12,1.3,355,39.1,7,3.4,5,5,5,2.4,1,1.7,0,0,0.0,,0,
8367.lol,lol,2026-09-11,2026-09-12,2,да,script_yandex_12page,script,1,12,,Theme1,numeric,4,1325,1,1,да,272,19,18-23,5,0,0,206,206,206,150,56,0,776,491,63.3,12,1.5,273,35.2,6,2.9,3,4,6,1.9,1.5,2.0,0,0,0.0,,0,
uqg.lol,lol,2026-09-12,2026-09-13,2,да,content-2026-09-12-7str-oform-1,content-дата,1,7,оформлено,Theme1,alpha_other,3,1062,1,1,да,571,22,18-23,6,0,206,206,206,206,150,56,0,913,594,65.1,12,1.3,307,33.6,6,2.9,3,5,6,2.4,1.5,2.0,0,0,0.0,,0,
0902.team,team,2026-09-12,2026-09-13,2,да,КОНТЕНТ НЕ ЗАПИСАН,не записан,1,,,Theme1,numeric,4,1073,1,1,да,555,18,18-23,6,0,206,206,206,206,150,56,0,993,650,65.5,12,1.2,331,33.3,6,2.9,3,3,5,1.5,2.5,2.0,0,0,0.0,,0,
3829.lol,lol,2026-09-18,2026-09-18,1,да,nabory-611-620_4,nabory,1,,,Theme1,numeric,4,449,2,2,нет,731,1,00-05,5,150,0,150,150,150,150,0,0,712,613,86.1,12,1.7,87,12.2,8,5.3,7,8,8,5.3,0.0,1.5,0,0,0.0,,0,
t1g7.lol,lol,2026-09-18,2026-09-18,1,да,content-2026-09-17b-7str-oform_31,content-дата,1,7,оформлено,Theme1,alpha_other,4,506,2,2,нет,327,15,12-17,5,0,0,150,150,150,150,0,0,789,728,92.3,12,1.5,49,6.2,7,4.7,5,7,7,4.7,1,1.7,0,0,0.0,,0,
e8k.buzz,buzz,2026-09-08,2026-09-09,2,да,archive37строформленоv2часть2,archive,1,7,оформлено,Theme1,alpha_other,3,712,1,1,да,406,17,12-17,2,0,0,206,206,206,150,56,0,629,439,69.8,11,1.7,179,28.5,6,2.9,0,0,1,0.0,9.0,1.8,0,0,0.0,,0,
63casino.team,team,2026-09-10,2026-09-11,2,да,archive47_unique119оформленочасть1,archive,1,,оформлено,Theme1,casino_infix,8,864,1,1,да,41,19,18-23,3,0,0,206,206,206,150,56,0,197,111,56.3,11,5.6,75,38.1,5,2.4,3,3,4,1.5,1,2.2,0,0,0.0,,0,
8374casino.lol,lol,2026-09-12,2026-09-13,2,да,content-2026-09-12-7str-oform-1,content-дата,1,7,оформлено,Theme1,casino_infix,10,1369,1,1,да,551,16,12-17,6,0,206,206,206,206,150,56,0,841,498,59.2,11,1.3,332,39.5,6,2.9,3,3,6,1.5,2.5,1.8,0,0,0.0,,0,
qwmt.lol,lol,2026-09-14,2026-09-15,2,да,content-2026-09-12-12str-oform,content-дата,1,12,оформлено,Theme1,alpha_other,4,1140,1,1,да,575,12,12-17,1,0,0,206,206,206,150,56,0,1408,1187,84.3,11,0.8,210,14.9,6,2.9,5,6,6,2.9,0.0,1.8,0,0,0.0,,0,
bkny.team,team,2026-09-17,2026-09-18,2,да,content-2026-09-15-7str-oform-1_18,content-дата,1,7,оформлено,Theme1,alpha_other,4,340,2,2,нет,534,7,06-11,4,0,0,206,206,206,150,56,0,536,438,81.7,11,2.1,87,16.2,5,2.4,3,5,5,2.4,1,2.2,0,0,0.0,,0,
0581.lol,lol,2026-09-17,2026-09-18,2,да,content-2026-09-14b-7str-oform-1_37,content-дата,1,7,оформлено,Theme1,numeric,4,429,2,2,нет,745,21,18-23,4,0,0,206,206,206,150,56,0,720,633,87.9,11,1.5,76,10.6,1,0.5,1,1,1,0.5,1,11.0,0,0,0.0,,0,
3655.lol,lol,2026-09-17,2026-09-18,2,да,nabory-611-620_10,nabory,1,,,Theme1,numeric,4,434,2,2,нет,737,21,18-23,4,0,0,206,206,206,150,56,0,789,669,84.8,11,1.4,109,13.8,7,3.4,3,7,7,3.4,2,1.6,0,0,0.0,,0,
qwzn.lol,lol,2026-09-18,2026-09-18,1,да,content-2026-09-16-7str_2,content-дата,1,7,,Theme1,alpha_other,4,455,2,2,нет,751,1,00-05,5,150,0,150,150,150,150,0,0,770,689,89.5,11,1.4,70,9.1,5,3.3,5,5,5,3.3,1,2.2,0,0,0.0,,0,
1209cas.casino,casino,2026-09-12,2026-09-13,2,да,script_yandex_12page,script,1,12,,Theme1,alpha_other,7,986,1,1,да,97,0,00-05,6,206,206,206,206,206,150,56,0,1020,789,77.4,10,1.0,221,21.7,1,0.5,1,1,1,0.5,0,10.0,0,0,0.0,,0,
0592.team,team,2026-09-15,2026-09-16,2,да,nabory-525-534_styled_img_8,nabory,1,,styled_img,Theme1,numeric,4,84,2,2,нет,881,8,06-11,2,0,0,206,206,206,150,56,0,803,672,83.7,10,1.2,121,15.1,5,2.4,2,5,5,2.4,2,2.0,0,0,0.0,,0,
7383.lol,lol,2026-09-17,2026-09-18,2,да,content-2026-09-15-7str-oform-1_8,content-дата,1,7,оформлено,Theme1,numeric,4,348,2,2,нет,829,9,06-11,4,0,0,206,206,206,150,56,0,859,783,91.2,10,1.2,66,7.7,7,3.4,4,6,6,2.9,0.0,1.4,0,0,0.0,,0,
8081.team,team,2026-09-07,2026-09-08,2,да,Выдача_06.09_7стр,прочее,1,7,,Theme1,numeric,4,590,1,1,да,230,10,06-11,1,0,0,206,206,206,150,56,0,329,244,74.2,9,2.7,76,23.1,3,1.5,2,2,2,1.0,1,3.0,0,0,0.0,,0,
0313.lol,lol,2026-09-08,2026-09-09,2,да,archive37строформленоv2часть2,archive,1,7,оформлено,Theme1,numeric,4,696,1,1,да,411,16,12-17,2,0,0,206,206,206,150,56,0,482,400,83.0,9,1.9,73,15.1,3,1.5,1,1,1,0.5,11,3.0,0,0,0.0,,0,
9766.lol,lol,2026-09-14,2026-09-15,2,да,content-2026-09-12-7str-oform-3,content-дата,1,7,оформлено,Theme1,numeric,4,1137,1,1,да,601,12,12-17,1,0,0,206,206,206,150,56,0,1190,1040,87.4,9,0.8,141,11.8,3,1.5,2,3,3,1.5,1,3.0,0,0,0.0,,0,
8568.lol,lol,2026-09-08,2026-09-09,2,да,archive37строформленоv2часть2,archive,1,7,оформлено,Theme1,numeric,4,732,1,1,да,385,18,18-23,2,0,0,206,206,206,150,56,0,415,326,78.6,8,1.9,81,19.5,5,2.4,1,2,2,1.0,8,1.6,0,0,0.0,,0,
61casino.lol,lol,2026-09-08,2026-09-09,2,да,archive37строформленоv2часть3,archive,1,7,оформлено,Theme1,casino_infix,8,759,1,1,да,455,20,18-23,2,0,0,206,206,206,150,56,0,445,347,78.0,8,1.8,90,20.2,3,1.5,1,2,2,1.0,2,2.7,0,0,0.0,,0,
9237.team,team,2026-09-14,2026-09-15,2,да,content-2026-09-14-12str-oform_14,content-дата,1,12,оформлено,Theme1,numeric,4,1150,1,1,да,693,18,18-23,1,0,0,206,206,206,150,56,0,765,578,75.6,8,1.0,179,23.4,4,1.9,2,3,4,1.5,2.0,2.0,0,0,0.0,,0,
8352.team,team,2026-09-17,2026-09-18,2,да,content-2026-09-14b-7str-oform-1_46,content-дата,1,7,оформлено,Theme1,numeric,4,376,2,2,нет,802,11,06-11,4,0,0,206,206,206,150,56,0,1076,1004,93.3,8,0.7,64,5.9,1,0.5,0,0,0,0.0,,8.0,0,0,0.0,,0,
casinoz3.lol,lol,2026-09-18,2026-09-18,1,да,content-2026-09-17-7str-oform-2_22,content-дата,1,7,оформлено,Theme1,casino_prefix,8,486,2,2,нет,693,13,12-17,5,0,0,150,150,150,150,0,0,769,714,92.8,8,1.0,47,6.1,4,2.7,4,4,4,2.7,1.0,2.0,0,0,0.0,,0,
8084casino.lol,lol,2026-09-20,2026-09-21,2,нет,nabory-641-650_6,nabory,1,,,Theme1,casino_infix,10,1200,2,2,нет,893,1,00-05,7,206,206,206,0,206,150,56,0,805,700,87.0,8,1.0,97,12.0,8,3.9,,,,,0,1.0,0,0,0.0,,0,
vfra.lol,lol,2026-09-08,2026-09-09,2,да,archive37строформленоv2часть2,archive,1,7,оформлено,Theme1,alpha_other,4,694,1,1,да,421,16,12-17,2,0,0,206,206,206,150,56,0,479,410,85.6,7,1.5,62,12.9,4,1.9,3,3,4,1.5,0.5,1.8,0,0,0.0,,0,
0491.team,team,2026-09-10,2026-09-11,2,да,archive47_unique119оформленочасть1,archive,1,,оформлено,Theme1,numeric,4,845,1,1,да,46,19,18-23,3,0,0,206,206,206,150,56,0,157,98,62.4,7,4.5,52,33.1,3,1.5,2,3,3,1.5,1,2.3,0,0,0.0,,0,
1009rr.casino,casino,2026-09-11,2026-09-12,2,да,script_yandex_12page,script,1,12,,Theme1,alpha_other,6,956,1,1,да,77,0,00-05,4,0,0,206,206,206,150,56,0,227,124,54.6,7,3.1,96,42.3,3,1.5,2,2,3,1.0,0,2.3,0,0,0.0,,0,
0141.lol,lol,2026-09-16,2026-09-17,2,да,content-2026-09-15-7str-oform-1_41,content-дата,1,7,оформлено,Theme1,numeric,4,275,2,2,нет,577,23,18-23,3,0,0,206,206,206,150,56,0,1454,1270,87.3,7,0.5,177,12.2,3,1.5,3,3,3,1.5,1,2.3,0,0,0.0,,0,
y0e7.lol,lol,2026-09-18,2026-09-18,1,да,content-2026-09-16-7str_7,content-дата,1,7,,Theme1,alpha_other,4,456,2,2,нет,756,1,00-05,5,150,0,150,150,150,150,0,0,753,667,88.6,7,0.9,79,10.5,2,1.3,2,2,2,1.3,0.0,3.5,0,0,0.0,,0,
bhge.lol,lol,2026-09-21,2026-09-21,1,нет,content-2026-09-17-7str-oform-1_17,content-дата,1,7,оформлено,Theme1,alpha_other,4,1294,2,2,нет,847,9,06-11,1,0,0,150,0,150,150,0,0,332,263,79.2,7,2.1,62,18.7,6,4.0,,,,,0.0,1.2,0,0,0.0,,0,
4060.lol,lol,2026-09-21,2026-09-21,1,нет,content-2026-09-17-7str-oform-1_14,content-дата,1,7,оформлено,Theme1,numeric,4,1251,2,2,нет,844,1,00-05,1,150,0,150,0,150,150,0,0,683,629,92.1,7,1.0,47,6.9,6,4.0,,,,,0.0,1.2,0,0,0.0,,0,
9471.lol,lol,2026-09-21,2026-09-21,1,нет,content-2026-09-14b-7str-oform-1_26,content-дата,1,7,оформлено,Theme1,numeric,4,1290,2,2,нет,667,9,06-11,1,0,0,150,0,150,150,0,0,284,256,90.1,7,2.5,21,7.4,3,2.0,,,,,0,2.3,0,0,0.0,,0,
6572.team,team,2026-09-21,2026-09-21,1,нет,content-2026-09-14b-7str-oform-1_14,content-дата,1,7,оформлено,Theme1,numeric,4,1288,2,2,нет,525,9,06-11,1,0,0,150,0,150,150,0,0,223,191,85.7,7,3.1,25,11.2,3,2.0,,,,,0,2.3,0,0,0.0,,0,
kpscasino.buzz,buzz,2026-09-08,2026-09-09,2,да,archive37строформленоv2часть2,archive,1,7,оформлено,Theme1,casino_infix,9,713,1,1,да,415,17,12-17,2,0,0,206,206,206,150,56,0,515,360,69.9,6,1.2,149,28.9,4,1.9,0,0,1,0.0,9.5,1.5,0,0,0.0,,0,
casinoubf.lol,lol,2026-09-08,2026-09-09,2,да,archive37строформленоv2часть1,archive,1,7,оформлено,Theme1,casino_prefix,9,723,1,1,да,364,17,12-17,2,0,0,206,206,206,150,56,0,861,474,55.1,6,0.7,381,44.3,4,1.9,0,1,1,0.5,8.5,1.5,0,0,0.0,,0,
casino936.team,team,2026-09-14,2026-09-15,2,да,nabory-500-509_styled_img,nabory,1,,styled_img,Theme1,casino_prefix,9,1120,1,1,да,695,15,12-17,1,206,0,206,206,206,150,56,0,501,369,73.7,6,1.2,126,25.1,4,1.9,0,1,3,0.5,4,1.5,0,0,0.0,,0,
0569.team,team,2026-09-14,2026-09-15,2,да,nabory-500-509_styled_img,nabory,1,,styled_img,Theme1,numeric,4,1122,1,1,да,642,15,12-17,1,206,0,206,206,206,150,56,0,613,455,74.2,6,1.0,152,24.8,3,1.5,1,2,3,1.0,3,2.0,0,0,0.0,,0,
2494.lol,lol,2026-09-14,2026-09-15,2,да,content-2026-09-12-7str-oform-3,content-дата,1,7,оформлено,Theme1,numeric,4,1129,1,1,да,602,9,06-11,1,0,0,206,206,206,150,56,0,182,144,79.1,6,3.3,32,17.6,4,1.9,2,4,4,1.9,1.5,1.5,0,0,0.0,,0,
5894.team,team,2026-09-14,2026-09-15,2,да,nabory-510-514_styled_img,nabory,1,,styled_img,Theme1,numeric,4,1148,1,1,да,698,17,12-17,1,0,0,205,205,205,150,55,0,1058,840,79.4,6,0.6,212,20.0,5,2.4,3,3,5,1.5,1,1.2,0,0,0.0,,0,
ustn.team,team,2026-09-14,2026-09-15,2,да,nabory-510-514_styled_img,nabory,1,,styled_img,Theme1,alpha_other,4,1160,1,1,да,688,20,18-23,1,0,0,206,206,206,150,56,0,897,759,84.6,6,0.7,132,14.7,1,0.5,1,1,1,0.5,1,6.0,0,0,0.0,,0,
689casino.lol,lol,2026-09-14,2026-09-15,2,да,content-2026-09-14-7str-oform-8_41,content-дата,1,7,оформлено,Theme1,casino_infix,9,1171,1,1,да,620,22,18-23,1,0,0,206,206,206,150,56,0,514,458,89.1,6,1.2,50,9.7,4,1.9,3,4,4,1.9,1.0,1.5,0,0,0.0,,0,
casino0469.lol,lol,2026-09-17,2026-09-18,2,да,content-2026-09-14b-7str-oform-1_49,content-дата,1,7,оформлено,Theme1,casino_prefix,10,378,2,2,нет,805,11,06-11,4,0,0,206,206,206,150,56,0,378,349,92.3,6,1.6,23,6.1,3,1.5,2,3,3,1.5,1,2.0,0,0,0.0,,0,
0887.lol,lol,2026-09-17,2026-09-18,2,да,content-2026-09-14b-7str-oform-1_41,content-дата,1,7,оформлено,Theme1,numeric,4,431,2,2,нет,749,21,18-23,4,0,0,206,206,206,150,56,0,646,591,91.5,6,0.9,49,7.6,5,2.4,1,5,5,2.4,2,1.2,0,0,0.0,,0,
oxvl.lol,lol,2026-09-04,2026-09-05,2,да,КОНТЕНТ НЕ ЗАПИСАН,не записан,1,,,Theme1,alpha_other,4,558,1,2,да,5,16,12-17,5,0,0,206,206,206,150,56,0,1195,795,66.5,5,0.4,395,33.1,2,1.0,2,2,2,1.0,1.0,2.5,0,0,0.0,,0,
vscasino.buzz,buzz,2026-09-08,2026-09-09,2,да,archive37строформленоv2часть2,archive,1,7,оформлено,Theme1,casino_infix,8,715,1,1,да,414,17,12-17,2,0,0,206,206,206,150,56,0,503,346,68.8,5,1.0,152,30.2,3,1.5,0,0,1,0.0,9,1.7,0,0,0.0,,0,
qodu.team,team,2026-09-10,2026-09-11,2,да,archive47_unique119оформленочасть1,archive,1,,оформлено,Theme1,alpha_other,4,868,1,1,да,59,20,18-23,3,0,0,206,206,206,150,56,0,298,202,67.8,5,1.7,91,30.5,3,1.5,2,2,3,1.0,1,1.7,0,0,0.0,,0,
casinorvx.team,team,2026-09-17,2026-09-18,2,да,content-2026-09-15-7str-oform-1_25,content-дата,1,7,оформлено,Theme1,casino_prefix,9,341,2,2,нет,541,7,06-11,4,0,0,206,206,206,150,56,0,477,419,87.8,5,1.0,53,11.1,4,1.9,3,4,4,1.9,1.0,1.2,0,0,0.0,,0,
nzbcasino.team,team,2026-09-17,2026-09-18,2,да,content-2026-09-16-12str_6,content-дата,1,12,,Theme1,casino_infix,9,422,2,2,нет,797,19,18-23,4,0,0,206,206,206,150,56,0,1001,908,90.7,5,0.5,88,8.8,3,1.5,2,3,3,1.5,1,1.7,0,0,0.0,,0,
ihkx.lol,lol,2026-09-18,2026-09-18,1,да,content-2026-09-16-7str_5,content-дата,1,7,,Theme1,alpha_other,4,453,2,2,нет,754,1,00-05,5,150,0,150,150,150,150,0,0,942,847,89.9,5,0.5,90,9.6,2,1.3,2,2,2,1.3,0.0,2.5,0,0,0.0,,0,
8959.lol,lol,2026-09-18,2026-09-18,1,да,content-2026-09-17-7str-oform-2_23,content-дата,1,7,оформлено,Theme1,numeric,4,474,2,2,нет,694,12,12-17,5,0,0,150,150,150,150,0,0,606,563,92.9,5,0.8,38,6.3,4,2.7,1,4,4,2.7,2.0,1.2,0,0,0.0,,0,
9816.team,team,2026-09-21,2026-09-21,1,нет,content-2026-09-17-7str-oform-1_2,content-дата,1,7,оформлено,Theme1,numeric,4,1292,2,2,нет,672,9,06-11,1,0,0,150,0,150,150,0,0,183,170,92.9,5,2.7,8,4.4,4,2.7,,,,,0.0,1.2,0,0,0.0,,0,
9344casino.team,team,2026-09-05,2026-09-06,2,да,Generator_370382_styled_img,Generator,1,,styled_img,Theme1,casino_infix,10,1243,1,2,да,193,0,00-05,6,206,206,206,206,206,150,56,0,1549,1159,74.8,4,0.3,386,24.9,3,1.5,2,2,3,1.0,1,1.3,0,0,0.0,,0,
casinozyb.team,team,2026-09-05,2026-09-06,2,да,Generator_370382_styled_img,Generator,1,,styled_img,Theme1,casino_prefix,9,1248,1,2,да,188,8,06-11,6,0,206,206,206,206,150,56,0,1260,495,39.3,4,0.3,761,60.4,1,0.5,0,0,0,0.0,,4.0,0,0,0.0,,0,
vfra.buzz,buzz,2026-09-08,2026-09-09,2,да,archive37строформленоv2часть1,archive,1,7,оформлено,Theme1,alpha_other,4,740,1,1,да,366,18,18-23,2,0,0,206,206,206,150,56,0,438,332,75.8,4,0.9,102,23.3,2,1.0,0,0,0,0.0,9.5,2.0,0,0,0.0,,0,
7761.team,team,2026-09-10,2026-09-11,2,да,archive47_unique119оформленочасть1,archive,1,,оформлено,Theme1,numeric,4,844,1,1,да,21,19,18-23,3,0,0,206,206,206,150,56,0,117,84,71.8,4,3.4,29,24.8,4,1.9,3,3,4,1.5,1.0,1.0,0,0,0.0,,0,
casinoydl.team,team,2026-09-18,2026-09-18,1,да,nabory-611-620_1,nabory,1,,,Theme1,casino_prefix,9,459,2,2,нет,728,1,00-05,5,150,0,150,150,150,150,0,0,627,499,79.6,4,0.6,124,19.8,2,1.3,2,2,2,1.3,0.5,2.0,0,0,0.0,,0,
7694.team,team,2026-09-18,2026-09-18,1,да,content-2026-09-17-7str-oform-2_50,content-дата,1,7,оформлено,Theme1,numeric,4,482,2,2,нет,721,3,00-05,5,150,0,150,150,150,150,0,0,769,673,87.5,4,0.5,92,12.0,2,1.3,2,2,2,1.3,0.5,2.0,0,0,0.0,,0,
7569.lol,lol,2026-09-18,2026-09-18,1,да,content-2026-09-17-7str-oform-2_14,content-дата,1,7,оформлено,Theme1,numeric,4,481,2,2,нет,685,3,00-05,5,150,0,150,150,150,150,0,0,900,807,89.7,4,0.4,89,9.9,3,2.0,3,3,3,2.0,0,1.3,0,0,0.0,,0,
6606.lol,lol,2026-09-18,2026-09-19,2,да,content-2026-09-17-7str-oform-2_5,content-дата,1,7,оформлено,Theme1,numeric,4,525,2,2,нет,285,21,18-23,5,0,0,206,206,206,150,56,0,565,486,86.0,4,0.7,75,13.3,2,1.0,2,2,2,1.0,0.5,2.0,0,0,0.0,,0,
i182.xyz,xyz,2026-08-20,2026-08-21,2,да,КОНТЕНТ НЕ ЗАПИСАН,не записан,1,,,Theme2,alpha_other,4,104,1,2,да,110,12,12-17,4,0,0,199,199,199,150,49,0,480,419,87.3,3,0.6,58,12.1,2,1.0,0,0,0,0.0,12.5,1.5,0,0,0.0,,0,
8452.lol,lol,2026-09-08,2026-09-09,2,да,archive37строформленоv2часть1,archive,1,7,оформлено,Theme1,numeric,4,731,1,1,да,355,18,18-23,2,0,0,206,206,206,150,56,0,348,289,83.0,3,0.9,56,16.1,1,0.5,0,0,0,0.0,8,3.0,0,0,0.0,,0,
1209dk.casino,casino,2026-09-12,2026-09-13,2,да,script_yandex_12page,script,1,12,,Theme1,alpha_other,6,992,1,1,да,96,8,06-11,6,0,206,206,206,206,150,56,0,536,373,69.6,3,0.6,160,29.9,3,1.5,2,2,2,1.0,1,1.0,0,0,0.0,,0,
p3p.team,team,2026-09-13,2026-09-14,2,да,content-2026-09-12-7str-oform-3,content-дата,1,7,оформлено,Theme1,alpha_other,3,1112,1,1,да,502,18,18-23,7,0,206,206,206,206,150,56,0,550,527,95.8,3,0.5,20,3.6,2,1.0,0,1,2,0.5,4.5,1.5,0,0,0.0,,0,
3121.team,team,2026-09-14,2026-09-15,2,да,nabory-500-509_styled_img,nabory,1,,styled_img,Theme1,numeric,4,1135,1,1,да,644,15,12-17,1,0,0,206,206,206,150,56,0,593,365,61.6,3,0.5,225,37.9,3,1.5,1,1,3,0.5,6,1.0,0,0,0.0,,0,
gvcasino.lol,lol,2026-09-17,2026-09-18,2,да,content-2026-09-15-7str-oform-1_9,content-дата,1,7,оформлено,Theme1,casino_infix,8,364,2,2,нет,830,10,06-11,4,0,0,206,206,206,150,56,0,730,659,90.3,3,0.4,68,9.3,2,1.0,1,2,2,1.0,1.0,1.5,0,0,0.0,,0,
6147.team,team,2026-09-21,2026-09-21,1,нет,content-2026-09-17-7str-oform-1_6,content-дата,1,7,оформлено,Theme1,numeric,4,1286,2,2,нет,676,9,06-11,1,0,0,150,0,150,150,0,0,197,178,90.4,3,1.5,16,8.1,2,1.3,,,,,0.0,1.5,0,0,0.0,,0,
6223.lol,lol,2026-09-21,2026-09-21,1,нет,content-2026-09-14b-7str-oform-1_23,content-дата,1,7,оформлено,Theme1,numeric,4,1287,2,2,нет,664,9,06-11,1,0,0,150,0,150,150,0,0,280,240,85.7,3,1.1,37,13.2,2,1.3,,,,,0.0,1.5,0,0,0.0,,0,
9316.space,space,2026-08-22,2026-08-23,2,да,КОНТЕНТ НЕ ЗАПИСАН,не записан,1,,,Theme1,numeric,4,194,1,2,да,211,21,18-23,6,0,206,206,206,206,150,56,0,284,257,90.5,2,0.7,25,8.8,1,0.5,0,0,0,0.0,26,2.0,0,0,0.0,,0,
casino1430.team,team,2026-09-04,2026-09-05,2,да,Generator_368369_styled_img,Generator,1,,styled_img,Theme1,casino_prefix,10,1231,1,2,да,112,21,18-23,5,0,0,206,206,206,150,56,0,1216,749,61.6,2,0.2,465,38.2,1,0.5,0,0,1,0.0,5,2.0,0,0,0.0,,0,
6477.team,team,2026-09-10,2026-09-11,2,да,archive47_unique119оформленочасть2,archive,1,,оформлено,Theme1,numeric,4,842,1,1,да,52,20,18-23,3,0,0,206,206,206,150,56,0,151,106,70.2,2,1.3,43,28.5,2,1.0,0,1,1,0.5,6.0,1.0,0,0,0.0,,0,
tpzz.lol,lol,2026-09-13,2026-09-14,2,да,content-2026-09-12-7str-oform-3,content-дата,1,7,оформлено,Theme1,alpha_other,4,1113,1,1,да,531,18,18-23,7,0,206,206,206,206,150,56,0,243,221,90.9,2,0.8,20,8.2,1,0.5,0,0,1,0.0,6,2.0,0,0,0.0,,0,
drdj.team,team,2026-09-14,2026-09-15,2,да,nabory-500-509_styled_img,nabory,1,,styled_img,Theme1,alpha_other,4,1123,1,1,да,697,15,12-17,1,206,0,206,206,206,150,56,0,607,457,75.3,2,0.3,148,24.4,2,1.0,2,2,2,1.0,1.0,1.0,0,0,0.0,,0,
0444.lol,lol,2026-09-14,2026-09-15,2,да,nabory-500-509_styled_img,nabory,1,,styled_img,Theme1,numeric,4,1127,1,1,да,615,9,06-11,1,0,0,206,206,206,150,56,0,604,525,86.9,2,0.3,77,12.7,1,0.5,1,1,1,0.5,0,2.0,0,0,0.0,,0,
0189.lol,lol,2026-09-14,2026-09-15,2,да,content-2026-09-12-12str-oform,content-дата,1,12,оформлено,Theme1,numeric,4,1121,1,1,да,576,3,00-05,1,206,0,206,206,206,150,56,0,418,361,86.4,2,0.5,55,13.2,2,1.0,1,1,2,0.5,2.0,1.0,0,0,0.0,,0,
1424.lol,lol,2026-09-17,2026-09-18,2,да,content-2026-09-15-7str-oform-1_16,content-дата,1,7,оформлено,Theme1,numeric,4,351,2,2,нет,837,9,06-11,4,0,0,206,206,206,150,56,0,882,810,91.8,2,0.2,70,7.9,2,1.0,2,2,2,1.0,0.0,1.0,0,0,0.0,,0,
casino307.lol,lol,2026-09-17,2026-09-18,2,да,content-2026-09-15-12str-oform_2,content-дата,1,12,оформлено,Theme1,casino_prefix,9,357,2,2,нет,820,9,06-11,4,0,0,206,206,206,150,56,0,910,815,89.6,2,0.2,93,10.2,1,0.5,1,1,1,0.5,1,2.0,0,0,0.0,,0,
6258.team,team,2026-09-17,2026-09-18,2,да,content-2026-09-14b-7str-oform-1_34,content-дата,1,7,оформлено,Theme1,numeric,4,437,2,2,нет,742,22,18-23,4,0,0,206,206,206,150,56,0,564,498,88.3,2,0.4,64,11.3,2,1.0,1,2,2,1.0,1.5,1.0,0,0,0.0,,0,
1322.lol,lol,2026-09-08,2026-09-09,2,да,archive37строформленоv2часть2,archive,1,7,оформлено,Theme1,numeric,4,697,1,1,да,413,16,12-17,2,0,0,206,206,206,150,56,0,548,413,75.4,1,0.2,134,24.5,1,0.5,1,1,1,0.5,0,1.0,0,0,0.0,,0,
vbiz.lol,lol,2026-09-13,2026-09-14,2,да,content-2026-09-12-7str-oform-3,content-дата,1,7,оформлено,Theme1,alpha_other,4,1114,1,1,да,511,18,18-23,7,0,206,206,206,206,150,56,0,454,422,93.0,1,0.2,31,6.8,1,0.5,0,0,1,0.0,6,1.0,0,0,0.0,,0,
9614.lol,lol,2026-09-18,2026-09-18,1,да,content-2026-09-17-7str-oform-2_16,content-дата,1,7,оформлено,Theme1,numeric,4,475,2,2,нет,687,12,12-17,5,0,0,150,150,150,150,0,0,651,615,94.5,1,0.2,35,5.4,1,0.7,1,1,1,0.7,1,1.0,0,0,0.0,,0,
hg98da.buzz,buzz,2026-08-17,2026-08-18,2,да,КОНТЕНТ НЕ ЗАПИСАН,не записан,1,,,Theme1,alpha_other,6,3,1,4,да,,16,12-17,1,0,0,174,174,174,150,24,0,1271,1120,88.1,0,0.0,151,11.9,0,0.0,0,0,0,0.0,,,0,0,,,0,
casinoii.buzz,buzz,2026-09-08,2026-09-09,2,да,archive37строформленоv2часть3,archive,1,7,оформлено,Theme1,casino_prefix,8,780,1,1,да,430,22,18-23,2,0,0,206,206,206,150,56,0,99,55,55.6,0,0.0,44,44.4,0,0.0,0,0,0,0.0,,,0,0,,,0,
casino3142.team,team,2026-09-11,2026-09-12,2,да,archive37строформленоv2часть1,archive,1,7,оформлено,Theme1,casino_prefix,10,943,1,1,да,183,12,12-17,5,0,0,206,206,206,150,56,0,106,72,67.9,0,0.0,34,32.1,0,0.0,0,0,0,0.0,,,0,0,,,0,
casinocky.lol,lol,2026-09-13,2026-09-14,2,да,content-2026-09-12-7str-oform-3,content-дата,1,7,оформлено,Theme1,casino_prefix,9,1105,1,1,да,523,17,12-17,7,0,206,206,206,206,150,56,0,501,484,96.6,0,0.0,17,3.4,0,0.0,0,0,0,0.0,,,0,0,,,0,
lrch.lol,lol,2026-09-13,2026-09-14,2,да,content-2026-09-12-7str-oform-3,content-дата,1,7,оформлено,Theme1,alpha_other,4,1110,1,1,да,522,17,12-17,7,0,206,206,206,206,150,56,0,1304,1246,95.6,0,0.0,58,4.4,0,0.0,0,0,0,0.0,,,0,0,,,0,
1787.team,team,2026-09-14,2026-09-15,2,да,nabory-500-509_styled_img,nabory,1,,styled_img,Theme1,numeric,4,1133,1,1,да,710,15,12-17,1,0,0,206,206,206,150,56,0,462,340,73.6,0,0.0,122,26.4,0,0.0,0,0,0,0.0,,,0,0,,,0,
3469.lol,lol,2026-09-14,2026-09-15,2,да,content-2026-09-12-7str-oform-3,content-дата,1,7,оформлено,Theme1,numeric,4,1118,1,1,да,607,1,00-05,1,206,0,206,206,206,150,56,0,159,127,79.9,0,0.0,32,20.1,0,0.0,0,0,0,0.0,,,0,0,,,0,
0085.lol,lol,2026-09-14,2026-09-15,2,да,content-2026-09-12-7str-oform-3,content-дата,1,7,оформлено,Theme1,numeric,4,1131,1,1,да,606,11,06-11,1,0,0,206,206,206,150,56,0,321,270,84.1,0,0.0,51,15.9,0,0.0,0,0,0,0.0,,,0,0,,,0,
eyoz.lol,lol,2026-09-14,2026-09-15,2,да,content-2026-09-12-7str-oform-2,content-дата,1,7,оформлено,Theme1,alpha_other,4,1125,1,1,да,594,3,00-05,1,206,0,206,206,206,150,56,0,118,87,73.7,0,0.0,31,26.3,0,0.0,0,0,0,0.0,,,0,0,,,0,
453casino.lol,lol,2026-09-14,2026-09-15,2,да,content-2026-09-12-7str-oform-1,content-дата,1,7,оформлено,Theme1,casino_infix,9,1119,1,1,да,584,1,00-05,1,206,0,206,206,206,150,56,0,107,82,76.6,0,0.0,25,23.4,0,0.0,0,0,0,0.0,,,0,0,,,0,
2848.lol,lol,2026-09-14,2026-09-15,2,да,content-2026-09-12-12str-oform,content-дата,1,12,оформлено,Theme1,numeric,4,1134,1,1,да,583,11,06-11,1,0,0,206,206,206,150,56,0,443,390,88.0,0,0.0,53,12.0,0,0.0,0,0,0,0.0,,,0,0,,,0,
4631.team,team,2026-09-14,2026-09-15,2,да,nabory-510-514_styled_img,nabory,1,,styled_img,Theme1,numeric,4,1145,1,1,да,709,17,12-17,1,0,0,206,206,206,150,56,0,769,690,89.7,0,0.0,79,10.3,0,0.0,0,0,0,0.0,,,0,0,,,0,
casino0645.team,team,2026-09-14,2026-09-15,2,да,nabory-510-514_styled_img,nabory,1,,styled_img,Theme1,casino_prefix,10,1152,1,1,да,706,18,18-23,1,0,0,206,206,206,150,56,0,535,354,66.2,0,0.0,181,33.8,0,0.0,0,0,0,0.0,,,0,0,,,0,
casinoz7.lol,lol,2026-09-17,2026-09-18,2,да,content-2026-09-14b-7str-oform-1_48,content-дата,1,7,оформлено,Theme1,casino_prefix,8,384,2,2,нет,804,12,12-17,4,0,0,206,206,206,150,56,0,1100,1041,94.6,0,0.0,59,5.4,0,0.0,0,0,0,0.0,,,0,0,,,0,
tgwv.lol,lol,2026-09-18,2026-09-18,1,да,content-2026-09-17b-7str-oform_18,content-дата,1,7,оформлено,Theme1,alpha_other,4,509,2,2,нет,314,16,12-17,5,0,0,150,150,150,150,0,0,713,674,94.5,0,0.0,39,5.5,0,0.0,0,0,0,0.0,,,0,0,,,0,
lvsm.lol,lol,2026-09-21,2026-09-21,1,нет,content-2026-09-17-7str-oform-1_16,content-дата,1,7,оформлено,Theme1,alpha_other,4,1303,2,2,нет,846,11,06-11,1,0,0,150,0,150,150,0,0,285,273,95.8,0,0.0,12,4.2,0,0.0,,,,,,,0,0,,,0,
oejcasino.lol,lol,2026-09-21,2026-09-21,1,нет,content-2026-09-17-7str-oform-1_15,content-дата,1,7,оформлено,Theme1,casino_infix,9,1310,2,2,нет,845,12,12-17,1,0,0,150,0,150,150,0,0,0,0,,0,,0,,0,0.0,,,,,,,0,0,,,0,
m2y1.lol,lol,2026-09-21,2026-09-21,1,нет,content-2026-09-17-7str-oform-1_10,content-дата,1,7,оформлено,Theme1,alpha_other,4,1304,2,2,нет,840,11,06-11,1,0,0,150,0,150,150,0,0,379,359,94.7,0,0.0,20,5.3,0,0.0,,,,,,,0,0,,,0,
egucasino.lol,lol,2026-09-21,2026-09-21,1,нет,content-2026-09-17-7str-oform-1_8,content-дата,1,7,оформлено,Theme1,casino_infix,9,1297,1,1,да,838,11,06-11,1,0,0,150,0,150,150,0,0,161,142,88.2,0,0.0,19,11.8,0,0.0,,,,,,,0,0,,,0,
clyr.team,team,2026-09-21,2026-09-21,1,нет,content-2026-09-17-7str-oform-1_7,content-дата,1,7,оформлено,Theme1,alpha_other,4,1291,2,2,нет,677,11,06-11,1,0,0,150,0,150,150,0,0,251,236,94.0,0,0.0,15,6.0,0,0.0,,,,,,,0,0,,,0,
e3e3.team,team,2026-09-21,2026-09-21,1,нет,content-2026-09-17-7str-oform-1_4,content-дата,1,7,оформлено,Theme1,alpha_other,4,1296,2,2,нет,674,11,06-11,1,0,0,150,0,150,150,0,0,267,245,91.8,0,0.0,22,8.2,0,0.0,,,,,,,0,0,,,0,
l6a.team,team,2026-09-21,2026-09-21,1,нет,content-2026-09-17-7str-oform-1_3,content-дата,1,7,оформлено,Theme1,alpha_other,3,1301,2,2,нет,673,11,06-11,1,0,0,150,0,150,150,0,0,354,322,91.0,0,0.0,32,9.0,0,0.0,,,,,,,0,0,,,0,
p8e.team,team,2026-09-21,2026-09-21,1,нет,content-2026-09-14b-7str-oform-1_27,content-дата,1,7,оформлено,Theme1,alpha_other,3,1311,2,2,нет,668,12,12-17,1,0,0,150,0,150,150,0,0,0,0,,0,,0,,0,0.0,,,,,,,0,0,,,0,
tocasino.team,team,2026-09-21,2026-09-21,1,нет,content-2026-09-14b-7str-oform-1_25,content-дата,1,7,оформлено,Theme1,casino_infix,8,1312,2,2,нет,666,12,12-17,1,0,0,150,0,150,150,0,0,0,0,,0,,0,,0,0.0,,,,,,,0,0,,,0,
ltfa.team,team,2026-09-21,2026-09-21,1,нет,content-2026-09-14b-7str-oform-1_22,content-дата,1,7,оформлено,Theme1,alpha_other,4,1302,2,2,нет,663,11,06-11,1,0,0,150,0,150,150,0,0,169,152,89.9,0,0.0,17,10.1,0,0.0,,,,,,,0,0,,,0,
z6p5.lol,lol,2026-09-21,2026-09-21,1,нет,content-2026-09-14b-7str-oform-1_18,content-дата,1,7,оформлено,Theme1,alpha_other,4,1314,2,2,нет,529,12,12-17,1,0,0,150,0,150,150,0,0,0,0,,0,,0,,0,0.0,,,,,,,0,0,,,0,
xphv.lol,lol,2026-09-21,2026-09-21,1,нет,content-2026-09-14b-7str-oform-1_17,content-дата,1,7,оформлено,Theme1,alpha_other,4,1313,2,2,нет,528,12,12-17,1,0,0,150,0,150,150,0,0,0,0,,0,,0,,0,0.0,,,,,,,0,0,,,0,
jsm.team,team,2026-09-21,2026-09-21,1,нет,content-2026-09-14b-7str-oform-1_15,content-дата,1,7,оформлено,Theme1,alpha_other,3,1300,2,2,нет,526,11,06-11,1,0,0,150,0,150,150,0,0,324,316,97.5,0,0.0,8,2.5,0,0.0,,,,,,,0,0,,,0,
f9j.team,team,2026-09-21,2026-09-21,1,нет,content-2026-09-14b-7str-oform-1_12,content-дата,1,7,оформлено,Theme1,alpha_other,3,1298,2,2,нет,523,11,06-11,1,0,0,150,0,150,150,0,0,279,267,95.7,0,0.0,12,4.3,0,0.0,,,,,,,0,0,,,0,
nbpcasino.lol,lol,2026-09-21,2026-09-21,1,нет,content-2026-09-14b-7str-oform-1_10,content-дата,1,7,оформлено,Theme1,casino_infix,9,1305,2,2,нет,521,11,06-11,1,0,0,150,0,150,150,0,0,180,170,94.4,0,0.0,10,5.6,0,0.0,,,,,,,0,0,,,0,
0805.lol,lol,2026-09-21,2026-09-21,1,нет,content-2026-09-14-7str-oform-9_16,content-дата,1,7,оформлено,Theme1,numeric,4,1306,2,2,нет,509,13,12-17,1,0,0,150,0,150,150,0,0,0,0,,0,,0,,0,0.0,,,,,,,0,0,,,0,
3039.lol,lol,2026-09-21,2026-09-21,1,нет,content-2026-09-14-7str-oform-9_7,content-дата,1,7,оформлено,Theme1,numeric,4,1307,2,2,нет,504,14,12-17,1,0,0,150,0,150,150,0,0,0,0,,0,,0,,0,0.0,,,,,,,0,0,,,0,
3515.lol,lol,2026-09-21,2026-09-21,1,нет,content-2026-09-14-7str-oform-8_31,content-дата,1,7,оформлено,Theme1,numeric,4,1308,2,2,нет,501,14,12-17,1,0,0,150,0,150,150,0,0,0,0,,0,,0,,0,0.0,,,,,,,0,0,,,0,
3913.lol,lol,2026-09-21,2026-09-21,1,нет,content-2026-09-14-7str-oform-8_21,content-дата,1,7,оформлено,Theme1,numeric,4,1309,2,2,нет,497,14,12-17,1,0,0,150,0,150,150,0,0,0,0,,0,,0,,0,0.0,,,,,,,0,0,,,0,
