точное имя контента,источник имени,домен,зона,день запуска,сайтов,вышли за 3 суток,индекс %,кликов из поиска,регистраций,ФД,набор (без номера)
content-2026-09-17-7str-oform-2_42,реестр,k6x.team,team,2026-09-18,150,79,52.7,1272,1,0,content-2026-09-17-7str-oform-2
content-2026-09-17b-7str-oform_38,реестр,3785.lol,lol,2026-09-18,150,76,50.7,3129,1,0,content-2026-09-17b-7str-oform
content-2026-09-14c-7str-oform-2_25,реестр,itsr.team,team,2026-09-15,206,94,45.6,4903,2,0,content-2026-09-14c-7str-oform-2
content-2026-09-14c-12str-oform_1,реестр,casinobzb.team,team,2026-09-15,206,93,45.1,4462,2,0,content-2026-09-14c-12str-oform
content-2026-09-14c-7str-oform-1_44,реестр,2551.team,team,2026-09-15,206,92,44.7,8388,0,0,content-2026-09-14c-7str-oform-1
archive412_unique12оформлено_12,журнал,msvcasino.lol,lol,2026-09-09,206,91,44.2,6536,4,0,archive412_unique12оформлено
content-2026-09-16-7str_21,реестр,levu.team,team,2026-09-17,206,90,43.7,1816,1,0,content-2026-09-16-7str
NEW20_12pages_nodate_styled_img_3,журнал,0409cas.casino,casino,2026-09-04,206,89,43.2,9809,2,0,NEW20_12pages_nodate_styled_img
archive412_unique12оформлено_4,журнал,casinoes.lol,lol,2026-09-09,206,87,42.2,4337,0,0,archive412_unique12оформлено
content-2026-09-17b-7str-oform_2,реестр,2756.lol,lol,2026-09-18,150,63,42.0,940,1,0,content-2026-09-17b-7str-oform
content-2026-09-14c-12str-oform_2,реестр,ploo.team,team,2026-09-15,206,86,41.7,4764,4,2,content-2026-09-14c-12str-oform
NEW20_3_12pages_nodate_styled_img_3,журнал,0509k.casino,casino,2026-09-06,206,84,40.8,3124,0,0,NEW20_3_12pages_nodate_styled_img
NEW50_12pages_withdate_01.09_7,журнал,gwrl.casino,casino,2026-09-01,206,82,39.8,2860,4,1,NEW50_12pages_withdate_01.09
content-2026-09-17b-7str-oform_26,реестр,2928.lol,lol,2026-09-18,150,59,39.3,775,0,0,content-2026-09-17b-7str-oform
NEW50_3_12pages_withdate_styled_7,журнал,mkmt.team,team,2026-09-03,206,80,38.8,2108,1,0,NEW50_3_12pages_withdate_styled
nabory-621-630_3,реестр,casinog4.lol,lol,2026-09-18,150,58,38.7,601,0,0,nabory-621-630
content-2026-09-14c-7str-oform-1_25,реестр,6200.team,team,2026-09-15,206,79,38.3,2731,1,0,content-2026-09-14c-7str-oform-1
NEW50_12pages_withdate_01.09_6,журнал,llvm.casino,casino,2026-09-01,206,79,38.3,1135,0,0,NEW50_12pages_withdate_01.09
NEW50_3_12pages_nodate_styled_4,журнал,2097.lol,lol,2026-09-03,206,78,37.9,9592,3,0,NEW50_3_12pages_nodate_styled
NEW50_7pages_withdate_01.09_3,журнал,rvue.team,team,2026-09-02,206,77,37.4,9279,2,1,NEW50_7pages_withdate_01.09
NEW50_3_12pages_withdate_styled_3,журнал,2097.team,team,2026-09-03,206,77,37.4,4903,1,0,NEW50_3_12pages_withdate_styled
"12 стр, С ДАТАМИ, семейство NEW50_2_11",журнал,vzto.team,team,2026-09-02,206,77,37.4,2148,0,0,"12 стр, С ДАТАМИ, семейство NEW50_2"
"12 стр, С ДАТАМИ, семейство NEW50_2",журнал,tgmb.team,team,2026-09-03,206,76,36.9,1870,3,0,"12 стр, С ДАТАМИ, семейство NEW50"
content-2026-09-14c-7str-oform-2_17,реестр,imic.team,team,2026-09-15,206,76,36.9,1873,4,0,content-2026-09-14c-7str-oform-2
content-2026-09-17b-7str-oform_40,реестр,casino45.lol,lol,2026-09-18,150,54,36.0,1357,0,0,content-2026-09-17b-7str-oform
NEW50_3_12pages_withdate_styled_4,журнал,ypur.team,team,2026-09-03,206,74,35.9,2415,0,0,NEW50_3_12pages_withdate_styled
NEW50_3_12pages_withdate_styled_9,журнал,2369.lol,lol,2026-09-03,206,72,35.0,2746,3,1,NEW50_3_12pages_withdate_styled
NEW102оформленобездаты_6,журнал,casino1209.casino,casino,2026-09-12,206,72,35.0,7218,1,0,NEW102оформленобездаты
Generator_346353_styled_img_7,журнал,ombr.team,team,2026-09-04,206,72,35.0,4159,1,0,Generator_346353_styled_img
NEW50_12pages_nodate_01.09_7,журнал,stma.casino,casino,2026-09-01,206,72,35.0,3210,0,0,NEW50_12pages_nodate_01.09
content-2026-09-17-7str-oform-2_34,реестр,2596.team,team,2026-09-18,150,52,34.7,621,3,0,content-2026-09-17-7str-oform-2
archive412_unique12оформлено_1,журнал,qlmf.lol,lol,2026-09-09,206,70,34.0,2946,4,1,archive412_unique12оформлено
NEW20_4_12pages_withdate_3,журнал,4994.lol,lol,2026-09-07,206,70,34.0,1334,3,0,NEW20_4_12pages_withdate
"12 стр, БЕЗ ДАТ, семейство NEW50_2_4",журнал,1083.lol,lol,2026-09-02,206,70,34.0,1403,3,1,"12 стр, БЕЗ ДАТ, семейство NEW50_2"
content-2026-09-14c-7str-oform-2_14,реестр,xlqd.team,team,2026-09-15,206,70,34.0,3024,0,0,content-2026-09-14c-7str-oform-2
content-2026-09-17b-7str-oform_22,реестр,bihl.lol,lol,2026-09-18,150,51,34.0,1824,0,0,content-2026-09-17b-7str-oform
NEW20_3_7pages_nodate_styled_img_2,журнал,x5i.team,team,2026-09-06,206,70,34.0,1000,0,0,NEW20_3_7pages_nodate_styled_img
content-2026-09-14c-7str-oform-2_24,реестр,2600.team,team,2026-09-15,206,69,33.5,1294,3,0,content-2026-09-14c-7str-oform-2
content-2026-09-15-7str-oform-2_48,реестр,casinosz.lol,lol,2026-09-16,206,69,33.5,2501,2,1,content-2026-09-15-7str-oform-2
clean12_unique11оформлено_9,журнал,5365.team,team,2026-09-07,206,68,33.0,3346,0,0,clean12_unique11оформлено
content-2026-09-14b-7str-oform-2_21,реестр,vecasino.lol,lol,2026-09-15,206,68,33.0,3819,0,0,content-2026-09-14b-7str-oform-2
clean12_unique11оформлено_2,журнал,3434.team,team,2026-09-07,206,68,33.0,695,1,0,clean12_unique11оформлено
content-2026-09-16-12str_1,реестр,o1l.team,team,2026-09-17,206,68,33.0,2389,0,0,content-2026-09-16-12str
archive412_unique12оформлено_10,журнал,xpba.lol,lol,2026-09-09,206,67,32.5,2054,3,1,archive412_unique12оформлено
content-2026-09-14c-7str-oform-2_9,реестр,3255.lol,lol,2026-09-15,206,67,32.5,2300,0,0,content-2026-09-14c-7str-oform-2
"12 стр, С ДАТАМИ, семейство NEW50_2_5",журнал,0665.team,team,2026-09-02,205,66,32.2,1269,1,0,"12 стр, С ДАТАМИ, семейство NEW50_2"
content-2026-09-17-7str-oform-2_38,реестр,2385.lol,lol,2026-09-18,150,48,32.0,660,1,0,content-2026-09-17-7str-oform-2
"12 стр, С ДАТАМИ, семейство NEW50_2_6",журнал,4229.team,team,2026-09-02,206,66,32.0,1590,0,0,"12 стр, С ДАТАМИ, семейство NEW50_2"
"12 стр, С ДАТАМИ, семейство NEW50_2_4",журнал,rza.lol,lol,2026-09-02,206,65,31.6,2124,0,0,"12 стр, С ДАТАМИ, семейство NEW50_2"
nabory-631-640_10,реестр,5649.lol,lol,2026-09-18,150,47,31.3,268,0,0,nabory-631-640
archive37строформленоv2часть3_10,журнал,ajjk.casino,casino,2026-09-10,206,64,31.1,4517,2,1,archive37строформленоv2часть3
nabory461463_styled_img_3,журнал,skxb.casino,casino,2026-09-09,206,64,31.1,2980,0,0,nabory461463_styled_img
content-2026-09-14c-7str-oform-1_24,реестр,nmii.team,team,2026-09-16,206,64,31.1,1877,0,0,content-2026-09-14c-7str-oform-1
content-2026-09-15-7str-oform-1_48,реестр,5155.team,team,2026-09-16,206,64,31.1,1336,0,0,content-2026-09-15-7str-oform-1
nabory411420_styled_img_3,журнал,5448.team,team,2026-09-06,206,64,31.1,1200,0,0,nabory411420_styled_img
content-2026-09-16-7str_6,реестр,9031.team,team,2026-09-17,206,64,31.1,1114,0,0,content-2026-09-16-7str
content-2026-09-17b-7str-oform_33,реестр,2991.lol,lol,2026-09-18,150,46,30.7,309,0,0,content-2026-09-17b-7str-oform
NEW102оформленосдатой_1,журнал,1109casino.casino,casino,2026-09-11,206,63,30.6,7292,5,2,NEW102оформленосдатой
"12 стр, БЕЗ ДАТ, семейство NEW50_2_3",журнал,7395.lol,lol,2026-09-02,206,63,30.6,2572,3,0,"12 стр, БЕЗ ДАТ, семейство NEW50_2"
NEW21_12pages_withdate_styled_img_3,журнал,casino0509h.casino,casino,2026-09-05,206,63,30.6,1576,2,0,NEW21_12pages_withdate_styled_img
content-2026-09-14b-7str-oform-2_29,реестр,csccasino.team,team,2026-09-15,206,63,30.6,2390,0,0,content-2026-09-14b-7str-oform-2
NEW50_12pages_nodate_01.09_8,журнал,baiu.casino,casino,2026-09-01,206,63,30.6,1992,0,0,NEW50_12pages_nodate_01.09
NEW21_12pages_withdate_styled_img_4,журнал,0509casino.casino,casino,2026-09-05,206,63,30.6,1231,0,0,NEW21_12pages_withdate_styled_img
content-2026-09-14c-7str-oform-1_13,реестр,aulcasino.team,team,2026-09-16,206,62,30.1,5313,0,0,content-2026-09-14c-7str-oform-1
content-2026-09-14c-7str-oform-2_23,реестр,2659.team,team,2026-09-15,206,62,30.1,3191,1,0,content-2026-09-14c-7str-oform-2
NEW20_12pages_withdate_styled_img_6,журнал,casino4934.lol,lol,2026-09-04,206,62,30.1,1878,1,0,NEW20_12pages_withdate_styled_img
NEW50_7pages_withdate_01.09_4,журнал,mmbr.team,team,2026-09-02,206,62,30.1,1836,0,0,NEW50_7pages_withdate_01.09
kruzhevnayamasterskaya1html_1_1,журнал,qneh.team,team,2026-09-04,206,62,30.1,954,0,0,kruzhevnayamasterskaya1html_1
content-2026-09-14c-7str-oform-1_22,реестр,1206.lol,lol,2026-09-15,206,61,29.6,1606,1,1,content-2026-09-14c-7str-oform-1
NEW50_12pages_withdate_01.09_5,журнал,unxn.casino,casino,2026-09-01,206,61,29.6,421,0,0,NEW50_12pages_withdate_01.09
content-2026-09-14c-7str-oform-1_15,реестр,8130.team,team,2026-09-15,206,61,29.6,1775,0,0,content-2026-09-14c-7str-oform-1
NEW20_3_7pages_withdate_styled_img_3,журнал,xycasino.team,team,2026-09-06,206,61,29.6,1461,0,0,NEW20_3_7pages_withdate_styled_img
NEW102оформленобездаты_26,журнал,i3d.team,team,2026-09-11,206,61,29.6,1242,0,0,NEW102оформленобездаты
clean12_unique11оформлено_4,журнал,casinok7.team,team,2026-09-07,206,61,29.6,982,0,0,clean12_unique11оформлено
NEW50_12pages_nodate_01.09_5,журнал,quu.casino,casino,2026-09-01,206,61,29.6,884,0,0,NEW50_12pages_nodate_01.09
NEW21_12pages_withdate_styled_img_2,журнал,0509gg.casino,casino,2026-09-05,206,60,29.1,6018,2,1,NEW21_12pages_withdate_styled_img
content-2026-09-14c-7str-oform-1_38,реестр,casinocr.lol,lol,2026-09-16,206,60,29.1,2007,1,1,content-2026-09-14c-7str-oform-1
"12 стр, С ДАТАМИ, семейство NEW50_2_12",журнал,7395.team,team,2026-09-02,206,60,29.1,855,1,0,"12 стр, С ДАТАМИ, семейство NEW50_2"
nabory-535-544_styled_img_9,реестр,aqqr.team,team,2026-09-16,206,60,29.1,2176,0,0,nabory-535-544_styled_img
content-2026-09-14c-7str-oform-2_6,реестр,fvso.lol,lol,2026-09-16,206,60,29.1,1693,0,0,content-2026-09-14c-7str-oform-2
NEW20_3_7pages_withdate_styled_img_2,журнал,lwcasino.team,team,2026-09-06,206,59,28.6,652,1,0,NEW20_3_7pages_withdate_styled_img
content-2026-09-14c-7str-oform-1_4,реестр,zics.team,team,2026-09-16,206,59,28.6,2954,0,0,content-2026-09-14c-7str-oform-1
NEW21_12pages_nodate_styled_img_1,журнал,0509h.casino,casino,2026-09-05,206,59,28.6,2314,0,0,NEW21_12pages_nodate_styled_img
NEW50_12pages_withdate_01.09_3,журнал,1185.lol,lol,2026-09-01,206,59,28.6,1278,0,0,NEW50_12pages_withdate_01.09
NEW20_3_12pages_nodate_styled_img_4,журнал,0509ds.casino,casino,2026-09-06,206,59,28.6,1318,0,0,NEW20_3_12pages_nodate_styled_img
nabory411420_styled_img_7,журнал,9800.team,team,2026-09-06,206,58,28.2,1277,1,1,nabory411420_styled_img
NEW50_12pages_nodate_01.09_6,журнал,tfys.casino,casino,2026-09-01,206,58,28.2,2853,0,0,NEW50_12pages_nodate_01.09
content-2026-09-14b-7str-oform-2_31,реестр,casinoxr.lol,lol,2026-09-15,206,58,28.2,2644,0,0,content-2026-09-14b-7str-oform-2
NEW50_12pages_nodate_01.09_2,журнал,lrwo.casino,casino,2026-09-01,206,58,28.2,1446,0,0,NEW50_12pages_nodate_01.09
NEW20_3_7pages_nodate_styled_img_3,журнал,1812.team,team,2026-09-06,206,58,28.2,757,0,0,NEW20_3_7pages_nodate_styled_img
content-2026-09-16-7str_3,реестр,hkucasino.team,team,2026-09-18,150,42,28.0,5628,1,0,content-2026-09-16-7str
nabory-621-630_5,реестр,3442.lol,lol,2026-09-18,150,42,28.0,716,0,0,nabory-621-630
content-2026-09-14b-7str-oform-2_20,реестр,itym.team,team,2026-09-15,206,57,27.7,1964,1,1,content-2026-09-14b-7str-oform-2
"7 стр, БЕЗ ДАТ, семейство NEW50_2",журнал,0348.team,team,2026-09-02,206,57,27.7,1437,0,0,"7 стр, БЕЗ ДАТ, семейство NEW50"
"7 стр, БЕЗ ДАТ, семейство NEW50_8",журнал,ikmd.team,team,2026-09-03,206,57,27.7,2802,0,0,"7 стр, БЕЗ ДАТ, семейство NEW50"
"12 стр, С ДАТАМИ, семейство NEW50_2_14",журнал,o5h7.team,team,2026-09-02,206,57,27.7,801,0,0,"12 стр, С ДАТАМИ, семейство NEW50_2"
NEW20_3_7pages_nodate_styled_img_4,журнал,mwrp.team,team,2026-09-06,206,57,27.7,781,0,0,NEW20_3_7pages_nodate_styled_img
content-2026-09-17b-7str-oform_35,реестр,1558.lol,lol,2026-09-18,150,41,27.3,260,0,0,content-2026-09-17b-7str-oform
"12 стр, С ДАТАМИ, семейство NEW50_2_15",журнал,9957.team,team,2026-09-02,206,56,27.2,1244,1,0,"12 стр, С ДАТАМИ, семейство NEW50_2"
"12 стр, С ДАТАМИ, семейство NEW50_2_9",журнал,2955.team,team,2026-09-02,206,56,27.2,2691,0,0,"12 стр, С ДАТАМИ, семейство NEW50_2"
NEW102оформленосдатой_10,журнал,2835.lol,lol,2026-09-11,206,56,27.2,1438,0,0,NEW102оформленосдатой
"7 стр, БЕЗ ДАТ, семейство NEW50_1",журнал,j0s0.team,team,2026-09-02,206,56,27.2,1139,0,0,"7 стр, БЕЗ ДАТ, семейство NEW50"
content-2026-09-14c-7str-oform-1_35,реестр,588casino.lol,lol,2026-09-15,206,56,27.2,696,0,0,content-2026-09-14c-7str-oform-1
"12 стр, БЕЗ ДАТ, семейство NEW50_2_6",журнал,7590.team,team,2026-09-02,206,56,27.2,674,0,0,"12 стр, БЕЗ ДАТ, семейство NEW50_2"
"7 стр, БЕЗ ДАТ, семейство NEW50_11",журнал,2369.team,team,2026-09-03,206,55,26.7,14253,1,0,"7 стр, БЕЗ ДАТ, семейство NEW50"
NEW21_7pages_nodate_styled_img_6,журнал,casinonck.team,team,2026-09-05,206,55,26.7,1845,1,1,NEW21_7pages_nodate_styled_img
content-2026-09-14c-7str-oform-2_3,реестр,0749.team,team,2026-09-15,206,55,26.7,1971,1,1,content-2026-09-14c-7str-oform-2
content-2026-09-14c-7str-oform-1_45,реестр,0558.lol,lol,2026-09-15,206,55,26.7,625,1,0,content-2026-09-14c-7str-oform-1
NEW102оформленобездаты_37,журнал,casino1009s.casino,casino,2026-09-11,206,55,26.7,1843,0,0,NEW102оформленобездаты
archive412_unique12оформлено_7,журнал,geth.buzz,buzz,2026-09-09,206,55,26.7,1315,0,0,archive412_unique12оформлено
NEW50_3_12pages_withdate_styled_2,журнал,h6k8.lol,lol,2026-09-03,206,55,26.7,872,0,0,NEW50_3_12pages_withdate_styled
nabory421425_styled_img_4,журнал,casinoodm.team,team,2026-09-06,206,55,26.7,941,0,0,nabory421425_styled_img
content-2026-09-17b-7str-oform_10,реестр,6578.lol,lol,2026-09-18,206,55,26.7,802,0,0,content-2026-09-17b-7str-oform
content-2026-09-14b-7str-oform-2_18,реестр,d5r.team,team,2026-09-15,206,55,26.7,454,0,0,content-2026-09-14b-7str-oform-2
content-2026-09-16-7str_1,реестр,1978.lol,lol,2026-09-17,206,54,26.2,3629,2,0,content-2026-09-16-7str
"12 стр, С ДАТАМИ, семейство NEW50_2_3",журнал,9158.lol,lol,2026-09-02,206,54,26.2,1248,0,0,"12 стр, С ДАТАМИ, семейство NEW50_2"
NEW50_3_7pages_withdate_styled_2,журнал,3064.team,team,2026-09-03,206,54,26.2,1264,0,0,NEW50_3_7pages_withdate_styled
"7 стр, БЕЗ ДАТ, семейство NEW50_4",журнал,ciye.team,team,2026-09-02,206,53,25.7,954,0,0,"7 стр, БЕЗ ДАТ, семейство NEW50"
content-2026-09-14-12str-oform_8,реестр,3709.team,team,2026-09-14,206,53,25.7,386,1,0,content-2026-09-14-12str-oform
content-2026-09-14c-7str-oform-1_26,реестр,w1l4.team,team,2026-09-16,206,53,25.7,1821,0,0,content-2026-09-14c-7str-oform-1
Content_script_12page_08.09_5,журнал,casinouep.lol,lol,2026-09-08,206,53,25.7,1600,0,0,Content_script_12page_08.09
имя не восстановлено,—,7079.lol,lol,2026-09-03,206,53,25.7,1256,0,0,
NEW50_3_12pages_nodate_styled_11,журнал,9957.lol,lol,2026-09-03,206,53,25.7,1274,0,0,NEW50_3_12pages_nodate_styled
content-2026-09-14c-7str-oform-2_1,реестр,2211.team,team,2026-09-15,206,53,25.7,1019,0,0,content-2026-09-14c-7str-oform-2
content-2026-09-14b-7str-oform-1_43,реестр,casinorca.team,team,2026-09-17,206,53,25.7,862,0,0,content-2026-09-14b-7str-oform-1
content-2026-09-14c-7str-oform-1_23,реестр,46casino.lol,lol,2026-09-15,206,53,25.7,274,0,0,content-2026-09-14c-7str-oform-1
content-2026-09-17-7str-oform-2_27,реестр,casinok9.team,team,2026-09-18,150,38,25.3,348,0,0,content-2026-09-17-7str-oform-2
content-2026-09-17-7str-oform-2_35,реестр,5988.team,team,2026-09-18,150,38,25.3,328,0,0,content-2026-09-17-7str-oform-2
clean7_part1_50оформлено_35,журнал,qxtl.casino,casino,2026-09-11,206,52,25.2,701,1,0,clean7_part1_50оформлено
NEW50_12pages_withdate_01.09_1,журнал,l5n.team,team,2026-09-01,206,52,25.2,756,1,0,NEW50_12pages_withdate_01.09
content-2026-09-14b-7str-oform-1_50,реестр,1980.lol,lol,2026-09-17,206,52,25.2,2314,0,0,content-2026-09-14b-7str-oform-1
content-2026-09-14b-7str-oform-2_24,реестр,3479.team,team,2026-09-15,206,52,25.2,1603,0,0,content-2026-09-14b-7str-oform-2
"12 стр, С ДАТАМИ, семейство NEW50_2_1",журнал,q7a.team,team,2026-09-02,206,52,25.2,878,0,0,"12 стр, С ДАТАМИ, семейство NEW50_2"
clean12_unique11оформлено_1,журнал,7142.lol,lol,2026-09-07,206,52,25.2,794,0,0,clean12_unique11оформлено
NEW20_12pages_nodate_оформлено_5,журнал,3505.team,team,2026-09-07,206,52,25.2,628,0,0,NEW20_12pages_nodate_оформлено
"12 стр, С ДАТАМИ, семейство NEW50_2_2",журнал,c2u3.team,team,2026-09-02,206,52,25.2,368,0,0,"12 стр, С ДАТАМИ, семейство NEW50_2"
content-2026-09-14c-7str-oform-1_36,реестр,4232.team,team,2026-09-15,206,51,24.8,2207,2,0,content-2026-09-14c-7str-oform-1
content-2026-09-14c-7str-oform-1_43,реестр,2544.team,team,2026-09-15,206,51,24.8,3763,1,0,content-2026-09-14c-7str-oform-1
"7 стр, С ДАТАМИ, семейство NEW50_2_6",журнал,oasc.team,team,2026-09-02,206,51,24.8,1632,0,0,"7 стр, С ДАТАМИ, семейство NEW50_2"
content-2026-09-14c-7str-oform-2_27,реестр,1831.lol,lol,2026-09-15,206,51,24.8,4070,0,0,content-2026-09-14c-7str-oform-2
NEW21_12pages_nodate_styled_img_6,журнал,0509s.casino,casino,2026-09-05,206,51,24.8,3144,0,0,NEW21_12pages_nodate_styled_img
"12 стр, БЕЗ ДАТ, семейство NEW50_2_5",журнал,2418.lol,lol,2026-09-02,206,51,24.8,1382,0,0,"12 стр, БЕЗ ДАТ, семейство NEW50_2"
script_yandex_12page_8,журнал,pqvb.casino,casino,2026-09-11,206,51,24.8,1401,0,0,script_yandex_12page
NEW50_12pages_withdate_01.09_1,журнал,rodl.casino,casino,2026-09-01,206,51,24.8,1135,0,0,NEW50_12pages_withdate_01.09
struktura8x7_3,журнал,muacasino.team,team,2026-09-06,206,51,24.8,745,0,0,struktura8x7
имя не восстановлено,—,3375.team,team,2026-09-03,206,51,24.8,362,0,0,
NEW102оформленосдатой_11,журнал,2334.team,team,2026-09-11,206,50,24.3,2561,5,1,NEW102оформленосдатой
NEW102оформленосдатой_3,журнал,1109r.casino,casino,2026-09-11,206,50,24.3,3487,2,1,NEW102оформленосдатой
nabory421425_styled_img_5,журнал,casinofsd.lol,lol,2026-09-06,206,50,24.3,1594,0,0,nabory421425_styled_img
"7 стр, С ДАТАМИ, семейство NEW50_2_1",журнал,4235.team,team,2026-09-02,206,50,24.3,957,1,0,"7 стр, С ДАТАМИ, семейство NEW50_2"
имя не восстановлено,—,8474.lol,lol,2026-09-03,206,50,24.3,1635,1,0,
content-2026-09-14c-12str-oform_3,реестр,2388.team,team,2026-09-15,206,50,24.3,3403,0,0,content-2026-09-14c-12str-oform
NEW102оформленосдатой_4,журнал,1109sh.casino,casino,2026-09-11,206,50,24.3,2536,0,0,NEW102оформленосдатой
"12 стр, С ДАТАМИ, семейство NEW50_2_8",журнал,tgmb.lol,lol,2026-09-02,206,50,24.3,1721,0,0,"12 стр, С ДАТАМИ, семейство NEW50_2"
NEW50_3_12pages_withdate_styled_10,журнал,3242.lol,lol,2026-09-03,206,50,24.3,1965,0,0,NEW50_3_12pages_withdate_styled
NEW20_3_12pages_withdate_styled_img_3,журнал,fpq.lol,lol,2026-09-06,206,50,24.3,1486,0,0,NEW20_3_12pages_withdate_styled_img
"7 стр, БЕЗ ДАТ, семейство NEW50_9",журнал,xfdr.team,team,2026-09-03,206,50,24.3,988,0,0,"7 стр, БЕЗ ДАТ, семейство NEW50"
"12 стр, С ДАТАМИ, семейство NEW50_2_13",журнал,3349.team,team,2026-09-02,206,50,24.3,880,0,0,"12 стр, С ДАТАМИ, семейство NEW50_2"
struktura8x7_7,журнал,9670.team,team,2026-09-06,206,50,24.3,1281,0,0,struktura8x7
content-2026-09-14b-7str-oform-2_19,реестр,678casino.team,team,2026-09-15,206,50,24.3,669,0,0,content-2026-09-14b-7str-oform-2
NEW20_7pages_nodate_styled_img_2,журнал,zyok.team,team,2026-09-04,206,50,24.3,432,0,0,NEW20_7pages_nodate_styled_img
content-2026-09-15-7str-oform-2_4,реестр,3665.lol,lol,2026-09-16,206,50,24.3,372,0,0,content-2026-09-15-7str-oform-2
archive412_unique12оформлено_3,журнал,axuj.buzz,buzz,2026-09-09,205,49,23.9,801,0,0,archive412_unique12оформлено
clean7_part1_50оформлено_9,журнал,casinoah.team,team,2026-09-11,206,49,23.8,4363,1,0,clean7_part1_50оформлено
NEW20_4_12pages_nodate_6,журнал,3211.lol,lol,2026-09-07,206,49,23.8,5105,0,0,NEW20_4_12pages_nodate
content-2026-09-14-12str-oform_11,реестр,casino3416.team,team,2026-09-14,206,49,23.8,1097,0,0,content-2026-09-14-12str-oform
content-2026-09-16-7str_25,реестр,casinonb.lol,lol,2026-09-17,206,49,23.8,1519,0,0,content-2026-09-16-7str
"7 стр, С ДАТАМИ, семейство NEW50_2_2",журнал,0413.team,team,2026-09-02,206,49,23.8,688,0,0,"7 стр, С ДАТАМИ, семейство NEW50_2"
NEW102оформленобездаты_7,журнал,1109sd.casino,casino,2026-09-11,206,49,23.8,883,0,0,NEW102оформленобездаты
clean12_unique11оформлено_10,журнал,2528.team,team,2026-09-07,206,49,23.8,697,0,0,clean12_unique11оформлено
content-2026-09-14c-7str-oform-2_22,реестр,0760.team,team,2026-09-15,206,49,23.8,820,0,0,content-2026-09-14c-7str-oform-2
"7 стр, БЕЗ ДАТ, семейство NEW50_7",журнал,syoo.team,team,2026-09-03,206,49,23.8,472,0,0,"7 стр, БЕЗ ДАТ, семейство NEW50"
content-2026-09-14-12str-oform_2,реестр,casinor4.lol,lol,2026-09-14,206,49,23.8,345,0,0,content-2026-09-14-12str-oform
NEW20_3_12pages_nodate_styled_img_1,журнал,0509ss.casino,casino,2026-09-06,206,49,23.8,494,0,0,NEW20_3_12pages_nodate_styled_img
content-2026-09-15-7str-oform-1_23,реестр,ynr.team,team,2026-09-17,206,48,23.3,626,2,0,content-2026-09-15-7str-oform-1
content-2026-09-14c-7str-oform-2_2,реестр,7492.lol,lol,2026-09-15,206,48,23.3,2494,1,1,content-2026-09-14c-7str-oform-2
content-2026-09-14c-7str-oform-1_31,реестр,9430.team,team,2026-09-15,206,48,23.3,3116,1,0,content-2026-09-14c-7str-oform-1
content-2026-09-17-7str-oform-2_8,реестр,0860.team,team,2026-09-18,150,35,23.3,2732,1,0,content-2026-09-17-7str-oform-2
content-2026-09-14c-7str-oform-2_31,реестр,casino088.team,team,2026-09-15,206,48,23.3,2397,1,0,content-2026-09-14c-7str-oform-2
NEW50_3_7pages_withdate_styled_1,журнал,9158.team,team,2026-09-03,206,48,23.3,1435,1,0,NEW50_3_7pages_withdate_styled
NEW50_3_12pages_withdate_styled_6,журнал,5025.team,team,2026-09-03,206,48,23.3,724,1,0,NEW50_3_12pages_withdate_styled
content-2026-09-14c-7str-oform-2_8,реестр,casino4420.lol,lol,2026-09-16,206,48,23.3,5730,0,0,content-2026-09-14c-7str-oform-2
content-2026-09-14c-7str-oform-2_42,реестр,0938.team,team,2026-09-15,206,48,23.3,1857,0,0,content-2026-09-14c-7str-oform-2
content-2026-09-14c-7str-oform-1_33,реестр,casino27.team,team,2026-09-16,206,48,23.3,1630,0,0,content-2026-09-14c-7str-oform-1
NEW21_12pages_withdate_styled_img_1,журнал,0509rr.casino,casino,2026-09-05,206,48,23.3,1332,0,0,NEW21_12pages_withdate_styled_img
content-2026-09-14c-7str-oform-2_38,реестр,casinoez.team,team,2026-09-15,206,48,23.3,792,0,0,content-2026-09-14c-7str-oform-2
clean12_unique11оформлено_11,журнал,p8l7.team,team,2026-09-07,206,48,23.3,645,0,0,clean12_unique11оформлено
nabory-621-630_10,реестр,1794.lol,lol,2026-09-18,150,35,23.3,420,0,0,nabory-621-630
content-2026-09-15-7str-oform-2_35,реестр,1274.lol,lol,2026-09-16,206,48,23.3,315,0,0,content-2026-09-15-7str-oform-2
nabory-621-630_8,реестр,fhml.lol,lol,2026-09-18,150,35,23.3,309,0,0,nabory-621-630
nabory-565-580_12,реестр,9412.team,team,2026-09-16,205,47,22.9,768,0,0,nabory-565-580
content-2026-09-14c-7str-oform-1_21,реестр,1792.lol,lol,2026-09-15,206,47,22.8,810,0,0,content-2026-09-14c-7str-oform-1
NEW20_3_12pages_withdate_styled_img_2,журнал,441casino.lol,lol,2026-09-06,206,47,22.8,1452,0,0,NEW20_3_12pages_withdate_styled_img
content-2026-09-14-12str-oform_5,реестр,casinoucp.lol,lol,2026-09-14,206,47,22.8,811,0,0,content-2026-09-14-12str-oform
NEW50_3_7pages_withdate_styled_9,журнал,oasc.lol,lol,2026-09-03,206,47,22.8,1042,0,0,NEW50_3_7pages_withdate_styled
content-2026-09-14c-7str-oform-1_12,реестр,casinodqt.lol,lol,2026-09-16,206,47,22.8,647,0,0,content-2026-09-14c-7str-oform-1
nabory-555-564_styled_img_8,реестр,2514.team,team,2026-09-16,206,47,22.8,508,0,0,nabory-555-564_styled_img
NEW20_12pages_withdate_оформлено_3,журнал,3237.team,team,2026-09-07,206,47,22.8,495,0,0,NEW20_12pages_withdate_оформлено
archive37строформленоv2часть3_11,журнал,1009gg.casino,casino,2026-09-10,206,46,22.3,3632,2,1,archive37строформленоv2часть3
Content_script_12page_08.09_4,журнал,4609.team,team,2026-09-08,206,46,22.3,3948,1,0,Content_script_12page_08.09
Content_script_12page_08.09_8,журнал,113casino.lol,lol,2026-09-08,206,46,22.3,2022,1,0,Content_script_12page_08.09
nabory-555-564_styled_img_6,реестр,kogk.team,team,2026-09-16,206,46,22.3,882,1,0,nabory-555-564_styled_img
content-2026-09-14c-7str-oform-1_28,реестр,p4q8.lol,lol,2026-09-16,206,46,22.3,537,1,0,content-2026-09-14c-7str-oform-1
NEW20_12pages_nodate_оформлено_3,журнал,7838.team,team,2026-09-07,206,46,22.3,488,1,0,NEW20_12pages_nodate_оформлено
nabory-545-554_styled_img_8,реестр,mfmj.lol,lol,2026-09-16,206,46,22.3,1684,0,0,nabory-545-554_styled_img
content-2026-09-14c-7str-oform-2_34,реестр,4118.team,team,2026-09-15,206,46,22.3,1119,0,0,content-2026-09-14c-7str-oform-2
Партия A_9,журнал,ubgh.team,team,2026-09-04,206,46,22.3,1588,0,0,Партия A
content-2026-09-16-7str_11,реестр,538casino.team,team,2026-09-17,206,46,22.3,1106,0,0,content-2026-09-16-7str
content-2026-09-14c-7str-oform-2_33,реестр,casinorj.lol,lol,2026-09-15,206,46,22.3,793,0,0,content-2026-09-14c-7str-oform-2
content-2026-09-15-7str-oform-1_4,реестр,jflj.team,team,2026-09-17,206,46,22.3,493,0,0,content-2026-09-15-7str-oform-1
content-2026-09-17b-7str-oform_23,реестр,4333.lol,lol,2026-09-18,150,33,22.0,222,0,0,content-2026-09-17b-7str-oform
archive37строформленоv2часть3_2,журнал,nlel.team,team,2026-09-10,206,45,21.8,2591,0,0,archive37строформленоv2часть3
archive412_unique12оформлено_2,журнал,uyyj.lol,lol,2026-09-09,206,45,21.8,1082,1,0,archive412_unique12оформлено
"12 стр, БЕЗ ДАТ, семейство NEW50_2_1",журнал,8829.lol,lol,2026-09-02,206,45,21.8,1230,1,0,"12 стр, БЕЗ ДАТ, семейство NEW50_2"
content-2026-09-14c-7str-oform-1_39,реестр,4092.team,team,2026-09-15,206,45,21.8,2507,0,0,content-2026-09-14c-7str-oform-1
NEW20_12pages_withdate_styled_img_2,журнал,casino0409d.casino,casino,2026-09-04,206,45,21.8,770,0,0,NEW20_12pages_withdate_styled_img
archive47_unique119оформленочасть1_12,журнал,kitg.lol,lol,2026-09-09,206,45,21.8,583,0,0,archive47_unique119оформленочасть1
archive37строформленоv2часть2_14,журнал,5413.lol,lol,2026-09-08,206,45,21.8,583,0,0,archive37строформленоv2часть2
content-2026-09-14c-7str-oform-1_16,реестр,4269casino.team,team,2026-09-15,206,45,21.8,357,0,0,content-2026-09-14c-7str-oform-1
content-2026-09-14-12str-oform_6,реестр,casinogsl.lol,lol,2026-09-14,206,45,21.8,331,0,0,content-2026-09-14-12str-oform
"12 стр, С ДАТАМИ, семейство NEW50_3",журнал,t8n2.team,team,2026-09-03,206,44,21.4,671,1,1,"12 стр, С ДАТАМИ, семейство NEW50"
content-2026-09-15-7str-oform-2_38,реестр,kccasino.team,team,2026-09-16,206,44,21.4,2355,0,0,content-2026-09-15-7str-oform-2
content-2026-09-15-7str-oform-1_50,реестр,2245.team,team,2026-09-16,206,44,21.4,1550,0,0,content-2026-09-15-7str-oform-1
nabory-535-544_styled_img_3,реестр,5442.lol,lol,2026-09-16,206,44,21.4,900,0,0,nabory-535-544_styled_img
имя не восстановлено,—,ikmd.lol,lol,2026-09-03,206,44,21.4,587,0,0,
content-2026-09-14c-7str-oform-2_16,реестр,cyfd.team,team,2026-09-15,206,44,21.4,401,0,0,content-2026-09-14c-7str-oform-2
"12 стр, С ДАТАМИ, семейство NEW50_2_10",журнал,izlx.team,team,2026-09-02,206,44,21.4,463,0,0,"12 стр, С ДАТАМИ, семейство NEW50_2"
content-2026-09-14b-7str-oform-1_36,реестр,7983.team,team,2026-09-17,206,44,21.4,364,0,0,content-2026-09-14b-7str-oform-1
content-2026-09-15-7str-oform-2_47,реестр,wfcasino.team,team,2026-09-16,206,44,21.4,306,0,0,content-2026-09-15-7str-oform-2
content-2026-09-14c-7str-oform-1_9,реестр,t2h6.team,team,2026-09-16,206,44,21.4,235,0,0,content-2026-09-14c-7str-oform-1
content-2026-09-17-7str-oform-2_13,реестр,3578.lol,lol,2026-09-18,150,32,21.3,431,1,0,content-2026-09-17-7str-oform-2
content-2026-09-17b-7str-oform_36,реестр,2966.lol,lol,2026-09-18,150,32,21.3,541,0,0,content-2026-09-17b-7str-oform
Выдача_06.09_12стр_5,журнал,0017.team,team,2026-09-07,206,43,20.9,4177,1,0,Выдача_06.09_12стр
NEW102оформленосдатой_14,журнал,k8z.team,team,2026-09-11,206,43,20.9,2939,0,0,NEW102оформленосдатой
Выдача_06.09_12стр_3,журнал,5448.lol,lol,2026-09-07,206,43,20.9,775,1,0,Выдача_06.09_12стр
NEW20_12pages_withdate_styled_img_5,журнал,7960.team,team,2026-09-04,206,43,20.9,713,1,0,NEW20_12pages_withdate_styled_img
nabory-535-544_styled_img_4,реестр,casinobl.lol,lol,2026-09-16,206,43,20.9,3194,0,0,nabory-535-544_styled_img
nabory-545-554_styled_img_2,реестр,3305.lol,lol,2026-09-16,206,43,20.9,3063,0,0,nabory-545-554_styled_img
archive47_unique119оформленочасть1_5,журнал,fgtg.casino,casino,2026-09-10,206,43,20.9,1657,0,0,archive47_unique119оформленочасть1
NEW20_3_7pages_withdate_styled_img_4,журнал,casinogh.team,team,2026-09-06,206,43,20.9,1721,0,0,NEW20_3_7pages_withdate_styled_img
content-2026-09-14c-7str-oform-1_40,реестр,casinox1.lol,lol,2026-09-16,206,43,20.9,1103,0,0,content-2026-09-14c-7str-oform-1
"12 стр, С ДАТАМИ, семейство NEW50_4",журнал,8193.team,team,2026-09-03,206,43,20.9,1013,0,0,"12 стр, С ДАТАМИ, семейство NEW50"
content-2026-09-15-7str-oform-2_16,реестр,7966.lol,lol,2026-09-16,206,43,20.9,890,0,0,content-2026-09-15-7str-oform-2
trikomplekta_1,журнал,h5g5.team,team,2026-09-04,206,43,20.9,575,0,0,trikomplekta
NEW20_3_12pages_nodate_styled_img_2,журнал,casino0509d.casino,casino,2026-09-06,206,43,20.9,610,0,0,NEW20_3_12pages_nodate_styled_img
content-2026-09-14c-7str-oform-2_35,реестр,85casino.team,team,2026-09-15,206,43,20.9,555,0,0,content-2026-09-14c-7str-oform-2
content-2026-09-17b-7str-oform_1,реестр,czfe.lol,lol,2026-09-18,150,31,20.7,141,0,0,content-2026-09-17b-7str-oform
"7 стр, БЕЗ ДАТ, семейство NEW50_6",журнал,5580.team,team,2026-09-02,206,42,20.4,2333,3,1,"7 стр, БЕЗ ДАТ, семейство NEW50"
NEW102оформленобездаты_31,журнал,rzbcasino.team,team,2026-09-12,206,42,20.4,1156,1,1,NEW102оформленобездаты
content-2026-09-14-7str-oform-9_3,реестр,r6a3.lol,lol,2026-09-15,206,42,20.4,273,1,1,content-2026-09-14-7str-oform-9
content-2026-09-14c-7str-oform-2_7,реестр,25casino.lol,lol,2026-09-15,206,42,20.4,715,1,0,content-2026-09-14c-7str-oform-2
script_yandex_12page_5_2,журнал,9165.team,team,2026-09-11,206,42,20.4,508,1,0,script_yandex_12page_5
NEW102оформленобездаты_32,журнал,5882.team,team,2026-09-11,206,42,20.4,2376,0,0,NEW102оформленобездаты
script_yandex_12page_3,журнал,1109mm.casino,casino,2026-09-11,206,42,20.4,1705,0,0,script_yandex_12page
NEW102оформленобездаты_35,журнал,casinos6.lol,lol,2026-09-11,206,42,20.4,1310,0,0,NEW102оформленобездаты
"7 стр, БЕЗ ДАТ, семейство NEW50_14",журнал,7570.team,team,2026-09-03,206,42,20.4,823,0,0,"7 стр, БЕЗ ДАТ, семейство NEW50"
nabory-555-564_styled_img_4,реестр,3663.team,team,2026-09-16,206,42,20.4,527,0,0,nabory-555-564_styled_img
content-2026-09-14-7str-oform-9_33,реестр,0786.team,team,2026-09-15,206,42,20.4,258,0,0,content-2026-09-14-7str-oform-9
content-2026-09-12-7str-oform-2_15,журнал,rzacasino.lol,lol,2026-09-12,206,42,20.4,350,0,0,content-2026-09-12-7str-oform-2
content-2026-09-17-7str-oform-2_4,реестр,dyxo.lol,lol,2026-09-18,150,30,20.0,301,0,0,content-2026-09-17-7str-oform-2
content-2026-09-17-7str-oform-2_46,реестр,btum.team,team,2026-09-18,150,30,20.0,167,0,0,content-2026-09-17-7str-oform-2
content-2026-09-14-7str-oform-9_39,реестр,1530.team,team,2026-09-15,206,41,19.9,1365,0,0,content-2026-09-14-7str-oform-9
archive37строформленоv2часть1_6,журнал,6655.team,team,2026-09-10,206,41,19.9,1016,1,0,archive37строформленоv2часть1
NEW50_12pages_nodate_01.09_1,журнал,tghc.casino,casino,2026-09-01,206,41,19.9,2223,1,1,NEW50_12pages_nodate_01.09
content-2026-09-15-7str-oform-2_7,реестр,3152.team,team,2026-09-16,206,41,19.9,2186,1,0,content-2026-09-15-7str-oform-2
nabory-545-554_styled_img_6,реестр,s2f.lol,lol,2026-09-16,206,41,19.9,1446,0,0,nabory-545-554_styled_img
archive412_unique12оформлено_8,журнал,zrum.buzz,buzz,2026-09-09,206,41,19.9,859,0,0,archive412_unique12оформлено
"12 стр, С ДАТАМИ, семейство NEW50_2_7",журнал,4729.team,team,2026-09-02,206,41,19.9,692,0,0,"12 стр, С ДАТАМИ, семейство NEW50_2"
NEW50_3_12pages_withdate_styled_1,журнал,a1j.lol,lol,2026-09-03,206,41,19.9,603,0,0,NEW50_3_12pages_withdate_styled
content-2026-09-14c-7str-oform-1_3,реестр,8838.lol,lol,2026-09-16,206,41,19.9,674,0,0,content-2026-09-14c-7str-oform-1
content-2026-09-15-7str-oform-2_31,реестр,qpcasino.lol,lol,2026-09-16,206,41,19.9,662,0,0,content-2026-09-15-7str-oform-2
"7 стр, С ДАТАМИ, семейство NEW50_1",журнал,qmpl.team,team,2026-09-03,206,41,19.9,584,0,0,"7 стр, С ДАТАМИ, семейство NEW50"
NEW50_12pages_withdate_01.09_3,журнал,x9d7.casino,casino,2026-09-01,206,41,19.9,634,0,0,NEW50_12pages_withdate_01.09
content-2026-09-14b-7str-oform-2_25,реестр,g5c3.lol,lol,2026-09-15,206,41,19.9,462,0,0,content-2026-09-14b-7str-oform-2
content-2026-09-14-12str-oform_3,реестр,9456.lol,lol,2026-09-14,206,41,19.9,410,0,0,content-2026-09-14-12str-oform
NEW102оформленобездаты_24,журнал,7055.team,team,2026-09-11,206,40,19.4,558,1,0,NEW102оформленобездаты
clean7_part1_50оформлено_42,журнал,3574.team,team,2026-09-08,206,40,19.4,3113,1,1,clean7_part1_50оформлено
NEW20_4_12pages_nodate_5,журнал,8483.team,team,2026-09-07,206,40,19.4,380,1,0,NEW20_4_12pages_nodate
clean7_part1_50оформлено_8,журнал,3142.team,team,2026-09-11,206,40,19.4,2048,0,0,clean7_part1_50оформлено
content-2026-09-14c-7str-oform-1_17,реестр,casinobwf.team,team,2026-09-16,206,40,19.4,2355,0,0,content-2026-09-14c-7str-oform-1
NEW50_12pages_withdate_01.09_4,журнал,6348.team,team,2026-09-01,206,40,19.4,529,0,0,NEW50_12pages_withdate_01.09
content-2026-09-14-7str-oform-9_20,реестр,59casino.team,team,2026-09-15,206,40,19.4,552,0,0,content-2026-09-14-7str-oform-9
NEW50_3_7pages_nodate_styled_4,журнал,o5h7.lol,lol,2026-09-03,206,40,19.4,412,0,0,NEW50_3_7pages_nodate_styled
archive37строформленоv2часть2_3,журнал,4149.lol,lol,2026-09-08,206,40,19.4,373,0,0,archive37строформленоv2часть2
nabory481483_styled_img_dark_1,журнал,casino753.team,team,2026-09-11,206,40,19.4,262,0,0,nabory481483_styled_img_dark
content-2026-09-14c-7str-oform-2_19,реестр,8792.lol,lol,2026-09-15,206,40,19.4,308,0,0,content-2026-09-14c-7str-oform-2
имя не восстановлено,—,seft.team,team,2026-09-04,206,40,19.4,300,0,0,
nabory264268_01.09_2,журнал,k3u.team,team,2026-09-01,206,40,19.4,261,0,0,nabory264268_01.09
NEW102оформленосдатой_18,журнал,2129.lol,lol,2026-09-11,206,39,18.9,1127,3,1,NEW102оформленосдатой
content-2026-09-15-7str-oform-1_43,реестр,5779.team,team,2026-09-17,206,39,18.9,513,3,1,content-2026-09-15-7str-oform-1
имя не восстановлено,—,5329.lol,lol,2026-09-03,206,39,18.9,2108,0,0,
NEW50_3_12pages_nodate_styled_2,журнал,n0b5.team,team,2026-09-03,206,39,18.9,1283,0,0,NEW50_3_12pages_nodate_styled
NEW50_12pages_nodate_01.09_3,журнал,u9y.casino,casino,2026-09-01,206,39,18.9,640,0,0,NEW50_12pages_nodate_01.09
content-2026-09-14b-7str-oform-2_11,реестр,casinonw.team,team,2026-09-17,206,39,18.9,605,0,0,content-2026-09-14b-7str-oform-2
NEW50_12pages_nodate_01.09_4,журнал,vgti.casino,casino,2026-09-01,206,39,18.9,358,0,0,NEW50_12pages_nodate_01.09
content-2026-09-14c-7str-oform-1_20,реестр,8510.team,team,2026-09-15,206,39,18.9,400,0,0,content-2026-09-14c-7str-oform-1
NEW50_7pages_withdate_01.09_6,журнал,rvue.lol,lol,2026-09-02,206,39,18.9,375,0,0,NEW50_7pages_withdate_01.09
struktura8x7_2,журнал,7142.team,team,2026-09-06,206,39,18.9,287,0,0,struktura8x7
"7 стр, С ДАТАМИ, семейство NEW50_2_3",журнал,3242.team,team,2026-09-02,206,38,18.4,336,2,0,"7 стр, С ДАТАМИ, семейство NEW50_2"
archive412_unique12оформлено_5,журнал,c9a3.lol,lol,2026-09-09,206,38,18.4,817,1,0,archive412_unique12оформлено
"7 стр, С ДАТАМИ, семейство NEW50_2",журнал,7326.team,team,2026-09-03,206,38,18.4,1241,0,0,"7 стр, С ДАТАМИ, семейство NEW50"
archive37строформленоv2часть1_7,журнал,389casino.lol,lol,2026-09-08,206,38,18.4,1599,1,0,archive37строформленоv2часть1
content-2026-09-12-7str-oform-2_20,журнал,1081.team,team,2026-09-12,206,38,18.4,2730,0,0,content-2026-09-12-7str-oform-2
content-2026-09-14c-7str-oform-1_8,реестр,casino6166.team,team,2026-09-16,206,38,18.4,2923,0,0,content-2026-09-14c-7str-oform-1
content-2026-09-14c-7str-oform-2_29,реестр,hnur.team,team,2026-09-15,206,38,18.4,1542,0,0,content-2026-09-14c-7str-oform-2
clean7_part1_50оформлено_34,журнал,efsr.casino,casino,2026-09-11,206,38,18.4,1905,0,0,clean7_part1_50оформлено
имя не восстановлено,—,soxv.team,team,2026-09-03,206,38,18.4,1295,0,0,
имя не восстановлено,—,casino01.lol,lol,2026-09-04,206,38,18.4,1005,0,0,
NEW102оформленобездаты_33,журнал,xpnm.team,team,2026-09-11,206,38,18.4,1151,0,0,NEW102оформленобездаты
имя не восстановлено,—,5671.team,team,2026-09-02,206,38,18.4,636,0,0,
content-2026-09-14c-7str-oform-2_10,реестр,gzb.lol,lol,2026-09-16,206,38,18.4,748,0,0,content-2026-09-14c-7str-oform-2
content-2026-09-14-7str-oform-8_28,реестр,cpcasino.lol,lol,2026-09-15,206,38,18.4,444,0,0,content-2026-09-14-7str-oform-8
content-2026-09-14c-7str-oform-2_36,реестр,0964.lol,lol,2026-09-15,206,38,18.4,423,0,0,content-2026-09-14c-7str-oform-2
content-2026-09-14-12str-oform_4,реестр,4691.lol,lol,2026-09-14,206,38,18.4,418,0,0,content-2026-09-14-12str-oform
NEW20_12pages_nodate_оформлено_2,журнал,casino8643.team,team,2026-09-07,206,38,18.4,187,0,0,NEW20_12pages_nodate_оформлено
clean12_unique11оформлено_8,журнал,opcasino.team,team,2026-09-07,206,38,18.4,338,0,0,clean12_unique11оформлено
NEW20_3_12pages_withdate_styled_img_1,журнал,4832.lol,lol,2026-09-06,206,38,18.4,396,0,0,NEW20_3_12pages_withdate_styled_img
content-2026-09-15-7str-oform-2_11,реестр,w7o3.team,team,2026-09-16,206,38,18.4,225,0,0,content-2026-09-15-7str-oform-2
NEW102оформленобездаты_9,журнал,1009dd.casino,casino,2026-09-11,206,37,18.0,1912,0,0,NEW102оформленобездаты
"12 стр, БЕЗ ДАТ, семейство NEW50_2_2",журнал,tvuy.team,team,2026-09-02,206,37,18.0,416,1,0,"12 стр, БЕЗ ДАТ, семейство NEW50_2"
content-2026-09-15-7str-oform-1_42,реестр,2154.lol,lol,2026-09-16,206,37,18.0,363,1,0,content-2026-09-15-7str-oform-1
content-2026-09-17-7str-oform-2_24,реестр,7957.lol,lol,2026-09-18,150,27,18.0,2627,0,0,content-2026-09-17-7str-oform-2
content-2026-09-14c-7str-oform-2_44,реестр,4773.lol,lol,2026-09-15,206,37,18.0,1627,0,0,content-2026-09-14c-7str-oform-2
clean7_part1_50оформлено_16,журнал,hshl.casino,casino,2026-09-11,206,37,18.0,1744,0,0,clean7_part1_50оформлено
struktura8x7_4,журнал,2663.team,team,2026-09-06,206,37,18.0,1497,0,0,struktura8x7
nabory-555-564_styled_img_9,реестр,2198.lol,lol,2026-09-16,206,37,18.0,1443,0,0,nabory-555-564_styled_img
content-2026-09-14c-7str-oform-1_41,реестр,3833.lol,lol,2026-09-15,206,37,18.0,1230,0,0,content-2026-09-14c-7str-oform-1
NEW20_4_12pages_nodate_1,журнал,5256.team,team,2026-09-07,206,37,18.0,655,0,0,NEW20_4_12pages_nodate
content-2026-09-14b-7str-oform-2_44,реестр,nffn.team,team,2026-09-15,206,37,18.0,602,0,0,content-2026-09-14b-7str-oform-2
имя не восстановлено,—,7027.team,team,2026-09-02,206,37,18.0,344,0,0,
clean12_unique11оформлено_3,журнал,rgdf.team,team,2026-09-07,206,37,18.0,567,0,0,clean12_unique11оформлено
content-2026-09-14b-7str-oform-1_35,реестр,casino5341.lol,lol,2026-09-17,206,37,18.0,489,0,0,content-2026-09-14b-7str-oform-1
"7 стр, С ДАТАМИ, семейство NEW50_2_5",журнал,0540.team,team,2026-09-02,206,37,18.0,465,0,0,"7 стр, С ДАТАМИ, семейство NEW50_2"
nabory-621-630_6,реестр,k2x1.lol,lol,2026-09-18,150,27,18.0,409,0,0,nabory-621-630
NEW50_12pages_withdate_01.09_2,журнал,j1j.casino,casino,2026-09-01,206,37,18.0,186,0,0,NEW50_12pages_withdate_01.09
trikomplekta_2,журнал,9274.team,team,2026-09-04,206,37,18.0,214,0,0,trikomplekta
имя не восстановлено,—,h6k8.team,team,2026-09-02,206,36,17.5,282,0,0,
archive47_unique119оформленочасть1_3,журнал,1009cas.casino,casino,2026-09-10,206,36,17.5,1838,1,0,archive47_unique119оформленочасть1
NEW20_12pages_nodate_styled_img_2,журнал,0409ds.casino,casino,2026-09-04,206,36,17.5,634,1,0,NEW20_12pages_nodate_styled_img
NEW50_3_12pages_nodate_styled_8,журнал,6348.lol,lol,2026-09-03,206,36,17.5,4170,0,0,NEW50_3_12pages_nodate_styled
content-2026-09-15-7str-oform-2_33,реестр,2974.team,team,2026-09-16,206,36,17.5,3313,0,0,content-2026-09-15-7str-oform-2
archive37строформленоv2часть3_2,журнал,casino947.lol,lol,2026-09-10,206,36,17.5,745,0,0,archive37строформленоv2часть3
content-2026-09-15-7str-oform-2_30,реестр,dsrt.team,team,2026-09-16,206,36,17.5,941,0,0,content-2026-09-15-7str-oform-2
nabory470472_styled_img_1,журнал,75casino.team,team,2026-09-10,206,36,17.5,807,0,0,nabory470472_styled_img
nabory-565-580_8,реестр,casinodx.team,team,2026-09-16,206,36,17.5,817,0,0,nabory-565-580
clean12_unique11оформлено_5,журнал,casino069.team,team,2026-09-07,206,36,17.5,472,0,0,clean12_unique11оформлено
NEW50_12pages_withdate_01.09_5,журнал,7612.team,team,2026-09-02,206,36,17.5,596,0,0,NEW50_12pages_withdate_01.09
Generator_346353_styled_img_4,журнал,pddw.team,team,2026-09-04,206,36,17.5,593,0,0,Generator_346353_styled_img
имя не восстановлено,—,u0s.team,team,2026-09-02,206,36,17.5,423,0,0,
nabory431435_styled_img_5,журнал,casinouep.team,team,2026-09-07,206,36,17.5,488,0,0,nabory431435_styled_img
content-2026-09-14c-7str-oform-1_1,реестр,ymrb.team,team,2026-09-16,206,36,17.5,434,0,0,content-2026-09-14c-7str-oform-1
NEW50_3_12pages_nodate_styled_7,журнал,6012.lol,lol,2026-09-03,206,36,17.5,403,0,0,NEW50_3_12pages_nodate_styled
NEW50_3_7pages_nodate_styled_8,журнал,8663.lol,lol,2026-09-03,206,36,17.5,186,0,0,NEW50_3_7pages_nodate_styled
NEW50_12pages_withdate_01.09_6,журнал,7925.team,team,2026-09-01,206,36,17.5,162,0,0,NEW50_12pages_withdate_01.09
content-2026-09-16-7str_24,реестр,5420.team,team,2026-09-17,206,36,17.5,180,0,0,content-2026-09-16-7str
content-2026-09-14c-7str-oform-1_6,реестр,casinoi0.team,team,2026-09-16,206,36,17.5,155,0,0,content-2026-09-14c-7str-oform-1
content-2026-09-14b-7str-oform-2_51,реестр,ttbz.team,team,2026-09-15,206,36,17.5,104,0,0,content-2026-09-14b-7str-oform-2
content-2026-09-17b-7str-oform_24,реестр,1578.lol,lol,2026-09-18,150,26,17.3,190,0,0,content-2026-09-17b-7str-oform
content-2026-09-12-7str-oform-2_33,журнал,9051.team,team,2026-09-12,206,35,17.0,1104,1,1,content-2026-09-12-7str-oform-2
имя не восстановлено,—,6860.lol,lol,2026-09-03,206,35,17.0,1982,0,0,
NEW50_7pages_withdate_01.09_1,журнал,0864.team,team,2026-09-01,206,35,17.0,3425,0,0,NEW50_7pages_withdate_01.09
content-2026-09-14b-7str-oform-2_17,реестр,dwyv.team,team,2026-09-16,206,35,17.0,1626,0,0,content-2026-09-14b-7str-oform-2
clean7_part1_50оформлено_44,журнал,opcasino.lol,lol,2026-09-08,206,35,17.0,1734,0,0,clean7_part1_50оформлено
content-2026-09-12-7str-oform-1_37,журнал,mhpl.lol,lol,2026-09-12,206,35,17.0,681,0,0,content-2026-09-12-7str-oform-1
Выдача_06.09_7стр_2,журнал,2663.lol,lol,2026-09-07,206,35,17.0,973,0,0,Выдача_06.09_7стр
content-2026-09-14b-7str-oform-2_30,реестр,diii.team,team,2026-09-15,206,35,17.0,723,0,0,content-2026-09-14b-7str-oform-2
content-2026-09-14b-7str-oform-2_50,реестр,8531.team,team,2026-09-15,206,35,17.0,510,0,0,content-2026-09-14b-7str-oform-2
имя не восстановлено,—,4202.team,team,2026-09-02,206,35,17.0,677,0,0,
nabory-565-580_9,реестр,nrcasino.team,team,2026-09-16,206,35,17.0,619,0,0,nabory-565-580
content-2026-09-14c-7str-oform-1_7,реестр,7516casino.team,team,2026-09-15,206,35,17.0,457,0,0,content-2026-09-14c-7str-oform-1
nabory461463_styled_img_2,журнал,tqab.casino,casino,2026-09-09,206,35,17.0,470,0,0,nabory461463_styled_img
NEW20_12pages_nodate_styled_img_1,журнал,casino0409s.casino,casino,2026-09-04,206,35,17.0,463,0,0,NEW20_12pages_nodate_styled_img
NEW20_12pages_withdate_styled_img_4,журнал,0778.team,team,2026-09-04,206,35,17.0,355,0,0,NEW20_12pages_withdate_styled_img
content-2026-09-14-7str-oform-9_30,реестр,jqcasino.team,team,2026-09-15,206,35,17.0,412,0,0,content-2026-09-14-7str-oform-9
content-2026-09-14c-7str-oform-1_27,реестр,hsrk.lol,lol,2026-09-16,206,35,17.0,457,0,0,content-2026-09-14c-7str-oform-1
Партия A_5,журнал,xoacasino.team,team,2026-09-04,206,35,17.0,329,0,0,Партия A
content-2026-09-14b-7str-oform-2_9,реестр,iuic.team,team,2026-09-17,206,35,17.0,395,0,0,content-2026-09-14b-7str-oform-2
"7 стр, БЕЗ ДАТ, семейство NEW50_13",журнал,1185.team,team,2026-09-03,206,35,17.0,320,0,0,"7 стр, БЕЗ ДАТ, семейство NEW50"
content-2026-09-14c-7str-oform-2_12,реестр,wkdp.lol,lol,2026-09-15,206,35,17.0,177,0,0,content-2026-09-14c-7str-oform-2
content-2026-09-16-7str_37,реестр,2272.team,team,2026-09-17,206,35,17.0,289,0,0,content-2026-09-16-7str
content-2026-09-14c-7str-oform-1_34,реестр,3453.team,team,2026-09-15,206,35,17.0,224,0,0,content-2026-09-14c-7str-oform-1
NEW21_12pages_nodate_styled_img_4,журнал,0509kk.casino,casino,2026-09-05,206,35,17.0,147,0,0,NEW21_12pages_nodate_styled_img
content-2026-09-16-7str_31,реестр,h1s.lol,lol,2026-09-17,206,35,17.0,169,0,0,content-2026-09-16-7str
content-2026-09-17-7str-oform-2_54,реестр,1806.lol,lol,2026-09-18,150,25,16.7,675,0,0,content-2026-09-17-7str-oform-2
nabory-621-630_1,реестр,rxdu.lol,lol,2026-09-18,150,25,16.7,165,0,0,nabory-621-630
content-2026-09-14c-7str-oform-2_13,реестр,5713.lol,lol,2026-09-15,206,34,16.5,215,1,1,content-2026-09-14c-7str-oform-2
content-2026-09-16-7str_23,реестр,2815.team,team,2026-09-17,206,34,16.5,148,1,1,content-2026-09-16-7str
content-2026-09-14b-7str-oform-2_41,реестр,2159casino.team,team,2026-09-15,206,34,16.5,1206,1,0,content-2026-09-14b-7str-oform-2
content-2026-09-15-7str-oform-2_46,реестр,5202.team,team,2026-09-16,206,34,16.5,511,1,0,content-2026-09-15-7str-oform-2
content-2026-09-14c-7str-oform-1_14,реестр,casino6204.team,team,2026-09-16,206,34,16.5,3941,0,0,content-2026-09-14c-7str-oform-1
content-2026-09-15-7str-oform-2_1,реестр,b6t.lol,lol,2026-09-16,206,34,16.5,2773,0,0,content-2026-09-15-7str-oform-2
NEW50_3_12pages_withdate_styled_11,журнал,3375.lol,lol,2026-09-03,206,34,16.5,1086,0,0,NEW50_3_12pages_withdate_styled
Выдача_06.09_12стр_2,журнал,4287.team,team,2026-09-07,206,34,16.5,919,0,0,Выдача_06.09_12стр
NEW102оформленобездаты_15,журнал,mncasino.lol,lol,2026-09-11,206,34,16.5,745,0,0,NEW102оформленобездаты
content-2026-09-15-7str-oform-2_17,реестр,3616.lol,lol,2026-09-16,206,34,16.5,811,0,0,content-2026-09-15-7str-oform-2
NEW20_3_12pages_withdate_styled_img_4,журнал,casinoduw.lol,lol,2026-09-06,206,34,16.5,724,0,0,NEW20_3_12pages_withdate_styled_img
имя не восстановлено,—,c4x3.team,team,2026-09-02,206,34,16.5,506,0,0,
NEW102оформленобездаты_5,журнал,u0a3.casino,casino,2026-09-11,206,34,16.5,559,0,0,NEW102оформленобездаты
content-2026-09-14-7str-oform-9_35,реестр,4860.team,team,2026-09-15,206,34,16.5,469,0,0,content-2026-09-14-7str-oform-9
archive47_unique119оформленочасть1_24,журнал,2865.lol,lol,2026-09-09,206,34,16.5,298,0,0,archive47_unique119оформленочасть1
nabory-565-580_7,реестр,cztz.team,team,2026-09-16,206,34,16.5,435,0,0,nabory-565-580
nabory-535-544_styled_img_10,реестр,daoi.lol,lol,2026-09-16,206,34,16.5,388,0,0,nabory-535-544_styled_img
content-2026-09-14c-7str-oform-2_43,реестр,7663.lol,lol,2026-09-15,206,34,16.5,310,0,0,content-2026-09-14c-7str-oform-2
content-2026-09-12-7str-oform-3_33,журнал,2163.lol,lol,2026-09-13,206,34,16.5,321,0,0,content-2026-09-12-7str-oform-3
content-2026-09-14c-7str-oform-2_20,реестр,7311.team,team,2026-09-15,206,34,16.5,237,0,0,content-2026-09-14c-7str-oform-2
content-2026-09-14c-7str-oform-1_29,реестр,8459.lol,lol,2026-09-15,206,34,16.5,288,0,0,content-2026-09-14c-7str-oform-1
content-2026-09-14b-7str-oform-2_28,реестр,1014.lol,lol,2026-09-15,206,34,16.5,253,0,0,content-2026-09-14b-7str-oform-2
content-2026-09-14b-7str-oform-2_22,реестр,3294casino.team,team,2026-09-15,206,34,16.5,274,0,0,content-2026-09-14b-7str-oform-2
content-2026-09-14c-7str-oform-1_42,реестр,6166.lol,lol,2026-09-15,206,34,16.5,151,0,0,content-2026-09-14c-7str-oform-1
content-2026-09-14-7str-oform-9_11,реестр,9836.team,team,2026-09-15,206,34,16.5,140,0,0,content-2026-09-14-7str-oform-9
NEW50_3_7pages_withdate_styled_12,журнал,0190.team,team,2026-09-03,206,34,16.5,124,0,0,NEW50_3_7pages_withdate_styled
NEW50_3_12pages_withdate_styled_14,журнал,7079.team,team,2026-09-03,206,33,16.0,676,1,1,NEW50_3_12pages_withdate_styled
имя не восстановлено,—,7448.lol,lol,2026-09-03,206,33,16.0,6503,0,0,
NEW20_12pages_withdate_styled_img_1,журнал,casino0409m.casino,casino,2026-09-04,206,33,16.0,1586,0,0,NEW20_12pages_withdate_styled_img
"7 стр, С ДАТАМИ, семейство NEW50_4",журнал,2465.team,team,2026-09-03,206,33,16.0,816,0,0,"7 стр, С ДАТАМИ, семейство NEW50"
content-2026-09-16-7str_20,реестр,bzcasino.team,team,2026-09-17,206,33,16.0,1496,0,0,content-2026-09-16-7str
nabory-591-600_10,реестр,8736.team,team,2026-09-17,206,33,16.0,1270,0,0,nabory-591-600
content-2026-09-14b-7str-oform-2_12,реестр,0291.lol,lol,2026-09-16,206,33,16.0,917,0,0,content-2026-09-14b-7str-oform-2
content-2026-09-14c-7str-oform-2_41,реестр,50casino.team,team,2026-09-15,206,33,16.0,807,0,0,content-2026-09-14c-7str-oform-2
nabory400410_styled_img_9,журнал,274casino.team,team,2026-09-06,206,33,16.0,523,0,0,nabory400410_styled_img
clean7_part1_50оформлено_43,журнал,8928.team,team,2026-09-08,206,33,16.0,491,0,0,clean7_part1_50оформлено
nabory-555-564_styled_img_3,реестр,5653.lol,lol,2026-09-16,206,33,16.0,411,0,0,nabory-555-564_styled_img
NEW20_4_7pages_nodate_3,журнал,k1y.team,team,2026-09-07,206,33,16.0,280,0,0,NEW20_4_7pages_nodate
nabory-581-590_7,реестр,6399.team,team,2026-09-17,206,33,16.0,422,0,0,nabory-581-590
content-2026-09-14b-7str-oform-2_2,реестр,5027.lol,lol,2026-09-17,206,33,16.0,341,0,0,content-2026-09-14b-7str-oform-2
content-2026-09-16-7str_39,реестр,y3z5.team,team,2026-09-17,206,33,16.0,338,0,0,content-2026-09-16-7str
archive37строформленоv2часть1_5,журнал,casinojdj.lol,lol,2026-09-10,206,33,16.0,264,0,0,archive37строформленоv2часть1
NEW20_4_7pages_withdate_3,журнал,jwjcasino.team,team,2026-09-07,206,33,16.0,229,0,0,NEW20_4_7pages_withdate
content-2026-09-14c-7str-oform-2_30,реестр,y6o.lol,lol,2026-09-15,206,33,16.0,236,0,0,content-2026-09-14c-7str-oform-2
content-2026-09-14c-7str-oform-1_32,реестр,2593.lol,lol,2026-09-15,206,33,16.0,245,0,0,content-2026-09-14c-7str-oform-1
nabory-490-494_styled_img_1,журнал,dak.casino,casino,2026-09-12,206,33,16.0,189,0,0,nabory-490-494_styled_img
content-2026-09-14-7str-oform-1_4,реестр,casinorty.lol,lol,2026-09-15,206,33,16.0,197,0,0,content-2026-09-14-7str-oform-1
nabory461463_styled_img_1,журнал,wbji.casino,casino,2026-09-09,182,29,15.9,1074,1,0,nabory461463_styled_img
nabory421425_styled_img_3,журнал,939casino.lol,lol,2026-09-06,205,32,15.6,520,0,0,nabory421425_styled_img
Content_script_12page_08.09_9,журнал,3237.lol,lol,2026-09-08,206,32,15.5,7018,3,0,Content_script_12page_08.09
content-2026-09-15-7str-oform-2_23,реестр,6874.team,team,2026-09-16,206,32,15.5,3639,1,1,content-2026-09-15-7str-oform-2
archive47_unique119оформленочасть1_28,журнал,4236.lol,lol,2026-09-09,206,32,15.5,1402,1,1,archive47_unique119оформленочасть1
archive37строформленоv2часть1_2,журнал,9942.team,team,2026-09-10,206,32,15.5,1388,0,0,archive37строформленоv2часть1
Generator_392396_styled_img_3,журнал,9574.team,team,2026-09-06,206,32,15.5,4728,0,0,Generator_392396_styled_img
content-2026-09-14c-12str-oform_4,реестр,wgcasino.team,team,2026-09-15,206,32,15.5,2382,0,0,content-2026-09-14c-12str-oform
script_yandex_12page_7,журнал,1009g.casino,casino,2026-09-11,206,32,15.5,1101,0,0,script_yandex_12page
Content_script_12page_08.09_7,журнал,5826.lol,lol,2026-09-08,206,32,15.5,1182,0,0,Content_script_12page_08.09
NEW50_3_7pages_nodate_styled_10,журнал,6860.team,team,2026-09-03,206,32,15.5,1173,0,0,NEW50_3_7pages_nodate_styled
content-2026-09-16-7str_29,реестр,opue.team,team,2026-09-17,206,32,15.5,992,0,0,content-2026-09-16-7str
nabory447451_styled_img_1,журнал,07casino.buzz,buzz,2026-09-08,206,32,15.5,763,0,0,nabory447451_styled_img
Generator_392396_styled_img_1,журнал,rwjd.team,team,2026-09-06,206,32,15.5,502,0,0,Generator_392396_styled_img
content-2026-09-14c-7str-oform-1_5,реестр,xwmcasino.team,team,2026-09-16,206,32,15.5,713,0,0,content-2026-09-14c-7str-oform-1
content-2026-09-14c-7str-oform-2_18,реестр,ngxo.team,team,2026-09-15,206,32,15.5,555,0,0,content-2026-09-14c-7str-oform-2
content-2026-09-14-7str-oform-8_26,реестр,casinofgp.lol,lol,2026-09-15,206,32,15.5,544,0,0,content-2026-09-14-7str-oform-8
archive412_unique12оформлено_6,журнал,g3q3.buzz,buzz,2026-09-09,206,32,15.5,481,0,0,archive412_unique12оформлено
имя не восстановлено,—,zyok.lol,lol,2026-09-04,206,32,15.5,489,0,0,
NEW20_12pages_nodate_оформлено_1,журнал,bacasino.lol,lol,2026-09-07,206,32,15.5,308,0,0,NEW20_12pages_nodate_оформлено
content-2026-09-14b-7str-oform-1_40,реестр,5628.team,team,2026-09-17,206,32,15.5,361,0,0,content-2026-09-14b-7str-oform-1
clean7_part1_50оформлено_12,журнал,slkz.team,team,2026-09-11,206,32,15.5,192,0,0,clean7_part1_50оформлено
content-2026-09-14b-7str-oform-1_47,реестр,jnpz.lol,lol,2026-09-17,206,32,15.5,321,0,0,content-2026-09-14b-7str-oform-1
clean7_part1_50оформлено_4,журнал,5609.team,team,2026-09-11,206,32,15.5,247,0,0,clean7_part1_50оформлено
nabory-535-544_styled_img_8,реестр,7888.team,team,2026-09-16,206,32,15.5,264,0,0,nabory-535-544_styled_img
content-2026-09-17b-7str-oform_6,реестр,7213.lol,lol,2026-09-18,206,32,15.5,278,0,0,content-2026-09-17b-7str-oform
tesemochnaya1_1_1,журнал,1818.team,team,2026-09-05,206,32,15.5,221,0,0,tesemochnaya1_1
content-2026-09-16-7str_28,реестр,7817.team,team,2026-09-17,206,32,15.5,141,0,0,content-2026-09-16-7str
nabory-565-580_6,реестр,7574.lol,lol,2026-09-16,206,32,15.5,120,0,0,nabory-565-580
content-2026-09-14b-7str-oform-1_38,реестр,casinozr.lol,lol,2026-09-18,150,23,15.3,535,0,0,content-2026-09-14b-7str-oform-1
content-2026-09-17-7str-oform-2_44,реестр,2669.lol,lol,2026-09-18,150,23,15.3,167,0,0,content-2026-09-17-7str-oform-2
имя не восстановлено,—,casino66.team,team,2026-09-11,205,31,15.1,789,0,0,
NEW20_4_12pages_nodate_2,журнал,939casino.team,team,2026-09-07,206,31,15.0,357,1,1,NEW20_4_12pages_nodate
nabory-555-564_styled_img_2,реестр,5226casino.lol,lol,2026-09-16,206,31,15.0,1526,1,0,nabory-555-564_styled_img
NEW20_4_12pages_nodate_4,журнал,7978.lol,lol,2026-09-07,206,31,15.0,588,1,0,NEW20_4_12pages_nodate
script_yandex_12page_9,журнал,1209r.casino,casino,2026-09-12,206,31,15.0,319,0,0,script_yandex_12page
content-2026-09-15-7str-oform-2_50,реестр,8648.lol,lol,2026-09-16,206,31,15.0,4006,0,0,content-2026-09-15-7str-oform-2
nabory-591-600_8,реестр,3129.team,team,2026-09-17,206,31,15.0,2945,0,0,nabory-591-600
script_yandex_12page_5_4,журнал,9442.team,team,2026-09-11,206,31,15.0,2053,0,0,script_yandex_12page_5
content-2026-09-14c-7str-oform-2_4,реестр,8334.lol,lol,2026-09-15,206,31,15.0,1756,0,0,content-2026-09-14c-7str-oform-2
archive47_unique119оформленочасть1_2,журнал,1009hd.casino,casino,2026-09-10,206,31,15.0,908,0,0,archive47_unique119оформленочасть1
content-2026-09-15-7str-oform-2_49,реестр,37casino.lol,lol,2026-09-16,206,31,15.0,1317,0,0,content-2026-09-15-7str-oform-2
NEW50_3_12pages_nodate_styled_3,журнал,5335.team,team,2026-09-03,206,31,15.0,992,0,0,NEW50_3_12pages_nodate_styled
NEW20_12pages_withdate_оформлено_4,журнал,8908.lol,lol,2026-09-07,206,31,15.0,958,0,0,NEW20_12pages_withdate_оформлено
content-2026-09-15-7str-oform-2_42,реестр,moqcasino.lol,lol,2026-09-16,206,31,15.0,703,0,0,content-2026-09-15-7str-oform-2
content-2026-09-15-7str-oform-2_29,реестр,713casino.team,team,2026-09-16,206,31,15.0,625,0,0,content-2026-09-15-7str-oform-2
NEW50_7pages_withdate_01.09_2,журнал,pbfj.team,team,2026-09-02,206,31,15.0,394,0,0,NEW50_7pages_withdate_01.09
content-2026-09-14-7str-oform-9_36,реестр,3789.team,team,2026-09-15,206,31,15.0,466,0,0,content-2026-09-14-7str-oform-9
content-2026-09-14-12str-oform_13,реестр,lbpy.team,team,2026-09-14,206,31,15.0,297,0,0,content-2026-09-14-12str-oform
bortnichiydvor1_1_1,журнал,1936.team,team,2026-09-06,206,31,15.0,368,0,0,bortnichiydvor1_1
nabory-545-554_styled_img_1,реестр,684casino.lol,lol,2026-09-16,206,31,15.0,345,0,0,nabory-545-554_styled_img
content-2026-09-14c-7str-oform-2_37,реестр,kztt.lol,lol,2026-09-15,206,31,15.0,165,0,0,content-2026-09-14c-7str-oform-2
NEW50_3_7pages_withdate_styled_5,журнал,3349.lol,lol,2026-09-03,206,31,15.0,149,0,0,NEW50_3_7pages_withdate_styled
content-2026-09-17-7str-oform-2_36,реестр,casinoaa.lol,lol,2026-09-18,150,22,14.7,78,0,0,content-2026-09-17-7str-oform-2
имя не восстановлено,—,9124.lol,lol,2026-09-04,206,30,14.6,783,3,0,
clean7_part1_50оформлено_49,журнал,5406.lol,lol,2026-09-08,206,30,14.6,1011,1,0,clean7_part1_50оформлено
archive47_unique119оформленочасть1_6,журнал,a1f9.lol,lol,2026-09-09,206,30,14.6,478,1,0,archive47_unique119оформленочасть1
content-2026-09-12-7str-oform-3_11,журнал,casino122.team,team,2026-09-13,206,30,14.6,3302,1,0,content-2026-09-12-7str-oform-3
archive47_unique119оформленочасть1_39,журнал,psbl.lol,lol,2026-09-09,206,30,14.6,268,0,0,archive47_unique119оформленочасть1
nabory-535-544_styled_img_1,реестр,rdpo.lol,lol,2026-09-16,206,30,14.6,222,1,0,nabory-535-544_styled_img
NEW50_3_12pages_withdate_styled_5,журнал,2018.team,team,2026-09-03,206,30,14.6,2454,0,0,NEW50_3_12pages_withdate_styled
clean7_part1_50оформлено_46,журнал,1556.lol,lol,2026-09-08,206,30,14.6,1372,0,0,clean7_part1_50оформлено
nabory-535-544_styled_img_2,реестр,1734.lol,lol,2026-09-16,206,30,14.6,1057,0,0,nabory-535-544_styled_img
nabory431435_styled_img_1,журнал,3902.team,team,2026-09-07,206,30,14.6,846,0,0,nabory431435_styled_img
NEW50_3_12pages_nodate_styled_9,журнал,7612.lol,lol,2026-09-03,206,30,14.6,708,0,0,NEW50_3_12pages_nodate_styled
NEW20_7pages_nodate_оформлено_3,журнал,fuen.team,team,2026-09-07,206,30,14.6,619,0,0,NEW20_7pages_nodate_оформлено
content-2026-09-12-7str-oform-2_13,журнал,casinoar.team,team,2026-09-12,206,30,14.6,505,0,0,content-2026-09-12-7str-oform-2
NEW20_12pages_nodate_styled_img_4,журнал,0409h.casino,casino,2026-09-04,206,30,14.6,621,0,0,NEW20_12pages_nodate_styled_img
nabory-565-580_3,реестр,casino624.lol,lol,2026-09-16,206,30,14.6,753,0,0,nabory-565-580
"7 стр, С ДАТАМИ, семейство NEW50_2_4",журнал,8730.team,team,2026-09-02,206,30,14.6,570,0,0,"7 стр, С ДАТАМИ, семейство NEW50_2"
NEW20_3_12pages_withdate_styled_img_5,реестр,casino3704.lol,lol,2026-09-06,206,30,14.6,397,0,0,NEW20_3_12pages_withdate_styled_img
Выдача_06.09_12стр_8,журнал,4287.lol,lol,2026-09-07,206,30,14.6,535,0,0,Выдача_06.09_12стр
content-2026-09-16-12str_3,реестр,5347.lol,lol,2026-09-17,206,30,14.6,451,0,0,content-2026-09-16-12str
NEW50_12pages_withdate_01.09_4,журнал,w0w3.casino,casino,2026-09-01,206,30,14.6,425,0,0,NEW50_12pages_withdate_01.09
nabory-565-580_15,реестр,jfgcasino.team,team,2026-09-16,206,30,14.6,407,0,0,nabory-565-580
content-2026-09-15-7str-oform-1_22,реестр,0346.lol,lol,2026-09-17,206,30,14.6,237,0,0,content-2026-09-15-7str-oform-1
NEW20_4_7pages_withdate_5,журнал,lmnp.lol,lol,2026-09-07,206,30,14.6,221,0,0,NEW20_4_7pages_withdate
NEW21_7pages_nodate_styled_img_4,журнал,lcdj.team,team,2026-09-05,206,30,14.6,147,0,0,NEW21_7pages_nodate_styled_img
content-2026-09-14c-7str-oform-1_19,реестр,iqcasino.team,team,2026-09-16,206,30,14.6,192,0,0,content-2026-09-14c-7str-oform-1
NEW20_7pages_withdate_оформлено_1,журнал,8508.team,team,2026-09-07,206,30,14.6,122,0,0,NEW20_7pages_withdate_оформлено
content-2026-09-14-7str-oform-9_28,реестр,7790.team,team,2026-09-15,206,30,14.6,118,0,0,content-2026-09-14-7str-oform-9
content-2026-09-12-7str-oform-1_17,журнал,casinob3.lol,lol,2026-09-12,206,29,14.1,533,2,0,content-2026-09-12-7str-oform-1
archive37строформленоv2часть1_7,журнал,4316.lol,lol,2026-09-10,206,29,14.1,1334,0,0,archive37строформленоv2часть1
имя не восстановлено,—,2853.lol,lol,2026-09-03,206,29,14.1,1327,0,0,
content-2026-09-14b-7str-oform-2_13,реестр,7371.lol,lol,2026-09-16,206,29,14.1,1229,0,0,content-2026-09-14b-7str-oform-2
content-2026-09-14b-7str-oform-2_39,реестр,lwqm.team,team,2026-09-15,206,29,14.1,754,0,0,content-2026-09-14b-7str-oform-2
имя не восстановлено,—,7590.lol,lol,2026-09-02,206,29,14.1,726,0,0,
nabory-565-580_11,реестр,3520.team,team,2026-09-16,206,29,14.1,529,0,0,nabory-565-580
NEW102оформленосдатой_7,журнал,casino1109.casino,casino,2026-09-11,206,29,14.1,449,0,0,NEW102оформленосдатой
NEW50_3_12pages_nodate_styled_5,журнал,4151.lol,lol,2026-09-03,206,29,14.1,412,0,0,NEW50_3_12pages_nodate_styled
archive412_unique12оформлено_9,журнал,gdpu.buzz,buzz,2026-09-09,206,29,14.1,435,0,0,archive412_unique12оформлено
NEW50_3_7pages_withdate_styled_6,журнал,3675.lol,lol,2026-09-03,206,29,14.1,354,0,0,NEW50_3_7pages_withdate_styled
content-2026-09-14-7str-oform-9_32,реестр,zlxm.team,team,2026-09-15,206,29,14.1,393,0,0,content-2026-09-14-7str-oform-9
archive47_unique119оформленочасть2_3,журнал,pdmw.lol,lol,2026-09-09,206,29,14.1,210,0,0,archive47_unique119оформленочасть2
content-2026-09-15-7str-oform-2_32,реестр,3774.team,team,2026-09-16,206,29,14.1,300,0,0,content-2026-09-15-7str-oform-2
NEW20_3_7pages_nodate_styled_img_1,журнал,3211.team,team,2026-09-06,206,29,14.1,236,0,0,NEW20_3_7pages_nodate_styled_img
NEW50_3_7pages_nodate_styled_7,журнал,5580.lol,lol,2026-09-03,206,29,14.1,213,0,0,NEW50_3_7pages_nodate_styled
имя не восстановлено,—,qmpl.lol,lol,2026-09-03,206,29,14.1,206,0,0,
content-2026-09-14b-7str-oform-2_38,реестр,566casino.team,team,2026-09-15,206,29,14.1,161,0,0,content-2026-09-14b-7str-oform-2
content-2026-09-15-7str-oform-2_41,реестр,9825.lol,lol,2026-09-16,206,29,14.1,190,0,0,content-2026-09-15-7str-oform-2
content-2026-09-14b-7str-oform-2_27,реестр,4954.team,team,2026-09-15,206,29,14.1,109,0,0,content-2026-09-14b-7str-oform-2
content-2026-09-17-7str-oform-2_10,реестр,casinoun.lol,lol,2026-09-18,150,21,14.0,366,0,0,content-2026-09-17-7str-oform-2
content-2026-09-17b-7str-oform_11,реестр,tbvi.lol,lol,2026-09-18,150,21,14.0,73,0,0,content-2026-09-17b-7str-oform
clean7_part1_50оформлено_31,журнал,1025.team,team,2026-09-11,206,28,13.6,309,2,0,clean7_part1_50оформлено
имя не восстановлено,—,6418.team,team,2026-09-03,206,28,13.6,283,1,1,
NEW50_3_7pages_nodate_styled_6,журнал,2853.team,team,2026-09-03,206,28,13.6,379,1,0,NEW50_3_7pages_nodate_styled
"12 стр, С ДАТАМИ, семейство NEW50_2_16",журнал,2801.team,team,2026-09-02,206,28,13.6,1557,0,0,"12 стр, С ДАТАМИ, семейство NEW50_2"
content-2026-09-14-12str-oform_1,реестр,0783.lol,lol,2026-09-14,206,28,13.6,669,0,0,content-2026-09-14-12str-oform
nabory436440_styled_img_4,журнал,0311.team,team,2026-09-07,206,28,13.6,589,0,0,nabory436440_styled_img
content-2026-09-14c-7str-oform-1_37,реестр,1523.lol,lol,2026-09-15,206,28,13.6,614,0,0,content-2026-09-14c-7str-oform-1
archive47_unique119оформленочасть1_27,журнал,5067.lol,lol,2026-09-09,206,28,13.6,528,0,0,archive47_unique119оформленочасть1
nabory-545-554_styled_img_4,реестр,w9i2.lol,lol,2026-09-16,206,28,13.6,803,0,0,nabory-545-554_styled_img
content-2026-09-14-7str-oform-9_34,реестр,o3d.team,team,2026-09-15,206,28,13.6,714,0,0,content-2026-09-14-7str-oform-9
"12 стр, С ДАТАМИ, семейство NEW50_2_17",журнал,5230.team,team,2026-09-02,206,28,13.6,451,0,0,"12 стр, С ДАТАМИ, семейство NEW50_2"
NEW102оформленосдатой_6,журнал,1109h.casino,casino,2026-09-11,206,28,13.6,394,0,0,NEW102оформленосдатой
content-2026-09-16-7str_14,реестр,5255.lol,lol,2026-09-17,206,28,13.6,579,0,0,content-2026-09-16-7str
content-2026-09-15-7str-oform-2_5,реестр,0318.team,team,2026-09-16,206,28,13.6,406,0,0,content-2026-09-15-7str-oform-2
content-2026-09-14c-7str-oform-2_11,реестр,sclw.lol,lol,2026-09-15,206,28,13.6,419,0,0,content-2026-09-14c-7str-oform-2
content-2026-09-14-7str-oform-1_19,реестр,casino00.team,team,2026-09-15,206,28,13.6,404,0,0,content-2026-09-14-7str-oform-1
NEW102оформленосдатой_5,журнал,1009casino.casino,casino,2026-09-10,206,28,13.6,271,0,0,NEW102оформленосдатой
content-2026-09-14c-7str-oform-2_5,реестр,6834.lol,lol,2026-09-15,206,28,13.6,316,0,0,content-2026-09-14c-7str-oform-2
content-2026-09-15-7str-oform-2_26,реестр,2063.team,team,2026-09-16,206,28,13.6,340,0,0,content-2026-09-15-7str-oform-2
content-2026-09-14b-7str-oform-2_42,реестр,3081.team,team,2026-09-15,206,28,13.6,255,0,0,content-2026-09-14b-7str-oform-2
content-2026-09-14-7str-oform-8_50,реестр,76casino.team,team,2026-09-14,206,28,13.6,152,0,0,content-2026-09-14-7str-oform-8
NEW50_3_12pages_withdate_styled_13,журнал,7662.team,team,2026-09-03,206,28,13.6,172,0,0,NEW50_3_12pages_withdate_styled
NEW50_3_12pages_nodate_styled_1,журнал,z2u7.team,team,2026-09-03,206,28,13.6,146,0,0,NEW50_3_12pages_nodate_styled
archive37строформленоv2часть1_3,журнал,xlod.team,team,2026-09-10,206,28,13.6,145,0,0,archive37строформленоv2часть1
content-2026-09-14-7str-oform-8_43,реестр,f8t4.team,team,2026-09-14,206,28,13.6,79,0,0,content-2026-09-14-7str-oform-8
content-2026-09-14c-7str-oform-2_32,реестр,0343.lol,lol,2026-09-15,206,28,13.6,98,0,0,content-2026-09-14c-7str-oform-2
content-2026-09-14-7str-oform-8_44,реестр,5652.team,team,2026-09-14,206,28,13.6,90,0,0,content-2026-09-14-7str-oform-8
Content_script_12page_08.09_3,журнал,bacasino.team,team,2026-09-08,206,27,13.1,1338,1,0,Content_script_12page_08.09
имя не восстановлено,—,qbkn.team,team,2026-09-04,206,27,13.1,305,1,0,
content-2026-09-12-7str-oform-2_26,журнал,t8s4.lol,lol,2026-09-12,206,27,13.1,181,1,0,content-2026-09-12-7str-oform-2
nabory470472_styled_img_2,журнал,d6t5.team,team,2026-09-10,206,27,13.1,85,1,0,nabory470472_styled_img
NEW21_7pages_withdate_styled_img_5,журнал,0509dd.casino,casino,2026-09-05,206,27,13.1,2040,0,0,NEW21_7pages_withdate_styled_img
nabory431435_styled_img_2,журнал,3869.lol,lol,2026-09-07,206,27,13.1,1631,0,0,nabory431435_styled_img
content-2026-09-14-7str-oform-8_35,реестр,oxin.lol,lol,2026-09-15,206,27,13.1,1006,0,0,content-2026-09-14-7str-oform-8
content-2026-09-12-7str-oform-2_28,журнал,zgin.team,team,2026-09-12,206,27,13.1,603,0,0,content-2026-09-12-7str-oform-2
archive47_unique119оформленочасть1_10,журнал,4558.lol,lol,2026-09-09,206,27,13.1,602,0,0,archive47_unique119оформленочасть1
имя не восстановлено,—,casinozfa.lol,lol,2026-09-04,206,27,13.1,513,0,0,
content-2026-09-16-12str_4,реестр,5772.team,team,2026-09-17,206,27,13.1,461,0,0,content-2026-09-16-12str
content-2026-09-14c-7str-oform-2_40,реестр,4110.team,team,2026-09-15,206,27,13.1,379,0,0,content-2026-09-14c-7str-oform-2
content-2026-09-12-7str-oform-1_35,журнал,yxuk.team,team,2026-09-12,206,27,13.1,281,0,0,content-2026-09-12-7str-oform-1
NEW21_7pages_withdate_styled_img_3,журнал,0509g.casino,casino,2026-09-05,206,27,13.1,389,0,0,NEW21_7pages_withdate_styled_img
NEW102оформленобездаты_22,журнал,casino1535.lol,lol,2026-09-11,206,27,13.1,313,0,0,NEW102оформленобездаты
Партия A_8,журнал,n7k.team,team,2026-09-04,206,27,13.1,306,0,0,Партия A
nabory-601-610_7,реестр,0079.lol,lol,2026-09-17,206,27,13.1,361,0,0,nabory-601-610
nabory-545-554_styled_img_9,реестр,s7w.lol,lol,2026-09-16,206,27,13.1,321,0,0,nabory-545-554_styled_img
content-2026-09-15-7str-oform-2_10,реестр,wxvb.team,team,2026-09-16,206,27,13.1,323,0,0,content-2026-09-15-7str-oform-2
NEW21_7pages_nodate_styled_img_1,журнал,qlcasino.team,team,2026-09-05,206,27,13.1,328,0,0,NEW21_7pages_nodate_styled_img
nabory400410_styled_img_7,журнал,1812.lol,lol,2026-09-06,206,27,13.1,318,0,0,nabory400410_styled_img
content-2026-09-15-7str-oform-2_28,реестр,8095.team,team,2026-09-16,206,27,13.1,277,0,0,content-2026-09-15-7str-oform-2
nabory-611-620_8,реестр,casinole.lol,lol,2026-09-17,206,27,13.1,294,0,0,nabory-611-620
content-2026-09-12-7str-oform-3_37,журнал,5831.lol,lol,2026-09-13,206,27,13.1,230,0,0,content-2026-09-12-7str-oform-3
Партия B_1,журнал,dpcasino.team,team,2026-09-04,206,27,13.1,216,0,0,Партия B
nabory-555-564_styled_img_5,реестр,0332casino.team,team,2026-09-16,206,27,13.1,238,0,0,nabory-555-564_styled_img
Generator_346353_styled_img_5,журнал,oznv.team,team,2026-09-04,206,27,13.1,184,0,0,Generator_346353_styled_img
content-2026-09-14b-7str-oform-2_23,реестр,2404.lol,lol,2026-09-15,206,27,13.1,177,0,0,content-2026-09-14b-7str-oform-2
NEW102оформленобездаты_36,журнал,1009r.casino,casino,2026-09-10,206,27,13.1,181,0,0,NEW102оформленобездаты
Generator_346353_styled_img_1,журнал,decasino.team,team,2026-09-04,206,26,12.6,488,2,0,Generator_346353_styled_img
NEW20_4_7pages_withdate_2,журнал,9480.team,team,2026-09-07,206,26,12.6,181,1,1,NEW20_4_7pages_withdate
nabory-515-524_styled_img_5,реестр,casinos9.team,team,2026-09-15,206,26,12.6,628,0,0,nabory-515-524_styled_img
NEW102оформленобездаты_41,журнал,1109g.casino,casino,2026-09-11,206,26,12.6,1385,0,0,NEW102оформленобездаты
nabory-565-580_14,реестр,casino862.lol,lol,2026-09-16,206,26,12.6,1463,0,0,nabory-565-580
content-2026-09-16-7str_4,реестр,6100.lol,lol,2026-09-17,206,26,12.6,1428,0,0,content-2026-09-16-7str
NEW102оформленосдатой_2,журнал,bwzs.casino,casino,2026-09-11,206,26,12.6,598,0,0,NEW102оформленосдатой
content-2026-09-15-7str-oform-2_8,реестр,k6r.team,team,2026-09-16,206,26,12.6,364,0,0,content-2026-09-15-7str-oform-2
archive37строформленоv2часть2_16,журнал,xvcasino.buzz,buzz,2026-09-08,206,26,12.6,434,0,0,archive37строформленоv2часть2
Generator_368369_styled_img_1,журнал,9124.team,team,2026-09-04,206,26,12.6,427,0,0,Generator_368369_styled_img
NEW20_4_12pages_nodate_3,журнал,411casino.team,team,2026-09-07,206,26,12.6,396,0,0,NEW20_4_12pages_nodate
content-2026-09-15-7str-oform-2_37,реестр,499casino.team,team,2026-09-16,206,26,12.6,377,0,0,content-2026-09-15-7str-oform-2
nabory-591-600_5,реестр,8391.team,team,2026-09-17,206,26,12.6,370,0,0,nabory-591-600
struktura8x7_5,журнал,casinodxp.team,team,2026-09-06,206,26,12.6,306,0,0,struktura8x7
"7 стр, БЕЗ ДАТ, семейство NEW50_10",журнал,3654.team,team,2026-09-03,206,26,12.6,261,0,0,"7 стр, БЕЗ ДАТ, семейство NEW50"
content-2026-09-14-7str-oform-9_2,реестр,fjuw.lol,lol,2026-09-15,206,26,12.6,227,0,0,content-2026-09-14-7str-oform-9
content-2026-09-15-7str-oform-1_38,реестр,8763.lol,lol,2026-09-17,206,26,12.6,229,0,0,content-2026-09-15-7str-oform-1
nabory-545-554_styled_img_3,реестр,1543.lol,lol,2026-09-16,206,26,12.6,220,0,0,nabory-545-554_styled_img
content-2026-09-16-7str_32,реестр,lvcasino.lol,lol,2026-09-17,206,26,12.6,205,0,0,content-2026-09-16-7str
content-2026-09-14c-7str-oform-1_2,реестр,casino72.team,team,2026-09-16,206,26,12.6,180,0,0,content-2026-09-14c-7str-oform-1
content-2026-09-14-12str-oform_10,реестр,ykvm.team,team,2026-09-14,206,26,12.6,149,0,0,content-2026-09-14-12str-oform
content-2026-09-16-7str_42,реестр,yciu.lol,lol,2026-09-17,206,26,12.6,165,0,0,content-2026-09-16-7str
clean7_part1_50оформлено_37,журнал,casinowm.lol,lol,2026-09-11,206,26,12.6,113,0,0,clean7_part1_50оформлено
archive47_unique119оформленочасть1_7,журнал,qpbcasino.lol,lol,2026-09-09,206,26,12.6,102,0,0,archive47_unique119оформленочасть1
nabory-611-620_9,реестр,7316.team,team,2026-09-17,206,26,12.6,130,0,0,nabory-611-620
content-2026-09-14-7str-oform-1_3,реестр,9131.lol,lol,2026-09-15,206,26,12.6,75,0,0,content-2026-09-14-7str-oform-1
content-2026-09-15-12str-oform_1,реестр,m3o.team,team,2026-09-17,206,26,12.6,100,0,0,content-2026-09-15-12str-oform
NEW102оформленобездаты_25,журнал,y0v.team,team,2026-09-12,206,25,12.1,1463,1,1,NEW102оформленобездаты
trikomplektaB_3,журнал,5298.team,team,2026-09-05,206,25,12.1,113,0,0,trikomplektaB
NEW20_4_12pages_withdate_1,журнал,9413.lol,lol,2026-09-07,206,25,12.1,517,1,0,NEW20_4_12pages_withdate
clean7_part1_50оформлено_2,журнал,9799.team,team,2026-09-11,206,25,12.1,975,1,0,clean7_part1_50оформлено
script_yandex_12page_5_3,журнал,5512.team,team,2026-09-11,206,25,12.1,96,1,0,script_yandex_12page_5
Content_script_12page_08.09_11,журнал,2726.lol,lol,2026-09-08,206,25,12.1,2602,0,0,Content_script_12page_08.09
"7 стр, БЕЗ ДАТ, семейство NEW50_12",журнал,8640.team,team,2026-09-03,206,25,12.1,1185,0,0,"7 стр, БЕЗ ДАТ, семейство NEW50"
archive37строформленоv2часть2_18,журнал,casino86.buzz,buzz,2026-09-08,206,25,12.1,824,0,0,archive37строформленоv2часть2
nabory-565-580_2,реестр,5751.lol,lol,2026-09-16,206,25,12.1,873,0,0,nabory-565-580
troykaC_3,журнал,7978.team,team,2026-09-06,206,25,12.1,667,0,0,troykaC
content-2026-09-15-7str-oform-1_40,реестр,casinosw.team,team,2026-09-17,206,25,12.1,747,0,0,content-2026-09-15-7str-oform-1
NEW102оформленобездаты_20,журнал,casino351.team,team,2026-09-11,206,25,12.1,350,0,0,NEW102оформленобездаты
content-2026-09-14b-7str-oform-2_15,реестр,casinob4.team,team,2026-09-16,206,25,12.1,548,0,0,content-2026-09-14b-7str-oform-2
content-2026-09-15-7str-oform-1_11,реестр,1018.lol,lol,2026-09-17,206,25,12.1,561,0,0,content-2026-09-15-7str-oform-1
NEW21_12pages_nodate_styled_img_5,журнал,0509t.casino,casino,2026-09-05,206,25,12.1,317,0,0,NEW21_12pages_nodate_styled_img
"7 стр, БЕЗ ДАТ, семейство NEW50_5",журнал,9012.team,team,2026-09-02,206,25,12.1,243,0,0,"7 стр, БЕЗ ДАТ, семейство NEW50"
NEW50_3_7pages_withdate_styled_10,журнал,z2u7.lol,lol,2026-09-03,206,25,12.1,325,0,0,NEW50_3_7pages_withdate_styled
content-2026-09-14b-7str-oform-1_42,реестр,casinoni.lol,lol,2026-09-17,206,25,12.1,487,0,0,content-2026-09-14b-7str-oform-1
"12 стр, С ДАТАМИ, семейство NEW50_1",журнал,kzgq.team,team,2026-09-03,206,25,12.1,336,0,0,"12 стр, С ДАТАМИ, семейство NEW50"
Выдача_06.09_12стр_4,журнал,8061.lol,lol,2026-09-07,206,25,12.1,418,0,0,Выдача_06.09_12стр
archive47_unique119оформленочасть1_9,журнал,h3f0.lol,lol,2026-09-09,206,25,12.1,329,0,0,archive47_unique119оформленочасть1
NEW21_12pages_nodate_styled_img_2,журнал,0509mg.casino,casino,2026-09-05,206,25,12.1,317,0,0,NEW21_12pages_nodate_styled_img
NEW20_12pages_withdate_оформлено_2,журнал,casinohjk.lol,lol,2026-09-07,206,25,12.1,295,0,0,NEW20_12pages_withdate_оформлено
clean7_part1_50оформлено_11,журнал,j4l8.team,team,2026-09-11,206,25,12.1,300,0,0,clean7_part1_50оформлено
content-2026-09-15-7str-oform-2_21,реестр,gvgcasino.team,team,2026-09-16,206,25,12.1,339,0,0,content-2026-09-15-7str-oform-2
Партия A_1,журнал,c2u3.lol,lol,2026-09-04,206,25,12.1,308,0,0,Партия A
archive37строформленоv2часть2_9,журнал,casino61.lol,lol,2026-09-08,206,25,12.1,219,0,0,archive37строформленоv2часть2
content-2026-09-14c-7str-oform-2_39,реестр,3343.lol,lol,2026-09-15,206,25,12.1,235,0,0,content-2026-09-14c-7str-oform-2
nabory481483_styled_img_dark_3,журнал,1938.team,team,2026-09-11,206,25,12.1,183,0,0,nabory481483_styled_img_dark
NEW50_3_7pages_withdate_styled_4,журнал,3191.lol,lol,2026-09-03,206,25,12.1,155,0,0,NEW50_3_7pages_withdate_styled
content-2026-09-14b-7str-oform-2_34,реестр,k3b5.team,team,2026-09-15,206,25,12.1,113,0,0,content-2026-09-14b-7str-oform-2
content-2026-09-14-7str-oform-8_42,реестр,casino160.lol,lol,2026-09-14,206,25,12.1,98,0,0,content-2026-09-14-7str-oform-8
nabory-611-620_6,реестр,1186.lol,lol,2026-09-17,206,25,12.1,138,0,0,nabory-611-620
имя не восстановлено,—,5472.lol,lol,2026-09-03,206,25,12.1,113,0,0,
NEW20_7pages_nodate_styled_img_1,журнал,pjxu.team,team,2026-09-04,206,25,12.1,95,0,0,NEW20_7pages_nodate_styled_img
content-2026-09-14-7str-oform-8_46,реестр,casinojq.team,team,2026-09-14,206,25,12.1,81,0,0,content-2026-09-14-7str-oform-8
content-2026-09-17-7str-oform-2_41,реестр,casinoxn.lol,lol,2026-09-18,150,18,12.0,91,0,0,content-2026-09-17-7str-oform-2
content-2026-09-17-7str-oform-2_9,реестр,3523.lol,lol,2026-09-18,150,18,12.0,49,0,0,content-2026-09-17-7str-oform-2
archive47_unique119оформленочасть1_40,журнал,casino5615.lol,lol,2026-09-09,206,24,11.7,728,1,1,archive47_unique119оформленочасть1
nabory-601-610_2,реестр,3087.team,team,2026-09-17,206,24,11.7,806,1,1,nabory-601-610
nabory-555-564_styled_img_7,реестр,7907.team,team,2026-09-16,206,24,11.7,132,1,0,nabory-555-564_styled_img
content-2026-09-15-7str-oform-2_6,реестр,669casino.lol,lol,2026-09-16,206,24,11.7,2762,0,0,content-2026-09-15-7str-oform-2
NEW102оформленобездаты_4,журнал,1109tt.casino,casino,2026-09-11,206,24,11.7,882,0,0,NEW102оформленобездаты
archive37строформленоv2часть2_5,журнал,casino61.buzz,buzz,2026-09-08,206,24,11.7,352,0,0,archive37строформленоv2часть2
NEW102оформленобездаты_13,журнал,c8j9.casino,casino,2026-09-12,206,24,11.7,1075,0,0,NEW102оформленобездаты
clean7_part1_50оформлено_29,журнал,casinog1.team,team,2026-09-11,206,24,11.7,488,0,0,clean7_part1_50оформлено
content-2026-09-14c-7str-oform-1_30,реестр,casino9923.team,team,2026-09-16,206,24,11.7,664,0,0,content-2026-09-14c-7str-oform-1
NEW20_4_12pages_withdate_2,журнал,5153.lol,lol,2026-09-07,206,24,11.7,563,0,0,NEW20_4_12pages_withdate
content-2026-09-12-7str-oform-1_11,журнал,wssi.team,team,2026-09-12,206,24,11.7,203,0,0,content-2026-09-12-7str-oform-1
nabory-545-554_styled_img_10,реестр,casinov6.lol,lol,2026-09-16,94,11,11.7,388,0,0,nabory-545-554_styled_img
content-2026-09-15-7str-oform-1_46,реестр,ujvcasino.team,team,2026-09-17,206,24,11.7,368,0,0,content-2026-09-15-7str-oform-1
content-2026-09-14b-7str-oform-2_46,реестр,xxhcasino.team,team,2026-09-15,206,24,11.7,307,0,0,content-2026-09-14b-7str-oform-2
content-2026-09-16-7str_34,реестр,5863.team,team,2026-09-17,206,24,11.7,305,0,0,content-2026-09-16-7str
имя не восстановлено,—,r4p4.team,team,2026-09-11,206,24,11.7,206,0,0,
content-2026-09-15-7str-oform-1_30,реестр,zkmt.lol,lol,2026-09-17,206,24,11.7,240,0,0,content-2026-09-15-7str-oform-1
NEW20_12pages_nodate_оформлено_6,журнал,casino8509.lol,lol,2026-09-07,206,24,11.7,222,0,0,NEW20_12pages_nodate_оформлено
content-2026-09-15-7str-oform-1_32,реестр,casino4761.team,team,2026-09-17,205,24,11.7,202,0,0,content-2026-09-15-7str-oform-1
content-2026-09-14-7str-oform-9_26,реестр,casino63.team,team,2026-09-15,206,24,11.7,126,0,0,content-2026-09-14-7str-oform-9
nabory-591-600_1,реестр,0196.team,team,2026-09-17,206,24,11.7,135,0,0,nabory-591-600
content-2026-09-14-12str-oform_7,реестр,8995.team,team,2026-09-14,206,24,11.7,80,0,0,content-2026-09-14-12str-oform
content-2026-09-15-7str-oform-2_19,реестр,y6u3.lol,lol,2026-09-16,206,24,11.7,69,0,0,content-2026-09-15-7str-oform-2
content-2026-09-17-7str-oform-2_43,реестр,6806.lol,lol,2026-09-18,150,17,11.3,1344,0,0,content-2026-09-17-7str-oform-2
content-2026-09-16-7str_8,реестр,hlfa.lol,lol,2026-09-18,150,17,11.3,439,0,0,content-2026-09-16-7str
content-2026-09-17-7str-oform-2_17,реестр,dbcasino.lol,lol,2026-09-18,150,17,11.3,124,0,0,content-2026-09-17-7str-oform-2
content-2026-09-14b-7str-oform-2_37,реестр,2837.team,team,2026-09-15,206,23,11.2,583,1,1,content-2026-09-14b-7str-oform-2
archive37строформленоv2часть1_11,журнал,jgcasino.team,team,2026-09-11,206,23,11.2,333,1,1,archive37строформленоv2часть1
nabory-601-610_4,реестр,514casino.team,team,2026-09-17,206,23,11.2,1971,1,0,nabory-601-610
NEW20_7pages_withdate_оформлено_5,журнал,261casino.lol,lol,2026-09-07,206,23,11.2,163,1,0,NEW20_7pages_withdate_оформлено
struktura8x7_6,журнал,q7g3.team,team,2026-09-06,206,23,11.2,2175,0,0,struktura8x7
NEW102оформленобездаты_42,журнал,1109ss.casino,casino,2026-09-11,206,23,11.2,1141,0,0,NEW102оформленобездаты
nabory-555-564_styled_img_1,реестр,casinoaun.lol,lol,2026-09-16,206,23,11.2,1044,0,0,nabory-555-564_styled_img
archive47_unique119оформленочасть1_1,журнал,1009t.casino,casino,2026-09-10,206,23,11.2,616,0,0,archive47_unique119оформленочасть1
archive37строформленоv2часть2_10,журнал,16casino.lol,lol,2026-09-08,206,23,11.2,856,0,0,archive37строформленоv2часть2
content-2026-09-12-7str-oform-3_24,журнал,cxqj.team,team,2026-09-13,206,23,11.2,800,0,0,content-2026-09-12-7str-oform-3
content-2026-09-15-7str-oform-2_15,реестр,ccrcasino.lol,lol,2026-09-16,206,23,11.2,648,0,0,content-2026-09-15-7str-oform-2
archive37строформленоv2часть3_12,журнал,1500.lol,lol,2026-09-08,206,23,11.2,350,0,0,archive37строформленоv2часть3
content-2026-09-15-7str-oform-1_2,реестр,6691.lol,lol,2026-09-17,206,23,11.2,595,0,0,content-2026-09-15-7str-oform-1
NEW102оформленобездаты_29,журнал,sdyv.team,team,2026-09-12,206,23,11.2,569,0,0,NEW102оформленобездаты
clean7_part1_50оформлено_45,журнал,3902.lol,lol,2026-09-08,206,23,11.2,582,0,0,clean7_part1_50оформлено
content-2026-09-14b-7str-oform-1_44,реестр,yjim.team,team,2026-09-17,206,23,11.2,600,0,0,content-2026-09-14b-7str-oform-1
script_yandex_12page_6,журнал,cgxs.casino,casino,2026-09-11,206,23,11.2,336,0,0,script_yandex_12page
content-2026-09-15-7str-oform-2_3,реестр,3472.team,team,2026-09-16,206,23,11.2,438,0,0,content-2026-09-15-7str-oform-2
NEW50_3_12pages_nodate_styled_10,журнал,7925.lol,lol,2026-09-03,206,23,11.2,461,0,0,NEW50_3_12pages_nodate_styled
"7 стр, БЕЗ ДАТ, семейство NEW50_3",журнал,4502.team,team,2026-09-02,206,23,11.2,245,0,0,"7 стр, БЕЗ ДАТ, семейство NEW50"
nabory-581-590_8,реестр,bepcasino.team,team,2026-09-17,206,23,11.2,441,0,0,nabory-581-590
content-2026-09-15-7str-oform-2_45,реестр,2473.lol,lol,2026-09-16,206,23,11.2,365,0,0,content-2026-09-15-7str-oform-2
archive37строформленоv2часть1_8,журнал,casinoebt.team,team,2026-09-10,206,23,11.2,397,0,0,archive37строформленоv2часть1
NEW20_12pages_nodate_оформлено_4,журнал,kvbcasino.lol,lol,2026-09-07,206,23,11.2,138,0,0,NEW20_12pages_nodate_оформлено
content-2026-09-14b-7str-oform-1_31,реестр,casinofg.team,team,2026-09-17,206,23,11.2,388,0,0,content-2026-09-14b-7str-oform-1
NEW102оформленобездаты_39,журнал,1009ds.casino,casino,2026-09-10,206,23,11.2,284,0,0,NEW102оформленобездаты
nabory436440_styled_img_2,журнал,5406.team,team,2026-09-07,206,23,11.2,238,0,0,nabory436440_styled_img
content-2026-09-14-7str-oform-8_37,реестр,6390.lol,lol,2026-09-14,206,23,11.2,153,0,0,content-2026-09-14-7str-oform-8
NEW102оформленобездаты_14,журнал,casinoozz.lol,lol,2026-09-11,206,23,11.2,259,0,0,NEW102оформленобездаты
nabory-601-610_9,реестр,5228.lol,lol,2026-09-17,206,23,11.2,309,0,0,nabory-601-610
content-2026-09-15-7str-oform-1_20,реестр,s8e.lol,lol,2026-09-17,206,23,11.2,190,0,0,content-2026-09-15-7str-oform-1
NEW20_7pages_withdate_styled_img_1,журнал,casino0509g.casino,casino,2026-09-04,206,23,11.2,155,0,0,NEW20_7pages_withdate_styled_img
content-2026-09-15-7str-oform-2_9,реестр,casinoc8.team,team,2026-09-16,206,23,11.2,165,0,0,content-2026-09-15-7str-oform-2
имя не восстановлено,—,izlx.lol,lol,2026-09-03,206,23,11.2,136,0,0,
NEW50_3_7pages_nodate_styled_2,журнал,7874.team,team,2026-09-03,206,23,11.2,103,0,0,NEW50_3_7pages_nodate_styled
NEW50_7pages_withdate_01.09_5,журнал,q7a.lol,lol,2026-09-02,206,23,11.2,114,0,0,NEW50_7pages_withdate_01.09
archive47_unique119оформленочасть2_18,журнал,jbrh.casino,casino,2026-09-09,206,22,10.7,673,0,0,archive47_unique119оформленочасть2
content-2026-09-14-12str-oform_9,реестр,4982.team,team,2026-09-14,206,22,10.7,151,1,0,content-2026-09-14-12str-oform
content-2026-09-14b-7str-oform-2_48,реестр,6715.team,team,2026-09-15,206,22,10.7,62,1,0,content-2026-09-14b-7str-oform-2
content-2026-09-14b-7str-oform-2_26,реестр,7497.team,team,2026-09-15,206,22,10.7,2695,0,0,content-2026-09-14b-7str-oform-2
NEW102оформленосдатой_15,журнал,0572.team,team,2026-09-10,206,22,10.7,1835,0,0,NEW102оформленосдатой
NEW102оформленобездаты_40,журнал,casino1009.casino,casino,2026-09-11,206,22,10.7,1032,0,0,NEW102оформленобездаты
archive37строформленоv2часть1_14,журнал,casinoubf.buzz,buzz,2026-09-08,206,22,10.7,843,0,0,archive37строформленоv2часть1
nabory431435_styled_img_3,журнал,9421.team,team,2026-09-07,206,22,10.7,1083,0,0,nabory431435_styled_img
NEW20_4_7pages_withdate_1,журнал,6027.lol,lol,2026-09-07,206,22,10.7,464,0,0,NEW20_4_7pages_withdate
clean7_part1_50оформлено_13,журнал,5648.lol,lol,2026-09-11,206,22,10.7,478,0,0,clean7_part1_50оформлено
clean7_part1_50оформлено_33,журнал,e4h1.casino,casino,2026-09-11,206,22,10.7,637,0,0,clean7_part1_50оформлено
NEW102оформленосдатой_12,журнал,3745.team,team,2026-09-11,206,22,10.7,554,0,0,NEW102оформленосдатой
content-2026-09-12-7str-oform-1_21,журнал,0328.team,team,2026-09-12,206,22,10.7,363,0,0,content-2026-09-12-7str-oform-1
Выдача_06.09_12стр_6,журнал,4313.team,team,2026-09-07,206,22,10.7,452,0,0,Выдача_06.09_12стр
nabory-581-590_10,реестр,4421.lol,lol,2026-09-17,150,16,10.7,600,0,0,nabory-581-590
nabory436440_styled_img_5,журнал,casinomw.team,team,2026-09-07,206,22,10.7,522,0,0,nabory436440_styled_img
NEW50_3_7pages_nodate_styled_12,журнал,2760.team,team,2026-09-03,206,22,10.7,415,0,0,NEW50_3_7pages_nodate_styled
content-2026-09-14c-7str-oform-2_26,реестр,dkwq.team,team,2026-09-15,206,22,10.7,335,0,0,content-2026-09-14c-7str-oform-2
content-2026-09-12-7str-oform-1_25,журнал,0417.team,team,2026-09-12,206,22,10.7,308,0,0,content-2026-09-12-7str-oform-1
Generator_385390_styled_img_1,журнал,casinoj1.team,team,2026-09-05,206,22,10.7,252,0,0,Generator_385390_styled_img
NEW20_7pages_withdate_оформлено_3,журнал,4321.team,team,2026-09-07,206,22,10.7,332,0,0,NEW20_7pages_withdate_оформлено
content-2026-09-15-7str-oform-2_36,реестр,8625.team,team,2026-09-16,206,22,10.7,274,0,0,content-2026-09-15-7str-oform-2
content-2026-09-12-7str-oform-1_2,журнал,1209ss.casino,casino,2026-09-12,206,22,10.7,143,0,0,content-2026-09-12-7str-oform-1
NEW102оформленобездаты_8,журнал,dckd.casino,casino,2026-09-11,206,22,10.7,171,0,0,NEW102оформленобездаты
archive47_unique119оформленочасть1_29,журнал,casino6809.lol,lol,2026-09-09,206,22,10.7,180,0,0,archive47_unique119оформленочасть1
nabory-525-534_styled_img_2,реестр,3318.team,team,2026-09-15,206,22,10.7,101,0,0,nabory-525-534_styled_img
nabory-581-590_4,реестр,3533.team,team,2026-09-16,206,22,10.7,124,0,0,nabory-581-590
content-2026-09-14b-7str-oform-2_14,реестр,d4n.lol,lol,2026-09-16,206,22,10.7,69,0,0,content-2026-09-14b-7str-oform-2
content-2026-09-16-7str_18,реестр,9747.team,team,2026-09-17,206,22,10.7,67,0,0,content-2026-09-16-7str
archive37строформленоv2часть3_1,журнал,8739.lol,lol,2026-09-10,206,21,10.2,1304,1,0,archive37строформленоv2часть3
content-2026-09-12-7str-oform-1_9,журнал,brlu.team,team,2026-09-12,206,21,10.2,348,1,0,content-2026-09-12-7str-oform-1
archive47_unique119оформленочасть2_2,журнал,6480.lol,lol,2026-09-09,206,21,10.2,208,1,0,archive47_unique119оформленочасть2
"7 стр, С ДАТАМИ, семейство NEW50_3",журнал,0040.team,team,2026-09-03,206,21,10.2,1973,0,0,"7 стр, С ДАТАМИ, семейство NEW50"
nabory-515-524_styled_img_2,реестр,casinozzx.team,team,2026-09-15,206,21,10.2,903,0,0,nabory-515-524_styled_img
content-2026-09-14b-7str-oform-1_39,реестр,8077.team,team,2026-09-17,206,21,10.2,769,0,0,content-2026-09-14b-7str-oform-1
content-2026-09-14c-7str-oform-2_21,реестр,8414.team,team,2026-09-15,206,21,10.2,503,0,0,content-2026-09-14c-7str-oform-2
имя не восстановлено,—,kzgq.lol,lol,2026-09-03,206,21,10.2,392,0,0,
clean7_part1_50оформлено_5,журнал,2930.team,team,2026-09-11,206,21,10.2,547,0,0,clean7_part1_50оформлено
имя не восстановлено,—,casinonck.lol,lol,2026-09-04,206,21,10.2,384,0,0,
content-2026-09-16-7str_38,реестр,nztj.team,team,2026-09-17,206,21,10.2,356,0,0,content-2026-09-16-7str
NEW50_3_12pages_withdate_styled_12,журнал,4854.lol,lol,2026-09-03,206,21,10.2,282,0,0,NEW50_3_12pages_withdate_styled
content-2026-09-12-7str-oform-3_25,журнал,casinolg.team,team,2026-09-13,206,21,10.2,282,0,0,content-2026-09-12-7str-oform-3
content-2026-09-15-7str-oform-1_3,реестр,casinomol.lol,lol,2026-09-17,206,21,10.2,276,0,0,content-2026-09-15-7str-oform-1
clean7_part1_50оформлено_7,журнал,d1c3.team,team,2026-09-11,206,21,10.2,144,0,0,clean7_part1_50оформлено
content-2026-09-14b-7str-oform-2_5,реестр,vafe.team,team,2026-09-17,206,21,10.2,219,0,0,content-2026-09-14b-7str-oform-2
имя не восстановлено,—,xjl.lol,lol,2026-09-03,206,21,10.2,217,0,0,
nabory-495-499_styled_img_1,журнал,4781.team,team,2026-09-13,206,21,10.2,109,0,0,nabory-495-499_styled_img
content-2026-09-14b-7str-oform-2_43,реестр,9814.team,team,2026-09-15,206,21,10.2,186,0,0,content-2026-09-14b-7str-oform-2
content-2026-09-14c-7str-oform-1_11,реестр,hhsw.team,team,2026-09-16,206,21,10.2,193,0,0,content-2026-09-14c-7str-oform-1
archive37строформленоv2часть3_1,журнал,9525casino.team,team,2026-09-10,206,21,10.2,94,0,0,archive37строформленоv2часть3
archive47_unique119оформленочасть2_1,журнал,d8y5.lol,lol,2026-09-09,206,21,10.2,178,0,0,archive47_unique119оформленочасть2
nabory484486_styled_img_1,журнал,z1n9.team,team,2026-09-11,206,21,10.2,134,0,0,nabory484486_styled_img
clean7_part1_50оформлено_1,журнал,8975.team,team,2026-09-11,206,21,10.2,108,0,0,clean7_part1_50оформлено
content-2026-09-14-7str-oform-8_25,реестр,m3e.lol,lol,2026-09-15,206,21,10.2,127,0,0,content-2026-09-14-7str-oform-8
trikomplektaB_1,журнал,hkcasino.lol,lol,2026-09-05,206,21,10.2,127,0,0,trikomplektaB
nabory-515-524_styled_img_1,реестр,2233.team,team,2026-09-14,206,21,10.2,95,0,0,nabory-515-524_styled_img
troykaC_1,журнал,u3i.team,team,2026-09-06,206,21,10.2,83,0,0,troykaC
content-2026-09-16-7str_9,реестр,9058.team,team,2026-09-17,206,21,10.2,86,0,0,content-2026-09-16-7str
nabory-515-524_styled_img_4,реестр,casinobqy.team,team,2026-09-15,206,21,10.2,63,0,0,nabory-515-524_styled_img
content-2026-09-15-7str-oform-1_28,реестр,tzeq.lol,lol,2026-09-17,206,21,10.2,70,0,0,content-2026-09-15-7str-oform-1
NEW20_12pages_withdate_оформлено_1,журнал,0876.team,team,2026-09-07,206,21,10.2,43,0,0,NEW20_12pages_withdate_оформлено
имя не восстановлено,—,3064.lol,lol,2026-09-02,206,21,10.2,43,0,0,
content-2026-09-17-7str-oform-2_21,реестр,t8z9.lol,lol,2026-09-18,150,15,10.0,24,0,0,content-2026-09-17-7str-oform-2
NEW20_3_7pages_nodate_styled_img_5,журнал,5256.lol,lol,2026-09-06,205,20,9.8,823,0,0,NEW20_3_7pages_nodate_styled_img
script_yandex_12page_5,журнал,1209s.casino,casino,2026-09-12,206,20,9.7,362,0,0,script_yandex_12page
nabory481483_styled_img_dark_2,журнал,h1p5.team,team,2026-09-11,206,20,9.7,1422,0,0,nabory481483_styled_img_dark
archive37строформленоv2часть1_6,журнал,7188.lol,lol,2026-09-11,206,20,9.7,1421,0,0,archive37строформленоv2часть1
nabory-565-580_5,реестр,6804.team,team,2026-09-16,206,20,9.7,1348,0,0,nabory-565-580
archive37строформленоv2часть1_5,журнал,4160.lol,lol,2026-09-11,206,20,9.7,560,0,0,archive37строформленоv2часть1
content-2026-09-14c-7str-oform-2_15,реестр,e1h3.team,team,2026-09-15,206,20,9.7,793,0,0,content-2026-09-14c-7str-oform-2
nabory411420_styled_img_10,журнал,274casino.lol,lol,2026-09-06,206,20,9.7,795,0,0,nabory411420_styled_img
content-2026-09-12-7str-oform-3_10,журнал,3176.team,team,2026-09-13,206,20,9.7,590,0,0,content-2026-09-12-7str-oform-3
script_yandex_12page_15,журнал,1209casino.casino,casino,2026-09-12,206,20,9.7,579,0,0,script_yandex_12page
nabory447451_styled_img_5,журнал,qqwd.buzz,buzz,2026-09-08,206,20,9.7,547,0,0,nabory447451_styled_img
NEW102оформленобездаты_27,журнал,6419.lol,lol,2026-09-11,206,20,9.7,255,0,0,NEW102оформленобездаты
content-2026-09-15-7str-oform-2_44,реестр,casinoja.team,team,2026-09-16,206,20,9.7,292,0,0,content-2026-09-15-7str-oform-2
archive37строформленоv2часть1_1,журнал,tshz.team,team,2026-09-10,206,20,9.7,416,0,0,archive37строформленоv2часть1
content-2026-09-12-7str-oform-1_20,журнал,7969.team,team,2026-09-12,206,20,9.7,371,0,0,content-2026-09-12-7str-oform-1
trikomplekta_3,журнал,pqow.team,team,2026-09-04,206,20,9.7,387,0,0,trikomplekta
NEW50_12pages_withdate_01.09_2,журнал,0403.lol,lol,2026-09-01,206,20,9.7,134,0,0,NEW50_12pages_withdate_01.09
nabory470472_styled_img_3,журнал,u1y1.team,team,2026-09-10,206,20,9.7,282,0,0,nabory470472_styled_img
NEW20_7pages_nodate_styled_img_3,журнал,p3y3.team,team,2026-09-04,206,20,9.7,202,0,0,NEW20_7pages_nodate_styled_img
nabory484486_styled_img_2,журнал,5600.team,team,2026-09-11,206,20,9.7,150,0,0,nabory484486_styled_img
NEW21_7pages_withdate_styled_img_4,журнал,casino0509s.casino,casino,2026-09-05,206,20,9.7,157,0,0,NEW21_7pages_withdate_styled_img
имя не восстановлено,—,2279.team,team,2026-09-10,206,20,9.7,138,0,0,
NEW50_3_12pages_nodate_styled_6,журнал,5335.lol,lol,2026-09-03,206,20,9.7,122,0,0,NEW50_3_12pages_nodate_styled
content-2026-09-14c-7str-oform-2_28,реестр,qlhc.lol,lol,2026-09-15,206,20,9.7,116,0,0,content-2026-09-14c-7str-oform-2
NEW50_3_7pages_nodate_styled_13,журнал,7119.team,team,2026-09-03,206,20,9.7,88,0,0,NEW50_3_7pages_nodate_styled
trikomplektaB_2,журнал,7190.team,team,2026-09-05,206,20,9.7,124,0,0,trikomplektaB
archive47_unique119оформленочасть1_11,журнал,8489.lol,lol,2026-09-09,206,20,9.7,65,0,0,archive47_unique119оформленочасть1
content-2026-09-17-7str-oform-2_12,реестр,4705.lol,lol,2026-09-18,150,14,9.3,177,0,0,content-2026-09-17-7str-oform-2
content-2026-09-15-7str-oform-1_45,реестр,3134.team,team,2026-09-16,206,19,9.2,2103,1,1,content-2026-09-15-7str-oform-1
NEW102оформленобездаты_2,журнал,casino534.lol,lol,2026-09-11,206,19,9.2,324,1,0,NEW102оформленобездаты
Content_script_12page_08.09_6,журнал,8773.team,team,2026-09-08,206,19,9.2,2271,0,0,Content_script_12page_08.09
content-2026-09-12-7str-oform-3_21,журнал,6800.lol,lol,2026-09-13,206,19,9.2,1539,0,0,content-2026-09-12-7str-oform-3
content-2026-09-12-7str-oform-3_39,журнал,diou.lol,lol,2026-09-13,206,19,9.2,1185,0,0,content-2026-09-12-7str-oform-3
content-2026-09-15-7str-oform-1_31,реестр,yaid.team,team,2026-09-17,206,19,9.2,826,0,0,content-2026-09-15-7str-oform-1
nabory-591-600_3,реестр,2429.lol,lol,2026-09-17,206,19,9.2,550,0,0,nabory-591-600
clean7_part1_50оформлено_10,журнал,casinojxu.team,team,2026-09-11,206,19,9.2,268,0,0,clean7_part1_50оформлено
имя не восстановлено,—,2882.team,team,2026-09-03,206,19,9.2,422,0,0,
content-2026-09-14-7str-oform-9_4,реестр,yadn.lol,lol,2026-09-15,206,19,9.2,323,0,0,content-2026-09-14-7str-oform-9
nabory-545-554_styled_img_5,реестр,casino705.lol,lol,2026-09-16,206,19,9.2,320,0,0,nabory-545-554_styled_img
имя не восстановлено,—,casino1430.lol,lol,2026-09-04,206,19,9.2,230,0,0,
archive37строформленоv2часть2_11,журнал,7415.buzz,buzz,2026-09-08,206,19,9.2,194,0,0,archive37строформленоv2часть2
content-2026-09-12-7str-oform-2_4,журнал,casino8915.lol,lol,2026-09-12,206,19,9.2,218,0,0,content-2026-09-12-7str-oform-2
NEW102оформленобездаты_21,журнал,casinodp.team,team,2026-09-11,206,19,9.2,115,0,0,NEW102оформленобездаты
clean7_part1_50оформлено_23,журнал,854casino.team,team,2026-09-11,206,19,9.2,112,0,0,clean7_part1_50оформлено
NEW20_3_7pages_nodate_styled_img_6,журнал,6808.team,team,2026-09-06,206,19,9.2,155,0,0,NEW20_3_7pages_nodate_styled_img
script_yandex_12page_4,журнал,1209hh.casino,casino,2026-09-12,206,19,9.2,101,0,0,script_yandex_12page
content-2026-09-15-7str-oform-2_18,реестр,nywv.lol,lol,2026-09-16,206,19,9.2,86,0,0,content-2026-09-15-7str-oform-2
nabory400410_styled_img_5,журнал,6294.lol,lol,2026-09-06,206,19,9.2,126,0,0,nabory400410_styled_img
nabory-545-554_styled_img_7,реестр,casinoph.lol,lol,2026-09-16,206,19,9.2,108,0,0,nabory-545-554_styled_img
content-2026-09-15-7str-oform-1_15,реестр,kfrcasino.lol,lol,2026-09-17,206,19,9.2,121,0,0,content-2026-09-15-7str-oform-1
content-2026-09-14-7str-oform-9_24,реестр,3744.team,team,2026-09-15,206,19,9.2,56,0,0,content-2026-09-14-7str-oform-9
archive37строформленоv2часть2_4,журнал,389casino.buzz,buzz,2026-09-08,206,19,9.2,52,0,0,archive37строформленоv2часть2
nabory264268_01.09_4,журнал,p2v.team,team,2026-09-01,206,19,9.2,77,0,0,nabory264268_01.09
content-2026-09-16-12str_5,реестр,zxcasino.team,team,2026-09-17,206,19,9.2,65,0,0,content-2026-09-16-12str
имя не восстановлено,—,z1o4.team,team,2026-09-11,206,19,9.2,37,0,0,
content-2026-09-14-7str-oform-8_40,реестр,1494.lol,lol,2026-09-14,206,19,9.2,32,0,0,content-2026-09-14-7str-oform-8
clean12_unique11оформлено_7,журнал,7816.lol,lol,2026-09-07,206,18,8.7,69,1,1,clean12_unique11оформлено
NEW102оформленобездаты_10,журнал,1109m.casino,casino,2026-09-11,206,18,8.7,3762,1,0,NEW102оформленобездаты
archive37строформленоv2часть2_5,журнал,5191.lol,lol,2026-09-08,206,18,8.7,469,1,0,archive37строформленоv2часть2
content-2026-09-12-7str-oform-3_15,журнал,casino69.team,team,2026-09-13,206,18,8.7,1920,0,0,content-2026-09-12-7str-oform-3
nabory464466_2,журнал,mhob.team,team,2026-09-10,206,18,8.7,1426,0,0,nabory464466
content-2026-09-12-7str-oform-1_38,журнал,casino378.lol,lol,2026-09-12,206,18,8.7,994,0,0,content-2026-09-12-7str-oform-1
content-2026-09-16-7str_15,реестр,casinodh.lol,lol,2026-09-17,206,18,8.7,1370,0,0,content-2026-09-16-7str
archive37строформленоv2часть2_7,журнал,67casino.buzz,buzz,2026-09-08,206,18,8.7,324,0,0,archive37строформленоv2часть2
имя не восстановлено,—,5329.team,team,2026-09-03,206,18,8.7,1036,0,0,
clean7_part1_50оформлено_40,журнал,casino62.lol,lol,2026-09-11,206,18,8.7,744,0,0,clean7_part1_50оформлено
content-2026-09-16-7str_19,реестр,n2m.team,team,2026-09-17,206,18,8.7,764,0,0,content-2026-09-16-7str
nabory400410_styled_img_1,журнал,7960.lol,lol,2026-09-06,206,18,8.7,689,0,0,nabory400410_styled_img
NEW102оформленосдатой_17,журнал,casino82.team,team,2026-09-11,206,18,8.7,567,0,0,NEW102оформленосдатой
content-2026-09-12-7str-oform-3_9,журнал,ejucasino.lol,lol,2026-09-14,206,18,8.7,448,0,0,content-2026-09-12-7str-oform-3
archive47_unique119оформленочасть2_7,журнал,9383.team,team,2026-09-10,206,18,8.7,509,0,0,archive47_unique119оформленочасть2
NEW102оформленобездаты_1,журнал,casinod1.lol,lol,2026-09-11,206,18,8.7,345,0,0,NEW102оформленобездаты
content-2026-09-12-7str-oform-1_4,журнал,2250.team,team,2026-09-12,206,18,8.7,325,0,0,content-2026-09-12-7str-oform-1
nabory411420_styled_img_2,журнал,4313.lol,lol,2026-09-06,206,18,8.7,425,0,0,nabory411420_styled_img
archive47_unique119оформленочасть1_4,журнал,6912.lol,lol,2026-09-09,206,18,8.7,220,0,0,archive47_unique119оформленочасть1
content-2026-09-12-7str-oform-1_18,журнал,42casino.lol,lol,2026-09-12,206,18,8.7,128,0,0,content-2026-09-12-7str-oform-1
archive37строформленоv2часть3_5,журнал,s3q.lol,lol,2026-09-10,206,18,8.7,256,0,0,archive37строформленоv2часть3
content-2026-09-14b-7str-oform-2_3,реестр,2363.lol,lol,2026-09-17,206,18,8.7,329,0,0,content-2026-09-14b-7str-oform-2
NEW20_7pages_nodate_styled_img_4,журнал,qdcasino.team,team,2026-09-04,206,18,8.7,282,0,0,NEW20_7pages_nodate_styled_img
content-2026-09-12-7str-oform-1_12,журнал,n9t.team,team,2026-09-12,206,18,8.7,208,0,0,content-2026-09-12-7str-oform-1
nabory-535-544_styled_img_6,реестр,8271.lol,lol,2026-09-16,206,18,8.7,250,0,0,nabory-535-544_styled_img
content-2026-09-12-7str-oform-2_23,журнал,g3p0.lol,lol,2026-09-12,206,18,8.7,187,0,0,content-2026-09-12-7str-oform-2
content-2026-09-12-7str-oform-3_29,журнал,4591.lol,lol,2026-09-13,206,18,8.7,156,0,0,content-2026-09-12-7str-oform-3
имя не восстановлено,—,7119.lol,lol,2026-09-02,206,18,8.7,149,0,0,
archive37строформленоv2часть1_3,журнал,7529.lol,lol,2026-09-08,206,18,8.7,151,0,0,archive37строформленоv2часть1
archive47_unique119оформленочасть1_26,журнал,6134.lol,lol,2026-09-09,206,18,8.7,136,0,0,archive47_unique119оформленочасть1
archive37строформленоv2часть3_5,журнал,7283.lol,lol,2026-09-10,206,18,8.7,136,0,0,archive37строформленоv2часть3
content-2026-09-15-7str-oform-1_49,реестр,0305.lol,lol,2026-09-16,206,18,8.7,148,0,0,content-2026-09-15-7str-oform-1
nabory411420_styled_img_8,журнал,7827.team,team,2026-09-06,206,18,8.7,144,0,0,nabory411420_styled_img
archive37строформленоv2часть3_7,журнал,94casino.lol,lol,2026-09-10,206,18,8.7,49,0,0,archive37строформленоv2часть3
content-2026-09-14c-7str-oform-1_18,реестр,hmdcasino.lol,lol,2026-09-16,206,18,8.7,122,0,0,content-2026-09-14c-7str-oform-1
nabory-581-590_5,реестр,8275.team,team,2026-09-17,206,18,8.7,99,0,0,nabory-581-590
content-2026-09-14-7str-oform-8_49,реестр,1959.team,team,2026-09-14,206,18,8.7,71,0,0,content-2026-09-14-7str-oform-8
nabory-581-590_6,реестр,7473.lol,lol,2026-09-17,206,18,8.7,88,0,0,nabory-581-590
content-2026-09-14b-7str-oform-2_40,реестр,7847.team,team,2026-09-15,206,18,8.7,80,0,0,content-2026-09-14b-7str-oform-2
nabory441443_styled_img_2,журнал,casinoyso.team,team,2026-09-07,206,18,8.7,78,0,0,nabory441443_styled_img
content-2026-09-16-7str_16,реестр,x5j.lol,lol,2026-09-17,206,18,8.7,65,0,0,content-2026-09-16-7str
content-2026-09-15-7str-oform-1_6,реестр,5295.lol,lol,2026-09-17,206,18,8.7,61,0,0,content-2026-09-15-7str-oform-1
content-2026-09-17-7str-oform-2_11,реестр,0908.lol,lol,2026-09-18,150,13,8.7,37,0,0,content-2026-09-17-7str-oform-2
archive37строформленоv2часть2_7,журнал,casino4244.buzz,buzz,2026-09-08,206,17,8.3,144,1,1,archive37строформленоv2часть2
clean7_part1_50оформлено_14,журнал,xqzs.team,team,2026-09-11,206,17,8.3,379,1,0,clean7_part1_50оформлено
NEW50_3_7pages_withdate_styled_8,журнал,9485.lol,lol,2026-09-03,206,17,8.3,718,0,0,NEW50_3_7pages_withdate_styled
archive47_unique119оформленочасть1_8,журнал,j5h6.lol,lol,2026-09-09,206,17,8.3,209,0,0,archive47_unique119оформленочасть1
content-2026-09-12-7str-oform-2_22,журнал,3002.lol,lol,2026-09-12,206,17,8.3,488,0,0,content-2026-09-12-7str-oform-2
имя не восстановлено,—,xoacasino.lol,lol,2026-09-04,206,17,8.3,461,0,0,
content-2026-09-14b-7str-oform-2_32,реестр,b1l2.team,team,2026-09-15,206,17,8.3,396,0,0,content-2026-09-14b-7str-oform-2
имя не восстановлено,—,0040.lol,lol,2026-09-02,206,17,8.3,224,0,0,
content-2026-09-12-7str-oform-2_21,журнал,casinojih.lol,lol,2026-09-12,206,17,8.3,295,0,0,content-2026-09-12-7str-oform-2
script_yandex_12page_5_1,журнал,164casino.team,team,2026-09-11,206,17,8.3,305,0,0,script_yandex_12page_5
archive37строформленоv2часть3_6,журнал,3352.lol,lol,2026-09-10,206,17,8.3,269,0,0,archive37строформленоv2часть3
nabory411420_styled_img_9,журнал,7827.lol,lol,2026-09-06,206,17,8.3,303,0,0,nabory411420_styled_img
content-2026-09-12-7str-oform-3_5,журнал,gmcasino.lol,lol,2026-09-14,206,17,8.3,241,0,0,content-2026-09-12-7str-oform-3
nabory-555-564_styled_img_10,реестр,casinoz1.lol,lol,2026-09-16,206,17,8.3,270,0,0,nabory-555-564_styled_img
nabory-601-610_10,реестр,n7t0.team,team,2026-09-17,206,17,8.3,258,0,0,nabory-601-610
Generator_354359_styled_img_2,журнал,9365.team,team,2026-09-04,205,17,8.3,217,0,0,Generator_354359_styled_img
content-2026-09-15-7str-oform-2_40,реестр,0248.lol,lol,2026-09-16,206,17,8.3,217,0,0,content-2026-09-15-7str-oform-2
имя не восстановлено,—,emnc.lol,lol,2026-09-04,206,17,8.3,176,0,0,
nabory-490-494_styled_img_5,журнал,0338.team,team,2026-09-12,206,17,8.3,168,0,0,nabory-490-494_styled_img
struktura8x7_8,журнал,4809.team,team,2026-09-06,206,17,8.3,198,0,0,struktura8x7
content-2026-09-12-7str-oform-2_19,журнал,v2b.team,team,2026-09-12,206,17,8.3,139,0,0,content-2026-09-12-7str-oform-2
content-2026-09-16-7str_26,реестр,5368casino.team,team,2026-09-17,206,17,8.3,183,0,0,content-2026-09-16-7str
nabory-601-610_5,реестр,0503.team,team,2026-09-17,206,17,8.3,172,0,0,nabory-601-610
nabory-601-610_8,реестр,1779.lol,lol,2026-09-17,206,17,8.3,186,0,0,nabory-601-610
NEW20_4_7pages_nodate_2,журнал,dqdv.team,team,2026-09-07,206,17,8.3,134,0,0,NEW20_4_7pages_nodate
nabory484486_styled_img_3,журнал,kura.team,team,2026-09-11,206,17,8.3,115,0,0,nabory484486_styled_img
content-2026-09-12-7str-oform-1_5,журнал,0574.team,team,2026-09-12,206,17,8.3,62,0,0,content-2026-09-12-7str-oform-1
NEW50_3_7pages_nodate_styled_9,журнал,v9g.lol,lol,2026-09-03,206,17,8.3,117,0,0,NEW50_3_7pages_nodate_styled
content-2026-09-12-7str-oform-2_2,журнал,h8v.team,team,2026-09-12,206,17,8.3,82,0,0,content-2026-09-12-7str-oform-2
archive37строформленоv2часть3_7,журнал,btj.lol,lol,2026-09-10,206,17,8.3,95,0,0,archive37строформленоv2часть3
nabory-581-590_3,реестр,9243.team,team,2026-09-17,206,17,8.3,122,0,0,nabory-581-590
nabory-515-524_styled_img_7,реестр,3613.team,team,2026-09-14,206,17,8.3,69,0,0,nabory-515-524_styled_img
content-2026-09-15-7str-oform-2_34,реестр,8723.team,team,2026-09-16,206,17,8.3,65,0,0,content-2026-09-15-7str-oform-2
nabory-565-580_13,реестр,xwo.lol,lol,2026-09-16,206,17,8.3,57,0,0,nabory-565-580
NEW20_7pages_nodate_styled_img_5,журнал,0409gd.casino,casino,2026-09-04,206,17,8.3,59,0,0,NEW20_7pages_nodate_styled_img
имя не восстановлено,—,1414.lol,lol,2026-09-03,206,17,8.3,44,0,0,
content-2026-09-16-7str_40,реестр,emot.team,team,2026-09-17,206,17,8.3,51,0,0,content-2026-09-16-7str
NEW50_3_7pages_nodate_styled_5,журнал,8474.team,team,2026-09-03,206,17,8.3,45,0,0,NEW50_3_7pages_nodate_styled
content-2026-09-17-7str-oform-2_49,реестр,6099.team,team,2026-09-18,150,12,8.0,52,1,0,content-2026-09-17-7str-oform-2
content-2026-09-17-7str-oform-2_15,реестр,8208.lol,lol,2026-09-18,150,12,8.0,37,0,0,content-2026-09-17-7str-oform-2
nabory421425_styled_img_1,журнал,fks.lol,lol,2026-09-06,206,16,7.8,234,1,0,nabory421425_styled_img
Выдача_06.09_12стр_1,журнал,4809.lol,lol,2026-09-07,206,16,7.8,149,1,0,Выдача_06.09_12стр
content-2026-09-12-7str-oform-3_19,журнал,nmle.team,team,2026-09-13,206,16,7.8,1971,0,0,content-2026-09-12-7str-oform-3
clean7_part1_50оформлено_20,журнал,2384.lol,lol,2026-09-11,206,16,7.8,1470,0,0,clean7_part1_50оформлено
content-2026-09-12-7str-oform-1_24,журнал,3885casino.team,team,2026-09-12,206,16,7.8,414,0,0,content-2026-09-12-7str-oform-1
content-2026-09-15-7str-oform-2_2,реестр,m9h6.team,team,2026-09-16,206,16,7.8,565,0,0,content-2026-09-15-7str-oform-2
Generator_392396_styled_img_4,журнал,2225.team,team,2026-09-06,206,16,7.8,594,0,0,Generator_392396_styled_img
content-2026-09-16-12str_2,реестр,8374.lol,lol,2026-09-17,206,16,7.8,516,0,0,content-2026-09-16-12str
NEW102оформленобездаты_28,журнал,0946.team,team,2026-09-11,206,16,7.8,235,0,0,NEW102оформленобездаты
content-2026-09-14b-7str-oform-2_35,реестр,6965.team,team,2026-09-15,206,16,7.8,141,0,0,content-2026-09-14b-7str-oform-2
content-2026-09-12-7str-oform-2_34,журнал,21casino.team,team,2026-09-12,206,16,7.8,156,0,0,content-2026-09-12-7str-oform-2
content-2026-09-12-7str-oform-3_26,журнал,zimy.lol,lol,2026-09-13,206,16,7.8,135,0,0,content-2026-09-12-7str-oform-3
Партия A_6,журнал,t1o.team,team,2026-09-04,206,16,7.8,150,0,0,Партия A
NEW50_3_7pages_nodate_styled_3,журнал,4502.lol,lol,2026-09-03,206,16,7.8,272,0,0,NEW50_3_7pages_nodate_styled
content-2026-09-14-7str-oform-9_31,реестр,casinoxm.team,team,2026-09-15,206,16,7.8,125,0,0,content-2026-09-14-7str-oform-9
archive37строформленоv2часть3_3,журнал,casinoq4.lol,lol,2026-09-10,206,16,7.8,174,0,0,archive37строформленоv2часть3
content-2026-09-12-7str-oform-1_1,журнал,1209dd.casino,casino,2026-09-12,206,16,7.8,190,0,0,content-2026-09-12-7str-oform-1
content-2026-09-14-12str-oform_12,реестр,xsjb.team,team,2026-09-14,206,16,7.8,185,0,0,content-2026-09-14-12str-oform
content-2026-09-14-7str-oform-8_33,реестр,9341.lol,lol,2026-09-14,206,16,7.8,103,0,0,content-2026-09-14-7str-oform-8
content-2026-09-14-7str-oform-9_22,реестр,6775casino.team,team,2026-09-15,206,16,7.8,116,0,0,content-2026-09-14-7str-oform-9
NEW102оформленобездаты_11,журнал,i6w9.casino,casino,2026-09-11,206,16,7.8,128,0,0,NEW102оформленобездаты
struktura8x7_1,журнал,9859casino.team,team,2026-09-06,206,16,7.8,136,0,0,struktura8x7
Generator_346353_styled_img_8,журнал,1276.team,team,2026-09-04,206,16,7.8,106,0,0,Generator_346353_styled_img
Generator_392396_styled_img_5,журнал,jrcg.team,team,2026-09-06,206,16,7.8,126,0,0,Generator_392396_styled_img
nabory-525-534_styled_img_3,реестр,tyfh.lol,lol,2026-09-15,206,16,7.8,108,0,0,nabory-525-534_styled_img
имя не восстановлено,—,3416.team,team,2026-09-10,206,16,7.8,95,0,0,
content-2026-09-12-7str-oform-2_37,журнал,2120.team,team,2026-09-12,206,16,7.8,68,0,0,content-2026-09-12-7str-oform-2
nabory-525-534_styled_img_7,реестр,casino1543.lol,lol,2026-09-15,206,16,7.8,88,0,0,nabory-525-534_styled_img
content-2026-09-16-7str_33,реестр,nkrh.team,team,2026-09-17,206,16,7.8,92,0,0,content-2026-09-16-7str
имя не восстановлено,—,7180.lol,lol,2026-09-02,206,16,7.8,75,0,0,
content-2026-09-12-7str-oform-2_32,журнал,9263casino.team,team,2026-09-12,206,16,7.8,68,0,0,content-2026-09-12-7str-oform-2
content-2026-09-14-7str-oform-9_21,реестр,0431.team,team,2026-09-15,206,16,7.8,63,0,0,content-2026-09-14-7str-oform-9
nabory400410_styled_img_2,журнал,4893.lol,lol,2026-09-06,206,16,7.8,69,0,0,nabory400410_styled_img
nabory-565-580_10,реестр,0472.lol,lol,2026-09-16,206,16,7.8,66,0,0,nabory-565-580
content-2026-09-15-7str-oform-1_13,реестр,fwl.lol,lol,2026-09-17,206,16,7.8,59,0,0,content-2026-09-15-7str-oform-1
content-2026-09-16-7str_22,реестр,d8c3.team,team,2026-09-17,206,16,7.8,56,0,0,content-2026-09-16-7str
content-2026-09-14-7str-oform-8_39,реестр,4885.lol,lol,2026-09-14,206,16,7.8,30,0,0,content-2026-09-14-7str-oform-8
nabory-525-534_styled_img_5,реестр,0699.lol,lol,2026-09-15,206,16,7.8,42,0,0,nabory-525-534_styled_img
имя не восстановлено,—,casinoopk.lol,lol,2026-09-04,206,16,7.8,48,0,0,
content-2026-09-14-7str-oform-8_34,реестр,f3a.lol,lol,2026-09-14,206,16,7.8,34,0,0,content-2026-09-14-7str-oform-8
content-2026-09-14b-7str-oform-2_49,реестр,hmhh.team,team,2026-09-15,206,16,7.8,35,0,0,content-2026-09-14b-7str-oform-2
content-2026-09-15-7str-oform-1_36,реестр,e5m9.lol,lol,2026-09-17,206,16,7.8,32,0,0,content-2026-09-15-7str-oform-1
имя не восстановлено,—,pjxu.lol,lol,2026-09-04,206,15,7.3,50,1,0,
nabory-631-640_9,реестр,4497.lol,lol,2026-09-18,150,11,7.3,41,1,0,nabory-631-640
nabory-535-544_styled_img_7,реестр,casino1596.team,team,2026-09-16,206,15,7.3,887,0,0,nabory-535-544_styled_img
clean7_part1_50оформлено_41,журнал,3970.lol,lol,2026-09-08,206,15,7.3,745,0,0,clean7_part1_50оформлено
content-2026-09-14-7str-oform-9_27,реестр,kjrcasino.team,team,2026-09-15,206,15,7.3,526,0,0,content-2026-09-14-7str-oform-9
имя не восстановлено,—,casinoerr.team,team,2026-09-10,206,15,7.3,390,0,0,
content-2026-09-12-7str-oform-2_25,журнал,npj.lol,lol,2026-09-12,206,15,7.3,425,0,0,content-2026-09-12-7str-oform-2
имя не восстановлено,—,t8n2.lol,lol,2026-09-03,206,15,7.3,333,0,0,
archive37строформленоv2часть3_4,журнал,qtbh.team,team,2026-09-10,206,15,7.3,486,0,0,archive37строформленоv2часть3
archive37строформленоv2часть3_4,журнал,fdls.lol,lol,2026-09-10,206,15,7.3,323,0,0,archive37строформленоv2часть3
archive37строформленоv2часть2_2,журнал,3855.lol,lol,2026-09-08,206,15,7.3,230,0,0,archive37строформленоv2часть2
content-2026-09-14-7str-oform-9_23,реестр,1820casino.team,team,2026-09-15,206,15,7.3,415,0,0,content-2026-09-14-7str-oform-9
NEW102оформленобездаты_34,журнал,1040.team,team,2026-09-11,206,15,7.3,356,0,0,NEW102оформленобездаты
имя не восстановлено,—,2298.team,team,2026-09-10,206,15,7.3,374,0,0,
archive37строформленоv2часть1_9,журнал,8200.team,team,2026-09-11,206,15,7.3,359,0,0,archive37строформленоv2часть1
Generator_370382_styled_img_3,журнал,wzna.team,team,2026-09-05,206,15,7.3,255,0,0,Generator_370382_styled_img
clean7_part1_50оформлено_3,журнал,casino4552.team,team,2026-09-11,206,15,7.3,195,0,0,clean7_part1_50оформлено
"7 стр, С ДАТАМИ, семейство NEW50_5",журнал,4967.team,team,2026-09-03,206,15,7.3,250,0,0,"7 стр, С ДАТАМИ, семейство NEW50"
NEW102оформленобездаты_38,журнал,1009d.casino,casino,2026-09-10,206,15,7.3,207,0,0,NEW102оформленобездаты
content-2026-09-12-7str-oform-3_35,журнал,4212.team,team,2026-09-13,206,15,7.3,241,0,0,content-2026-09-12-7str-oform-3
archive37строформленоv2часть1_4,журнал,1668.team,team,2026-09-11,206,15,7.3,180,0,0,archive37строформленоv2часть1
content-2026-09-12-7str-oform-2_24,журнал,xwbw.team,team,2026-09-12,206,15,7.3,168,0,0,content-2026-09-12-7str-oform-2
troykaC_2,журнал,uphv.team,team,2026-09-06,206,15,7.3,222,0,0,troykaC
archive47_unique119оформленочасть1_25,журнал,8616casino.lol,lol,2026-09-09,206,15,7.3,118,0,0,archive47_unique119оформленочасть1
archive37строформленоv2часть3_11,журнал,5974casino.lol,lol,2026-09-08,206,15,7.3,96,0,0,archive37строформленоv2часть3
Content_script_12page_08.09_1,журнал,0697.lol,lol,2026-09-08,206,15,7.3,115,0,0,Content_script_12page_08.09
content-2026-09-15-7str-oform-1_29,реестр,1697casino.lol,lol,2026-09-17,206,15,7.3,135,0,0,content-2026-09-15-7str-oform-1
archive37строформленоv2часть3_1,журнал,ryqcasino.buzz,buzz,2026-09-08,206,15,7.3,108,0,0,archive37строформленоv2часть3
nabory447451_styled_img_3,журнал,9316.buzz,buzz,2026-09-08,206,15,7.3,95,0,0,nabory447451_styled_img
nabory-611-620_2,реестр,casinonz.team,team,2026-09-18,150,11,7.3,124,0,0,nabory-611-620
content-2026-09-14b-7str-oform-2_45,реестр,q8k0.team,team,2026-09-15,206,15,7.3,68,0,0,content-2026-09-14b-7str-oform-2
content-2026-09-14-7str-oform-1_1,реестр,1287.lol,lol,2026-09-15,206,15,7.3,88,0,0,content-2026-09-14-7str-oform-1
content-2026-09-12-7str-oform-2_16,журнал,0148.team,team,2026-09-12,206,15,7.3,40,0,0,content-2026-09-12-7str-oform-2
content-2026-09-15-7str-oform-1_33,реестр,casino8768.lol,lol,2026-09-17,206,15,7.3,100,0,0,content-2026-09-15-7str-oform-1
content-2026-09-15-7str-oform-2_27,реестр,8618.team,team,2026-09-16,206,15,7.3,96,0,0,content-2026-09-15-7str-oform-2
NEW20_7pages_nodate_оформлено_2,журнал,8908.team,team,2026-09-07,206,15,7.3,60,0,0,NEW20_7pages_nodate_оформлено
script_yandex_12page_13,журнал,p9y.casino,casino,2026-09-12,206,15,7.3,55,0,0,script_yandex_12page
content-2026-09-15-7str-oform-1_35,реестр,0649.lol,lol,2026-09-17,206,15,7.3,66,0,0,content-2026-09-15-7str-oform-1
content-2026-09-17b-7str-oform_32,реестр,0269.lol,lol,2026-09-18,150,11,7.3,52,0,0,content-2026-09-17b-7str-oform
nabory400410_styled_img_11,журнал,casinoh2.team,team,2026-09-06,206,15,7.3,34,0,0,nabory400410_styled_img
drobilnyydvor1_1_1,журнал,65casino.lol,lol,2026-09-06,206,15,7.3,24,0,0,drobilnyydvor1_1
content-2026-09-16-7str_17,реестр,4457.lol,lol,2026-09-17,206,15,7.3,27,0,0,content-2026-09-16-7str
nabory-611-620_7,реестр,casinou0.team,team,2026-09-17,204,14,6.9,449,0,0,nabory-611-620
nabory411420_styled_img_5,журнал,411casino.lol,lol,2026-09-06,206,14,6.8,310,1,1,nabory411420_styled_img
NEW50_3_12pages_withdate_styled_8,журнал,4330.team,team,2026-09-03,206,14,6.8,607,1,0,NEW50_3_12pages_withdate_styled
NEW102оформленосдатой_9,журнал,9903.team,team,2026-09-11,206,14,6.8,1148,0,0,NEW102оформленосдатой
archive47_unique119оформленочасть2_6,журнал,0299.team,team,2026-09-10,206,14,6.8,849,0,0,archive47_unique119оформленочасть2
NEW20_4_7pages_nodate_4,журнал,31casino.team,team,2026-09-07,206,14,6.8,732,0,0,NEW20_4_7pages_nodate
content-2026-09-14-7str-oform-9_38,реестр,casinoqr.team,team,2026-09-15,206,14,6.8,459,0,0,content-2026-09-14-7str-oform-9
archive37строформленоv2часть1_4,журнал,oijl.buzz,buzz,2026-09-08,206,14,6.8,527,0,0,archive37строформленоv2часть1
content-2026-09-12-7str-oform-1_32,журнал,ovucasino.team,team,2026-09-12,206,14,6.8,220,0,0,content-2026-09-12-7str-oform-1
archive47_unique119оформленочасть2_16,журнал,9126.team,team,2026-09-10,206,14,6.8,343,0,0,archive47_unique119оформленочасть2
имя не восстановлено,—,casinoj1.lol,lol,2026-09-04,206,14,6.8,217,0,0,
имя не восстановлено,—,0728.lol,lol,2026-09-02,206,14,6.8,245,0,0,
имя не восстановлено,—,9940.team,team,2026-09-10,206,14,6.8,165,0,0,
archive37строформленоv2часть2_9,журнал,casino5450.buzz,buzz,2026-09-08,206,14,6.8,213,0,0,archive37строформленоv2часть2
content-2026-09-15-7str-oform-1_17,реестр,6465.team,team,2026-09-17,206,14,6.8,197,0,0,content-2026-09-15-7str-oform-1
NEW20_7pages_nodate_styled_img_6,журнал,0409casino.casino,casino,2026-09-04,206,14,6.8,172,0,0,NEW20_7pages_nodate_styled_img
nabory-495-499_styled_img_3,журнал,0108.team,team,2026-09-13,206,14,6.8,89,0,0,nabory-495-499_styled_img
NEW20_7pages_nodate_оформлено_4,журнал,6433.team,team,2026-09-07,206,14,6.8,134,0,0,NEW20_7pages_nodate_оформлено
clean7_part1_50оформлено_28,журнал,4797.lol,lol,2026-09-11,206,14,6.8,118,0,0,clean7_part1_50оформлено
content-2026-09-16-7str_35,реестр,7163.lol,lol,2026-09-17,206,14,6.8,118,0,0,content-2026-09-16-7str
NEW102оформленобездаты_18,журнал,0615.lol,lol,2026-09-11,206,14,6.8,57,0,0,NEW102оформленобездаты
archive37строформленоv2часть2_12,журнал,l6j.lol,lol,2026-09-08,206,14,6.8,80,0,0,archive37строформленоv2часть2
content-2026-09-15-7str-oform-1_1,реестр,cnlu.lol,lol,2026-09-17,206,14,6.8,85,0,0,content-2026-09-15-7str-oform-1
shponnayarezka1_1_1,журнал,9866.team,team,2026-09-05,206,14,6.8,58,0,0,shponnayarezka1_1
content-2026-09-14b-7str-oform-1_45,реестр,5403.team,team,2026-09-17,206,14,6.8,68,0,0,content-2026-09-14b-7str-oform-1
content-2026-09-16-7str_27,реестр,nidcasino.lol,lol,2026-09-17,206,14,6.8,70,0,0,content-2026-09-16-7str
имя не восстановлено,—,9061.lol,lol,2026-09-02,206,14,6.8,61,0,0,
content-2026-09-14-7str-oform-9_1,реестр,39casino.lol,lol,2026-09-15,206,14,6.8,60,0,0,content-2026-09-14-7str-oform-9
имя не восстановлено,—,f4w.lol,lol,2026-09-02,206,14,6.8,52,0,0,
content-2026-09-16-7str_10,реестр,6709.team,team,2026-09-17,206,14,6.8,52,0,0,content-2026-09-16-7str
nabory-565-580_1,реестр,0400.lol,lol,2026-09-16,206,14,6.8,47,0,0,nabory-565-580
content-2026-09-14-7str-oform-9_12,реестр,6277.team,team,2026-09-15,206,14,6.8,34,0,0,content-2026-09-14-7str-oform-9
content-2026-09-15-7str-oform-2_24,реестр,gwrt.team,team,2026-09-16,206,14,6.8,44,0,0,content-2026-09-15-7str-oform-2
content-2026-09-14-7str-oform-9_25,реестр,nfdh.team,team,2026-09-15,206,14,6.8,16,0,0,content-2026-09-14-7str-oform-9
nabory-591-600_4,реестр,6856casino.team,team,2026-09-17,206,14,6.8,23,0,0,nabory-591-600
content-2026-09-14b-7str-oform-1_32,реестр,jgd.lol,lol,2026-09-18,150,10,6.7,193,0,0,content-2026-09-14b-7str-oform-1
content-2026-09-17-7str-oform-2_25,реестр,33casino.lol,lol,2026-09-18,150,10,6.7,106,0,0,content-2026-09-17-7str-oform-2
content-2026-09-14-7str-oform-9_13,реестр,7859.team,team,2026-09-15,206,13,6.3,1124,0,0,content-2026-09-14-7str-oform-9
content-2026-09-14-7str-oform-9_19,реестр,682casino.team,team,2026-09-15,206,13,6.3,367,0,0,content-2026-09-14-7str-oform-9
archive47_unique119оформленочасть2_20,журнал,0273.team,team,2026-09-10,206,13,6.3,448,0,0,archive47_unique119оформленочасть2
archive37строформленоv2часть2_1,журнал,tqwy.buzz,buzz,2026-09-08,206,13,6.3,349,0,0,archive37строформленоv2часть2
clean7_part1_50оформлено_36,журнал,ybcc.lol,lol,2026-09-11,206,13,6.3,380,0,0,clean7_part1_50оформлено
clean7_part1_50оформлено_6,журнал,4100.team,team,2026-09-11,206,13,6.3,171,0,0,clean7_part1_50оформлено
clean7_part1_50оформлено_24,журнал,3411.lol,lol,2026-09-11,206,13,6.3,257,0,0,clean7_part1_50оформлено
archive37строформленоv2часть2_2,журнал,casinofnl.buzz,buzz,2026-09-08,206,13,6.3,234,0,0,archive37строформленоv2часть2
clean7_part1_50оформлено_18,журнал,butcasino.team,team,2026-09-11,206,13,6.3,183,0,0,clean7_part1_50оформлено
content-2026-09-15-7str-oform-1_7,реестр,casino97.lol,lol,2026-09-17,206,13,6.3,237,0,0,content-2026-09-15-7str-oform-1
content-2026-09-15-7str-oform-1_12,реестр,plol.lol,lol,2026-09-17,206,13,6.3,220,0,0,content-2026-09-15-7str-oform-1
script_yandex_12page_16,журнал,1209k.casino,casino,2026-09-12,206,13,6.3,154,0,0,script_yandex_12page
content-2026-09-15-7str-oform-1_24,реестр,yqzcasino.team,team,2026-09-17,206,13,6.3,160,0,0,content-2026-09-15-7str-oform-1
archive37строформленоv2часть3_8,журнал,858casino.buzz,buzz,2026-09-08,206,13,6.3,85,0,0,archive37строформленоv2часть3
nabory-591-600_6,реестр,1916.team,team,2026-09-17,206,13,6.3,134,0,0,nabory-591-600
content-2026-09-12-7str-oform-2_7,журнал,615casino.team,team,2026-09-12,206,13,6.3,111,0,0,content-2026-09-12-7str-oform-2
content-2026-09-12-7str-oform-1_31,журнал,watc.team,team,2026-09-12,206,13,6.3,66,0,0,content-2026-09-12-7str-oform-1
NEW20_7pages_nodate_оформлено_1,реестр,ssycasino.team,team,2026-09-07,206,13,6.3,73,0,0,NEW20_7pages_nodate_оформлено
archive37строформленоv2часть2_4,журнал,ufdb.buzz,buzz,2026-09-08,206,13,6.3,66,0,0,archive37строформленоv2часть2
имя не восстановлено,—,7653.team,team,2026-09-03,206,13,6.3,74,0,0,
content-2026-09-14-7str-oform-8_32,реестр,h9y9.lol,lol,2026-09-14,206,13,6.3,57,0,0,content-2026-09-14-7str-oform-8
archive37строформленоv2часть3_10,журнал,vlg.lol,lol,2026-09-08,206,13,6.3,43,0,0,archive37строформленоv2часть3
имя не восстановлено,—,u4f5.lol,lol,2026-09-04,206,13,6.3,69,0,0,
content-2026-09-16-7str_41,реестр,casino60.team,team,2026-09-17,206,13,6.3,72,0,0,content-2026-09-16-7str
content-2026-09-12-7str-oform-3_17,журнал,2242.team,team,2026-09-13,206,13,6.3,30,0,0,content-2026-09-12-7str-oform-3
nabory436440_styled_img_1,журнал,v3w0.team,team,2026-09-07,206,13,6.3,35,0,0,nabory436440_styled_img
archive37строформленоv2часть2_16,журнал,5730.lol,lol,2026-09-08,206,13,6.3,51,0,0,archive37строформленоv2часть2
content-2026-09-16-7str_30,реестр,casino50.team,team,2026-09-17,206,13,6.3,59,0,0,content-2026-09-16-7str
content-2026-09-14-7str-oform-8_48,реестр,4970.team,team,2026-09-14,206,13,6.3,48,0,0,content-2026-09-14-7str-oform-8
nabory264268_01.09_3,журнал,m8t.team,team,2026-09-01,206,13,6.3,36,0,0,nabory264268_01.09
archive37строформленоv2часть1_9,журнал,3372.lol,lol,2026-09-08,206,13,6.3,24,0,0,archive37строформленоv2часть1
Generator_B_novyy_bez_img_372373_1,журнал,4283.team,team,2026-09-04,206,13,6.3,40,0,0,Generator_B_novyy_bez_img_372373
nabory-565-580_16,реестр,4468.team,team,2026-09-16,206,13,6.3,33,0,0,nabory-565-580
Generator_370382_styled_img_4,журнал,0722.team,team,2026-09-05,206,13,6.3,31,0,0,Generator_370382_styled_img
content-2026-09-17b-7str-oform_19,реестр,8069casino.lol,lol,2026-09-18,150,9,6.0,436,0,0,content-2026-09-17b-7str-oform
content-2026-09-17b-7str-oform_16,реестр,6015casino.lol,lol,2026-09-18,150,9,6.0,23,0,0,content-2026-09-17b-7str-oform
content-2026-09-17b-7str-oform_41,реестр,7829.lol,lol,2026-09-18,150,9,6.0,14,0,0,content-2026-09-17b-7str-oform
archive37строформленоv2часть3_4,журнал,n4h1.lol,lol,2026-09-08,206,12,5.8,205,1,0,archive37строформленоv2часть3
archive37строформленоv2часть3_9,журнал,casinoanb.buzz,buzz,2026-09-08,206,12,5.8,42,1,0,archive37строформленоv2часть3
NEW102оформленосдатой_16,журнал,casinoj3.lol,lol,2026-09-11,206,12,5.8,2291,0,0,NEW102оформленосдатой
content-2026-09-15-7str-oform-1_39,реестр,0717.team,team,2026-09-16,206,12,5.8,1113,0,0,content-2026-09-15-7str-oform-1
clean7_part1_50оформлено_27,журнал,5659.team,team,2026-09-11,206,12,5.8,276,0,0,clean7_part1_50оформлено
content-2026-09-15-7str-oform-1_47,реестр,2557.team,team,2026-09-16,206,12,5.8,514,0,0,content-2026-09-15-7str-oform-1
archive37строформленоv2часть1_1,журнал,3743.lol,lol,2026-09-08,206,12,5.8,178,0,0,archive37строформленоv2часть1
Generator_354359_styled_img_1,журнал,8927casino.team,team,2026-09-04,206,12,5.8,352,0,0,Generator_354359_styled_img
archive47_unique119оформленочасть2_11,журнал,pfoi.team,team,2026-09-10,206,12,5.8,168,0,0,archive47_unique119оформленочасть2
archive47_unique119оформленочасть2_13,журнал,6973.team,team,2026-09-10,206,12,5.8,232,0,0,archive47_unique119оформленочасть2
content-2026-09-15-7str-oform-2_25,реестр,8057.team,team,2026-09-16,206,12,5.8,239,0,0,content-2026-09-15-7str-oform-2
имя не восстановлено,—,casino922.lol,lol,2026-09-04,206,12,5.8,194,0,0,
NEW50_3_7pages_withdate_styled_11,журнал,4330.lol,lol,2026-09-03,206,12,5.8,219,0,0,NEW50_3_7pages_withdate_styled
clean12_unique11оформлено_6,журнал,0626.team,team,2026-09-07,206,12,5.8,218,0,0,clean12_unique11оформлено
archive37строформленоv2часть1_11,журнал,5793.lol,lol,2026-09-08,206,12,5.8,174,0,0,archive37строформленоv2часть1
nabory441443_styled_img_3,журнал,tsnb.team,team,2026-09-07,206,12,5.8,184,0,0,nabory441443_styled_img
content-2026-09-12-7str-oform-3_32,журнал,8848.lol,lol,2026-09-13,206,12,5.8,165,0,0,content-2026-09-12-7str-oform-3
content-2026-09-12-7str-oform-1_16,журнал,o0n4.lol,lol,2026-09-12,206,12,5.8,126,0,0,content-2026-09-12-7str-oform-1
archive37строформленоv2часть3_3,журнал,y4s.lol,lol,2026-09-08,206,12,5.8,119,0,0,archive37строформленоv2часть3
archive37строформленоv2часть1_10,журнал,3553.lol,lol,2026-09-08,206,12,5.8,83,0,0,archive37строформленоv2часть1
nabory421425_styled_img_2,журнал,5153.team,team,2026-09-06,206,12,5.8,110,0,0,nabory421425_styled_img
nabory-535-544_styled_img_5,реестр,casinoe8.lol,lol,2026-09-16,206,12,5.8,83,0,0,nabory-535-544_styled_img
NEW21_7pages_nodate_styled_img_2,реестр,qdcasino.lol,lol,2026-09-05,206,12,5.8,75,0,0,NEW21_7pages_nodate_styled_img
Generator_370382_styled_img_1,журнал,4358.team,team,2026-09-05,206,12,5.8,79,0,0,Generator_370382_styled_img
nabory400410_styled_img_6,журнал,0697.team,team,2026-09-06,206,12,5.8,68,0,0,nabory400410_styled_img
content-2026-09-14b-7str-oform-2_4,реестр,788casino.lol,lol,2026-09-17,206,12,5.8,74,0,0,content-2026-09-14b-7str-oform-2
archive37строформленоv2часть3_6,журнал,w7k4.lol,lol,2026-09-10,206,12,5.8,35,0,0,archive37строформленоv2часть3
Generator_354359_styled_img_4,журнал,u9i.team,team,2026-09-04,206,12,5.8,36,0,0,Generator_354359_styled_img
content-2026-09-14b-7str-oform-2_16,реестр,vdvg.lol,lol,2026-09-16,206,12,5.8,34,0,0,content-2026-09-14b-7str-oform-2
nabory400410_styled_img_4,журнал,0778.lol,lol,2026-09-06,206,12,5.8,29,0,0,nabory400410_styled_img
nabory-515-524_styled_img_3,реестр,584casino.team,team,2026-09-14,206,12,5.8,26,0,0,nabory-515-524_styled_img
archive37строформленоv2часть3_9,журнал,0336.lol,lol,2026-09-08,206,11,5.3,1665,0,0,archive37строформленоv2часть3
nabory400410_styled_img_10,журнал,4994.team,team,2026-09-06,206,11,5.3,856,0,0,nabory400410_styled_img
nabory411420_styled_img_4,журнал,9413.team,team,2026-09-06,206,11,5.3,763,0,0,nabory411420_styled_img
archive412_unique12оформлено_11,журнал,elzn.buzz,buzz,2026-09-09,206,11,5.3,515,0,0,archive412_unique12оформлено
content-2026-09-12-7str-oform-3_23,журнал,casinos7.team,team,2026-09-13,206,11,5.3,428,0,0,content-2026-09-12-7str-oform-3
NEW50_3_7pages_withdate_styled_3,журнал,2801.lol,lol,2026-09-03,206,11,5.3,306,0,0,NEW50_3_7pages_withdate_styled
content-2026-09-12-7str-oform-1_28,журнал,tuoa.team,team,2026-09-12,206,11,5.3,321,0,0,content-2026-09-12-7str-oform-1
archive47_unique119оформленочасть1_33,журнал,369casino.team,team,2026-09-10,206,11,5.3,237,0,0,archive47_unique119оформленочасть1
NEW20_7pages_nodate_оформлено_5,журнал,casinok4.team,team,2026-09-07,206,11,5.3,335,0,0,NEW20_7pages_nodate_оформлено
NEW102оформленобездаты_23,журнал,5962.lol,lol,2026-09-11,206,11,5.3,200,0,0,NEW102оформленобездаты
content-2026-09-12-7str-oform-1_13,журнал,7728.team,team,2026-09-12,206,11,5.3,186,0,0,content-2026-09-12-7str-oform-1
content-2026-09-12-7str-oform-2_8,журнал,khev.lol,lol,2026-09-12,206,11,5.3,193,0,0,content-2026-09-12-7str-oform-2
Generator_346353_styled_img_2,журнал,2116.team,team,2026-09-04,206,11,5.3,224,0,0,Generator_346353_styled_img
archive47_unique119оформленочасть2_19,журнал,2518.team,team,2026-09-10,206,11,5.3,156,0,0,archive47_unique119оформленочасть2
имя не восстановлено,—,ubgh.lol,lol,2026-09-04,206,11,5.3,168,0,0,
clean7_part1_50оформлено_22,журнал,casino8189.lol,lol,2026-09-11,206,11,5.3,175,0,0,clean7_part1_50оформлено
content-2026-09-14-7str-oform-8_29,реестр,d7w5.lol,lol,2026-09-15,206,11,5.3,152,0,0,content-2026-09-14-7str-oform-8
archive47_unique119оформленочасть2_14,журнал,casino6206.team,team,2026-09-10,206,11,5.3,82,0,0,archive47_unique119оформленочасть2
имя не восстановлено,—,casinogh.lol,lol,2026-09-04,206,11,5.3,147,0,0,
nabory464466_3,журнал,9147.team,team,2026-09-10,206,11,5.3,122,0,0,nabory464466
content-2026-09-12-7str-oform-2_18,журнал,5740.team,team,2026-09-12,206,11,5.3,87,0,0,content-2026-09-12-7str-oform-2
NEW102оформленобездаты_3,журнал,6524.lol,lol,2026-09-11,206,11,5.3,102,0,0,NEW102оформленобездаты
NEW20_7pages_withdate_оформлено_2,журнал,0147.team,team,2026-09-07,206,11,5.3,117,0,0,NEW20_7pages_withdate_оформлено
Generator_A_staryy_stil_370371_1,журнал,6725.team,team,2026-09-04,206,11,5.3,90,0,0,Generator_A_staryy_stil_370371
Партия A_7,журнал,casino876.team,team,2026-09-04,206,11,5.3,78,0,0,Партия A
script_yandex_12page_12,журнал,casino1109g.casino,casino,2026-09-11,206,11,5.3,35,0,0,script_yandex_12page
archive37строформленоv2часть1_1,журнал,j9s2.buzz,buzz,2026-09-08,206,11,5.3,44,0,0,archive37строформленоv2часть1
content-2026-09-17-7str-oform-2_20,реестр,1490.team,team,2026-09-18,150,8,5.3,79,0,0,content-2026-09-17-7str-oform-2
content-2026-09-14-7str-oform-9_37,реестр,6907.team,team,2026-09-15,206,11,5.3,66,0,0,content-2026-09-14-7str-oform-9
content-2026-09-15-7str-oform-1_14,реестр,casinofdv.lol,lol,2026-09-17,206,11,5.3,70,0,0,content-2026-09-15-7str-oform-1
archive37строформленоv2часть1_4,журнал,kohi.team,team,2026-09-10,206,11,5.3,42,0,0,archive37строформленоv2часть1
content-2026-09-17-7str-oform-2_29,реестр,3089.team,team,2026-09-18,150,8,5.3,51,0,0,content-2026-09-17-7str-oform-2
nabory-581-590_9,реестр,casino2861.team,team,2026-09-17,206,11,5.3,43,0,0,nabory-581-590
archive47_unique119оформленочасть2_22,журнал,oxbh.team,team,2026-09-10,206,11,5.3,31,0,0,archive47_unique119оформленочасть2
nabory-515-524_styled_img_10,реестр,7841casino.team,team,2026-09-14,206,11,5.3,18,0,0,nabory-515-524_styled_img
archive37строформленоv2часть3_11,журнал,z1y.buzz,buzz,2026-09-08,206,11,5.3,25,0,0,archive37строформленоv2часть3
content-2026-09-15-7str-oform-2_14,реестр,74casino.lol,lol,2026-09-16,206,11,5.3,35,0,0,content-2026-09-15-7str-oform-2
nabory400410_styled_img_8,журнал,0934.lol,lol,2026-09-06,206,11,5.3,20,0,0,nabory400410_styled_img
content-2026-09-15-7str-oform-1_37,реестр,ktto.lol,lol,2026-09-17,206,11,5.3,24,0,0,content-2026-09-15-7str-oform-1
content-2026-09-17-7str-oform-2_26,реестр,2753casino.lol,lol,2026-09-18,150,8,5.3,14,0,0,content-2026-09-17-7str-oform-2
nabory-611-620_4,реестр,3829.lol,lol,2026-09-18,150,8,5.3,12,0,0,nabory-611-620
content-2026-09-12-7str-oform-3_1,журнал,x2v4.lol,lol,2026-09-14,206,10,4.9,22,1,0,content-2026-09-12-7str-oform-3
NEW102оформленобездаты_19,журнал,6764.lol,lol,2026-09-11,206,10,4.9,998,0,0,NEW102оформленобездаты
archive47_unique119оформленочасть1_13,журнал,1053.team,team,2026-09-10,206,10,4.9,580,0,0,archive47_unique119оформленочасть1
archive47_unique119оформленочасть2_17,журнал,k9v.team,team,2026-09-10,206,10,4.9,368,0,0,archive47_unique119оформленочасть2
nabory411420_styled_img_1,журнал,casinoli.team,team,2026-09-06,206,10,4.9,547,0,0,nabory411420_styled_img
archive37строформленоv2часть3_16,журнал,744casino.buzz,buzz,2026-09-08,206,10,4.9,201,0,0,archive37строформленоv2часть3
имя не восстановлено,—,lwcasino.lol,lol,2026-09-04,206,10,4.9,352,0,0,
content-2026-09-12-7str-oform-1_26,журнал,casino5829.team,team,2026-09-12,206,10,4.9,335,0,0,content-2026-09-12-7str-oform-1
content-2026-09-14b-7str-oform-2_7,реестр,casinoc9.team,team,2026-09-17,206,10,4.9,303,0,0,content-2026-09-14b-7str-oform-2
content-2026-09-14-7str-oform-9_10,реестр,9882.team,team,2026-09-15,206,10,4.9,233,0,0,content-2026-09-14-7str-oform-9
имя не восстановлено,—,f4w.team,team,2026-09-03,206,10,4.9,67,0,0,
archive47_unique119оформленочасть2_9,журнал,5030.team,team,2026-09-10,206,10,4.9,141,0,0,archive47_unique119оформленочасть2
NEW20_12pages_withdate_styled_img_3,журнал,0409gg.casino,casino,2026-09-04,206,10,4.9,112,0,0,NEW20_12pages_withdate_styled_img
content-2026-09-12-7str-oform-2_35,журнал,8491.team,team,2026-09-12,206,10,4.9,98,0,0,content-2026-09-12-7str-oform-2
content-2026-09-14c-7str-oform-1_10,реестр,casinoqw.lol,lol,2026-09-16,206,10,4.9,74,0,0,content-2026-09-14c-7str-oform-1
имя не восстановлено,—,casinow2.team,team,2026-09-10,206,10,4.9,79,0,0,
content-2026-09-15-12str-oform_3,реестр,8831.team,team,2026-09-17,206,10,4.9,103,0,0,content-2026-09-15-12str-oform
archive47_unique119оформленочасть1_37,журнал,c4e8.team,team,2026-09-10,206,10,4.9,98,0,0,archive47_unique119оформленочасть1
clean7_part1_50оформлено_26,журнал,5523.lol,lol,2026-09-11,206,10,4.9,50,0,0,clean7_part1_50оформлено
nabory436440_styled_img_3,журнал,0765.team,team,2026-09-07,206,10,4.9,88,0,0,nabory436440_styled_img
archive47_unique119оформленочасть2_23,журнал,uzgcasino.team,team,2026-09-10,205,10,4.9,95,0,0,archive47_unique119оформленочасть2
nabory447451_styled_img_4,журнал,1514.lol,lol,2026-09-08,206,10,4.9,98,0,0,nabory447451_styled_img
имя не восстановлено,—,z6z.lol,lol,2026-09-04,206,10,4.9,85,0,0,
NEW21_7pages_withdate_styled_img_2,журнал,0509mm.casino,casino,2026-09-05,206,10,4.9,62,0,0,NEW21_7pages_withdate_styled_img
archive37строформленоv2часть1_6,журнал,8687.lol,lol,2026-09-08,206,10,4.9,76,0,0,archive37строформленоv2часть1
content-2026-09-12-7str-oform-2_27,журнал,5046.team,team,2026-09-12,206,10,4.9,21,0,0,content-2026-09-12-7str-oform-2
Generator_370382_styled_img_9,журнал,81casino.team,team,2026-09-05,206,10,4.9,77,0,0,Generator_370382_styled_img
content-2026-09-12-7str-oform-2_9,журнал,3001.lol,lol,2026-09-12,206,10,4.9,57,0,0,content-2026-09-12-7str-oform-2
Generator_370382_styled_img_10,журнал,9722.team,team,2026-09-05,206,10,4.9,43,0,0,Generator_370382_styled_img
Generator_354359_styled_img_5,журнал,nyfj.team,team,2026-09-04,206,10,4.9,66,0,0,Generator_354359_styled_img
content-2026-09-16-7str_12,реестр,anpl.lol,lol,2026-09-17,206,10,4.9,70,0,0,content-2026-09-16-7str
archive37строформленоv2часть1_2,журнал,7491.lol,lol,2026-09-08,206,10,4.9,52,0,0,archive37строформленоv2часть1
nabory-490-494_styled_img_2,журнал,casino5457.team,team,2026-09-12,206,10,4.9,28,0,0,nabory-490-494_styled_img
Generator_392396_styled_img_2,журнал,8864casino.team,team,2026-09-06,206,10,4.9,53,0,0,Generator_392396_styled_img
archive37строформленоv2часть3_6,журнал,0815.lol,lol,2026-09-08,206,10,4.9,42,0,0,archive37строформленоv2часть3
clean7_part1_50оформлено_47,журнал,l9z.lol,lol,2026-09-08,206,10,4.9,27,0,0,clean7_part1_50оформлено
nabory400410_styled_img_3,журнал,vjkd.lol,lol,2026-09-06,206,10,4.9,42,0,0,nabory400410_styled_img
content-2026-09-14b-7str-oform-1_51,реестр,8514.lol,lol,2026-09-17,206,10,4.9,43,0,0,content-2026-09-14b-7str-oform-1
archive37строформленоv2часть3_7,журнал,5597.lol,lol,2026-09-08,206,10,4.9,17,0,0,archive37строформленоv2часть3
content-2026-09-14b-7str-oform-2_33,реестр,0416.team,team,2026-09-15,206,10,4.9,26,0,0,content-2026-09-14b-7str-oform-2
Generator_A_staryy_stil_370371_2,журнал,4355.team,team,2026-09-04,206,10,4.9,27,0,0,Generator_A_staryy_stil_370371
Generator_385390_styled_img_4,журнал,bvve.team,team,2026-09-05,206,10,4.9,31,0,0,Generator_385390_styled_img
NEW50_3_7pages_nodate_styled_11,журнал,6420.team,team,2026-09-03,206,10,4.9,20,0,0,NEW50_3_7pages_nodate_styled
content-2026-09-14-7str-oform-8_38,реестр,1061.lol,lol,2026-09-14,206,10,4.9,12,0,0,content-2026-09-14-7str-oform-8
nabory431435_styled_img_4,журнал,5954.lol,lol,2026-09-07,206,10,4.9,12,0,0,nabory431435_styled_img
content-2026-09-14-7str-oform-1_18,реестр,662casino.lol,lol,2026-09-15,206,10,4.9,16,0,0,content-2026-09-14-7str-oform-1
nabory-565-580_4,реестр,v5w.lol,lol,2026-09-16,206,10,4.9,17,0,0,nabory-565-580
nabory-611-620_5,реестр,4572.lol,lol,2026-09-18,150,7,4.7,14,0,0,nabory-611-620
content-2026-09-17b-7str-oform_31,реестр,t1g7.lol,lol,2026-09-18,150,7,4.7,12,0,0,content-2026-09-17b-7str-oform
content-2026-09-14-7str-oform-8_27,реестр,q8l4.lol,lol,2026-09-15,206,9,4.4,675,0,0,content-2026-09-14-7str-oform-8
имя не восстановлено,—,0739.team,team,2026-09-10,206,9,4.4,452,0,0,
Generator_354359_styled_img_6,журнал,537casino.team,team,2026-09-04,206,9,4.4,384,0,0,Generator_354359_styled_img
NEW21_12pages_nodate_styled_img_3,журнал,casino0509m.casino,casino,2026-09-05,206,9,4.4,314,0,0,NEW21_12pages_nodate_styled_img
nabory-515-524_styled_img_9,реестр,6996.team,team,2026-09-14,206,9,4.4,456,0,0,nabory-515-524_styled_img
имя не восстановлено,—,casino2552.team,team,2026-09-10,206,9,4.4,218,0,0,
NEW50_3_7pages_nodate_styled_1,журнал,0403.team,team,2026-09-03,206,9,4.4,190,0,0,NEW50_3_7pages_nodate_styled
имя не восстановлено,—,casinosdc.team,team,2026-09-10,206,9,4.4,88,0,0,
archive37строформленоv2часть1_15,журнал,e8k.lol,lol,2026-09-08,206,9,4.4,96,0,0,archive37строформленоv2часть1
archive37строформленоv2часть2_14,журнал,67casino.lol,lol,2026-09-08,206,9,4.4,99,0,0,archive37строформленоv2часть2
nabory-525-534_styled_img_10,реестр,90casino.lol,lol,2026-09-15,206,9,4.4,97,0,0,nabory-525-534_styled_img
archive37строформленоv2часть3_6,журнал,5932.lol,lol,2026-09-08,206,9,4.4,114,0,0,archive37строформленоv2часть3
archive47_unique119оформленочасть2_5,журнал,casinottb.team,team,2026-09-10,206,9,4.4,31,0,0,archive47_unique119оформленочасть2
nabory-591-600_2,реестр,6375.team,team,2026-09-17,206,9,4.4,85,0,0,nabory-591-600
имя не восстановлено,—,0779.team,team,2026-09-10,206,9,4.4,61,0,0,
nabory-495-499_styled_img_5,журнал,casinoj5.lol,lol,2026-09-13,206,9,4.4,14,0,0,nabory-495-499_styled_img
content-2026-09-12-7str-oform-2_29,журнал,8436casino.lol,lol,2026-09-12,206,9,4.4,45,0,0,content-2026-09-12-7str-oform-2
nabory-500-509_styled_img_3,журнал,1163.team,team,2026-09-14,206,9,4.4,47,0,0,nabory-500-509_styled_img
nabory-525-534_styled_img_4,реестр,oqnd.lol,lol,2026-09-15,206,9,4.4,40,0,0,nabory-525-534_styled_img
content-2026-09-14-7str-oform-8_30,реестр,8159.lol,lol,2026-09-15,206,9,4.4,33,0,0,content-2026-09-14-7str-oform-8
content-2026-09-12-7str-oform-1_7,журнал,3508.lol,lol,2026-09-12,206,9,4.4,27,0,0,content-2026-09-12-7str-oform-1
content-2026-09-15-7str-oform-1_26,реестр,6749.lol,lol,2026-09-17,206,9,4.4,42,0,0,content-2026-09-15-7str-oform-1
Партия B_3,журнал,emnc.team,team,2026-09-04,206,9,4.4,26,0,0,Партия B
content-2026-09-15-7str-oform-2_13,реестр,6408.team,team,2026-09-16,206,9,4.4,34,0,0,content-2026-09-15-7str-oform-2
content-2026-09-14b-7str-oform-2_10,реестр,651casino.lol,lol,2026-09-17,206,9,4.4,32,0,0,content-2026-09-14b-7str-oform-2
nabory264268_01.09_1,журнал,32gf.team,team,2026-09-01,206,9,4.4,27,0,0,nabory264268_01.09
archive37строформленоv2часть2_3,журнал,26casino.lol,lol,2026-09-08,206,9,4.4,16,0,0,archive37строформленоv2часть2
NEW20_4_7pages_withdate_4,журнал,bxgi.lol,lol,2026-09-07,206,9,4.4,16,0,0,NEW20_4_7pages_withdate
Content_script_12page_08.09_10,журнал,qwsc.lol,lol,2026-09-08,206,9,4.4,11,0,0,Content_script_12page_08.09
nabory-611-620_3,реестр,casino0752.team,team,2026-09-18,150,6,4.0,159,0,0,nabory-611-620
content-2026-09-17-7str-oform-2_18,реестр,casinov7.lol,lol,2026-09-18,150,6,4.0,53,0,0,content-2026-09-17-7str-oform-2
content-2026-09-17-7str-oform-2_51,реестр,1153.team,team,2026-09-18,150,6,4.0,30,0,0,content-2026-09-17-7str-oform-2
имя не восстановлено,—,1293.team,team,2026-09-10,206,8,3.9,556,0,0,
content-2026-09-14-7str-oform-1_21,реестр,8083.team,team,2026-09-15,206,8,3.9,463,1,0,content-2026-09-14-7str-oform-1
nabory441443_styled_img_1,журнал,9511.team,team,2026-09-07,206,8,3.9,912,0,0,nabory441443_styled_img
nabory-591-600_7,реестр,casino42.lol,lol,2026-09-17,206,8,3.9,578,0,0,nabory-591-600
clean7_part1_50оформлено_17,журнал,2771.lol,lol,2026-09-11,206,8,3.9,312,0,0,clean7_part1_50оформлено
archive47_unique119оформленочасть1_35,журнал,casino5675.team,team,2026-09-10,206,8,3.9,191,0,0,archive47_unique119оформленочасть1
archive47_unique119оформленочасть1_23,журнал,casino84.team,team,2026-09-10,206,8,3.9,52,0,0,archive47_unique119оформленочасть1
clean7_part1_50оформлено_39,журнал,0831.lol,lol,2026-09-11,206,8,3.9,224,0,0,clean7_part1_50оформлено
archive47_unique119оформленочасть1_18,журнал,casino7274.team,team,2026-09-10,206,8,3.9,131,0,0,archive47_unique119оформленочасть1
content-2026-09-12-7str-oform-1_3,журнал,casino1209s.casino,casino,2026-09-12,206,8,3.9,160,0,0,content-2026-09-12-7str-oform-1
content-2026-09-12-7str-oform-3_36,журнал,9765.team,team,2026-09-13,206,8,3.9,255,0,0,content-2026-09-12-7str-oform-3
nabory411420_styled_img_6,журнал,6808.lol,lol,2026-09-06,206,8,3.9,221,0,0,nabory411420_styled_img
content-2026-09-15-7str-oform-2_43,реестр,casinoy1.team,team,2026-09-16,206,8,3.9,148,0,0,content-2026-09-15-7str-oform-2
имя не восстановлено,—,hhfp.team,team,2026-09-10,206,8,3.9,36,0,0,
nabory-581-590_2,реестр,awzt.team,team,2026-09-17,206,8,3.9,196,0,0,nabory-581-590
NEW21_7pages_nodate_styled_img_5,журнал,9090.team,team,2026-09-05,206,8,3.9,180,0,0,NEW21_7pages_nodate_styled_img
content-2026-09-15-7str-oform-2_39,реестр,casinohy.team,team,2026-09-16,206,8,3.9,131,0,0,content-2026-09-15-7str-oform-2
NEW20_7pages_withdate_оформлено_4,журнал,u2b7.team,team,2026-09-07,206,8,3.9,155,0,0,NEW20_7pages_withdate_оформлено
content-2026-09-12-7str-oform-2_12,журнал,7410.team,team,2026-09-12,206,8,3.9,53,0,0,content-2026-09-12-7str-oform-2
archive37строформленоv2часть3_4,журнал,rmpd.buzz,buzz,2026-09-08,206,8,3.9,139,0,0,archive37строформленоv2часть3
content-2026-09-16-7str_13,реестр,lkcasino.lol,lol,2026-09-17,206,8,3.9,146,0,0,content-2026-09-16-7str
archive37строформленоv2часть1_10,журнал,843casino.team,team,2026-09-11,206,8,3.9,74,0,0,archive37строформленоv2часть1
content-2026-09-12-7str-oform-1_23,журнал,hfhf.team,team,2026-09-12,206,8,3.9,46,0,0,content-2026-09-12-7str-oform-1
content-2026-09-12-7str-oform-3_2,журнал,casinot0.lol,lol,2026-09-14,206,8,3.9,57,0,0,content-2026-09-12-7str-oform-3
content-2026-09-14b-7str-oform-2_8,реестр,casino5308.team,team,2026-09-17,206,8,3.9,60,0,0,content-2026-09-14b-7str-oform-2
имя не восстановлено,—,8730.lol,lol,2026-09-02,206,8,3.9,28,0,0,
Content_script_12page_08.09_2,журнал,5076.team,team,2026-09-08,206,8,3.9,38,0,0,Content_script_12page_08.09
nabory-515-524_styled_img_8,реестр,5494.team,team,2026-09-14,206,8,3.9,21,0,0,nabory-515-524_styled_img
content-2026-09-14-7str-oform-8_36,реестр,1054.lol,lol,2026-09-14,206,8,3.9,31,0,0,content-2026-09-14-7str-oform-8
NEW102оформленобездаты_30,журнал,htqr.team,team,2026-09-12,206,8,3.9,24,0,0,NEW102оформленобездаты
clean7_part1_50оформлено_38,журнал,mscasino.lol,lol,2026-09-11,206,8,3.9,32,0,0,clean7_part1_50оформлено
degtyarnya_1_1,журнал,u4f5.team,team,2026-09-05,206,8,3.9,15,0,0,degtyarnya_1
content-2026-09-15-7str-oform-1_5,реестр,casino04.team,team,2026-09-17,206,8,3.9,33,0,0,content-2026-09-15-7str-oform-1
clean7_part1_50оформлено_48,журнал,5307.lol,lol,2026-09-08,206,8,3.9,16,0,0,clean7_part1_50оформлено
archive37строформленоv2часть1_4,журнал,3945.lol,lol,2026-09-08,206,8,3.9,18,0,0,archive37строформленоv2часть1
nabory-525-534_styled_img_6,реестр,5638casino.lol,lol,2026-09-15,206,8,3.9,18,0,0,nabory-525-534_styled_img
content-2026-09-12-7str-oform-2_17,журнал,vngr.team,team,2026-09-12,206,8,3.9,16,0,0,content-2026-09-12-7str-oform-2
content-2026-09-15-7str-oform-1_10,реестр,hhal.lol,lol,2026-09-17,206,8,3.9,19,0,0,content-2026-09-15-7str-oform-1
archive47_unique119оформленочасть1_32,журнал,2894.team,team,2026-09-10,206,8,3.9,12,0,0,archive47_unique119оформленочасть1
content-2026-09-14-7str-oform-1_2,реестр,8325.lol,lol,2026-09-15,206,8,3.9,16,0,0,content-2026-09-14-7str-oform-1
nabory-591-600_9,реестр,kdjm.lol,lol,2026-09-17,206,8,3.9,16,0,0,nabory-591-600
content-2026-09-12-7str-oform-2_10,журнал,378casino.team,team,2026-09-12,206,7,3.4,830,0,0,content-2026-09-12-7str-oform-2
archive37строформленоv2часть1_3,журнал,9726.team,team,2026-09-11,206,7,3.4,601,0,0,archive37строформленоv2часть1
nabory-495-499_styled_img_4,журнал,tccasino.team,team,2026-09-13,206,7,3.4,351,0,0,nabory-495-499_styled_img
имя не восстановлено,—,8988.team,team,2026-09-10,206,7,3.4,281,0,0,
archive37строформленоv2часть1_8,журнал,casinor7.team,team,2026-09-11,206,7,3.4,234,0,0,archive37строформленоv2часть1
Generator_385390_styled_img_6,журнал,3284.lol,lol,2026-09-05,206,7,3.4,224,0,0,Generator_385390_styled_img
content-2026-09-12-7str-oform-1_34,журнал,tiff.team,team,2026-09-12,206,7,3.4,165,0,0,content-2026-09-12-7str-oform-1
content-2026-09-12-7str-oform-3_27,журнал,casinoqqo.team,team,2026-09-13,206,7,3.4,115,0,0,content-2026-09-12-7str-oform-3
archive47_unique119оформленочасть2_4,журнал,casinoq6.team,team,2026-09-10,206,7,3.4,69,0,0,archive47_unique119оформленочасть2
archive47_unique119оформленочасть2_12,журнал,casinopo.team,team,2026-09-10,206,7,3.4,28,0,0,archive47_unique119оформленочасть2
content-2026-09-12-7str-oform-1_33,журнал,u5k4.team,team,2026-09-12,206,7,3.4,40,0,0,content-2026-09-12-7str-oform-1
archive37строформленоv2часть3_3,журнал,ptcasino.buzz,buzz,2026-09-08,206,7,3.4,59,0,0,archive37строформленоv2часть3
Партия A_10,журнал,bvve.lol,lol,2026-09-04,206,7,3.4,32,0,0,Партия A
clean7_part1_50оформлено_30,журнал,kpkl.casino,casino,2026-09-11,206,7,3.4,38,0,0,clean7_part1_50оформлено
archive37строформленоv2часть2_19,журнал,arhd.buzz,buzz,2026-09-08,206,7,3.4,41,0,0,archive37строформленоv2часть2
archive47_unique119оформленочасть1_17,журнал,6985.team,team,2026-09-10,206,7,3.4,35,0,0,archive47_unique119оформленочасть1
Generator_B_novyy_bez_img_372373_2,журнал,casino814.team,team,2026-09-04,206,7,3.4,38,0,0,Generator_B_novyy_bez_img_372373
Выдача_06.09_12стр_7,журнал,ixkf.lol,lol,2026-09-07,206,7,3.4,41,0,0,Выдача_06.09_12стр
archive37строформленоv2часть2_20,журнал,26casino.buzz,buzz,2026-09-08,206,7,3.4,40,0,0,archive37строформленоv2часть2
archive47_unique119оформленочасть1_14,журнал,1413.team,team,2026-09-10,206,7,3.4,25,0,0,archive47_unique119оформленочасть1
имя не восстановлено,—,hfkg.team,team,2026-09-10,206,7,3.4,27,0,0,
content-2026-09-15-7str-oform-1_27,реестр,3093casino.lol,lol,2026-09-17,206,7,3.4,41,0,0,content-2026-09-15-7str-oform-1
content-2026-09-12-7str-oform-1_14,журнал,1970.team,team,2026-09-12,206,7,3.4,28,0,0,content-2026-09-12-7str-oform-1
nabory-490-494_styled_img_4,журнал,5562.team,team,2026-09-12,206,7,3.4,18,0,0,nabory-490-494_styled_img
content-2026-09-14b-7str-oform-2_6,реестр,pkbh.team,team,2026-09-17,206,7,3.4,34,0,0,content-2026-09-14b-7str-oform-2
nabory-500-509_styled_img_5,журнал,hhfr.team,team,2026-09-14,206,7,3.4,26,0,0,nabory-500-509_styled_img
content-2026-09-14-7str-oform-1_20,реестр,8380.team,team,2026-09-15,206,7,3.4,20,0,0,content-2026-09-14-7str-oform-1
имя не восстановлено,—,8405.team,team,2026-09-12,206,7,3.4,11,0,0,
archive37строформленоv2часть3_2,журнал,xoys.buzz,buzz,2026-09-08,206,7,3.4,19,0,0,archive37строформленоv2часть3
content-2026-09-14-7str-oform-1_22,реестр,3989.team,team,2026-09-15,206,7,3.4,24,0,0,content-2026-09-14-7str-oform-1
content-2026-09-15-7str-oform-1_21,реестр,6297.lol,lol,2026-09-17,206,7,3.4,24,0,0,content-2026-09-15-7str-oform-1
archive37строформленоv2часть1_9,журнал,ldwg.buzz,buzz,2026-09-08,206,7,3.4,19,0,0,archive37строформленоv2часть1
NEW20_7pages_withdate_styled_img_2,журнал,0409hh.casino,casino,2026-09-04,206,7,3.4,18,0,0,NEW20_7pages_withdate_styled_img
nabory-525-534_styled_img_1,реестр,0652.team,team,2026-09-15,206,7,3.4,16,0,0,nabory-525-534_styled_img
Generator_346353_styled_img_3,журнал,1191.team,team,2026-09-04,206,7,3.4,10,0,0,Generator_346353_styled_img
Generator_370382_styled_img_8,журнал,2352.team,team,2026-09-05,206,7,3.4,12,0,0,Generator_370382_styled_img
archive37строформленоv2часть2_13,журнал,casinoa9.buzz,buzz,2026-09-08,206,7,3.4,9,0,0,archive37строформленоv2часть2
nabory-611-620_10,реестр,3655.lol,lol,2026-09-17,206,7,3.4,9,0,0,nabory-611-620
content-2026-09-17-7str-oform-2_53,реестр,casinoiho.lol,lol,2026-09-18,150,5,3.3,58,0,0,content-2026-09-17-7str-oform-2
content-2026-09-14b-7str-oform-1_33,реестр,zodd.lol,lol,2026-09-18,150,5,3.3,22,0,0,content-2026-09-14b-7str-oform-1
content-2026-09-16-7str_2,реестр,qwzn.lol,lol,2026-09-18,150,5,3.3,11,0,0,content-2026-09-16-7str
NEW102оформленосдатой_13,журнал,casino604.team,team,2026-09-11,206,6,2.9,936,0,0,NEW102оформленосдатой
archive37строформленоv2часть1_2,журнал,gngv.lol,lol,2026-09-11,206,6,2.9,253,0,0,archive37строформленоv2часть1
content-2026-09-12-7str-oform-3_20,журнал,casinou1.team,team,2026-09-13,206,6,2.9,293,0,0,content-2026-09-12-7str-oform-3
content-2026-09-12-7str-oform-2_1,журнал,casino4614.team,team,2026-09-12,206,6,2.9,100,0,0,content-2026-09-12-7str-oform-2
NEW102оформленобездаты_17,журнал,casino2049.lol,lol,2026-09-11,206,6,2.9,149,0,0,NEW102оформленобездаты
NEW20_4_7pages_nodate_5,журнал,casino072.lol,lol,2026-09-07,206,6,2.9,177,0,0,NEW20_4_7pages_nodate
content-2026-09-12-7str-oform-1_19,журнал,1373.lol,lol,2026-09-12,206,6,2.9,99,0,0,content-2026-09-12-7str-oform-1
archive47_unique119оформленочасть1_21,журнал,1038.team,team,2026-09-10,206,6,2.9,61,0,0,archive47_unique119оформленочасть1
Партия A_4,журнал,casino01.team,team,2026-09-04,206,6,2.9,124,0,0,Партия A
имя не восстановлено,—,qlcasino.lol,lol,2026-09-04,206,6,2.9,117,0,0,
nabory-581-590_1,реестр,9426.team,team,2026-09-17,206,6,2.9,98,0,0,nabory-581-590
archive47_unique119оформленочасть2_21,журнал,hjpi.team,team,2026-09-10,206,6,2.9,52,0,0,archive47_unique119оформленочасть2
content-2026-09-12-7str-oform-3_28,журнал,gqfw.lol,lol,2026-09-13,206,6,2.9,27,0,0,content-2026-09-12-7str-oform-3
content-2026-09-12-7str-oform-2_6,журнал,022casino.team,team,2026-09-12,206,6,2.9,63,0,0,content-2026-09-12-7str-oform-2
archive37строформленоv2часть3_5,журнал,gsbe.lol,lol,2026-09-08,206,6,2.9,49,0,0,archive37строформленоv2часть3
archive47_unique119оформленочасть1_34,журнал,8292.team,team,2026-09-10,206,6,2.9,29,0,0,archive47_unique119оформленочасть1
archive47_unique119оформленочасть1_31,журнал,casino29.team,team,2026-09-10,206,6,2.9,41,0,0,archive47_unique119оформленочасть1
archive37строформленоv2часть1_5,журнал,4944.lol,lol,2026-09-08,206,6,2.9,33,0,0,archive37строформленоv2часть1
archive37строформленоv2часть1_7,журнал,lwta.buzz,buzz,2026-09-08,206,6,2.9,39,0,0,archive37строформленоv2часть1
content-2026-09-12-7str-oform-2_36,журнал,6581casino.team,team,2026-09-12,206,6,2.9,27,0,0,content-2026-09-12-7str-oform-2
имя не восстановлено,—,dpcasino.lol,lol,2026-09-04,206,6,2.9,41,0,0,
content-2026-09-12-7str-oform-3_13,журнал,p7x7.team,team,2026-09-13,206,6,2.9,40,0,0,content-2026-09-12-7str-oform-3
archive37строформленоv2часть3_7,журнал,casinobo.buzz,buzz,2026-09-08,206,6,2.9,12,0,0,archive37строформленоv2часть3
archive37строформленоv2часть2_6,журнал,casinoz2.buzz,buzz,2026-09-08,206,6,2.9,12,0,0,archive37строформленоv2часть2
имя не восстановлено,—,1209m.casino,casino,2026-09-12,206,6,2.9,19,0,0,
archive37строформленоv2часть1_5,журнал,casinoa9.lol,lol,2026-09-08,206,6,2.9,32,0,0,archive37строформленоv2часть1
nabor391_1_1,журнал,4693.team,team,2026-09-05,206,6,2.9,20,0,0,nabor391_1
clean7_part1_50оформлено_19,журнал,y1n.lol,lol,2026-09-11,206,6,2.9,20,0,0,clean7_part1_50оформлено
archive37строформленоv2часть2_11,журнал,5126.buzz,buzz,2026-09-08,206,6,2.9,14,0,0,archive37строформленоv2часть2
имя не восстановлено,—,lcdj.lol,lol,2026-09-04,206,6,2.9,29,0,0,
Партия B_2,журнал,casinoprb.team,team,2026-09-04,206,6,2.9,31,0,0,Партия B
nabory455457_styled_img_3,журнал,casino91.lol,lol,2026-09-09,206,6,2.9,18,0,0,nabory455457_styled_img
content-2026-09-14-7str-oform-8_45,реестр,7412.team,team,2026-09-14,206,6,2.9,17,0,0,content-2026-09-14-7str-oform-8
archive37строформленоv2часть2_13,журнал,d3x2.lol,lol,2026-09-08,206,6,2.9,18,0,0,archive37строформленоv2часть2
NEW21_7pages_nodate_styled_img_3,журнал,lvqv.team,team,2026-09-05,206,6,2.9,13,0,0,NEW21_7pages_nodate_styled_img
content-2026-09-12-7str-oform-2_40,журнал,oopf.team,team,2026-09-12,206,6,2.9,7,0,0,content-2026-09-12-7str-oform-2
nabory-490-494_styled_img_3,журнал,casino5463.team,team,2026-09-12,206,6,2.9,17,0,0,nabory-490-494_styled_img
clean7_part1_50оформлено_32,журнал,1819.lol,lol,2026-09-11,206,6,2.9,17,0,0,clean7_part1_50оформлено
content-2026-09-15-7str-oform-2_12,реестр,ozts.lol,lol,2026-09-16,206,6,2.9,24,0,0,content-2026-09-15-7str-oform-2
archive37строформленоv2часть2_5,журнал,casinoqu.buzz,buzz,2026-09-08,206,6,2.9,11,0,0,archive37строформленоv2часть2
clean7_part1_50оформлено_15,журнал,casinoycm.team,team,2026-09-11,206,6,2.9,10,0,0,clean7_part1_50оформлено
content-2026-09-12-7str-oform-2_38,журнал,rplcasino.lol,lol,2026-09-12,206,6,2.9,8,0,0,content-2026-09-12-7str-oform-2
nabory-601-610_6,реестр,lvma.lol,lol,2026-09-17,206,6,2.9,22,0,0,nabory-601-610
Generator_385390_styled_img_5,журнал,9055.team,team,2026-09-05,206,6,2.9,17,0,0,Generator_385390_styled_img
nabory-601-610_1,реестр,casinow7.team,team,2026-09-17,206,6,2.9,16,0,0,nabory-601-610
Generator_354359_styled_img_3,журнал,1368.team,team,2026-09-04,206,6,2.9,9,0,0,Generator_354359_styled_img
NEW102оформленобездаты_12,журнал,tapz.casino,casino,2026-09-11,206,6,2.9,9,0,0,NEW102оформленобездаты
Generator_385390_styled_img_2,журнал,casinoopk.team,team,2026-09-05,206,6,2.9,11,0,0,Generator_385390_styled_img
content-2026-09-12-7str-oform-3_38,журнал,0427.lol,lol,2026-09-13,206,6,2.9,9,0,0,content-2026-09-12-7str-oform-3
content-2026-09-12-12str-oform_1,журнал,qwmt.lol,lol,2026-09-14,206,6,2.9,9,0,0,content-2026-09-12-12str-oform
content-2026-09-15-7str-oform-1_8,реестр,7383.lol,lol,2026-09-17,206,6,2.9,7,0,0,content-2026-09-15-7str-oform-1
content-2026-09-17b-7str-oform_15,реестр,0858.lol,lol,2026-09-18,150,4,2.7,167,0,0,content-2026-09-17b-7str-oform
content-2026-09-17-7str-oform-2_22,реестр,casinoz3.lol,lol,2026-09-18,150,4,2.7,8,0,0,content-2026-09-17-7str-oform-2
content-2026-09-17-7str-oform-2_23,реестр,8959.lol,lol,2026-09-18,150,4,2.7,5,0,0,content-2026-09-17-7str-oform-2
nabory464466_1,журнал,6591.team,team,2026-09-10,206,5,2.4,946,0,0,nabory464466
nabory455457_styled_img_1,журнал,4945casino.lol,lol,2026-09-09,206,5,2.4,382,0,0,nabory455457_styled_img
имя не восстановлено,—,casinoprb.lol,lol,2026-09-04,206,5,2.4,284,0,0,
script_yandex_12page_2,журнал,1109cas.casino,casino,2026-09-11,206,5,2.4,249,0,0,script_yandex_12page
NEW20_3_7pages_withdate_styled_img_1,журнал,casino0962.team,team,2026-09-06,206,5,2.4,270,0,0,NEW20_3_7pages_withdate_styled_img
content-2026-09-12-7str-oform-1_6,журнал,hdvg.casino,casino,2026-09-12,206,5,2.4,181,0,0,content-2026-09-12-7str-oform-1
content-2026-09-14-7str-oform-8_47,реестр,9085.team,team,2026-09-14,206,5,2.4,199,0,0,content-2026-09-14-7str-oform-8
content-2026-09-15-7str-oform-1_19,реестр,6839.lol,lol,2026-09-17,206,5,2.4,168,0,0,content-2026-09-15-7str-oform-1
NEW20_4_7pages_nodate_1,журнал,casinowuf.team,team,2026-09-07,206,5,2.4,138,0,0,NEW20_4_7pages_nodate
archive37строформленоv2часть2_1,журнал,135casino.buzz,buzz,2026-09-08,206,5,2.4,151,0,0,archive37строформленоv2часть2
archive47_unique119оформленочасть2_10,журнал,5402.team,team,2026-09-10,206,5,2.4,70,0,0,archive47_unique119оформленочасть2
archive47_unique119оформленочасть1_19,журнал,jbyp.team,team,2026-09-10,206,5,2.4,89,0,0,archive47_unique119оформленочасть1
content-2026-09-12-7str-oform-2_39,журнал,evcasino.team,team,2026-09-12,206,5,2.4,51,0,0,content-2026-09-12-7str-oform-2
content-2026-09-12-7str-oform-2_5,журнал,vitt.lol,lol,2026-09-12,206,5,2.4,52,0,0,content-2026-09-12-7str-oform-2
NEW20_7pages_withdate_styled_img_3,журнал,0409ss.casino,casino,2026-09-04,206,5,2.4,40,0,0,NEW20_7pages_withdate_styled_img
content-2026-09-12-7str-oform-2_3,журнал,4489.lol,lol,2026-09-12,206,5,2.4,35,0,0,content-2026-09-12-7str-oform-2
nabory-525-534_styled_img_9,реестр,7114casino.lol,lol,2026-09-15,206,5,2.4,26,0,0,nabory-525-534_styled_img
content-2026-09-15-7str-oform-1_44,реестр,9758.team,team,2026-09-17,206,5,2.4,32,0,0,content-2026-09-15-7str-oform-1
NEW102оформленобездаты_16,журнал,casinoqi.team,team,2026-09-11,206,5,2.4,11,0,0,NEW102оформленобездаты
archive37строформленоv2часть1_2,журнал,5205.lol,lol,2026-09-08,205,5,2.4,22,0,0,archive37строформленоv2часть1
archive47_unique119оформленочасть1_36,журнал,luts.team,team,2026-09-10,206,5,2.4,20,0,0,archive47_unique119оформленочасть1
clean7_part1_50оформлено_50,журнал,xret.lol,lol,2026-09-08,206,5,2.4,8,0,0,clean7_part1_50оформлено
content-2026-09-12-7str-oform-1_10,журнал,2532.team,team,2026-09-12,206,5,2.4,16,0,0,content-2026-09-12-7str-oform-1
content-2026-09-12-7str-oform-3_16,журнал,t6n1.team,team,2026-09-13,206,5,2.4,18,0,0,content-2026-09-12-7str-oform-3
имя не восстановлено,—,9090.lol,lol,2026-09-04,206,5,2.4,15,0,0,
archive37строформленоv2часть2_8,журнал,0811.lol,lol,2026-09-08,206,5,2.4,8,0,0,archive37строформленоv2часть2
имя не восстановлено,—,ukfw.lol,lol,2026-09-04,206,5,2.4,17,0,0,
content-2026-09-12-7str-oform-3_14,журнал,e6c.team,team,2026-09-13,206,5,2.4,6,0,0,content-2026-09-12-7str-oform-3
content-2026-09-12-7str-oform-1_3,журнал,5377.lol,lol,2026-09-14,206,5,2.4,12,0,0,content-2026-09-12-7str-oform-1
nabory264268_01.09_1_1,журнал,m7s3.team,team,2026-09-04,206,5,2.4,6,0,0,nabory264268_01.09_1
archive37строформленоv2часть1_13,журнал,l6j.buzz,buzz,2026-09-08,206,5,2.4,8,0,0,archive37строформленоv2часть1
NEW102оформленосдатой_8,журнал,ywm.lol,lol,2026-09-11,206,5,2.4,9,0,0,NEW102оформленосдатой
nabory-601-610_3,реестр,m0w5.team,team,2026-09-17,206,5,2.4,13,0,0,nabory-601-610
nabory447451_styled_img_2,журнал,w8h.lol,lol,2026-09-08,206,5,2.4,8,0,0,nabory447451_styled_img
content-2026-09-12-7str-oform-1_36,журнал,uqg.lol,lol,2026-09-12,206,5,2.4,10,0,0,content-2026-09-12-7str-oform-1
content-2026-09-15-7str-oform-1_18,реестр,bkny.team,team,2026-09-17,206,5,2.4,10,0,0,content-2026-09-15-7str-oform-1
nabory-525-534_styled_img_8,реестр,0592.team,team,2026-09-15,206,5,2.4,6,0,0,nabory-525-534_styled_img
content-2026-09-14b-7str-oform-1_41,реестр,0887.lol,lol,2026-09-17,206,5,2.4,6,0,0,content-2026-09-14b-7str-oform-1
content-2026-09-12-7str-oform-1_8,журнал,2273.team,team,2026-09-12,205,4,2.0,13,0,0,content-2026-09-12-7str-oform-1
content-2026-09-17-7str-oform-2_14,реестр,7569.lol,lol,2026-09-18,150,3,2.0,4,0,0,content-2026-09-17-7str-oform-2
archive47_unique119оформленочасть2_24,журнал,o6q.team,team,2026-09-10,206,4,1.9,972,0,0,archive47_unique119оформленочасть2
clean7_part1_50оформлено_21,журнал,7342.lol,lol,2026-09-11,206,4,1.9,195,0,0,clean7_part1_50оформлено
content-2026-09-12-7str-oform-1_30,журнал,8347.team,team,2026-09-12,206,4,1.9,183,0,0,content-2026-09-12-7str-oform-1
content-2026-09-14b-7str-oform-2_1,реестр,casinoc7.team,team,2026-09-17,206,4,1.9,192,0,0,content-2026-09-14b-7str-oform-2
archive37строформленоv2часть3_3,журнал,casinocvq.team,team,2026-09-10,206,4,1.9,151,0,0,archive37строформленоv2часть3
archive37строформленоv2часть1_8,журнал,7415.lol,lol,2026-09-08,206,4,1.9,111,0,0,archive37строформленоv2часть1
nabory-495-499_styled_img_2,журнал,xpph.team,team,2026-09-13,206,4,1.9,120,0,0,nabory-495-499_styled_img
content-2026-09-12-7str-oform-1_15,журнал,casino806.lol,lol,2026-09-12,206,4,1.9,56,0,0,content-2026-09-12-7str-oform-1
nabory-500-509_styled_img_10,журнал,3155.team,team,2026-09-14,206,4,1.9,73,0,0,nabory-500-509_styled_img
content-2026-09-14b-7str-oform-1_30,реестр,casino423.lol,lol,2026-09-17,206,4,1.9,65,0,0,content-2026-09-14b-7str-oform-1
Generator_385390_styled_img_3,журнал,casinozfa.team,team,2026-09-05,206,4,1.9,66,0,0,Generator_385390_styled_img
Generator_346353_styled_img_6,журнал,casino79.team,team,2026-09-04,206,4,1.9,33,0,0,Generator_346353_styled_img
имя не восстановлено,—,casinoq2.team,team,2026-09-10,206,4,1.9,37,0,0,
nabory-500-509_styled_img_8,журнал,pocasino.team,team,2026-09-14,206,4,1.9,26,0,0,nabory-500-509_styled_img
archive37строформленоv2часть2_6,журнал,g7u.buzz,buzz,2026-09-08,206,4,1.9,16,0,0,archive37строформленоv2часть2
имя не восстановлено,—,casino0962.lol,lol,2026-09-04,206,4,1.9,16,0,0,
content-2026-09-12-7str-oform-3_8,журнал,casinox5.lol,lol,2026-09-14,206,4,1.9,14,0,0,content-2026-09-12-7str-oform-3
Generator_370382_styled_img_11,журнал,epfy.team,team,2026-09-05,206,4,1.9,11,0,0,Generator_370382_styled_img
archive37строформленоv2часть2_17,журнал,d3x2.buzz,buzz,2026-09-08,206,4,1.9,5,0,0,archive37строформленоv2часть2
nabory-515-524_styled_img_6,реестр,casinof8.team,team,2026-09-15,206,4,1.9,14,0,0,nabory-515-524_styled_img
script_yandex_12page_14,журнал,1209sg.casino,casino,2026-09-12,206,4,1.9,7,0,0,script_yandex_12page
Партия A_3,журнал,ukfw.team,team,2026-09-04,206,4,1.9,5,0,0,Партия A
archive37строформленоv2часть3_14,журнал,0496.lol,lol,2026-09-08,206,4,1.9,5,0,0,archive37строформленоv2часть3
content-2026-09-14-12str-oform_15,реестр,2138.team,team,2026-09-14,206,4,1.9,8,0,0,content-2026-09-14-12str-oform
имя не восстановлено,—,xycasino.lol,lol,2026-09-04,206,4,1.9,8,0,0,
content-2026-09-14-7str-oform-9_29,реестр,6393.team,team,2026-09-15,206,4,1.9,10,0,0,content-2026-09-14-7str-oform-9
script_yandex_12page_5_5,журнал,8367.lol,lol,2026-09-11,206,4,1.9,7,0,0,script_yandex_12page_5
content-2026-09-12-7str-oform-3_4,журнал,2494.lol,lol,2026-09-14,206,4,1.9,5,0,0,content-2026-09-12-7str-oform-3
content-2026-09-14-7str-oform-8_41,реестр,689casino.lol,lol,2026-09-14,206,4,1.9,5,0,0,content-2026-09-14-7str-oform-8
content-2026-09-15-7str-oform-1_25,реестр,casinorvx.team,team,2026-09-17,206,4,1.9,5,0,0,content-2026-09-15-7str-oform-1
имя не восстановлено,—,casinoybc.team,team,2026-09-10,206,3,1.5,107,0,0,
archive37строформленоv2часть3_5,журнал,6249casino.lol,lol,2026-09-08,206,3,1.5,269,0,0,archive37строформленоv2часть3
archive47_unique119оформленочасть2_8,журнал,7740.team,team,2026-09-10,206,3,1.5,87,0,0,archive47_unique119оформленочасть2
archive37строформленоv2часть1_1,журнал,npcasino.lol,lol,2026-09-11,206,3,1.5,66,0,0,archive37строформленоv2часть1
content-2026-09-14b-7str-oform-2_47,реестр,5211.team,team,2026-09-15,206,3,1.5,82,0,0,content-2026-09-14b-7str-oform-2
archive37строформленоv2часть3_15,журнал,mpnw.lol,lol,2026-09-08,206,3,1.5,82,0,0,archive37строформленоv2часть3
Партия B_5,журнал,lvqv.lol,lol,2026-09-04,206,3,1.5,71,0,0,Партия B
content-2026-09-12-7str-oform-1_27,журнал,4253.team,team,2026-09-12,206,3,1.5,22,0,0,content-2026-09-12-7str-oform-1
archive37строформленоv2часть3_9,журнал,4946.team,team,2026-09-10,206,3,1.5,10,0,0,archive37строформленоv2часть3
archive37строформленоv2часть2_15,журнал,xxlx.buzz,buzz,2026-09-08,206,3,1.5,52,0,0,archive37строформленоv2часть2
NEW50_3_7pages_withdate_styled_7,журнал,6420.lol,lol,2026-09-03,206,3,1.5,46,0,0,NEW50_3_7pages_withdate_styled
content-2026-09-12-7str-oform-1_22,журнал,0784.team,team,2026-09-12,206,3,1.5,3,0,0,content-2026-09-12-7str-oform-1
nabory455457_styled_img_2,журнал,casino6629.lol,lol,2026-09-09,206,3,1.5,14,0,0,nabory455457_styled_img
Generator_370382_styled_img_2,журнал,9699.team,team,2026-09-05,206,3,1.5,27,0,0,Generator_370382_styled_img
archive47_unique119оформленочасть1_20,журнал,tgga.team,team,2026-09-10,206,3,1.5,30,0,0,archive47_unique119оформленочасть1
nabory-510-514_styled_img_2,журнал,casinostt.team,team,2026-09-14,206,3,1.5,30,0,0,nabory-510-514_styled_img
NEW21_7pages_withdate_styled_img_1,журнал,0509d.casino,casino,2026-09-05,206,3,1.5,10,0,0,NEW21_7pages_withdate_styled_img
archive37строформленоv2часть1_8,журнал,casinoqu.lol,lol,2026-09-08,206,3,1.5,7,0,0,archive37строформленоv2часть1
Generator_370382_styled_img_13,журнал,vilx.team,team,2026-09-05,206,3,1.5,9,0,0,Generator_370382_styled_img
archive37строформленоv2часть2_1,журнал,0658.lol,lol,2026-09-08,206,3,1.5,6,0,0,archive37строформленоv2часть2
content-2026-09-16-7str_36,реестр,6106.lol,lol,2026-09-17,206,3,1.5,14,0,0,content-2026-09-16-7str
content-2026-09-12-7str-oform-2_31,журнал,5076casino.lol,lol,2026-09-12,206,3,1.5,6,0,0,content-2026-09-12-7str-oform-2
Generator_370382_styled_img_6,журнал,casino4623.team,team,2026-09-05,206,3,1.5,12,0,0,Generator_370382_styled_img
имя не восстановлено,—,0902.team,team,2026-09-12,206,3,1.5,6,0,0,
archive47_unique119оформленочасть1_16,журнал,63casino.team,team,2026-09-10,206,3,1.5,6,0,0,archive47_unique119оформленочасть1
content-2026-09-12-7str-oform-1_29,журнал,8374casino.lol,lol,2026-09-12,206,3,1.5,4,0,0,content-2026-09-12-7str-oform-1
content-2026-09-12-7str-oform-3_3,журнал,9766.lol,lol,2026-09-14,206,3,1.5,7,0,0,content-2026-09-12-7str-oform-3
content-2026-09-14-12str-oform_14,реестр,9237.team,team,2026-09-14,206,3,1.5,5,0,0,content-2026-09-14-12str-oform
archive37строформленоv2часть2_20,журнал,vfra.lol,lol,2026-09-08,206,3,1.5,4,0,0,archive37строформленоv2часть2
archive47_unique119оформленочасть1_38,журнал,0491.team,team,2026-09-10,206,3,1.5,5,0,0,archive47_unique119оформленочасть1
content-2026-09-15-7str-oform-1_41,реестр,0141.lol,lol,2026-09-16,206,3,1.5,7,0,0,content-2026-09-15-7str-oform-1
nabory-510-514_styled_img_3,журнал,5894.team,team,2026-09-14,205,3,1.5,4,0,0,nabory-510-514_styled_img
content-2026-09-14b-7str-oform-1_49,реестр,casino0469.lol,lol,2026-09-17,206,3,1.5,5,0,0,content-2026-09-14b-7str-oform-1
content-2026-09-16-12str_6,реестр,nzbcasino.team,team,2026-09-17,206,3,1.5,4,0,0,content-2026-09-16-12str
archive47_unique119оформленочасть1_30,журнал,7761.team,team,2026-09-10,206,3,1.5,3,0,0,archive47_unique119оформленочасть1
content-2026-09-16-7str_7,реестр,y0e7.lol,lol,2026-09-18,150,2,1.3,7,0,0,content-2026-09-16-7str
content-2026-09-16-7str_5,реестр,ihkx.lol,lol,2026-09-18,150,2,1.3,5,0,0,content-2026-09-16-7str
nabory-611-620_1,реестр,casinoydl.team,team,2026-09-18,150,2,1.3,4,0,0,nabory-611-620
content-2026-09-17-7str-oform-2_50,реестр,7694.team,team,2026-09-18,150,2,1.3,4,0,0,content-2026-09-17-7str-oform-2
clean7_part1_50оформлено_25,журнал,uyqcasino.team,team,2026-09-11,206,2,1.0,14,1,0,clean7_part1_50оформлено
archive37строформленоv2часть2_12,журнал,d1n1.buzz,buzz,2026-09-08,206,2,1.0,269,0,0,archive37строформленоv2часть2
archive37строформленоv2часть1_12,журнал,sppj.lol,lol,2026-09-11,206,2,1.0,65,0,0,archive37строформленоv2часть1
archive37строформленоv2часть2_2,журнал,uakcasino.buzz,buzz,2026-09-08,206,2,1.0,3,0,0,archive37строформленоv2часть2
archive37строформленоv2часть3_2,журнал,casino8463.lol,lol,2026-09-08,206,2,1.0,20,0,0,archive37строформленоv2часть3
content-2026-09-15-7str-oform-1_34,реестр,3744casino.team,team,2026-09-17,206,2,1.0,47,0,0,content-2026-09-15-7str-oform-1
archive37строформленоv2часть2_8,журнал,g7u.lol,lol,2026-09-08,206,2,1.0,30,0,0,archive37строформленоv2часть2
archive47_unique119оформленочасть1_15,журнал,casinojj.team,team,2026-09-10,206,2,1.0,36,0,0,archive47_unique119оформленочасть1
Generator_370382_styled_img_5,журнал,casinojr.team,team,2026-09-05,206,2,1.0,6,0,0,Generator_370382_styled_img
archive37строформленоv2часть3_8,журнал,hhcasino.team,team,2026-09-10,206,2,1.0,20,0,0,archive37строформленоv2часть3
archive37строформленоv2часть3_13,журнал,98casino.buzz,buzz,2026-09-08,206,2,1.0,5,0,0,archive37строформленоv2часть3
Партия B_4,журнал,casino876.lol,lol,2026-09-04,206,2,1.0,17,0,0,Партия B
content-2026-09-12-7str-oform-2_30,журнал,itrv.team,team,2026-09-12,206,2,1.0,6,0,0,content-2026-09-12-7str-oform-2
content-2026-09-15-7str-oform-2_20,реестр,lmlx.lol,lol,2026-09-16,206,2,1.0,13,0,0,content-2026-09-15-7str-oform-2
Выдача_06.09_7стр_1,журнал,8081.team,team,2026-09-07,206,2,1.0,5,0,0,Выдача_06.09_7стр
archive37строформленоv2часть2_3,журнал,8568.lol,lol,2026-09-08,206,2,1.0,2,0,0,archive37строформленоv2часть2
archive37строформленоv2часть3_8,журнал,61casino.lol,lol,2026-09-08,206,2,1.0,3,0,0,archive37строформленоv2часть3
script_yandex_12page_1,журнал,1009rr.casino,casino,2026-09-11,206,2,1.0,6,0,0,script_yandex_12page
nabory-500-509_styled_img_2,журнал,0569.team,team,2026-09-14,206,2,1.0,3,0,0,nabory-500-509_styled_img
Партия A_2,журнал,oxvl.lol,lol,2026-09-04,206,2,1.0,5,0,0,Партия A
archive47_unique119оформленочасть1_22,журнал,qodu.team,team,2026-09-10,206,2,1.0,4,0,0,archive47_unique119оформленочасть1
Generator_370382_styled_img_12,журнал,9344casino.team,team,2026-09-05,206,2,1.0,3,0,0,Generator_370382_styled_img
content-2026-09-17-7str-oform-2_5,реестр,6606.lol,lol,2026-09-18,206,2,1.0,4,0,0,content-2026-09-17-7str-oform-2
script_yandex_12page_10,журнал,1209dk.casino,casino,2026-09-12,206,2,1.0,2,0,0,script_yandex_12page
content-2026-09-15-7str-oform-1_9,реестр,gvcasino.lol,lol,2026-09-17,206,2,1.0,3,0,0,content-2026-09-15-7str-oform-1
nabory-500-509_styled_img_7,журнал,drdj.team,team,2026-09-14,206,2,1.0,2,0,0,nabory-500-509_styled_img
content-2026-09-15-7str-oform-1_16,реестр,1424.lol,lol,2026-09-17,206,2,1.0,2,0,0,content-2026-09-15-7str-oform-1
content-2026-09-14b-7str-oform-1_34,реестр,6258.team,team,2026-09-17,206,2,1.0,2,0,0,content-2026-09-14b-7str-oform-1
content-2026-09-17-7str-oform-2_16,реестр,9614.lol,lol,2026-09-18,150,1,0.7,1,0,0,content-2026-09-17-7str-oform-2
archive37строформленоv2часть2_4,журнал,9281.lol,lol,2026-09-08,206,1,0.5,2,0,0,archive37строформленоv2часть2
content-2026-09-14b-7str-oform-2_36,реестр,casinou5.team,team,2026-09-15,205,1,0.5,268,0,0,content-2026-09-14b-7str-oform-2
archive37строформленоv2часть1_6,журнал,n5w2.buzz,buzz,2026-09-08,206,1,0.5,33,0,0,archive37строформленоv2часть1
content-2026-09-12-7str-oform-2_14,журнал,qcfi.team,team,2026-09-12,206,1,0.5,3,0,0,content-2026-09-12-7str-oform-2
content-2026-09-15-7str-oform-2_22,реестр,casino716.lol,lol,2026-09-16,206,1,0.5,14,0,0,content-2026-09-15-7str-oform-2
content-2026-09-14b-7str-oform-1_37,реестр,0581.lol,lol,2026-09-17,206,1,0.5,11,0,0,content-2026-09-14b-7str-oform-1
script_yandex_12page_11,журнал,1209cas.casino,casino,2026-09-12,206,1,0.5,8,0,0,script_yandex_12page
archive37строформленоv2часть2_15,журнал,0313.lol,lol,2026-09-08,206,1,0.5,5,0,0,archive37строформленоv2часть2
archive37строформленоv2часть1_10,журнал,casinoubf.lol,lol,2026-09-08,206,1,0.5,2,0,0,archive37строформленоv2часть1
nabory-500-509_styled_img_6,журнал,casino936.team,team,2026-09-14,206,1,0.5,1,0,0,nabory-500-509_styled_img
nabory-510-514_styled_img_1,журнал,ustn.team,team,2026-09-14,206,1,0.5,6,0,0,nabory-510-514_styled_img
content-2026-09-12-7str-oform-3_18,журнал,p3p.team,team,2026-09-13,206,1,0.5,1,0,0,content-2026-09-12-7str-oform-3
nabory-500-509_styled_img_4,журнал,3121.team,team,2026-09-14,206,1,0.5,1,0,0,nabory-500-509_styled_img
archive47_unique119оформленочасть2_15,журнал,6477.team,team,2026-09-10,206,1,0.5,1,0,0,archive47_unique119оформленочасть2
nabory-500-509_styled_img_1,журнал,0444.lol,lol,2026-09-14,206,1,0.5,2,0,0,nabory-500-509_styled_img
content-2026-09-12-12str-oform_2,журнал,0189.lol,lol,2026-09-14,206,1,0.5,1,0,0,content-2026-09-12-12str-oform
content-2026-09-15-12str-oform_2,реестр,casino307.lol,lol,2026-09-17,206,1,0.5,2,0,0,content-2026-09-15-12str-oform
archive37строформленоv2часть2_17,журнал,1322.lol,lol,2026-09-08,206,1,0.5,1,0,0,archive37строформленоv2часть2
archive37строформленоv2часть3_10,журнал,anxg.buzz,buzz,2026-09-08,206,0,0.0,0,0,0,archive37строформленоv2часть3
content-2026-09-12-7str-oform-1_2,журнал,0036.lol,lol,2026-09-14,206,0,0.0,0,0,0,content-2026-09-12-7str-oform-1
content-2026-09-12-7str-oform-3_12,журнал,llnh.team,team,2026-09-13,206,0,0.0,0,0,0,content-2026-09-12-7str-oform-3
content-2026-09-12-7str-oform-2_11,журнал,casinorlj.team,team,2026-09-12,206,0,0.0,0,0,0,content-2026-09-12-7str-oform-2
content-2026-09-14-12str-oform_16,реестр,casino395.team,team,2026-09-14,206,0,0.0,0,0,0,content-2026-09-14-12str-oform
archive37строформленоv2часть2_10,журнал,e8k.buzz,buzz,2026-09-08,206,0,0.0,0,0,0,archive37строформленоv2часть2
content-2026-09-14b-7str-oform-1_46,реестр,8352.team,team,2026-09-17,206,0,0.0,6,0,0,content-2026-09-14b-7str-oform-1
archive37строформленоv2часть2_19,журнал,kpscasino.buzz,buzz,2026-09-08,206,0,0.0,0,0,0,archive37строформленоv2часть2
archive37строформленоv2часть2_18,журнал,vscasino.buzz,buzz,2026-09-08,206,0,0.0,0,0,0,archive37строформленоv2часть2
Generator_370382_styled_img_7,журнал,casinozyb.team,team,2026-09-05,206,0,0.0,0,0,0,Generator_370382_styled_img
archive37строформленоv2часть1_12,журнал,vfra.buzz,buzz,2026-09-08,206,0,0.0,0,0,0,archive37строформленоv2часть1
archive37строформленоv2часть1_3,журнал,8452.lol,lol,2026-09-08,206,0,0.0,0,0,0,archive37строформленоv2часть1
Generator_368369_styled_img_2,журнал,casino1430.team,team,2026-09-04,206,0,0.0,0,0,0,Generator_368369_styled_img
content-2026-09-12-7str-oform-3_34,журнал,tpzz.lol,lol,2026-09-13,206,0,0.0,0,0,0,content-2026-09-12-7str-oform-3
content-2026-09-12-7str-oform-3_22,журнал,vbiz.lol,lol,2026-09-13,206,0,0.0,0,0,0,content-2026-09-12-7str-oform-3
archive37строформленоv2часть3_1,журнал,casinoii.buzz,buzz,2026-09-08,206,0,0.0,0,0,0,archive37строформленоv2часть3
archive37строформленоv2часть1_7,журнал,casino3142.team,team,2026-09-11,206,0,0.0,0,0,0,archive37строформленоv2часть1
content-2026-09-12-7str-oform-3_31,журнал,casinocky.lol,lol,2026-09-13,206,0,0.0,0,0,0,content-2026-09-12-7str-oform-3
content-2026-09-12-7str-oform-3_30,журнал,lrch.lol,lol,2026-09-13,206,0,0.0,0,0,0,content-2026-09-12-7str-oform-3
nabory-500-509_styled_img_9,журнал,1787.team,team,2026-09-14,206,0,0.0,0,0,0,nabory-500-509_styled_img
content-2026-09-12-7str-oform-3_7,журнал,3469.lol,lol,2026-09-14,206,0,0.0,0,0,0,content-2026-09-12-7str-oform-3
content-2026-09-12-7str-oform-3_6,журнал,0085.lol,lol,2026-09-14,206,0,0.0,0,0,0,content-2026-09-12-7str-oform-3
content-2026-09-12-7str-oform-2_1_1,журнал,eyoz.lol,lol,2026-09-14,206,0,0.0,0,0,0,content-2026-09-12-7str-oform-2_1
content-2026-09-12-7str-oform-1_1,журнал,453casino.lol,lol,2026-09-14,206,0,0.0,0,0,0,content-2026-09-12-7str-oform-1
content-2026-09-12-12str-oform_3,журнал,2848.lol,lol,2026-09-14,206,0,0.0,0,0,0,content-2026-09-12-12str-oform
nabory-510-514_styled_img_5,журнал,4631.team,team,2026-09-14,206,0,0.0,0,0,0,nabory-510-514_styled_img
nabory-510-514_styled_img_4,журнал,casino0645.team,team,2026-09-14,206,0,0.0,0,0,0,nabory-510-514_styled_img
content-2026-09-14b-7str-oform-1_48,реестр,casinoz7.lol,lol,2026-09-17,206,0,0.0,0,0,0,content-2026-09-14b-7str-oform-1
content-2026-09-17b-7str-oform_18,реестр,tgwv.lol,lol,2026-09-18,150,0,0.0,0,0,0,content-2026-09-17b-7str-oform
